Category,Company,Data Shape,Timesteps,Features,Model,Cross Validation,Cross Validation Params,RMSE Train,RMSE Train,MAE Train,MAE Train,MAPE Train,MAPE Train,R2 Train,R2 Train,RMSE Test,RMSE Test,MAE Test,MAE Test,MAPE Test,MAPE Test,R2 Test,R2 Test
,,,,,,,,mean,std,mean,std,mean,std,mean,std,mean,std,mean,std,mean,std,mean,std
Local Model,209,"(1547, 11)",,Chemical + CS7,Decision Tree,Blocking Time Series Split,"{""N_Splits"": 5, ""Repeats"": 1, ""train_size"": 0.8}",1.318626382844277,0.6624738502944971,1.0404475160108064,0.5655461552557649,0.02199028144875679,0.011449306452673131,0.9457984601163419,0.060719254298397606,1.4892065197358568,0.44140275385596395,1.1803830778611617,0.38823925679038,0.02533278521408201,0.007526722550174798,0.9370857570245693,0.03233642973270983
Local Model,209,"(1547, 11)",,Chemical + CS7,Decision Tree,Out of time Split,"{""Test Size"": 0.2}",1.6054021210832252,0.0,1.2830258066646512,0.0,0.028216225268184035,0.0,0.9429370547908307,0.0,1.6920914270369645,0.0,1.3031998600768875,0.0,0.02854020209741163,0.0,0.9169520685405409,0.0
Local Model,209,"(1547, 11)",,Chemical + CS7,Decision Tree,Repeated KFold,"{""N_Splits"": 5, ""Repeats"": 3}",1.5730071002898498,0.0506947609580243,1.2386836659813476,0.0484527146631501,0.026922377263607255,0.0012812124107122113,0.9424081749816485,0.0039521061223048055,1.6053264041399657,0.054306292096949475,1.26410239347164,0.04829576922344365,0.027480413372194208,0.0012915518808885322,0.9397639735616059,0.003604013780603124
Local Model,209,"(1547, 11)",,Chemical + CS7,Decision Tree,Time Series Split,"{""N_Splits"": 5, ""Repeats"": 1, ""Gap"": 0}",1.98036813549107,0.3803257095282429,1.5690495861638518,0.29706782137066196,0.03297322710021458,0.005569651387993778,0.9063888204405464,0.033764971398216936,2.04468975568033,0.4743044208139889,1.5750044226298694,0.25180717704596756,0.03486498211002947,0.005931359032412242,0.8861357759210868,0.07082006700839627
