Category,Company,Data Shape,Timesteps,Features,Model,Cross Validation,Cross Validation Params,RMSE Train,RMSE Train,MAE Train,MAE Train,MAPE Train,MAPE Train,R2 Train,R2 Train,RMSE Test,RMSE Test,MAE Test,MAE Test,MAPE Test,MAPE Test,R2 Test,R2 Test
,,,,,,,,mean,std,mean,std,mean,std,mean,std,mean,std,mean,std,mean,std,mean,std
Local Model,209,"(1547, 15)",,Chemical + Physical,Decision Tree,Blocking Time Series Split,"{""N_Splits"": 5, ""Repeats"": 1, ""train_size"": 0.8}",1.2976259255347142,0.5413134749913358,1.019514700037037,0.46473492853297843,0.021752914323475325,0.009551554622021088,0.9537770724649564,0.03625303877323408,1.4575114460521363,0.35693890090612695,1.1743551476132132,0.2907057874855157,0.025549097834841557,0.0061198703637680325,0.9397271082552553,0.02717335968460178
Local Model,209,"(1547, 15)",,Chemical + Physical,Decision Tree,Out of time Split,"{""Test Size"": 0.2}",1.6080852917419683,0.0,1.286302011630725,0.0,0.028304559272823025,0.0,0.9427461523779219,0.0,1.7713157065012166,0.0,1.3250921997409042,0.0,0.0291052289446442,0.0,0.9089933524131165,0.0
Local Model,209,"(1547, 15)",,Chemical + Physical,Decision Tree,Repeated KFold,"{""N_Splits"": 5, ""Repeats"": 3}",1.5742454475166565,0.05493755455690551,1.2392255511730927,0.053478477221773305,0.026934449774194517,0.0014151696460424875,0.9423060875728685,0.004253611739258744,1.6540556553323198,0.07531121105236814,1.2774934171544572,0.05349121993562482,0.02777115448028359,0.0013932112224841443,0.9359012559699085,0.006533256809515527
Local Model,209,"(1547, 15)",,Chemical + Physical,Decision Tree,Time Series Split,"{""N_Splits"": 5, ""Repeats"": 1, ""Gap"": 0}",1.681519472484334,0.35129313076053303,1.3451890566960754,0.2816744098664473,0.02855595759408467,0.005338407611639584,0.9315910490742831,0.03185716821991938,1.895908203242681,0.2886459865595253,1.432992972039505,0.18781798391836801,0.031765798699821754,0.0036169709479897203,0.9061220975341243,0.03749143678410968
