Category,Company,Data Shape,Timesteps,Features,Model,Cross Validation,Cross Validation Params,RMSE Train,RMSE Train,MAE Train,MAE Train,MAPE Train,MAPE Train,R2 Train,R2 Train,RMSE Test,RMSE Test,MAE Test,MAE Test,MAPE Test,MAPE Test,R2 Test,R2 Test
,,,,,,,,mean,std,mean,std,mean,std,mean,std,mean,std,mean,std,mean,std,mean,std
Local Model,209,"(1547, 13)",,Chemical + Feature Engineering,Decision Tree,Blocking Time Series Split,"{""N_Splits"": 5, ""Repeats"": 1, ""train_size"": 0.8}",1.4150407708909831,0.6412526979124378,1.121853521842684,0.548810282974621,0.023727946206405677,0.011057440746554353,0.9399823624294628,0.05886949589425476,2.585430324182138,1.1165247043409405,1.7962078174436023,0.6429287394880407,0.03908146830472967,0.013033730863432048,0.7673852671653422,0.20939565762196316
Local Model,209,"(1547, 13)",,Chemical + Feature Engineering,Decision Tree,Out of time Split,"{""Test Size"": 0.2}",2.2441908004773405,0.0,1.7480292003132032,0.0,0.03738964065150599,0.0,0.8884919878032489,0.0,2.5375251702878336,0.0,1.7326560958567312,0.0,0.03857753670199751,0.0,0.8132322499469984,0.0
Local Model,209,"(1547, 13)",,Chemical + Feature Engineering,Decision Tree,Repeated KFold,"{""N_Splits"": 5, ""Repeats"": 3}",2.2911902023997563,0.03831845034939003,1.709242740692086,0.02337052149562447,0.036656352124190404,0.0004891863473118351,0.8779282476426459,0.004520778020706074,2.2903927071495946,0.14771005453382044,1.71286376467571,0.08383384475024093,0.03674682121785112,0.0017326980957106301,0.876710982738867,0.01770428605491615
Local Model,209,"(1547, 13)",,Chemical + Feature Engineering,Decision Tree,Time Series Split,"{""N_Splits"": 5, ""Repeats"": 1, ""Gap"": 0}",2.3701879565116886,0.135725721803294,1.9214314983729772,0.14165688398955686,0.04044397528689786,0.0024779737249579765,0.8686403606895295,0.022329410503080786,2.4244758843238663,0.31644141273054927,1.8694886489611542,0.12848407960105024,0.04182699452888873,0.0028342802437947177,0.846908628976492,0.0604119716679096
