Category,Company,Data Shape,Timesteps,Features,Model,Cross Validation,Cross Validation Params,RMSE Train,RMSE Train,MAE Train,MAE Train,MAPE Train,MAPE Train,R2 Train,R2 Train,RMSE Test,RMSE Test,MAE Test,MAE Test,MAPE Test,MAPE Test,R2 Test,R2 Test
,,,,,,,,mean,std,mean,std,mean,std,mean,std,mean,std,mean,std,mean,std,mean,std
Local Model,209,"(1547, 11)",,Chemical + CS7,Linear Regression,Blocking Time Series Split,"{""N_Splits"": 5, ""Repeats"": 1, ""train_size"": 0.8}",1.1975696100986541,0.0775839685906781,0.9374466248663567,0.05238318974340747,0.020496412442402915,0.000998135785512085,0.9649759093619382,0.007167966504217319,1.3989204497802183,0.11149267181470611,1.0504256200383584,0.07984177624078075,0.0229673982685544,0.0013684715977886398,0.9446181031197065,0.015478477231948074
Local Model,209,"(1547, 11)",,Chemical + CS7,Linear Regression,Out of time Split,"{""Test Size"": 0.2}",1.2890441233328795,0.0,1.0022435280829467,0.0,0.021756292829487097,0.0,0.9632106525179601,0.0,1.497846687564879,0.0,1.152778891133788,0.0,0.025684085602039376,0.0,0.934924742388326,0.0
Local Model,209,"(1547, 11)",,Chemical + CS7,Linear Regression,Repeated KFold,"{""N_Splits"": 5, ""Repeats"": 3}",1.316933153345205,0.01454232349049199,1.0178906699545085,0.011783628688358553,0.022209029885303763,0.0002673825279642539,0.9596831059594215,0.0008565709898099311,1.327275489237484,0.057167771992706506,1.0267684153722374,0.04639221845017261,0.02240991022408118,0.0010467338447216095,0.9587926893771903,0.0032965376275556116
Local Model,209,"(1547, 11)",,Chemical + CS7,Linear Regression,Time Series Split,"{""N_Splits"": 5, ""Repeats"": 1, ""Gap"": 0}",1.3150065736703827,0.017189920076689756,1.0134831306231025,0.007741219560839883,0.0215079054624963,0.0002739715993210625,0.9598990754276157,0.002900680191557492,1.4355151993659694,0.12875405210777932,1.1240928749749066,0.08675706481263633,0.024739605741443606,0.0013232914771426777,0.9484171454657229,0.011101801158492505
