Category,Company,Data Shape,Timesteps,Features,Model,Cross Validation,Cross Validation Params,RMSE Train,RMSE Train,MAE Train,MAE Train,MAPE Train,MAPE Train,R2 Train,R2 Train,RMSE Test,RMSE Test,MAE Test,MAE Test,MAPE Test,MAPE Test,R2 Test,R2 Test
,,,,,,,,mean,std,mean,std,mean,std,mean,std,mean,std,mean,std,mean,std,mean,std
Local Model,209,"(1547, 11)",,Chemical + CS3,MLP,Blocking Time Series Split,"{""N_Splits"": 5, ""Repeats"": 3, ""train_size"": 0.8}",3.3975404517293577,0.31416698730288345,2.628274064778316,0.22074114268641726,0.05845482824944835,0.005287362688982969,0.7187270077158368,0.06148291794274857,5.671733987274323,1.447437344816136,4.296037890526558,1.0992155670691024,0.09555443080461996,0.0242063830317484,0.114808904104517,0.3455703822709648
Local Model,209,"(1547, 11)",,Chemical + CS3,MLP,Out of time Split,"{""Test Size"": 0.2}",1.3553765305351,0.009189077206391205,1.0771927839981774,0.004341811732304111,0.023300890112989938,7.1972462366362e-05,0.959325108554966,0.0005518333584938655,1.8937667918089212,0.046887788404272775,1.5334010462607115,0.04820017284249878,0.03363281229831622,0.0010822150908265382,0.8959120854314283,0.005105984651479163
Local Model,209,"(1547, 11)",,Chemical + CS3,MLP,Repeated KFold,"{""N_Splits"": 5, ""Repeats"": 3}",1.4334830736960131,0.03807843111853646,1.133333508925265,0.03224162306754998,0.02452426081242441,0.0007619222015144741,0.9521919769340988,0.0027219077049369976,1.4666816539536254,0.04298280433512412,1.1606045628079182,0.04744048966953221,0.025136821039309594,0.001082587955465159,0.9496410316374183,0.003910818901213077
Local Model,209,"(1547, 11)",,Chemical + CS3,MLP,Time Series Split,"{""N_Splits"": 5, ""Repeats"": 3, ""Gap"": 0}",1.707348615474565,0.6404054817412949,1.352995486890743,0.49830508594318773,0.028743859532241327,0.010487767689276976,0.9200356345883359,0.07246049379754144,2.964991666312628,2.577067491069344,2.1718462553902516,1.732660473700695,0.04777299891455133,0.0365567563859835,0.6565139893223715,0.553379313398583
