Category,Company,Data Shape,Timesteps,Features,Model,Cross Validation,Cross Validation Params,RMSE Train,RMSE Train,MAE Train,MAE Train,MAPE Train,MAPE Train,R2 Train,R2 Train,RMSE Test,RMSE Test,MAE Test,MAE Test,MAPE Test,MAPE Test,R2 Test,R2 Test
,,,,,,,,mean,std,mean,std,mean,std,mean,std,mean,std,mean,std,mean,std,mean,std
Local Model,209,"(1547, 12)",,Chemical + CS3 + CS7,MLP,Blocking Time Series Split,"{""N_Splits"": 5, ""Repeats"": 3, ""train_size"": 0.8}",3.5687769881499753,0.4081241275459182,2.757590907787987,0.31074432830624676,0.0607183962992206,0.007039472218393005,0.6919626416269351,0.06040678118837658,6.136490203969428,0.8757218521309542,4.763797333419967,0.7656090535449722,0.10507435318488113,0.017028063076989477,-0.10905414484893203,0.5664222584704364
Local Model,209,"(1547, 12)",,Chemical + CS3 + CS7,MLP,Out of time Split,"{""Test Size"": 0.2}",1.2587646324114383,0.02609044844215309,0.9923746746847554,0.02414141673379951,0.02139830745951318,0.0005986788284762643,0.9649036365018703,0.0014649101142392086,1.5008482497370632,0.03309826714073641,1.1704513016567437,0.026399999303849793,0.025927599870414597,0.0006109334610412683,0.9346318946378648,0.00288479492261643
Local Model,209,"(1547, 12)",,Chemical + CS3 + CS7,MLP,Repeated KFold,"{""N_Splits"": 5, ""Repeats"": 3}",1.2843550331490217,0.026690331622727437,1.009627100162376,0.021350391286810055,0.021902456254187568,0.00045298270339848713,0.9616313403618525,0.0017998988953173214,1.3150240088923577,0.05104011202261496,1.0315150346576443,0.04841334419991885,0.02238760799246185,0.0011289745039595803,0.9595377745226786,0.003203854108313031
Local Model,209,"(1547, 12)",,Chemical + CS3 + CS7,MLP,Time Series Split,"{""N_Splits"": 5, ""Repeats"": 3, ""Gap"": 0}",1.6327028696983554,0.6873514845441365,1.290902283266948,0.5424227013066546,0.027473686416878283,0.011566704512377297,0.924213333488182,0.07620695615303115,2.7041381365311716,2.442949107473883,1.9826147539111583,1.6894899847258282,0.043606277841620994,0.03561856164056842,0.7046960653691948,0.4850168225417945
