Category,Company,Data Shape,Timesteps,Features,Model,Cross Validation,Cross Validation Params,RMSE Train,RMSE Train,MAE Train,MAE Train,MAPE Train,MAPE Train,R2 Train,R2 Train,RMSE Test,RMSE Test,MAE Test,MAE Test,MAPE Test,MAPE Test,R2 Test,R2 Test
,,,,,,,,mean,std,mean,std,mean,std,mean,std,mean,std,mean,std,mean,std,mean,std
Local Model,209,"(1547, 12)",,Chemical + CS3 + CS7,Random Forest,Blocking Time Series Split,"{""N_Splits"": 5, ""Repeats"": 1, ""train_size"": 0.8}",0.9741481547403732,0.14466283329702945,0.7543837589154342,0.1196619829167489,0.016031577378649617,0.0021766579099835206,0.9764299477065261,0.007522884055692204,1.3578130652070652,0.18302184895394316,1.0575499369436059,0.21130517852586359,0.02307961842119517,0.004527211898456537,0.9465706621215964,0.019552672682859092
Local Model,209,"(1547, 12)",,Chemical + CS3 + CS7,Random Forest,Out of time Split,"{""Test Size"": 0.2}",1.2962981465083065,0.0,1.0130601581310956,0.0,0.021607528694541148,0.0,0.9627954275081466,0.0,1.4549785887335913,0.0,1.0560817046528979,0.0,0.023279928496656308,0.0,0.9385963236306748,0.0
Local Model,209,"(1547, 12)",,Chemical + CS3 + CS7,Random Forest,Repeated KFold,"{""N_Splits"": 5, ""Repeats"": 3}",1.253484321234133,0.014116495215529823,0.9749231009812517,0.013736555477576491,0.020838132089798615,0.000284683794023467,0.9634718997871965,0.0008898834222854444,1.3054837416679297,0.054352629540967465,1.0118019816919246,0.039807458471950385,0.021660014843839826,0.000890895983921329,0.9601120393425053,0.0033921722658342385
Local Model,209,"(1547, 12)",,Chemical + CS3 + CS7,Random Forest,Time Series Split,"{""N_Splits"": 5, ""Repeats"": 1, ""Gap"": 0}",1.2592176304277112,0.040622053182671224,0.9739262424594226,0.03652872400842831,0.02046442901887486,0.0009763224258388458,0.9633459615067587,0.0009800580403880798,1.5367533398778592,0.16232019483955956,1.1353467071742203,0.06706622571244593,0.02478069532198213,0.0012300601015193956,0.9397651079019548,0.02003001344460098
