Category,Company,Data Shape,Timesteps,Features,Model,Cross Validation,Cross Validation Params,RMSE Train,RMSE Train,MAE Train,MAE Train,MAPE Train,MAPE Train,R2 Train,R2 Train,RMSE Test,RMSE Test,MAE Test,MAE Test,MAPE Test,MAPE Test,R2 Test,R2 Test
,,,,,,,,mean,std,mean,std,mean,std,mean,std,mean,std,mean,std,mean,std,mean,std
Local Model,209,"(1547, 15)",,Chemical + Physical,XGBoost,Blocking Time Series Split,"{""N_Splits"": 5, ""Repeats"": 1, ""train_size"": 0.8}",1.463747856209421,0.09344805504108453,1.1792298320816588,0.07910601424907433,0.027352638131149798,0.0012819116961748222,0.9482792136610488,0.007001994201884337,1.906693710611623,0.4353797449039083,1.349704410183812,0.16110764845317396,0.03233595641946614,0.004614082624211614,0.8850340552044098,0.07535709574691549
Local Model,209,"(1547, 15)",,Chemical + Physical,XGBoost,Out of time Split,"{""Test Size"": 0.2}",1.6350753392873922,0.0,1.3475822023161979,0.0,0.030729391895632445,0.0,0.9408081307139103,0.0,1.5176360008054353,0.0,1.2438437529533135,0.0,0.029069042249938438,0.0,0.9331938553257344,0.0
Local Model,209,"(1547, 15)",,Chemical + Physical,XGBoost,Repeated KFold,"{""N_Splits"": 5, ""Repeats"": 3}",1.616336683206921,0.010281880276399001,1.3270430034366767,0.010272407549708167,0.03029035245583746,0.00023008328355943254,0.9392712105568164,0.0007594070853734018,1.6716683529454566,0.049276105011245915,1.3647914484055046,0.04218388616842849,0.03111151983548236,0.0011922218760147152,0.9346776616970774,0.0036757793314843405
Local Model,209,"(1547, 15)",,Chemical + Physical,XGBoost,Time Series Split,"{""N_Splits"": 5, ""Repeats"": 1, ""Gap"": 0}",1.6274945510708352,0.034170445376508776,1.331446119735262,0.040039388596472145,0.029841262874803647,0.001197584191971198,0.9387422039083326,0.001237550975805692,1.778497113685598,0.19390007840069168,1.4556480508648466,0.16730389447360353,0.034562708688328315,0.0051693462987048,0.9228651848355568,0.00870241994517287
