Category,Company,Data Shape,Timesteps,Features,Model,Cross Validation,Cross Validation Params,RMSE Train,RMSE Train,MAE Train,MAE Train,MAPE Train,MAPE Train,R2 Train,R2 Train,RMSE Test,RMSE Test,MAE Test,MAE Test,MAPE Test,MAPE Test,R2 Test,R2 Test
,,,,,,,,mean,std,mean,std,mean,std,mean,std,mean,std,mean,std,mean,std,mean,std
Local Model,partner_iv,"(958, 28)",,Chemical + Mineralogical + Feature Engineering,Decision Tree,Blocking Time Series Split,"{""N_Splits"": 5, ""Repeats"": 1, ""train_size"": 0.8}",3.298777726195503,0.4389804599221958,2.443342796613944,0.3373863302373788,0.05120888311866505,0.006531504540353702,0.7397179234609895,0.0731457372254094,4.425356972792795,1.167733519451059,3.206193085965,1.0141712042323667,0.06726349264984696,0.018023548052092754,0.4526358311443476,0.26446781275556236
Local Model,partner_iv,"(958, 28)",,Chemical + Mineralogical + Feature Engineering,Decision Tree,Out of time Split,"{""Test Size"": 0.2}",3.7689711499868146,0.0,2.7565945991311076,0.0,0.057185870980233956,0.0,0.6825142783422653,0.0,3.8711885789198193,0.0,2.603907351231244,0.0,0.056491460186355986,0.0,0.6169223194358957,0.0
Local Model,partner_iv,"(958, 28)",,Chemical + Mineralogical + Feature Engineering,Decision Tree,Repeated KFold,"{""N_Splits"": 5, ""Repeats"": 3}",3.7317186264324365,0.09047639088900424,2.6888531360598082,0.07564811951464127,0.0560465020913355,0.0017646936657385078,0.6813433344379668,0.016631591722399888,3.8162392663173836,0.2500029454328225,2.7920416713914182,0.1546711701756452,0.05850699180088246,0.003567757939750025,0.6632866046283122,0.048796576159337704
Local Model,partner_iv,"(958, 28)",,Chemical + Mineralogical + Feature Engineering,Decision Tree,Time Series Split,"{""N_Splits"": 5, ""Repeats"": 1, ""Gap"": 0}",3.873531124733789,0.1694904809531603,2.7848006318126055,0.09363715232019279,0.05859995434065359,0.002089033036285127,0.6494354911629615,0.03165261552559778,3.9050371917265743,0.38398913625070064,2.894937116801387,0.3176146720923876,0.06012340455499206,0.004569769194768103,0.6360045385080209,0.059566616627384675
