Category,Company,Data Shape,Timesteps,Features,Model,Cross Validation,Cross Validation Params,RMSE Train,RMSE Train,MAE Train,MAE Train,MAPE Train,MAPE Train,R2 Train,R2 Train,RMSE Test,RMSE Test,MAE Test,MAE Test,MAPE Test,MAPE Test,R2 Test,R2 Test
,,,,,,,,mean,std,mean,std,mean,std,mean,std,mean,std,mean,std,mean,std,mean,std
Local Model,partner_iv,"(958, 26)",,Chemical + Mineralogical,Decision Tree,Blocking Time Series Split,"{""N_Splits"": 5, ""Repeats"": 1, ""train_size"": 0.8}",3.2439208060741564,0.4674527799036246,2.389690047780875,0.29042480742476334,0.04962007783757299,0.005774780417032972,0.749472243892179,0.07122901381370814,4.624518013493003,1.7456979053637698,3.5453168902253376,1.503032674962904,0.07270618054651293,0.026571856224316986,0.38937302866795126,0.4061804575068817
Local Model,partner_iv,"(958, 26)",,Chemical + Mineralogical,Decision Tree,Out of time Split,"{""Test Size"": 0.2}",3.7977848984125293,0.0,2.7956415465266202,0.0,0.05812815886945989,0.0,0.6776413719938087,0.0,3.9302726411733664,0.0,2.6696032247423047,0.0,0.057886520455633285,0.0,0.605139628268373,0.0
Local Model,partner_iv,"(958, 26)",,Chemical + Mineralogical,Decision Tree,Repeated KFold,"{""N_Splits"": 5, ""Repeats"": 3}",3.7835231956838182,0.07101506805234772,2.757455271922731,0.05029666639137736,0.057702582774025055,0.0011351970286026171,0.6725337054396509,0.013218344973853925,3.8305633753880692,0.23084261941905104,2.8062590374405425,0.14797431410930248,0.058835166401071455,0.003440120302599847,0.6610671449840031,0.04509705737839196
Local Model,partner_iv,"(958, 26)",,Chemical + Mineralogical,Decision Tree,Time Series Split,"{""N_Splits"": 5, ""Repeats"": 1, ""Gap"": 0}",3.8685759644630693,0.17070225882745796,2.786374392586602,0.08310922168970304,0.05864592623486005,0.0018893559029475415,0.6503161092470247,0.03196025718312351,3.9092806782384555,0.39728302415768235,2.900272174296999,0.32591717719692104,0.06021155689482507,0.0049230036389480295,0.6347604429467246,0.06411971110354524
