Category,Company,Data Shape,Timesteps,Features,Model,Cross Validation,Cross Validation Params,RMSE Train,RMSE Train,MAE Train,MAE Train,MAPE Train,MAPE Train,R2 Train,R2 Train,RMSE Test,RMSE Test,MAE Test,MAE Test,MAPE Test,MAPE Test,R2 Test,R2 Test
,,,,,,,,mean,std,mean,std,mean,std,mean,std,mean,std,mean,std,mean,std,mean,std
Local Model,partner_iv,"(958, 26)",,Chemical + Mineralogical,Linear Regression,Blocking Time Series Split,"{""N_Splits"": 5, ""Repeats"": 1, ""train_size"": 0.8}",2.4300790542927424,0.2586760828593959,1.8436216045768,0.18999869358350438,0.03849078771343993,0.004129750250455613,0.8601877263817983,0.03143314510794996,3.8765587987676513,0.46252498755169796,2.8721911804966824,0.5945887772046391,0.059494629144124886,0.011506879219616881,0.5961148073528484,0.11560480120848028
Local Model,partner_iv,"(958, 26)",,Chemical + Mineralogical,Linear Regression,Out of time Split,"{""Test Size"": 0.2}",2.8773997925743844,0.0,2.211687316477549,0.0,0.04592740050995162,0.0,0.814954304028892,0.0,3.5973353365640213,0.0,2.943708863667917,0.0,0.06162755292439861,0.0,0.6692041586130579,0.0
Local Model,partner_iv,"(958, 26)",,Chemical + Mineralogical,Linear Regression,Repeated KFold,"{""N_Splits"": 5, ""Repeats"": 3}",2.9531939019377957,0.03671186364086621,2.280448012406578,0.027139884031600624,0.04749750734412593,0.0006158880064167733,0.8005530128699404,0.005020805036330214,3.053321912733532,0.14475774184582385,2.3732733467033915,0.09137156551808175,0.04946290998243942,0.0022766168103661413,0.7851874179729289,0.02099282776964001
Local Model,partner_iv,"(958, 26)",,Chemical + Mineralogical,Linear Regression,Time Series Split,"{""N_Splits"": 5, ""Repeats"": 1, ""Gap"": 0}",2.9531403770216937,0.08175633113700387,2.2675813271543723,0.04384457506751812,0.04745221473975242,0.0012713214315688843,0.7962962302413052,0.01453605010860035,3.576885178484866,0.3638949488133457,2.7400661220107523,0.2803830395624251,0.05676162102003439,0.006759215116904483,0.689685587489601,0.07494976589117036
