Category,Company,Data Shape,Timesteps,Features,Model,Cross Validation,Cross Validation Params,RMSE Train,RMSE Train,MAE Train,MAE Train,MAPE Train,MAPE Train,R2 Train,R2 Train,RMSE Test,RMSE Test,MAE Test,MAE Test,MAPE Test,MAPE Test,R2 Test,R2 Test
,,,,,,,,mean,std,mean,std,mean,std,mean,std,mean,std,mean,std,mean,std,mean,std
Local Model,partner_iv,"(958, 35)",,Chemical + Mineralogical + Properties CS Less,Linear Regression,Blocking Time Series Split,"{""N_Splits"": 5, ""Repeats"": 1, ""train_size"": 0.8}",1.9928028540902456,0.14598938872657863,1.5424639148628838,0.1284755078024398,0.03192957583781396,0.0025136126639796552,0.9064268189980655,0.014891670368219584,3.628234383748159,1.0815644197012089,2.82307557857392,0.8694699052092705,0.05856913814554145,0.017750909907180184,0.6059039784333331,0.27897068981593265
Local Model,partner_iv,"(958, 35)",,Chemical + Mineralogical + Properties CS Less,Linear Regression,Out of time Split,"{""Test Size"": 0.2}",2.571231028712073,0.0,1.9974927185956373,0.0,0.04125502495519973,0.0,0.8522386763135,0.0,3.2246074363785593,0.0,2.4854900636911967,0.0,0.051979663279048106,0.0,0.7342018854260026,0.0
Local Model,partner_iv,"(958, 35)",,Chemical + Mineralogical + Properties CS Less,Linear Regression,Repeated KFold,"{""N_Splits"": 5, ""Repeats"": 3}",2.627990394950157,0.02304999261762426,2.0418321923055736,0.023163511342656255,0.04219615295525269,0.0004957543114849101,0.8420609384877588,0.0034337262901792294,2.7712530188782263,0.09798672165760373,2.15582739232466,0.07331131644313735,0.04460696328965503,0.0018023920495169768,0.8231362198332798,0.014116813408805837
Local Model,partner_iv,"(958, 35)",,Chemical + Mineralogical + Properties CS Less,Linear Regression,Time Series Split,"{""N_Splits"": 5, ""Repeats"": 1, ""Gap"": 0}",2.472222052514719,0.14539233509888866,1.933730482944029,0.08628311150040474,0.03999813856371955,0.0017722338929513897,0.8569052785684781,0.01689727848623668,4.243553898993755,1.7664972470183748,3.4199892595451282,1.4261286585419115,0.07078759428769224,0.03043007285626862,0.46825784980243174,0.5338942957122331
