Category,Company,Data Shape,Timesteps,Features,Model,Cross Validation,Cross Validation Params,RMSE Train,RMSE Train,MAE Train,MAE Train,MAPE Train,MAPE Train,R2 Train,R2 Train,RMSE Test,RMSE Test,MAE Test,MAE Test,MAPE Test,MAPE Test,R2 Test,R2 Test
,,,,,,,,mean,std,mean,std,mean,std,mean,std,mean,std,mean,std,mean,std,mean,std
Local Model,partner_iv,"(958, 28)",,Chemical + Mineralogical + One-Hot,Linear Regression,Blocking Time Series Split,"{""N_Splits"": 5, ""Repeats"": 1, ""train_size"": 0.8}",1.9360874596179845,0.2615383170175322,1.5441459918423333,0.19846041231266723,0.03196495581057681,0.004048170018417951,0.9099414544731463,0.025086449927006205,3.4087624600736306,1.3073806340570109,2.5500154318977186,0.956149850423944,0.05123087982533897,0.01682802874790208,0.6678762111315251,0.2196306035834623
Local Model,partner_iv,"(958, 28)",,Chemical + Mineralogical + One-Hot,Linear Regression,Out of time Split,"{""Test Size"": 0.2}",2.383574475690503,0.0,1.9093792991088794,0.0,0.039225388259775576,0.0,0.8730197947899183,0.0,2.820189726967019,0.0,2.270981488607182,0.0,0.046923051809317384,0.0,0.7966918230372575,0.0
Local Model,partner_iv,"(958, 28)",,Chemical + Mineralogical + One-Hot,Linear Regression,Repeated KFold,"{""N_Splits"": 5, ""Repeats"": 3}",2.4127308510513275,0.02217456632402281,1.9497861263687055,0.022359993150644512,0.040104712114489224,0.0004988646390584774,0.8668802026458241,0.0026969196080966606,2.502551551497698,0.08818358013068184,2.0264777223418537,0.07180837133522977,0.041714129095569305,0.001673115310110745,0.8558013902304555,0.011146869349673249
Local Model,partner_iv,"(958, 28)",,Chemical + Mineralogical + One-Hot,Linear Regression,Time Series Split,"{""N_Splits"": 5, ""Repeats"": 1, ""Gap"": 0}",2.3748164506472134,0.07588661979639748,1.8838645340794475,0.08034272968812513,0.038986124836857546,0.001449621115169443,0.8684349391316891,0.007475273397000241,3.390035859340144,0.9023842460226044,2.3696385072140926,0.312721188264114,0.04882732196658487,0.006726171850492385,0.7140404857613216,0.13642755085280112
