Category,Company,Data Shape,Timesteps,Features,Model,Cross Validation,Cross Validation Params,RMSE Train,RMSE Train,MAE Train,MAE Train,MAPE Train,MAPE Train,R2 Train,R2 Train,RMSE Test,RMSE Test,MAE Test,MAE Test,MAPE Test,MAPE Test,R2 Test,R2 Test
,,,,,,,,mean,std,mean,std,mean,std,mean,std,mean,std,mean,std,mean,std,mean,std
Local Model,partner_iv,"(958, 28)",,Chemical + Mineralogical + Feature Engineering,MLP,Blocking Time Series Split,"{""N_Splits"": 5, ""Repeats"": 3, ""train_size"": 0.8}",6.26577160628442,0.42903171219005065,4.809183048281754,0.4092916373459753,0.09964131663428649,0.00787543459159498,0.0800049496816509,0.11244336015485344,9.502810308828597,1.6231819177727052,7.329914150401058,1.2488448080347954,0.1505289555889549,0.02750228761311439,-1.4913757076976615,1.0902773134058705
Local Model,partner_iv,"(958, 28)",,Chemical + Mineralogical + Feature Engineering,MLP,Out of time Split,"{""Test Size"": 0.2}",2.68437320490117,0.019013142607596314,2.0629561557885974,0.012679903418066532,0.042356172155657214,0.00034980764065687433,0.8389405731273819,0.0022871333416291887,3.6272604294644446,0.09278414267657416,2.9953956259621513,0.08525140105290785,0.062316906363663806,0.0018809125541827266,0.6634576334531836,0.017080651451262596
Local Model,partner_iv,"(958, 28)",,Chemical + Mineralogical + Feature Engineering,MLP,Repeated KFold,"{""N_Splits"": 5, ""Repeats"": 3}",2.7443290648959513,0.054758794831144056,2.1293731116508563,0.04041015928310146,0.043786077440290366,0.0007439094808808529,0.8277351493876414,0.006638342196496623,2.9491356899668397,0.14047384904870988,2.311320990427349,0.12561116224728347,0.04759499980167977,0.0027592078102347344,0.7995954753808334,0.019296819955670255
Local Model,partner_iv,"(958, 28)",,Chemical + Mineralogical + Feature Engineering,MLP,Time Series Split,"{""N_Splits"": 5, ""Repeats"": 3, ""Gap"": 0}",3.7813524184426655,1.3207731137993706,2.9727824778964185,1.069333165035058,0.06171674591720786,0.02267229080884312,0.6242521087366969,0.2755305180762438,5.537718709576803,2.4965798403877004,4.435354516531187,2.0070445076012344,0.0903916578851402,0.04210567528042438,0.08235910809527104,0.8750298841832914
