Category,Company,Data Shape,Timesteps,Features,Model,Cross Validation,Cross Validation Params,RMSE Train,RMSE Train,MAE Train,MAE Train,MAPE Train,MAPE Train,R2 Train,R2 Train,RMSE Test,RMSE Test,MAE Test,MAE Test,MAPE Test,MAPE Test,R2 Test,R2 Test
,,,,,,,,mean,std,mean,std,mean,std,mean,std,mean,std,mean,std,mean,std,mean,std
Local Model,partner_iv,"(958, 34)",,Chemical + Mineralogical + Physical,MLP,Blocking Time Series Split,"{""N_Splits"": 5, ""Repeats"": 3, ""train_size"": 0.8}",6.025768080070592,0.48712272685757524,4.581535011759976,0.38749746919585776,0.09574302986338788,0.008175601782090713,0.14449906944045737,0.15090486738224526,10.53822236186102,2.242854930240897,8.540268032693456,1.7347227645253651,0.17813716114311268,0.03920362821572583,-1.9543641486215049,1.0225070285667994
Local Model,partner_iv,"(958, 34)",,Chemical + Mineralogical + Physical,MLP,Out of time Split,"{""Test Size"": 0.2}",2.055951698805688,0.08454628304711603,1.5789428027014403,0.06267744218262682,0.03221142275260428,0.0012853394833237243,0.9053679622726442,0.007658342587760075,2.9545979605250383,0.11553935628808376,2.3218420955869887,0.09729103039100138,0.047825785153089384,0.002381392601686113,0.7765097429393323,0.01722964332583314
Local Model,partner_iv,"(958, 34)",,Chemical + Mineralogical + Physical,MLP,Repeated KFold,"{""N_Splits"": 5, ""Repeats"": 3}",2.102529405048734,0.07072502249735868,1.6279300857302188,0.05208021747224164,0.033186090297040116,0.0011029288824965298,0.8988349209960311,0.006381947341945482,2.3774139166994166,0.13829808400563653,1.843850662222846,0.10001276022296969,0.03764519601102714,0.0018181001367576048,0.8693009261049556,0.018024358780658587
Local Model,partner_iv,"(958, 34)",,Chemical + Mineralogical + Physical,MLP,Time Series Split,"{""N_Splits"": 5, ""Repeats"": 3, ""Gap"": 0}",3.137555473730163,1.3619378769667367,2.474571421867432,1.096971809307395,0.05126439884440914,0.023230900958619162,0.7264361012177359,0.25168702182103053,5.38994910655161,3.007776986869689,4.295244667165184,2.4585063178340554,0.08962376846661874,0.05305988238618785,0.0439712353955619,1.119357967326129
