Category,Company,Data Shape,Timesteps,Features,Model,Cross Validation,Cross Validation Params,RMSE Train,RMSE Train,MAE Train,MAE Train,MAPE Train,MAPE Train,R2 Train,R2 Train,RMSE Test,RMSE Test,MAE Test,MAE Test,MAPE Test,MAPE Test,R2 Test,R2 Test
,,,,,,,,mean,std,mean,std,mean,std,mean,std,mean,std,mean,std,mean,std,mean,std
Local Model,partner_iv,"(958, 28)",,Chemical + Mineralogical + One-Hot,Random Forest,Blocking Time Series Split,"{""N_Splits"": 5, ""Repeats"": 1, ""train_size"": 0.8}",1.8196163076824086,0.23141234614862052,1.4627820347270002,0.16634978629664604,0.02990476770212503,0.0033919539398218216,0.9207023012953434,0.021409315389653034,3.1542193421455664,1.286704726589115,2.573648939513148,1.0680220121377575,0.05148394846234444,0.01872658924310125,0.717845637272231,0.2213570641049829
Local Model,partner_iv,"(958, 28)",,Chemical + Mineralogical + One-Hot,Random Forest,Out of time Split,"{""Test Size"": 0.2}",2.45164262416791,0.0,1.9639135430514802,0.0,0.04035785132845799,0.0,0.8656638495368959,0.0,2.875572053436406,0.0,2.387827297302431,0.0,0.0495895286681177,0.0,0.7886283673049775,0.0
Local Model,partner_iv,"(958, 28)",,Chemical + Mineralogical + One-Hot,Random Forest,Repeated KFold,"{""N_Splits"": 5, ""Repeats"": 3}",2.43002117552195,0.03241618260529897,1.9722804500645406,0.02959454461359883,0.04054563198536649,0.0006537513805564445,0.8649413512154133,0.004131841422965088,2.62552549455507,0.11125450837831229,2.1306683701736118,0.08839748574365726,0.04385707584903056,0.0019096609507082123,0.8411116724626498,0.015182205518846564
Local Model,partner_iv,"(958, 28)",,Chemical + Mineralogical + One-Hot,Random Forest,Time Series Split,"{""N_Splits"": 5, ""Repeats"": 1, ""Gap"": 0}",2.3293940512905342,0.12469122347704976,1.8643346838394848,0.11440305072471646,0.038427931491306314,0.0023046268785522025,0.8732176206788622,0.012257988403724641,3.03671495716137,0.36182758004397836,2.5023249767083917,0.29367936429181,0.05110862829315631,0.004730336809648593,0.7782800883032349,0.04785067361466037
