Category,Company,Data Shape,Timesteps,Features,Model,Cross Validation,Cross Validation Params,RMSE Train,RMSE Train,MAE Train,MAE Train,MAPE Train,MAPE Train,R2 Train,R2 Train,RMSE Test,RMSE Test,MAE Test,MAE Test,MAPE Test,MAPE Test,R2 Test,R2 Test
,,,,,,,,mean,std,mean,std,mean,std,mean,std,mean,std,mean,std,mean,std,mean,std
Local Model,partner_iv,"(958, 29)",,Chemical + Mineralogical + CS2 + One-Hot,Random Forest,Blocking Time Series Split,"{""N_Splits"": 5, ""Repeats"": 1, ""train_size"": 0.8}",1.6850924923041073,0.24249784649124206,1.320021788326623,0.18462008111703768,0.026846769292243406,0.003627076935506698,0.9316337118850331,0.02067516173124142,3.02518771234762,1.0661205663920337,2.43111779068517,0.8659347436209984,0.04894302793285389,0.014594477367601347,0.7472570237593643,0.17071467188972547
Local Model,partner_iv,"(958, 29)",,Chemical + Mineralogical + CS2 + One-Hot,Random Forest,Out of time Split,"{""Test Size"": 0.2}",2.3209669712734793,0.0,1.8062767561980793,0.0,0.03679167948732422,0.0,0.8796027706736296,0.0,2.725586078506732,0.0,2.190749959128994,0.0,0.044992787664199285,0.0,0.8101030461599559,0.0
Local Model,partner_iv,"(958, 29)",,Chemical + Mineralogical + CS2 + One-Hot,Random Forest,Repeated KFold,"{""N_Splits"": 5, ""Repeats"": 3}",2.2787176725393907,0.03215791740941936,1.7930841191773519,0.03544710164931165,0.03655326387360074,0.0007150821371077603,0.881234282887709,0.003800797052349228,2.4574302304958233,0.11304484091818805,1.941435805683111,0.08160669229692337,0.03961755567918424,0.0015334213425258045,0.8605794172157225,0.01573382232878298
Local Model,partner_iv,"(958, 29)",,Chemical + Mineralogical + CS2 + One-Hot,Random Forest,Time Series Split,"{""N_Splits"": 5, ""Repeats"": 1, ""Gap"": 0}",2.159896050849328,0.11288593095736023,1.6620180546842704,0.11445077902845581,0.03384366238706578,0.002357185218289671,0.8910092803072477,0.010239559957981368,2.9032365781814407,0.2396861656607001,2.340362791046701,0.19206238891928903,0.04748185143034879,0.0027159501185157198,0.7983811595795227,0.0308303399625412
