Category,Company,Data Shape,Timesteps,Features,Model,Cross Validation,Cross Validation Params,RMSE Train,RMSE Train,MAE Train,MAE Train,MAPE Train,MAPE Train,R2 Train,R2 Train,RMSE Test,RMSE Test,MAE Test,MAE Test,MAPE Test,MAPE Test,R2 Test,R2 Test
,,,,,,,,mean,std,mean,std,mean,std,mean,std,mean,std,mean,std,mean,std,mean,std
Local Model,partner_iv,"(958, 27)",,Chemical + Mineralogical + CS2,Random Forest,Blocking Time Series Split,"{""N_Splits"": 5, ""Repeats"": 1, ""train_size"": 0.8}",1.8259861884171067,0.17985705117732717,1.432280065639492,0.12746651955795243,0.029270293221688965,0.002499168379327214,0.9207264314310107,0.01725851093508353,3.314650730643689,1.0011445146814966,2.5733881066994577,0.78724319376987,0.05132251553812741,0.012808950905985987,0.7029430102067934,0.17100486628018727
Local Model,partner_iv,"(958, 27)",,Chemical + Mineralogical + CS2,Random Forest,Out of time Split,"{""Test Size"": 0.2}",2.403647089954552,0.0,1.9251189342030988,0.0,0.03927179821222123,0.0,0.8708721322636885,0.0,2.844213874851254,0.0,2.2665280230400584,0.0,0.046607056911658146,0.0,0.7932132560069418,0.0
Local Model,partner_iv,"(958, 27)",,Chemical + Mineralogical + CS2,Random Forest,Repeated KFold,"{""N_Splits"": 5, ""Repeats"": 3}",2.492638973469302,0.06295929154090783,1.961920799130811,0.04890881030630137,0.039873475508285273,0.0008730593475634627,0.85782050375257,0.007674635095446448,2.735524824854905,0.17051064325740564,2.141465576416557,0.09452360829524095,0.04363029066555857,0.001917738635638919,0.8268443137126177,0.02512576598232953
Local Model,partner_iv,"(958, 27)",,Chemical + Mineralogical + CS2,Random Forest,Time Series Split,"{""N_Splits"": 5, ""Repeats"": 1, ""Gap"": 0}",2.256713338070257,0.14251522881100678,1.7515788794032214,0.13224054372284677,0.03587838865199221,0.0027054240879832944,0.8809427913446178,0.013260963418754847,2.975218573581852,0.2642928530451433,2.3813100559799594,0.21530276170610016,0.04833054808589783,0.0028412562097228826,0.7877822268922993,0.03669514885284717
