Category,Company,Data Shape,Timesteps,Features,Model,Cross Validation,Cross Validation Params,RMSE Train,RMSE Train,MAE Train,MAE Train,MAPE Train,MAPE Train,R2 Train,R2 Train,RMSE Test,RMSE Test,MAE Test,MAE Test,MAPE Test,MAPE Test,R2 Test,R2 Test
,,,,,,,,mean,std,mean,std,mean,std,mean,std,mean,std,mean,std,mean,std,mean,std
Local Model,partner_iv,"(958, 33)",,Chemical + Mineralogical + Properties CS Less,Random Forest,Blocking Time Series Split,"{""N_Splits"": 5, ""Repeats"": 1, ""train_size"": 0.8}",2.1391547547791965,0.14456494192334796,1.613924589212191,0.12141885669637482,0.03321336379237557,0.002477074193473664,0.8922051547299221,0.016493504965421197,4.012704000787001,1.1999209933650539,3.0314045292495124,1.0849678223832033,0.06230535968248237,0.01788089760079392,0.5538199163146583,0.2550513086283931
Local Model,partner_iv,"(958, 33)",,Chemical + Mineralogical + Properties CS Less,Random Forest,Out of time Split,"{""Test Size"": 0.2}",2.82553152561883,0.0,2.154765409138926,0.0,0.044860448821386886,0.0,0.8215654759496998,0.0,3.5524812798876138,0.0,2.6814312706879924,0.0,0.057328552478815555,0.0,0.6774019115210781,0.0
Local Model,partner_iv,"(958, 33)",,Chemical + Mineralogical + Properties CS Less,Random Forest,Repeated KFold,"{""N_Splits"": 5, ""Repeats"": 3}",2.846658222777002,0.044093775676925816,2.1805008328124895,0.03678887185089083,0.045391083224683666,0.0007119077763597826,0.8146339658889216,0.006704023716054534,3.1118413085744234,0.20233801379138308,2.397433717248863,0.1282294240575631,0.050001102912973855,0.0029755262724580713,0.7766073291098432,0.02774882111679255
Local Model,partner_iv,"(958, 33)",,Chemical + Mineralogical + Properties CS Less,Random Forest,Time Series Split,"{""N_Splits"": 5, ""Repeats"": 1, ""Gap"": 0}",2.676527353582646,0.1107651950582891,2.034207391287174,0.11970982848714028,0.042131546255038274,0.002550441297908579,0.83291813779338,0.010648475583180021,3.6171455687515435,0.3370995090581412,2.835543279809615,0.3301801142701515,0.058666853992227694,0.0044439335862468225,0.685462111108937,0.0619486280043151
