Category,Company,Data Shape,Timesteps,Features,Model,Cross Validation,Cross Validation Params,RMSE Train,RMSE Train,MAE Train,MAE Train,MAPE Train,MAPE Train,R2 Train,R2 Train,RMSE Test,RMSE Test,MAE Test,MAE Test,MAPE Test,MAPE Test,R2 Test,R2 Test
,,,,,,,,mean,std,mean,std,mean,std,mean,std,mean,std,mean,std,mean,std,mean,std
Local Model,partner_iv,"(958, 36)",,Chemical + Mineralogical + Physical + One-Hot,Random Forest,Blocking Time Series Split,"{""N_Splits"": 5, ""Repeats"": 1, ""train_size"": 0.8}",1.6648087863079604,0.23071999133832494,1.312816754010409,0.18383967052806957,0.026712389781064334,0.0036276835456530675,0.9333169351993721,0.01952671654127323,3.010458404371545,1.0928260950142654,2.4238784096688,0.8757889271161623,0.04884284324268029,0.014869905075073126,0.7506229449277133,0.17159194029924837
Local Model,partner_iv,"(958, 36)",,Chemical + Mineralogical + Physical + One-Hot,Random Forest,Out of time Split,"{""Test Size"": 0.2}",2.320966971273478,0.0,1.8062767561980786,0.0,0.03679167948732422,0.0,0.8796027706736297,0.0,2.7255860785067276,0.0,2.190749959128991,0.0,0.04499278766419924,0.0,0.8101030461599564,0.0
Local Model,partner_iv,"(958, 36)",,Chemical + Mineralogical + Physical + One-Hot,Random Forest,Repeated KFold,"{""N_Splits"": 5, ""Repeats"": 3}",2.2802595212585173,0.029825583259063766,1.7945601410841217,0.034055258857031645,0.03657991459938428,0.0006958841298818984,0.8810768540798674,0.0036000735804385653,2.4587986688462147,0.11134809750551851,1.9434257226268359,0.07953358975009119,0.03965358913891267,0.0014984699191371972,0.8604327046847872,0.015588833569889686
Local Model,partner_iv,"(958, 36)",,Chemical + Mineralogical + Physical + One-Hot,Random Forest,Time Series Split,"{""N_Splits"": 5, ""Repeats"": 1, ""Gap"": 0}",2.1439031280603538,0.13435585395553049,1.658202255852924,0.11686591014393335,0.03375537536535171,0.002392462242790273,0.8925064512930483,0.012148408859220517,2.879947490377204,0.24252690288649112,2.3130085500088233,0.19781007099924336,0.04689777293775222,0.00252821379711657,0.8018503294282097,0.029471455267664877
