Category,Company,Data Shape,Timesteps,Features,Model,Cross Validation,Cross Validation Params,RMSE Train,RMSE Train,MAE Train,MAE Train,MAPE Train,MAPE Train,R2 Train,R2 Train,RMSE Test,RMSE Test,MAE Test,MAE Test,MAPE Test,MAPE Test,R2 Test,R2 Test
,,,,,,,,mean,std,mean,std,mean,std,mean,std,mean,std,mean,std,mean,std,mean,std
Local Model,partner_iv,"(958, 28)",,Chemical + Mineralogical + One-Hot,XGBoost,Blocking Time Series Split,"{""N_Splits"": 5, ""Repeats"": 1, ""train_size"": 0.8}",1.9967508857919445,0.14405312669146914,1.6109305723089924,0.1035244342731814,0.033681447328729575,0.0016862942540417274,0.9059586054721093,0.015515276256350873,3.148214752567928,1.435611361987007,2.583251542311448,1.1705478899805155,0.051588384047765244,0.020395903106432644,0.7100344746138468,0.25866362348228844
Local Model,partner_iv,"(958, 28)",,Chemical + Mineralogical + One-Hot,XGBoost,Out of time Split,"{""Test Size"": 0.2}",2.5163545006386605,0.0,2.0363349446428662,0.0,0.04233928106188406,0.0,0.8584785661481386,0.0,2.6806772297530403,0.0,2.1955155173937477,0.0,0.04694406370940942,0.0,0.8163092682025956,0.0
Local Model,partner_iv,"(958, 28)",,Chemical + Mineralogical + One-Hot,XGBoost,Repeated KFold,"{""N_Splits"": 5, ""Repeats"": 3}",2.4890070327300817,0.020117825591817774,2.009515919130598,0.019861724449631014,0.0417115253738846,0.0004079144655067222,0.8583381830556089,0.0022717376975342433,2.7029924345480416,0.11453820195272407,2.1732985918032286,0.09070009632271846,0.04519852527052394,0.002228239162838023,0.8319775302740485,0.01146456934405944
Local Model,partner_iv,"(958, 28)",,Chemical + Mineralogical + One-Hot,XGBoost,Time Series Split,"{""N_Splits"": 5, ""Repeats"": 1, ""Gap"": 0}",2.4135579865654826,0.11102435778425769,1.922396318807202,0.10126116812226042,0.0400498819949172,0.0019717288627335372,0.8639838806528012,0.011128824574830984,3.1139498372331316,0.27614311154662985,2.566880122730567,0.1926979678642095,0.052983187416245546,0.003001158978093156,0.7672098977460907,0.04185738002519113
