Category,Company,Data Shape,Timesteps,Features,Model,Cross Validation,Cross Validation Params,RMSE Train,RMSE Train,MAE Train,MAE Train,MAPE Train,MAPE Train,R2 Train,R2 Train,RMSE Test,RMSE Test,MAE Test,MAE Test,MAPE Test,MAPE Test,R2 Test,R2 Test
,,,,,,,,mean,std,mean,std,mean,std,mean,std,mean,std,mean,std,mean,std,mean,std
Local Model,partner_iv,"(958, 34)",,Chemical + Mineralogical + Physical,XGBoost,Blocking Time Series Split,"{""N_Splits"": 5, ""Repeats"": 1, ""train_size"": 0.8}",1.9088820162241973,0.09784215173109759,1.5291958357158462,0.06553674854633969,0.03212384474408188,0.0012739206967005996,0.9143146882650269,0.010708314262859625,3.171100928925532,0.9685543012842797,2.576276601155599,0.7374420049326493,0.051977274219957584,0.011565348859744022,0.7270532727466944,0.15719468664568823
Local Model,partner_iv,"(958, 34)",,Chemical + Mineralogical + Physical,XGBoost,Out of time Split,"{""Test Size"": 0.2}",2.374887737955651,0.0,1.8914666666374507,0.0,0.03935125430892069,0.0,0.8739436457340353,0.0,2.8739178096227818,0.0,2.2486981670061748,0.0,0.04735729751151361,0.0,0.7888714908532176,0.0
Local Model,partner_iv,"(958, 34)",,Chemical + Mineralogical + Physical,XGBoost,Repeated KFold,"{""N_Splits"": 5, ""Repeats"": 3}",2.44131884397175,0.02857451542894055,1.9421053925763545,0.02211922587356166,0.040302450838034146,0.000485380815996998,0.8636975870451115,0.0034680009504932914,2.686441705711967,0.13288142872009165,2.128666607828734,0.08091006232971411,0.04409392382429427,0.001875209478862308,0.8337963861903668,0.01571799271795595
Local Model,partner_iv,"(958, 34)",,Chemical + Mineralogical + Physical,XGBoost,Time Series Split,"{""N_Splits"": 5, ""Repeats"": 1, ""Gap"": 0}",2.2597211067358103,0.11839304689762674,1.789398966089162,0.10172254714035082,0.037315839251016496,0.0020225867471847015,0.8807024186690633,0.011207918414126208,2.9989760472446876,0.1493275080496405,2.4024551295634335,0.12834973100781605,0.04962511158834502,0.002458120542156918,0.785327054401642,0.02229005827953269
