Category,Company,Data Shape,Timesteps,Features,Model,Cross Validation,Cross Validation Params,RMSE Train,RMSE Train,MAE Train,MAE Train,MAPE Train,MAPE Train,R2 Train,R2 Train,RMSE Test,RMSE Test,MAE Test,MAE Test,MAPE Test,MAPE Test,R2 Test,R2 Test
,,,,,,,,mean,std,mean,std,mean,std,mean,std,mean,std,mean,std,mean,std,mean,std
Local Model,partner_iv,"(958, 28)",,Chemical + Mineralogical + Feature Engineering,XGBoost,Blocking Time Series Split,"{""N_Splits"": 5, ""Repeats"": 1, ""train_size"": 0.8}",2.238219828626642,0.15376431471153545,1.7459665007340281,0.11656274720871189,0.03666155869710578,0.002181660124149717,0.8821362010582219,0.01742734420114133,3.8397060510266625,1.0710851870285634,3.057502719194461,0.9187801942477322,0.06307833067090597,0.01621816525102187,0.5894313141076233,0.22437467646465048
Local Model,partner_iv,"(958, 28)",,Chemical + Mineralogical + Feature Engineering,XGBoost,Out of time Split,"{""Test Size"": 0.2}",2.862242584295134,0.0,2.2710968724741325,0.0,0.047750487666713366,0.0,0.8168986906497357,0.0,3.439127278149701,0.0,2.7247451821962994,0.0,0.05869117947172648,0.0,0.6976606386818947,0.0
Local Model,partner_iv,"(958, 28)",,Chemical + Mineralogical + Feature Engineering,XGBoost,Repeated KFold,"{""N_Splits"": 5, ""Repeats"": 3}",2.8770158364865845,0.0282320510195194,2.278445121041685,0.026884706872341364,0.047707865387949376,0.000584425474760581,0.8107153556268342,0.004081539630808869,3.1625422017986287,0.1765715959001493,2.500712408004215,0.12604606555521702,0.052449103012047756,0.0029563808250024242,0.7697106140786876,0.02288465969604591
Local Model,partner_iv,"(958, 28)",,Chemical + Mineralogical + Feature Engineering,XGBoost,Time Series Split,"{""N_Splits"": 5, ""Repeats"": 1, ""Gap"": 0}",2.774676763760773,0.06129816877963086,2.17478950452825,0.07028532508552267,0.04568085574314562,0.0013258547998427738,0.8204313803817611,0.007343737732226051,3.514800308995298,0.12474915406449642,2.83839532336349,0.07368443258203125,0.05900156246299402,0.003986091398897853,0.7050119595912172,0.029355324311102538
