Category,Company,Data Shape,Timesteps,Features,Model,Cross Validation,Cross Validation Params,RMSE Train,RMSE Train,MAE Train,MAE Train,MAPE Train,MAPE Train,R2 Train,R2 Train,RMSE Test,RMSE Test,MAE Test,MAE Test,MAPE Test,MAPE Test,R2 Test,R2 Test
,,,,,,,,mean,std,mean,std,mean,std,mean,std,mean,std,mean,std,mean,std,mean,std
Local Model,209,"(1011, 27)",,Chemical + CS3,Decision Tree,Blocking Time Series Split,"{""N_Splits"": 5, ""Repeats"": 1, ""train_size"": 0.8}",0.7808722887779214,0.16604190770598948,0.6177228205417463,0.13513859440257958,0.014338946930130936,0.003152737252431348,0.9760648503835949,0.00880145781733321,0.9337833791290866,0.16750890285821873,0.750723208434332,0.11384837124108532,0.017591043200254168,0.002837797362123622,0.9635113132076993,0.01228635822296392
Local Model,209,"(1011, 27)",,Chemical + CS3,Decision Tree,Out of time Split,"{""Test Size"": 0.2}",0.8523008429996702,0.0,0.6706736980507907,0.0,0.01586011165729993,0.0,0.9714872229293914,0.0,1.092091886669172,0.0,0.8814882380540967,0.0,0.022059332950651857,0.0,0.9597620212558836,0.0
Local Model,209,"(1011, 27)",,Chemical + CS3,Decision Tree,Repeated KFold,"{""N_Splits"": 5, ""Repeats"": 3}",0.8859437876375355,0.019430524254483345,0.694433905294168,0.01973745396936331,0.016484357261129467,0.000460708993349555,0.9702670731026449,0.0013480532124466537,0.9177619625315372,0.048213173385815905,0.7209489626644326,0.04128626565419715,0.01710907729318445,0.0009911282792005969,0.9677009014214434,0.0043698004784425044
Local Model,209,"(1011, 27)",,Chemical + CS3,Decision Tree,Time Series Split,"{""N_Splits"": 5, ""Repeats"": 1, ""Gap"": 0}",0.8741131136209122,0.03374635085476449,0.6926810513711198,0.030539041992564152,0.01619619543541676,0.0005256268187799207,0.9693063557259691,0.0032852256305729113,1.0031350313571696,0.07533170639662055,0.7998661007368599,0.06028087016817526,0.019423136946561243,0.0018345439337659674,0.9621770163771768,0.005136211442505193
