Category,Company,Data Shape,Timesteps,Features,Model,Cross Validation,Cross Validation Params,RMSE Train,RMSE Train,MAE Train,MAE Train,MAPE Train,MAPE Train,R2 Train,R2 Train,RMSE Test,RMSE Test,MAE Test,MAE Test,MAPE Test,MAPE Test,R2 Test,R2 Test
,,,,,,,,mean,std,mean,std,mean,std,mean,std,mean,std,mean,std,mean,std,mean,std
Local Model,209,"(1011, 28)",,Chemical + CS3 + CS7,Decision Tree,Blocking Time Series Split,"{""N_Splits"": 5, ""Repeats"": 1, ""train_size"": 0.8}",0.7689923248876196,0.17897144803289639,0.6116767247525449,0.1451633638168969,0.014185925289311266,0.0033656684941840375,0.9765693751562848,0.009331217343629737,0.9327960142289248,0.13573040719876323,0.7323696148042738,0.08560303209173287,0.017101404151313483,0.002052200898717624,0.9639031472528258,0.00987291916371469
Local Model,209,"(1011, 28)",,Chemical + CS3 + CS7,Decision Tree,Out of time Split,"{""Test Size"": 0.2}",0.844321987026202,0.0,0.657432139151234,0.0,0.015567364822095869,0.0,0.9720185716201972,0.0,1.1015620718394317,0.0,0.8791615418614163,0.0,0.022057454770973584,0.0,0.9590611400952088,0.0
Local Model,209,"(1011, 28)",,Chemical + CS3 + CS7,Decision Tree,Repeated KFold,"{""N_Splits"": 5, ""Repeats"": 3}",0.8906759669883565,0.022594953080420685,0.6959722501226504,0.02255426507107762,0.016529849484962205,0.0005208319602690933,0.969942050743973,0.0015817904265281483,0.9330822075205087,0.05549667610547664,0.7303363617923987,0.04622749857501944,0.01734350773461248,0.0011171280512314872,0.9665812938492035,0.004885835328025138
Local Model,209,"(1011, 28)",,Chemical + CS3 + CS7,Decision Tree,Time Series Split,"{""N_Splits"": 5, ""Repeats"": 1, ""Gap"": 0}",0.8883233444612577,0.026070758270995708,0.7030508003905794,0.02670885263462252,0.016411907780242846,0.0004545045074361704,0.9683342791742723,0.0027503751199391513,1.0033741020359719,0.10899325121937797,0.8092118003009586,0.09754854111742245,0.019607585205344107,0.0026402504401684766,0.9619880325499363,0.007729189913865117
