Category,Company,Data Shape,Timesteps,Features,Model,Cross Validation,Cross Validation Params,RMSE Train,RMSE Train,MAE Train,MAE Train,MAPE Train,MAPE Train,R2 Train,R2 Train,RMSE Test,RMSE Test,MAE Test,MAE Test,MAPE Test,MAPE Test,R2 Test,R2 Test
,,,,,,,,mean,std,mean,std,mean,std,mean,std,mean,std,mean,std,mean,std,mean,std
Local Model,209,"(1011, 26)",,Chemical,Decision Tree,Blocking Time Series Split,"{""N_Splits"": 5, ""Repeats"": 1, ""train_size"": 0.8}",1.1473824878093652,0.39626122507646144,0.7477701282856759,0.17825139398190246,0.01766147610111793,0.00440913729776386,0.9441362822972497,0.032982515487798285,1.69155912293381,0.7216298631457329,0.9784639931564041,0.1936514044147094,0.022809742702445845,0.004409512015426893,0.8547112655551239,0.13378389839677426
Local Model,209,"(1011, 26)",,Chemical,Decision Tree,Out of time Split,"{""Test Size"": 0.2}",1.4640020927393302,0.0,0.859383775311805,0.0,0.0204914958608672,0.0,0.9158726754381153,0.0,1.1965503985266395,0.0,0.9704130405244469,0.0,0.024207129130546505,0.0,0.9516963679981559,0.0
Local Model,209,"(1011, 26)",,Chemical,Decision Tree,Repeated KFold,"{""N_Splits"": 5, ""Repeats"": 3}",1.378452086337682,0.0834203973748904,0.8531433131887596,0.029498388409361097,0.02036793699939726,0.0007306015600045581,0.9277067546404622,0.009114685275031877,1.447065538119515,0.2454392969314228,0.8773948609579778,0.05980929625182458,0.02094319369901948,0.0014170929512398013,0.9170722895507012,0.030277014888868706
Local Model,209,"(1011, 26)",,Chemical,Decision Tree,Time Series Split,"{""N_Splits"": 5, ""Repeats"": 1, ""Gap"": 0}",1.3270145157020798,0.07006516232685431,0.8289486398432814,0.0254414789792554,0.01949948742472257,0.0007037446375134821,0.9293215667818121,0.007624455247681018,1.5509253258850353,0.41808518118069266,0.9440254834686069,0.1755790637170807,0.02290579422077978,0.004356719362007793,0.9022043686905287,0.05796158265457675
