Category,Company,Data Shape,Timesteps,Features,Model,Cross Validation,Cross Validation Params,RMSE Train,RMSE Train,MAE Train,MAE Train,MAPE Train,MAPE Train,R2 Train,R2 Train,RMSE Test,RMSE Test,MAE Test,MAE Test,MAPE Test,MAPE Test,R2 Test,R2 Test
,,,,,,,,mean,std,mean,std,mean,std,mean,std,mean,std,mean,std,mean,std,mean,std
Local Model,209,"(1011, 32)",,Chemical + Physical,Linear Regression,Blocking Time Series Split,"{""N_Splits"": 5, ""Repeats"": 1, ""train_size"": 0.8}",0.6830621074101265,0.0852398788405608,0.5442089655880862,0.06825060413605732,0.012721632339510475,0.0015701714919487094,0.981911497293926,0.00497514492699195,1.1407268222775806,0.11330934170858573,0.8759365682289518,0.10359019161008479,0.02014011238530356,0.0020156625711144115,0.9464677399662044,0.01026448200442961
Local Model,209,"(1011, 32)",,Chemical + Physical,Linear Regression,Out of time Split,"{""Test Size"": 0.2}",0.8239839377385063,0.0,0.6405584291060634,0.0,0.014992790329957621,0.0,0.9733503705763058,0.0,0.7518975407101544,0.0,0.6118628575914317,0.0,0.014525459385410552,0.0,0.9809262922410715,0.0
Local Model,209,"(1011, 32)",,Chemical + Physical,Linear Regression,Repeated KFold,"{""N_Splits"": 5, ""Repeats"": 3}",0.7998786827524905,0.00848660598790115,0.6260434485684023,0.00810763016264633,0.014684126210927028,0.0002002352601728915,0.9757733825983552,0.0005468794319158533,0.8357497456117998,0.03255671027233968,0.6532405075129539,0.028321185761764397,0.015342121861845014,0.0007484275201534197,0.9733355359759397,0.0021571943253638685
Local Model,209,"(1011, 32)",,Chemical + Physical,Linear Regression,Time Series Split,"{""N_Splits"": 5, ""Repeats"": 1, ""Gap"": 0}",0.8122182119472388,0.019618901627764133,0.6379762098966525,0.013546178498230721,0.014847368557805333,0.00034943595883815383,0.9736027498607907,0.0008663021910752538,0.910872853356177,0.10278540449418903,0.7082672169049935,0.07416670207420709,0.016664884404396094,0.0016054012902258115,0.9683452681279494,0.007598325283264083
