Category,Company,Data Shape,Timesteps,Features,Model,Cross Validation,Cross Validation Params,RMSE Train,RMSE Train,MAE Train,MAE Train,MAPE Train,MAPE Train,R2 Train,R2 Train,RMSE Test,RMSE Test,MAE Test,MAE Test,MAPE Test,MAPE Test,R2 Test,R2 Test
,,,,,,,,mean,std,mean,std,mean,std,mean,std,mean,std,mean,std,mean,std,mean,std
Local Model,209,"(1011, 26)",,Chemical,Linear Regression,Blocking Time Series Split,"{""N_Splits"": 5, ""Repeats"": 1, ""train_size"": 0.8}",1.298311672185934,0.20680711959338124,0.9808642236343561,0.1517821197167337,0.02345829587916738,0.0037035382995251626,0.9333897895888995,0.021439201865307837,1.9381234350931016,0.4337439756710397,1.5167884257229844,0.4361419634293905,0.03573285608272264,0.00946043414073402,0.8326114237160794,0.10128953679733926
Local Model,209,"(1011, 26)",,Chemical,Linear Regression,Out of time Split,"{""Test Size"": 0.2}",1.5928499959096964,0.0,1.1914425556413253,0.0,0.028512851200834678,0.0,0.9004128187751803,0.0,1.4629727300602473,0.0,1.1802824047808187,0.0,0.028703889847723364,0.0,0.9277911784482028,0.0
Local Model,209,"(1011, 26)",,Chemical,Linear Regression,Repeated KFold,"{""N_Splits"": 5, ""Repeats"": 3}",1.5163755244167723,0.03652540307354081,1.1310425214259197,0.025245007327711264,0.027080517954133923,0.0006575809492956017,0.9128759105212122,0.0045253086075574935,1.5707491439428656,0.14794696890655798,1.1731397341093086,0.0957953525573573,0.02810669285732547,0.0025088117400820864,0.9047742484459442,0.019830071910455972
Local Model,209,"(1011, 26)",,Chemical,Linear Regression,Time Series Split,"{""N_Splits"": 5, ""Repeats"": 1, ""Gap"": 0}",1.5465074615427012,0.04737783685232884,1.1455368517376068,0.037847945210837675,0.027416693148783762,0.000983626203166528,0.9043209733226387,0.003459471856461974,1.8328905984548705,0.31213185207061994,1.4576691078832635,0.234053319671222,0.0349390736420989,0.005825944827014246,0.8690611043294536,0.044199414188186154
