Category,Company,Data Shape,Timesteps,Features,Model,Cross Validation,Cross Validation Params,RMSE Train,RMSE Train,MAE Train,MAE Train,MAPE Train,MAPE Train,R2 Train,R2 Train,RMSE Test,RMSE Test,MAE Test,MAE Test,MAPE Test,MAPE Test,R2 Test,R2 Test
,,,,,,,,mean,std,mean,std,mean,std,mean,std,mean,std,mean,std,mean,std,mean,std
Local Model,209,"(1011, 28)",,Chemical + CS3 + CS7,Linear Regression,Blocking Time Series Split,"{""N_Splits"": 5, ""Repeats"": 1, ""train_size"": 0.8}",0.7043969663712593,0.0968746495071819,0.5597941667997631,0.07750706995470699,0.013097487201176577,0.0018138988427038338,0.9807071137777355,0.005644803066462451,1.1234586712192214,0.129347044208188,0.8380679151336438,0.1056369948218597,0.019162307748041466,0.002067394314369092,0.9477392600437998,0.011867564704983706
Local Model,209,"(1011, 28)",,Chemical + CS3 + CS7,Linear Regression,Out of time Split,"{""Test Size"": 0.2}",0.8476876953163387,0.0,0.6594306253117214,0.0,0.015409778214570574,0.0,0.9717950430712317,0.0,0.7321003104587626,0.0,0.5908778552588757,0.0,0.013897530859192235,0.0,0.9819174790229096,0.0
Local Model,209,"(1011, 28)",,Chemical + CS3 + CS7,Linear Regression,Repeated KFold,"{""N_Splits"": 5, ""Repeats"": 3}",0.8171084623061592,0.008179345975555165,0.6389737572224062,0.008305886354898937,0.014964314650619698,0.00020373167457466554,0.9747169277692669,0.0006229994510558724,0.8487209201881581,0.0321568953680154,0.6622006177174697,0.030098171501196,0.015516132668368108,0.0007691555717309792,0.9724765249634539,0.0024772135689189972
Local Model,209,"(1011, 28)",,Chemical + CS3 + CS7,Linear Regression,Time Series Split,"{""N_Splits"": 5, ""Repeats"": 1, ""Gap"": 0}",0.8363007239452289,0.021392770866054473,0.6587118500121635,0.01998222508906962,0.01532763135690591,0.0005075268942909923,0.9720141047393396,0.0009807613250399365,0.9411850086299107,0.1380228409528871,0.7341263383305345,0.10722899652696896,0.017195691082707763,0.002418088381335267,0.9658085098189915,0.010273248318508111
