Category,Company,Data Shape,Timesteps,Features,Model,Cross Validation,Cross Validation Params,RMSE Train,RMSE Train,MAE Train,MAE Train,MAPE Train,MAPE Train,R2 Train,R2 Train,RMSE Test,RMSE Test,MAE Test,MAE Test,MAPE Test,MAPE Test,R2 Test,R2 Test
,,,,,,,,mean,std,mean,std,mean,std,mean,std,mean,std,mean,std,mean,std,mean,std
Local Model,209,"(1011, 27)",,Chemical + CS3,Linear Regression,Blocking Time Series Split,"{""N_Splits"": 5, ""Repeats"": 1, ""train_size"": 0.8}",0.7648617307438718,0.10320316056005059,0.6032662257591725,0.09253070749943308,0.014141633348261384,0.002161062976729512,0.9772751238840488,0.006707038398966829,1.1856447676322133,0.11789138281007491,0.8988453779447392,0.12307484087612208,0.02072213846968071,0.002772594037448167,0.9418866774075955,0.01322378874914105
Local Model,209,"(1011, 27)",,Chemical + CS3,Linear Regression,Out of time Split,"{""Test Size"": 0.2}",0.8987699307425138,0.0,0.7042824826631254,0.0,0.01645581875436377,0.0,0.9682933213530002,0.0,0.8157390119436297,0.0,0.644161687877966,0.0,0.015155930376462845,0.0,0.9775497976079999,0.0
Local Model,209,"(1011, 27)",,Chemical + CS3,Linear Regression,Repeated KFold,"{""N_Splits"": 5, ""Repeats"": 3}",0.8721989771770312,0.006436260521263384,0.68375536840458,0.006416325366126481,0.01601715733528608,0.00015976105708991888,0.9711962713874153,0.0004738896688782107,0.9067291463711142,0.02667201360544191,0.7096986496387097,0.02431379773215485,0.016630823157028463,0.000632530338596995,0.9686356805289281,0.001939064081378785
Local Model,209,"(1011, 27)",,Chemical + CS3,Linear Regression,Time Series Split,"{""N_Splits"": 5, ""Repeats"": 1, ""Gap"": 0}",0.9094773368790294,0.023844418892411668,0.7193378690513823,0.02570219551305663,0.01673871217207561,0.0006185923732505724,0.9668855367998006,0.0015781440179997034,0.9969406929594727,0.1652463497948904,0.7862816578187332,0.1436492393216884,0.01840511264670466,0.0031833870623502788,0.961445541658499,0.013189308784167682
