Category,Company,Data Shape,Timesteps,Features,Model,Cross Validation,Cross Validation Params,RMSE Train,RMSE Train,MAE Train,MAE Train,MAPE Train,MAPE Train,R2 Train,R2 Train,RMSE Test,RMSE Test,MAE Test,MAE Test,MAPE Test,MAPE Test,R2 Test,R2 Test
,,,,,,,,mean,std,mean,std,mean,std,mean,std,mean,std,mean,std,mean,std,mean,std
Local Model,209,"(1011, 30)",,Chemical + Properties CS Less,MLP,Blocking Time Series Split,"{""N_Splits"": 5, ""Repeats"": 3, ""train_size"": 0.8}",5.301637829665818,0.4990863034900169,4.071111270754482,0.3490307019125237,0.09515690711519849,0.008092383696342806,-0.07962615840515287,0.23440474134367634,9.4494996959207,3.0332717312894704,7.905999979158725,2.626386322594946,0.18575922951140955,0.06176223548230725,-3.2149831088943333,3.0691516042167275
Local Model,209,"(1011, 30)",,Chemical + Properties CS Less,MLP,Out of time Split,"{""Test Size"": 0.2}",1.0691573495779723,0.0654733264083575,0.8380471774060351,0.06011620904208904,0.019319558561821094,0.0013368769917081213,0.9549637163617395,0.0055913787933889745,0.9873925261745833,0.028478695928814992,0.7887605601343598,0.029069247311523834,0.018489460774511638,0.0005943212985553339,0.9670800931750586,0.0018840907831449308
Local Model,209,"(1011, 30)",,Chemical + Properties CS Less,MLP,Repeated KFold,"{""N_Splits"": 5, ""Repeats"": 3}",1.0477115119612685,0.06820384241670133,0.830104251535578,0.05776772366104893,0.019279016379997318,0.0014095349040662167,0.9582620108924905,0.005525112863519634,1.1309438341619145,0.09923423484729943,0.8839163752927363,0.09212378471992039,0.02058173760564714,0.0021125005265873876,0.9508231553870059,0.009169021100643082
Local Model,209,"(1011, 30)",,Chemical + Properties CS Less,MLP,Time Series Split,"{""N_Splits"": 5, ""Repeats"": 3, ""Gap"": 0}",2.3364220169210257,1.5732168551090182,1.8263769015782987,1.197707828018893,0.042800082010662134,0.028512595202642804,0.6715002423335446,0.4402673618127584,3.945653227513119,2.7274686242713173,3.129434186466157,2.149440753458606,0.07376733468837302,0.05057088056038569,0.12525994409724614,1.02566316776261
