Category,Company,Data Shape,Timesteps,Features,Model,Cross Validation,Cross Validation Params,RMSE Train,RMSE Train,MAE Train,MAE Train,MAPE Train,MAPE Train,R2 Train,R2 Train,RMSE Test,RMSE Test,MAE Test,MAE Test,MAPE Test,MAPE Test,R2 Test,R2 Test
,,,,,,,,mean,std,mean,std,mean,std,mean,std,mean,std,mean,std,mean,std,mean,std
Local Model,209,"(1011, 32)",,Chemical + Physical,MLP,Blocking Time Series Split,"{""N_Splits"": 5, ""Repeats"": 3, ""train_size"": 0.8}",4.630137789088285,0.34889369586835667,3.6048601325056833,0.2597721105516397,0.0839041747027544,0.005877032121406694,0.18016456961538332,0.1465658532330164,7.754202893551633,2.5972512982894673,6.400993042922599,2.308636335874058,0.1501909556544699,0.053130133741610006,-1.8587549548544855,2.1325650885792315
Local Model,209,"(1011, 32)",,Chemical + Physical,MLP,Out of time Split,"{""Test Size"": 0.2}",1.0525748677799724,0.0673326157378873,0.8466316575657816,0.06178633705691003,0.019660720442573835,0.0013289098970458682,0.9563350245867429,0.005629086981524182,1.0423187243305672,0.04944398042792379,0.8423675649859032,0.039540727947506515,0.01993447264015821,0.0007311596301731135,0.9632637318312532,0.0034224274715897304
Local Model,209,"(1011, 32)",,Chemical + Physical,MLP,Repeated KFold,"{""N_Splits"": 5, ""Repeats"": 3}",1.0731978534959867,0.08624518769673209,0.8635692228360151,0.07226432384857674,0.02019896401164778,0.0016990883070279546,0.9561118460331873,0.007222294557842141,1.1585509002232226,0.1174242824344824,0.9269311216582267,0.09807310109993891,0.021770847446849918,0.002269919480157436,0.9482786593283715,0.010885943052158753
Local Model,209,"(1011, 32)",,Chemical + Physical,MLP,Time Series Split,"{""N_Splits"": 5, ""Repeats"": 3, ""Gap"": 0}",2.2272536691160933,1.111281694234175,1.7568540730089317,0.8704417584117631,0.04081276675980154,0.02010418385302607,0.7457301336614145,0.25414904113589737,3.6434197134108155,2.2543879846717223,2.889623090047685,1.7828791380547375,0.06792587724991322,0.04144050947498924,0.29903308233570736,0.7077815399025245
