Category,Company,Data Shape,Timesteps,Features,Model,Cross Validation,Cross Validation Params,RMSE Train,RMSE Train,MAE Train,MAE Train,MAPE Train,MAPE Train,R2 Train,R2 Train,RMSE Test,RMSE Test,MAE Test,MAE Test,MAPE Test,MAPE Test,R2 Test,R2 Test
,,,,,,,,mean,std,mean,std,mean,std,mean,std,mean,std,mean,std,mean,std,mean,std
Local Model,209,"(1011, 26)",,Chemical,MLP,Blocking Time Series Split,"{""N_Splits"": 5, ""Repeats"": 3, ""train_size"": 0.8}",5.734578851325307,0.4950349224156521,4.411154616614555,0.37532628605727836,0.10266421885324882,0.008360503034005142,-0.2541356489604685,0.22169391223374954,9.659146579185398,2.4283994104189492,8.177143300684484,2.3728252651872097,0.18788113317880126,0.05526730126782533,-3.1615169758935022,2.4344267652541784
Local Model,209,"(1011, 26)",,Chemical,MLP,Out of time Split,"{""Test Size"": 0.2}",1.4107256155468655,0.046731543693411495,1.0607846555930154,0.03958288195765654,0.024752134719940106,0.000811214077829323,0.9217984992280499,0.005215657893167458,1.2662704184648554,0.05476012604855607,1.0389296884019943,0.03725846590124445,0.0246084136482748,0.0008727984995074389,0.945802138015146,0.004705149013425639
Local Model,209,"(1011, 26)",,Chemical,MLP,Repeated KFold,"{""N_Splits"": 5, ""Repeats"": 3}",1.3347713687726548,0.04577430509030169,1.0046364478777974,0.04541000270175991,0.023504856562986436,0.0010486690452952386,0.9324617318068998,0.004764191380193417,1.455152388340608,0.12881912407065754,1.0856955472259646,0.08592936705722781,0.02546758281654661,0.00209804365944471,0.9182550017720703,0.01686995099113245
Local Model,209,"(1011, 26)",,Chemical,MLP,Time Series Split,"{""N_Splits"": 5, ""Repeats"": 3, ""Gap"": 0}",2.388869622731578,1.4157948121539166,1.8633038074908586,1.1065991065831922,0.04337976166129505,0.026080645722056706,0.6812940300978144,0.3983763492150775,4.176061872618401,3.020817307119084,3.409787792175535,2.5019229977457105,0.07856417981857458,0.05750370256513256,-0.0053792317882827454,1.3633070684638149
