Category,Company,Data Shape,Timesteps,Features,Model,Cross Validation,Cross Validation Params,RMSE Train,RMSE Train,MAE Train,MAE Train,MAPE Train,MAPE Train,R2 Train,R2 Train,RMSE Test,RMSE Test,MAE Test,MAE Test,MAPE Test,MAPE Test,R2 Test,R2 Test
,,,,,,,,mean,std,mean,std,mean,std,mean,std,mean,std,mean,std,mean,std,mean,std
Local Model,209,"(1011, 27)",,Chemical + CS3,Random Forest,Blocking Time Series Split,"{""N_Splits"": 5, ""Repeats"": 1, ""train_size"": 0.8}",0.6024324122411804,0.06770051446558965,0.4656791318519261,0.054690236167892335,0.010783754431080738,0.0012162872555773157,0.9859913154865735,0.003656860277749351,0.8570743137078068,0.14921964411894442,0.6902878427979273,0.10758082583136437,0.016104376476169163,0.0027071367377166284,0.969455296138235,0.009604085302393331
Local Model,209,"(1011, 27)",,Chemical + CS3,Random Forest,Out of time Split,"{""Test Size"": 0.2}",0.7345227417508337,0.0,0.5757339187393393,0.0,0.013370651009813255,0.0,0.9788230127173361,0.0,0.9033927101789598,0.0,0.7240804246931101,0.0,0.01748715453400154,0.0,0.9724658953298125,0.0
Local Model,209,"(1011, 27)",,Chemical + CS3,Random Forest,Repeated KFold,"{""N_Splits"": 5, ""Repeats"": 3}",0.7347428747052612,0.01115855973436642,0.576926132734214,0.012085861509140554,0.013450982898349726,0.0002881449384672286,0.9795522130756784,0.0007503238577128799,0.7970446999296942,0.04026160053269938,0.6206689250492861,0.03563676990570679,0.014528722602361342,0.0008433599733031231,0.9756253146580918,0.0033956351628406053
Local Model,209,"(1011, 27)",,Chemical + CS3,Random Forest,Time Series Split,"{""N_Splits"": 5, ""Repeats"": 1, ""Gap"": 0}",0.7181217315861865,0.014064044507482514,0.5636556988287937,0.0079254722325337,0.013004836802073868,0.00026912046138517364,0.9793674343378802,0.0004090215385017126,0.9004028812015203,0.03959801788703095,0.7162743857510068,0.03190577553315992,0.017113004791210296,0.0009413384339786275,0.9695703951265064,0.0026191881053988344
