Category,Company,Data Shape,Timesteps,Features,Model,Cross Validation,Cross Validation Params,RMSE Train,RMSE Train,MAE Train,MAE Train,MAPE Train,MAPE Train,R2 Train,R2 Train,RMSE Test,RMSE Test,MAE Test,MAE Test,MAPE Test,MAPE Test,R2 Test,R2 Test
,,,,,,,,mean,std,mean,std,mean,std,mean,std,mean,std,mean,std,mean,std,mean,std
Local Model,209,"(1011, 30)",,Chemical + Properties CS Less,Random Forest,Blocking Time Series Split,"{""N_Splits"": 5, ""Repeats"": 1, ""train_size"": 0.8}",0.6556492768632665,0.13490791882129138,0.511568822384772,0.09696480570809876,0.011859556221548774,0.0021771218642113828,0.9827931609352222,0.00812160592771994,1.319039608436874,0.6486859838781219,0.8891048810941132,0.29218865363409974,0.02154231917319041,0.00881178849294604,0.9156085286713493,0.0842310475138376
Local Model,209,"(1011, 30)",,Chemical + Properties CS Less,Random Forest,Out of time Split,"{""Test Size"": 0.2}",0.8191215266662997,0.0,0.6205338455262314,0.0,0.01440299264901336,0.0,0.973663966778243,0.0,0.977740342043304,0.0,0.7722588529738375,0.0,0.018673267671638228,0.0,0.9677473900038144,0.0
Local Model,209,"(1011, 30)",,Chemical + Properties CS Less,Random Forest,Repeated KFold,"{""N_Splits"": 5, ""Repeats"": 3}",0.8064982780173445,0.016219934703423478,0.6252619718541604,0.010148397517117679,0.01458052801837449,0.00023414044570943375,0.9753583701309161,0.001128721192512284,0.9104713979231607,0.09928094879292654,0.6786612664349981,0.04808451845177777,0.015913146456983298,0.0011421906191598679,0.967922443567099,0.007224923800819459
Local Model,209,"(1011, 30)",,Chemical + Properties CS Less,Random Forest,Time Series Split,"{""N_Splits"": 5, ""Repeats"": 1, ""Gap"": 0}",0.8577119121173672,0.05894202356683459,0.6315243376488631,0.030353059423008134,0.01461658531984548,0.0006544125038256145,0.9702980912146779,0.005122648087326167,1.0548681377768323,0.21077624088610486,0.8125916081732344,0.1317165459539104,0.01942042511816287,0.0032934497863848586,0.9566405817531102,0.018725264127591543
