Category,Company,Data Shape,Timesteps,Features,Model,Cross Validation,Cross Validation Params,RMSE Train,RMSE Train,MAE Train,MAE Train,MAPE Train,MAPE Train,R2 Train,R2 Train,RMSE Test,RMSE Test,MAE Test,MAE Test,MAPE Test,MAPE Test,R2 Test,R2 Test
,,,,,,,,mean,std,mean,std,mean,std,mean,std,mean,std,mean,std,mean,std,mean,std
Local Model,209,"(1011, 26)",,Chemical,Random Forest,Blocking Time Series Split,"{""N_Splits"": 5, ""Repeats"": 1, ""train_size"": 0.8}",0.7777790458368579,0.11533198561126788,0.5568141628466733,0.08150826269139695,0.013001605277635511,0.0017983582645536588,0.9761863731090029,0.008341592709184395,1.3474117299710304,0.477162141931003,0.8700403389398256,0.1905328154214266,0.020147563513466377,0.003966070585156418,0.9120496565056943,0.06974073376044777
Local Model,209,"(1011, 26)",,Chemical,Random Forest,Out of time Split,"{""Test Size"": 0.2}",0.9969284402719566,0.0,0.7056369102307133,0.0,0.01647928597503425,0.0,0.9609894876786055,0.0,1.2087276842284986,0.0,0.914710025343193,0.0,0.022584891614925023,0.0,0.9507081936293609,0.0
Local Model,209,"(1011, 26)",,Chemical,Random Forest,Repeated KFold,"{""N_Splits"": 5, ""Repeats"": 3}",0.9496501894579883,0.04920565191840477,0.6890462132431043,0.020471441387324138,0.016166786814336007,0.0004947953555980058,0.9657237090381552,0.003949628471083772,1.1950886216036083,0.2227753173289066,0.7753879759774246,0.07707591729326277,0.018322404180125405,0.0017432322102009633,0.9428003953081261,0.024030553245930827
Local Model,209,"(1011, 26)",,Chemical,Random Forest,Time Series Split,"{""N_Splits"": 5, ""Repeats"": 1, ""Gap"": 0}",0.9513935464374926,0.022623833304078272,0.6810536635695893,0.007378991878265246,0.015733995252126064,0.00025542693740420336,0.9637532849861522,0.0018175141660208274,1.4353656089663969,0.3278914429244469,0.9466551107956654,0.1399072549003437,0.022362320511613926,0.003302771403656236,0.9180053858302613,0.03876449041197348
