Category,Company,Data Shape,Timesteps,Features,Model,Cross Validation,Cross Validation Params,RMSE Train,RMSE Train,MAE Train,MAE Train,MAPE Train,MAPE Train,R2 Train,R2 Train,RMSE Test,RMSE Test,MAE Test,MAE Test,MAPE Test,MAPE Test,R2 Test,R2 Test
,,,,,,,,mean,std,mean,std,mean,std,mean,std,mean,std,mean,std,mean,std,mean,std
Local Model,209,"(1011, 28)",,Chemical + CS3 + CS7,Random Forest,Blocking Time Series Split,"{""N_Splits"": 5, ""Repeats"": 1, ""train_size"": 0.8}",0.5897383282565166,0.08972898225146705,0.45865021281173346,0.06292147169662964,0.010656103115785949,0.001423984740165644,0.9865212307966778,0.004114993051871866,0.9313053092178853,0.14395836313480193,0.7278543354274059,0.10005893256545124,0.017125035659055418,0.0025093465871408316,0.963613641581486,0.010797791502680582
Local Model,209,"(1011, 28)",,Chemical + CS3 + CS7,Random Forest,Out of time Split,"{""Test Size"": 0.2}",0.7109140550327518,0.0,0.5637975549899197,0.0,0.013102579977219466,0.0,0.9801624568932344,0.0,0.9013867306120625,0.0,0.7275184395335121,0.0,0.01755977295378519,0.0,0.9725880382884329,0.0
Local Model,209,"(1011, 28)",,Chemical + CS3 + CS7,Random Forest,Repeated KFold,"{""N_Splits"": 5, ""Repeats"": 3}",0.7159170599893262,0.010893104040775035,0.563168446652169,0.011233197644118615,0.013151347239412855,0.0002669391651658809,0.9805866550025707,0.0007135119676224176,0.779851403128783,0.04744211485465501,0.6074635142595333,0.041639378926643524,0.014239965075004754,0.000973975022361742,0.9766224226733733,0.0037353498454813423
Local Model,209,"(1011, 28)",,Chemical + CS3 + CS7,Random Forest,Time Series Split,"{""N_Splits"": 5, ""Repeats"": 1, ""Gap"": 0}",0.6887747628364319,0.017289250838225922,0.5489968408786192,0.014281989779132555,0.012712355162583377,0.00038646624397912946,0.9810219293616335,0.0004722016140834057,0.8831199467019403,0.0701079653659235,0.6954459026134588,0.04825439107741397,0.01665019602139959,0.001332613900696621,0.9706545472253936,0.004112964905016249
