Category,Company,Data Shape,Timesteps,Features,Model,Cross Validation,Cross Validation Params,RMSE Train,RMSE Train,MAE Train,MAE Train,MAPE Train,MAPE Train,R2 Train,R2 Train,RMSE Test,RMSE Test,MAE Test,MAE Test,MAPE Test,MAPE Test,R2 Test,R2 Test
,,,,,,,,mean,std,mean,std,mean,std,mean,std,mean,std,mean,std,mean,std,mean,std
Local Model,209,"(1011, 30)",,Chemical + Feature Engineering,XGBoost,Blocking Time Series Split,"{""N_Splits"": 5, ""Repeats"": 1, ""train_size"": 0.8}",1.1344177427574234,0.05942281377766338,0.9307434394789018,0.05885490028171669,0.022487701453795618,0.0015199488100610433,0.9511292700098105,0.005703378075703423,1.7629648128961979,0.4397903380518073,1.2660098787633387,0.20663573971789786,0.03057066270771524,0.0052964124243145136,0.8628614599368827,0.07100539602009476
Local Model,209,"(1011, 30)",,Chemical + Feature Engineering,XGBoost,Out of time Split,"{""Test Size"": 0.2}",1.2434773260014529,0.0,0.960616872806359,0.0,0.023054853587599025,0.0,0.9393082830482854,0.0,1.4883252196071348,0.0,1.2221452835158158,0.0,0.031161033463908732,0.0,0.9252668174363678,0.0
Local Model,209,"(1011, 30)",,Chemical + Feature Engineering,XGBoost,Repeated KFold,"{""N_Splits"": 5, ""Repeats"": 3}",1.2362121518643532,0.020682851565373757,0.9800768810430114,0.009178035024970277,0.023627671766844893,0.00021000898884084265,0.9421049530536352,0.0024510008796779065,1.384558876424439,0.13380182997774695,1.0428305810312084,0.055394603459692535,0.02518030522599017,0.0012664986446124205,0.9257297822147217,0.017462475895769103
Local Model,209,"(1011, 30)",,Chemical + Feature Engineering,XGBoost,Time Series Split,"{""N_Splits"": 5, ""Repeats"": 1, ""Gap"": 0}",1.2203049192660567,0.02062164068473379,0.9552300304789358,0.007402191491660633,0.022747352107909086,0.00032805972821641,0.940417095762504,0.0010678861771679592,1.5613268029337903,0.08236314209445107,1.1627038537888281,0.08577878292567614,0.02890264262330041,0.0024107951836668823,0.9080807512329475,0.011979002532565758
