Category,Company,Data Shape,Timesteps,Features,Model,Cross Validation,Cross Validation Params,RMSE Train,RMSE Train,MAE Train,MAE Train,MAPE Train,MAPE Train,R2 Train,R2 Train,RMSE Test,RMSE Test,MAE Test,MAE Test,MAPE Test,MAPE Test,R2 Test,R2 Test
,,,,,,,,mean,std,mean,std,mean,std,mean,std,mean,std,mean,std,mean,std,mean,std
Local Model,209,"(1011, 26)",,Chemical,XGBoost,Blocking Time Series Split,"{""N_Splits"": 5, ""Repeats"": 1, ""train_size"": 0.8}",1.1356157536464888,0.06027707818055793,0.9311562219465722,0.059518204074866805,0.02250149469919592,0.0015405739274653614,0.9510177431282161,0.005821148251729855,1.773530123798082,0.4338796932174875,1.2631927899616522,0.2059366195623923,0.03048776010863078,0.0053159452421254185,0.8617007228964265,0.07009838787924816
Local Model,209,"(1011, 26)",,Chemical,XGBoost,Out of time Split,"{""Test Size"": 0.2}",1.247434517280806,0.0,0.9652111223428548,0.0,0.02316822562846644,0.0,0.9389213827331984,0.0,1.4635593785152174,0.0,1.2011965258368114,0.0,0.03060047281116096,0.0,0.927733255718551,0.0
Local Model,209,"(1011, 26)",,Chemical,XGBoost,Repeated KFold,"{""N_Splits"": 5, ""Repeats"": 3}",1.235104082660441,0.021870170707754412,0.9791971951610771,0.010262384672246393,0.023605638729364203,0.00023913024199987128,0.9422094480533453,0.002468465363565071,1.37524486592466,0.13343374827091567,1.0391671343371758,0.05539236059727,0.025091673961707184,0.0012310893919768031,0.9267058630884881,0.017285145534354156
Local Model,209,"(1011, 26)",,Chemical,XGBoost,Time Series Split,"{""N_Splits"": 5, ""Repeats"": 1, ""Gap"": 0}",1.2203599985844034,0.02069524566666903,0.9547206686497095,0.0073753241482340534,0.022734527364595605,0.0003263396279883501,0.9404115732311779,0.0010825596229509281,1.5612920615578565,0.08762799749827575,1.1624014209565645,0.09063414296052491,0.02889744716070195,0.0025569944965711904,0.9080652903728346,0.012426511505229337
