Category,Company,Data Shape,Timesteps,Features,Model,Cross Validation,Cross Validation Params,RMSE Train,RMSE Train,MAE Train,MAE Train,MAPE Train,MAPE Train,R2 Train,R2 Train,RMSE Test,RMSE Test,MAE Test,MAE Test,MAPE Test,MAPE Test,R2 Test,R2 Test
,,,,,,,,mean,std,mean,std,mean,std,mean,std,mean,std,mean,std,mean,std,mean,std
Local Model,209,"(1011, 27)",,Chemical + CS3,XGBoost,Blocking Time Series Split,"{""N_Splits"": 5, ""Repeats"": 1, ""train_size"": 0.8}",1.0894896475754194,0.04976939195587531,0.8988026759935435,0.04649741224251654,0.021776182923917576,0.0013023866548547507,0.9550361584682534,0.003735206653853291,1.6452805843930733,0.691143674750116,1.2337829515410632,0.3850877132077701,0.02979529849261669,0.009307578722596875,0.8735654286800145,0.11140680942944699
Local Model,209,"(1011, 27)",,Chemical + CS3,XGBoost,Out of time Split,"{""Test Size"": 0.2}",1.1116631281152516,0.0,0.8958527461136911,0.0,0.021514050182142495,0.0,0.951493483730571,0.0,1.4881788942117524,0.0,1.201343604026755,0.0,0.030369665789343716,0.0,0.9252815115701298,0.0
Local Model,209,"(1011, 27)",,Chemical + CS3,XGBoost,Repeated KFold,"{""N_Splits"": 5, ""Repeats"": 3}",1.1249692187001108,0.005530944313124,0.9135845379403632,0.005458241437090817,0.02205178159620959,0.00014666888327350845,0.9520838783661627,0.000543827269972254,1.185027794119557,0.0655009730021632,0.9481458549758114,0.0523500840505554,0.022852943110379897,0.0014204339981888341,0.9464616166639601,0.004462836053213853
Local Model,209,"(1011, 27)",,Chemical + CS3,XGBoost,Time Series Split,"{""N_Splits"": 5, ""Repeats"": 1, ""Gap"": 0}",1.1145559773793878,0.0017636899961397245,0.894540570024444,0.00865408819284531,0.021345635999614098,0.0002454564279489031,0.9502694550740467,0.001447563068372279,1.5079962081651472,0.1762758708709221,1.1270636504037024,0.07298563983249041,0.027864042824214667,0.0018540242506438623,0.9129974278162047,0.023941165659869593
