Category,Company,Data Shape,Timesteps,Features,Model,Cross Validation,Cross Validation Params,RMSE Train,RMSE Train,MAE Train,MAE Train,MAPE Train,MAPE Train,R2 Train,R2 Train,RMSE Test,RMSE Test,MAE Test,MAE Test,MAPE Test,MAPE Test,R2 Test,R2 Test
,,,,,,,,mean,std,mean,std,mean,std,mean,std,mean,std,mean,std,mean,std,mean,std
Local Model,203,"(1510, 12)",,Chemical + CS1 + CS3,Decision Tree,Blocking Time Series Split,"{""N_Splits"": 5, ""Repeats"": 1, ""train_size"": 0.8}",1.3078200446297685,0.25225001502034583,1.0060882879433142,0.18290412154474925,0.020618833372690208,0.005156468873720695,0.5238861107583677,0.1978717368627174,2.936874763736162,0.3821349372864313,2.3108463099520167,0.37541406232547725,0.04799725634895613,0.007655626880511294,-0.44120533370027193,0.9280424327649123
Local Model,203,"(1510, 12)",,Chemical + CS1 + CS3,Decision Tree,Out of time Split,"{""Test Size"": 0.2}",1.9504735706512184,0.0,1.5021193665233448,0.0,0.031358890124313074,0.0,0.7322553256270524,0.0,4.366111283745433,0.0,4.047204502421474,0.0,0.07426319600507876,0.0,-3.590183720091617,0.0
Local Model,203,"(1510, 12)",,Chemical + CS1 + CS3,Decision Tree,Repeated KFold,"{""N_Splits"": 5, ""Repeats"": 3}",2.3788370427899923,0.0259792002451012,1.8805824970518448,0.037242250285874384,0.03806695977407215,0.0007249592649994841,0.656296235144581,0.008773167153929493,2.4990935312608458,0.11548754618772769,1.9689257740407577,0.1018173215296578,0.039970084712062696,0.002028023679763493,0.6174537020608415,0.034962375961720374
Local Model,203,"(1510, 12)",,Chemical + CS1 + CS3,Decision Tree,Time Series Split,"{""N_Splits"": 5, ""Repeats"": 1, ""Gap"": 0}",1.7691905013133618,0.3284604118351019,1.353745793750393,0.25853962421162513,0.02803069173910344,0.005482266798684138,0.6307056841668364,0.09635575847981208,3.461596664165449,0.48142047823342554,2.684202157035534,0.3582164447366671,0.0550603037278403,0.008878571840349816,-0.6831616572591639,1.0282334797328672
