Category,Company,Data Shape,Timesteps,Features,Model,Cross Validation,Cross Validation Params,RMSE Train,RMSE Train,MAE Train,MAE Train,MAPE Train,MAPE Train,R2 Train,R2 Train,RMSE Test,RMSE Test,MAE Test,MAE Test,MAPE Test,MAPE Test,R2 Test,R2 Test
,,,,,,,,mean,std,mean,std,mean,std,mean,std,mean,std,mean,std,mean,std,mean,std
Local Model,203,"(1510, 11)",,Chemical + CS3,Decision Tree,Blocking Time Series Split,"{""N_Splits"": 5, ""Repeats"": 1, ""train_size"": 0.8}",1.317659043159816,0.2489877683232225,1.005223627150113,0.16125584633074075,0.02056231804227686,0.0046551347966468076,0.5158739453830327,0.20039112489801078,3.013386860014687,0.4372689414708456,2.3907964544716283,0.396836293484977,0.049702529015443656,0.008694079999689106,-0.5084658745356556,0.9922386427343839
Local Model,203,"(1510, 11)",,Chemical + CS3,Decision Tree,Out of time Split,"{""Test Size"": 0.2}",2.016102768984951,0.0,1.5689872022790936,0.0,0.03283120594279452,0.0,0.7139341381946357,0.0,4.500157947341697,0.0,4.186045647141467,0.0,0.07682058504883926,0.0,-3.8763624753803967,0.0
Local Model,203,"(1510, 11)",,Chemical + CS3,Decision Tree,Repeated KFold,"{""N_Splits"": 5, ""Repeats"": 3}",2.409926569089069,0.028954159056104312,1.9364801685765571,0.039424709359893985,0.03923964658047251,0.0007713421232934776,0.6472533057058997,0.009397810955674516,2.567629225364323,0.12068300883610687,2.0572505592717483,0.09342199764212794,0.04190554500125838,0.0018483949240071008,0.5955320879526391,0.0433510518745607
Local Model,203,"(1510, 11)",,Chemical + CS3,Decision Tree,Time Series Split,"{""N_Splits"": 5, ""Repeats"": 1, ""Gap"": 0}",1.8356332796146586,0.3453233650731751,1.4195084237093212,0.278426513082321,0.0294422882678959,0.00591019185445738,0.5997643139945292,0.12288236276218058,3.568343269744703,0.7121298596119675,2.8271517474779735,0.5069559461832008,0.05789737839277005,0.013167939499683874,-0.7890940879930862,1.0703309596614232
