Category,Company,Data Shape,Timesteps,Features,Model,Cross Validation,Cross Validation Params,RMSE Train,RMSE Train,MAE Train,MAE Train,MAPE Train,MAPE Train,R2 Train,R2 Train,RMSE Test,RMSE Test,MAE Test,MAE Test,MAPE Test,MAPE Test,R2 Test,R2 Test
,,,,,,,,mean,std,mean,std,mean,std,mean,std,mean,std,mean,std,mean,std,mean,std
Local Model,203,"(1510, 10)",,Chemical,Decision Tree,Blocking Time Series Split,"{""N_Splits"": 5, ""Repeats"": 1, ""train_size"": 0.8}",1.3615154509885443,0.2878806419528246,1.052787170276566,0.19763363535353415,0.02156380859976562,0.0055814035999636104,0.4978340370876618,0.1981389710017073,3.163002774891384,0.24302667113856363,2.534817698615763,0.21988029213583654,0.05289890882659506,0.00647222535010546,-0.5495385007907443,0.8748152541907713
Local Model,203,"(1510, 10)",,Chemical,Decision Tree,Out of time Split,"{""Test Size"": 0.2}",2.148201803811129,0.0,1.647296020705285,0.0,0.03455321792168117,0.0,0.6752188201179636,0.0,4.513862940456911,0.0,4.1989125696818075,0.0,0.0770445652518913,0.0,-3.906109110647166,0.0
Local Model,203,"(1510, 10)",,Chemical,Decision Tree,Repeated KFold,"{""N_Splits"": 5, ""Repeats"": 3}",2.5207945190892915,0.03400639303428125,2.021012223759767,0.03854571076606409,0.04106463095890161,0.0007665052383028923,0.6140995527881477,0.008913408786566093,2.683347236861833,0.14552783300445327,2.1464868414792098,0.10019493996972716,0.043761664516327875,0.0021085697148705796,0.5582793815716041,0.050939046826724475
Local Model,203,"(1510, 10)",,Chemical,Decision Tree,Time Series Split,"{""N_Splits"": 5, ""Repeats"": 1, ""Gap"": 0}",1.9292101762266618,0.3705041329441062,1.4809961287534281,0.2842011200420485,0.030784115685248713,0.0061016761041451815,0.563277607262396,0.1116308829175968,4.111995503201351,1.0850243696606279,3.1399942530051126,0.7431109353885422,0.06550784113592387,0.02073273296152612,-0.9890826471425693,1.0197762490492923
