Category,Company,Data Shape,Timesteps,Features,Model,Cross Validation,Cross Validation Params,RMSE Train,RMSE Train,MAE Train,MAE Train,MAPE Train,MAPE Train,R2 Train,R2 Train,RMSE Test,RMSE Test,MAE Test,MAE Test,MAPE Test,MAPE Test,R2 Test,R2 Test
,,,,,,,,mean,std,mean,std,mean,std,mean,std,mean,std,mean,std,mean,std,mean,std
Local Model,203,"(1510, 11)",,Chemical + CS1,Linear Regression,Blocking Time Series Split,"{""N_Splits"": 5, ""Repeats"": 1, ""train_size"": 0.8}",1.5283800095684472,0.4395819842105853,1.1987191318521557,0.3392601747226517,0.02472473066992458,0.009047379845666304,0.41809488606406253,0.1892466936358564,3.0896673120103477,0.6295402796053567,2.4428317671727213,0.5394199294582191,0.05130510358287656,0.013185038176876067,-0.5034272792888244,1.0663780010554171
Local Model,203,"(1510, 11)",,Chemical + CS1,Linear Regression,Out of time Split,"{""Test Size"": 0.2}",2.3591634150847147,0.0,1.8255882240107508,0.0,0.03864324378213927,0.0,0.6082971325066899,0.0,3.8303907878071524,0.0,3.059358231155671,0.0,0.05611858241951408,0.0,-2.532861688337056,0.0
Local Model,203,"(1510, 11)",,Chemical + CS1,Linear Regression,Repeated KFold,"{""N_Splits"": 5, ""Repeats"": 3}",2.596748826947942,0.03093308055714136,2.0136003821327226,0.026397485273346972,0.04146725633540123,0.0005271905550680867,0.5904495868768793,0.010544014194657541,2.6319696622903055,0.12779841392083216,2.0395966872296873,0.10314852513917776,0.04202417733384652,0.002044309814319323,0.5747646590966461,0.049281880224821537
Local Model,203,"(1510, 11)",,Chemical + CS1,Linear Regression,Time Series Split,"{""N_Splits"": 5, ""Repeats"": 1, ""Gap"": 0}",1.9696271826892873,0.4100583305938417,1.519554559006835,0.3210160256819237,0.03183138853765894,0.0071258883919040955,0.5542990051392105,0.07866585818733397,3.1452956179155955,0.6877140135440795,2.4285600404593675,0.5116320109884274,0.05042390119572119,0.012630658977132921,-0.30594697418554784,1.022823275302932
