Category,Company,Data Shape,Timesteps,Features,Model,Cross Validation,Cross Validation Params,RMSE Train,RMSE Train,MAE Train,MAE Train,MAPE Train,MAPE Train,R2 Train,R2 Train,RMSE Test,RMSE Test,MAE Test,MAE Test,MAPE Test,MAPE Test,R2 Test,R2 Test
,,,,,,,,mean,std,mean,std,mean,std,mean,std,mean,std,mean,std,mean,std,mean,std
Local Model,203,"(1510, 13)",,Chemical + Feature Engineering,Linear Regression,Blocking Time Series Split,"{""N_Splits"": 5, ""Repeats"": 1, ""train_size"": 0.8}",1.5112493241462173,0.38670706841144914,1.1762723049084953,0.2554716026184295,0.02417861209419519,0.007193480164669187,0.4144398053739201,0.19969476549521664,3.62364438444488,1.1595078770416072,2.884994782863169,0.9121273115288532,0.06097688471935074,0.02199114965430279,-1.2320638262621983,1.8159871077876684
Local Model,203,"(1510, 13)",,Chemical + Feature Engineering,Linear Regression,Out of time Split,"{""Test Size"": 0.2}",2.2663646665741966,0.0,1.7038760916209208,0.0,0.03595860156455835,0.0,0.6385066746132633,0.0,4.075078901919245,0.0,3.714045414014432,0.0,0.068113220861823,0.0,-2.9986418832176733,0.0
Local Model,203,"(1510, 13)",,Chemical + Feature Engineering,Linear Regression,Repeated KFold,"{""N_Splits"": 5, ""Repeats"": 3}",2.509262985672026,0.03301378187773101,1.9643298256169397,0.02423167806899548,0.040250238648290505,0.0004722292945112807,0.6175149808796964,0.01241533965922797,2.5657606547345093,0.14648352834385847,1.9927029790957271,0.08936021354801224,0.0408557269422853,0.0017970044485581314,0.5946048600101091,0.06173240599186725
Local Model,203,"(1510, 13)",,Chemical + Feature Engineering,Linear Regression,Time Series Split,"{""N_Splits"": 5, ""Repeats"": 1, ""Gap"": 0}",2.0218228078667777,0.3463631744968292,1.556302064769868,0.25015209362237295,0.03250701817338213,0.005540797924492648,0.5153026097952745,0.12332429008682513,3.482373136866478,0.7175112186526205,2.7379649925384366,0.5075258847865121,0.05638953048235705,0.014351724996292996,-0.5616953844401233,0.9201895613284857
