Category,Company,Data Shape,Timesteps,Features,Model,Cross Validation,Cross Validation Params,RMSE Train,RMSE Train,MAE Train,MAE Train,MAPE Train,MAPE Train,R2 Train,R2 Train,RMSE Test,RMSE Test,MAE Test,MAE Test,MAPE Test,MAPE Test,R2 Test,R2 Test
,,,,,,,,mean,std,mean,std,mean,std,mean,std,mean,std,mean,std,mean,std,mean,std
Local Model,203,"(1510, 12)",,Chemical + CS1 + CS3,MLP,Blocking Time Series Split,"{""N_Splits"": 5, ""Repeats"": 3, ""train_size"": 0.8}",4.761253582914263,1.3075304299748405,3.7419495653123445,1.0173515461962972,0.07457445221115369,0.017531468043983253,-7.527989223096218,6.728717600902333,13.703438073478525,13.90409245800002,10.598151161735826,10.207147634403896,0.22433850145421783,0.22629634551578165,-58.75907537216256,103.54838355136825
Local Model,203,"(1510, 12)",,Chemical + CS1 + CS3,MLP,Out of time Split,"{""Test Size"": 0.2}",1.9368202510753016,0.022973701596300116,1.5023489263252445,0.022806059292816077,0.03124252399395749,0.0005175662244253482,0.7359534876323272,0.00624567325941134,4.248839547171788,0.3854643756467072,3.885983697247031,0.4951116320442393,0.07142427742919473,0.009157499456967236,-3.382692215858377,0.7635337916880998
Local Model,203,"(1510, 12)",,Chemical + CS1 + CS3,MLP,Repeated KFold,"{""N_Splits"": 5, ""Repeats"": 3}",2.122612172952321,0.04092720986792128,1.6620433962824066,0.03062443454720836,0.033592228892876025,0.0007357176633276556,0.7262641881383253,0.011719840314328508,2.1814167428630813,0.14214204532633185,1.6987768230311917,0.09377222188891816,0.034414009613527786,0.0019254818539043428,0.7073587300518904,0.042933936316971164
Local Model,203,"(1510, 12)",,Chemical + CS1 + CS3,MLP,Time Series Split,"{""N_Splits"": 5, ""Repeats"": 3, ""Gap"": 0}",2.1740712546706455,0.6726324553545932,1.6929846704910687,0.5320259479415044,0.034959491070605815,0.011121264156681097,0.027091489639534692,1.2919157965114694,4.407195269867916,1.7572666690850707,3.4208559315391427,1.2983660280634275,0.07065748047176652,0.027517025825105,-2.4764671218337475,3.8120662265779175
