Category,Company,Data Shape,Timesteps,Features,Model,Cross Validation,Cross Validation Params,RMSE Train,RMSE Train,MAE Train,MAE Train,MAPE Train,MAPE Train,R2 Train,R2 Train,RMSE Test,RMSE Test,MAE Test,MAE Test,MAPE Test,MAPE Test,R2 Test,R2 Test
,,,,,,,,mean,std,mean,std,mean,std,mean,std,mean,std,mean,std,mean,std,mean,std
Local Model,203,"(1510, 11)",,Chemical + CS7,MLP,Blocking Time Series Split,"{""N_Splits"": 5, ""Repeats"": 3, ""train_size"": 0.8}",4.6217031973925655,1.2379481303301723,3.5783320402406553,0.9027600783004861,0.07129455736937754,0.014953982548979438,-7.1558697355882055,6.727951396668942,11.273509759343229,10.618262626179366,8.818386689316378,8.07791829311951,0.18660199388225557,0.17870939242979456,-36.94211659083269,63.44146376734654
Local Model,203,"(1510, 11)",,Chemical + CS7,MLP,Out of time Split,"{""Test Size"": 0.2}",1.7944668322702426,0.05126983117602034,1.3813729194405326,0.037555181110494266,0.02881059284650146,0.0008568186246964283,0.7731880434606136,0.012965419249696457,3.9028305194257378,0.22978919820930516,3.665813598632812,0.23997305836773924,0.06749194670092303,0.0044367129419355415,-2.680465573730629,0.42438163327143474
Local Model,203,"(1510, 11)",,Chemical + CS7,MLP,Repeated KFold,"{""N_Splits"": 5, ""Repeats"": 3}",1.9358473334871156,0.02599821581987434,1.526056599143325,0.02011624892049298,0.03080422363445632,0.0003740020921922455,0.7723440967164122,0.007733128976861771,1.993058402036708,0.10197272275673051,1.5651151310329143,0.08038171585239388,0.03166900993662768,0.0015328915326549893,0.7560139868215283,0.029736149457471734
Local Model,203,"(1510, 11)",,Chemical + CS7,MLP,Time Series Split,"{""N_Splits"": 5, ""Repeats"": 3, ""Gap"": 0}",2.0737712923452856,0.677374458145127,1.595994802337645,0.5225620091750156,0.03289202708051478,0.010918986302440958,0.09065520543997145,1.231392970961595,4.536361891046026,2.3736463089188264,3.520085526282727,1.7685475799031125,0.07332032573899981,0.03933293591729924,-2.626220627605506,4.015707941247878
