Category,Company,Data Shape,Timesteps,Features,Model,Cross Validation,Cross Validation Params,RMSE Train,RMSE Train,MAE Train,MAE Train,MAPE Train,MAPE Train,R2 Train,R2 Train,RMSE Test,RMSE Test,MAE Test,MAE Test,MAPE Test,MAPE Test,R2 Test,R2 Test
,,,,,,,,mean,std,mean,std,mean,std,mean,std,mean,std,mean,std,mean,std,mean,std
Local Model,203,"(1510, 11)",,Chemical + CS3,MLP,Blocking Time Series Split,"{""N_Splits"": 5, ""Repeats"": 3, ""train_size"": 0.8}",4.716032959907554,1.3167589080551108,3.654007395194279,0.9791822441631313,0.07288928788741486,0.017126197637494255,-7.330949590900146,6.533927807982386,13.026673531738634,13.284493297809872,10.067164369093263,9.847258286217865,0.2138225579360233,0.2178845530801741,-53.470515089625835,94.12436050870714
Local Model,203,"(1510, 11)",,Chemical + CS3,MLP,Out of time Split,"{""Test Size"": 0.2}",1.976655745337147,0.07615317864995395,1.5417985427300662,0.05543446444910112,0.032166855691415565,0.0012159006671950295,0.7246107942211434,0.02146698743567064,4.429197439522837,0.28500408136104904,4.100557760781799,0.30833672119994254,0.07536638968075356,0.005688978977103284,-3.743348433432551,0.6093055847890524
Local Model,203,"(1510, 11)",,Chemical + CS3,MLP,Repeated KFold,"{""N_Splits"": 5, ""Repeats"": 3}",2.151803539532849,0.0214331331755514,1.6908056675740426,0.017780789184917396,0.03418873016188595,0.00035658516503122206,0.7187276224288189,0.008507516626330371,2.221963922853033,0.1197719256763296,1.736763539227955,0.07941103150410574,0.0352143261772172,0.0015448247867580842,0.6965631580741246,0.040317421015814855
Local Model,203,"(1510, 11)",,Chemical + CS3,MLP,Time Series Split,"{""N_Splits"": 5, ""Repeats"": 3, ""Gap"": 0}",2.1770517850756392,0.5663616578202744,1.6991390128243515,0.44839251590068957,0.035076221518242384,0.009398337522686805,0.08869024348380314,1.1099714439652661,4.704519771365794,2.0162397039322637,3.658161594345275,1.4677752125854315,0.07608311189756396,0.032881070296280034,-2.685740990892158,3.763665868728169
