Category,Company,Data Shape,Timesteps,Features,Model,Cross Validation,Cross Validation Params,RMSE Train,RMSE Train,MAE Train,MAE Train,MAPE Train,MAPE Train,R2 Train,R2 Train,RMSE Test,RMSE Test,MAE Test,MAE Test,MAPE Test,MAPE Test,R2 Test,R2 Test
,,,,,,,,mean,std,mean,std,mean,std,mean,std,mean,std,mean,std,mean,std,mean,std
Local Model,203,"(1510, 10)",,Chemical,MLP,Blocking Time Series Split,"{""N_Splits"": 5, ""Repeats"": 3, ""train_size"": 0.8}",4.59416382459651,1.13922943135043,3.552277257515682,0.8462347716675369,0.07081835324289026,0.014730108355363961,-6.690047474375794,5.580892473262452,12.106541192260838,11.691246781968559,9.484143387257726,8.690981167440562,0.20139105384341127,0.1925581242572308,-43.134245685227135,76.07988372517038
Local Model,203,"(1510, 10)",,Chemical,MLP,Out of time Split,"{""Test Size"": 0.2}",2.2241666389973367,0.05155291114088327,1.7066087478991374,0.04053874233652611,0.035752403872519135,0.0008302961807696704,0.6516557825585634,0.01619937916163133,4.56460155345557,0.3954717820554771,4.223453539412542,0.4187263979781055,0.07757409300390877,0.007751714319911562,-4.054683643182529,0.8785609761877107
Local Model,203,"(1510, 10)",,Chemical,MLP,Repeated KFold,"{""N_Splits"": 5, ""Repeats"": 3}",2.3950943251749397,0.033093178861700816,1.8719711426151773,0.03160401163554551,0.03804221322690341,0.0006301662017405144,0.6515063864228211,0.012288146241401251,2.468958480290963,0.16065980513576403,1.901886346391758,0.11222450436356417,0.038731290177936674,0.0021566407438499496,0.6245360684259977,0.06015508574498642
Local Model,203,"(1510, 10)",,Chemical,MLP,Time Series Split,"{""N_Splits"": 5, ""Repeats"": 3, ""Gap"": 0}",2.461146419086296,0.6726139763035902,1.8908557987860029,0.4945095440364138,0.039129776178697125,0.0103122569179342,-0.15933726483346272,1.457911479763798,5.327632064004135,2.1914957524012655,4.171147693568175,1.6160851577796516,0.08706599359807041,0.03876593356785953,-3.136293791607591,3.508904295145085
