Category,Company,Data Shape,Timesteps,Features,Model,Cross Validation,Cross Validation Params,RMSE Train,RMSE Train,MAE Train,MAE Train,MAPE Train,MAPE Train,R2 Train,R2 Train,RMSE Test,RMSE Test,MAE Test,MAE Test,MAPE Test,MAPE Test,R2 Test,R2 Test
,,,,,,,,mean,std,mean,std,mean,std,mean,std,mean,std,mean,std,mean,std,mean,std
Local Model,203,"(1510, 18)",,Chemical + Physical,MLP,Blocking Time Series Split,"{""N_Splits"": 5, ""Repeats"": 3, ""train_size"": 0.8}",5.311805713039459,0.9047066846592067,4.07055119370161,0.636849749788876,0.08180693934313985,0.010539985803108257,-9.503154215533288,7.688643229157704,12.163927943528119,8.390602008679377,9.402250554652813,6.138305400137012,0.19836226683456842,0.13653372928933702,-34.3104907269918,48.15461597653086
Local Model,203,"(1510, 18)",,Chemical + Physical,MLP,Out of time Split,"{""Test Size"": 0.2}",1.6795253404730535,0.012070255158553228,1.301240667128405,0.01507647190835091,0.026860556443475153,0.0002812288479897456,0.8014653780705681,0.0028465603749004776,3.535957563817164,0.22901664032975907,3.2665005882212657,0.27022753944897787,0.06013389258297141,0.005016073029819346,-2.0232395458646333,0.3977990044333543
Local Model,203,"(1510, 18)",,Chemical + Physical,MLP,Repeated KFold,"{""N_Splits"": 5, ""Repeats"": 3}",1.856568701765849,0.03213322876640666,1.4591018038280226,0.025225642794608275,0.029391480212748077,0.00047911993784454304,0.790575671339927,0.008692627170206961,1.9460145248664706,0.12303600195881793,1.52312326794218,0.09577431851939719,0.030844573114530514,0.0019136071670792067,0.7670999226955952,0.03323223206835297
Local Model,203,"(1510, 18)",,Chemical + Physical,MLP,Time Series Split,"{""N_Splits"": 5, ""Repeats"": 3, ""Gap"": 0}",2.1056827060716516,0.7981466349175642,1.6458474750954353,0.6523247684250676,0.03393741793145544,0.013633902887398956,-0.02943318015230104,1.4485014886323904,4.549009804517511,2.2563417026047605,3.428923219576933,1.5680576244620883,0.0718327649358675,0.03546642454896573,-2.542541776665996,3.833637248334977
