Category,Company,Data Shape,Timesteps,Features,Model,Cross Validation,Cross Validation Params,RMSE Train,RMSE Train,MAE Train,MAE Train,MAPE Train,MAPE Train,R2 Train,R2 Train,RMSE Test,RMSE Test,MAE Test,MAE Test,MAPE Test,MAPE Test,R2 Test,R2 Test
,,,,,,,,mean,std,mean,std,mean,std,mean,std,mean,std,mean,std,mean,std,mean,std
Local Model,203,"(1510, 13)",,Chemical + CS1 + CS3 + CS7,MLP,Blocking Time Series Split,"{""N_Splits"": 5, ""Repeats"": 3, ""train_size"": 0.8}",4.7447304397555445,1.158649747814458,3.7265557673495175,0.8835969491421585,0.07433322974110249,0.01505410958505038,-7.328801951072094,6.312590522016742,12.902123992080245,12.464631429782788,10.019270985504315,9.212641943501902,0.2119210996502417,0.20431932723229948,-49.76168523913671,85.63991547890228
Local Model,203,"(1510, 13)",,Chemical + CS1 + CS3 + CS7,MLP,Out of time Split,"{""Test Size"": 0.2}",1.757383731800403,0.05468143725306669,1.3601022181395137,0.0408887764145061,0.028267740877541764,0.0009713629856511486,0.7824324267634704,0.013565517483418077,3.7186919618163152,0.33357248683154783,3.441273534071629,0.38744951073594913,0.06334365746329877,0.007162599048599969,-2.356613887320069,0.5975356498130361
Local Model,203,"(1510, 13)",,Chemical + CS1 + CS3 + CS7,MLP,Repeated KFold,"{""N_Splits"": 5, ""Repeats"": 3}",1.9117331917865903,0.02631182549777644,1.505216414529493,0.01924811417113022,0.030384206893321337,0.00042102528152418076,0.7779778040288883,0.007666942664331998,1.9751676447372326,0.10055022071246623,1.5488630212442764,0.0771706050224958,0.03134470745400645,0.0014810690379302445,0.7601288596068255,0.031261028364853366
Local Model,203,"(1510, 13)",,Chemical + CS1 + CS3 + CS7,MLP,Time Series Split,"{""N_Splits"": 5, ""Repeats"": 3, ""Gap"": 0}",2.0004869751556256,0.6292203264583152,1.5499700305068245,0.5086832395767482,0.03197788789848533,0.010634672724308163,0.1635194972257931,1.1027332364726177,4.052446959444366,1.7051205965879683,3.1519696070657153,1.2875650049751133,0.06522341110056874,0.027788069129665034,-1.9099611622860437,3.1092313233282876
