Category,Company,Data Shape,Timesteps,Features,Model,Cross Validation,Cross Validation Params,RMSE Train,RMSE Train,MAE Train,MAE Train,MAPE Train,MAPE Train,R2 Train,R2 Train,RMSE Test,RMSE Test,MAE Test,MAE Test,MAPE Test,MAPE Test,R2 Test,R2 Test
,,,,,,,,mean,std,mean,std,mean,std,mean,std,mean,std,mean,std,mean,std,mean,std
Local Model,203,"(1510, 12)",,Chemical + CS1 + CS3,Random Forest,Blocking Time Series Split,"{""N_Splits"": 5, ""Repeats"": 1, ""train_size"": 0.8}",1.2345461201635384,0.23689532539918096,0.9467693673606759,0.15633678824115685,0.019359493470064083,0.0044970763602615515,0.5775968813763926,0.17312387001169963,3.0505598784646923,0.7946975876918778,2.3840280965343807,0.6796296446219713,0.05026959727094397,0.015534428580759322,-0.6326181944556547,1.1466755737666774
Local Model,203,"(1510, 12)",,Chemical + CS1 + CS3,Random Forest,Out of time Split,"{""Test Size"": 0.2}",1.9335533633652677,0.0,1.4970649886734448,0.0,0.03128147174284223,0.0,0.7368805053546915,0.0,4.360077592339917,0.0,4.044167298380108,0.0,0.0742173444700158,0.0,-3.5775057953349636,0.0
Local Model,203,"(1510, 12)",,Chemical + CS1 + CS3,Random Forest,Repeated KFold,"{""N_Splits"": 5, ""Repeats"": 3}",2.3093181292767695,0.02948645106411838,1.8287181557943373,0.02805533663044811,0.03696101753196402,0.0005663963922387676,0.6760676194127346,0.009670035612248547,2.4223847885083205,0.12329333378483043,1.9219060902427094,0.1038132309757815,0.039013810744135985,0.0020368001613610704,0.6403007701903793,0.03819776482915216
Local Model,203,"(1510, 12)",,Chemical + CS1 + CS3,Random Forest,Time Series Split,"{""N_Splits"": 5, ""Repeats"": 1, ""Gap"": 0}",1.7189322055380352,0.34075293275915475,1.3237735888124207,0.2736869704004486,0.027435153486595275,0.00583444678088642,0.654741941884613,0.08544986265655338,3.219934641590908,0.18755960718671708,2.5713780489299376,0.33259941615270155,0.052125099036092234,0.0049970496156868695,-0.5505521332574789,1.089537659439004
