Category,Company,Data Shape,Timesteps,Features,Model,Cross Validation,Cross Validation Params,RMSE Train,RMSE Train,MAE Train,MAE Train,MAPE Train,MAPE Train,R2 Train,R2 Train,RMSE Test,RMSE Test,MAE Test,MAE Test,MAPE Test,MAPE Test,R2 Test,R2 Test
,,,,,,,,mean,std,mean,std,mean,std,mean,std,mean,std,mean,std,mean,std,mean,std
Local Model,203,"(1510, 15)",,Chemical + Properties CS Less,Random Forest,Blocking Time Series Split,"{""N_Splits"": 5, ""Repeats"": 1, ""train_size"": 0.8}",1.3117790513910468,0.2681270133426694,1.0119392270403376,0.17875202806944457,0.020709580874768086,0.005176357342235542,0.5331969923131039,0.18071917657604405,3.300931175738903,0.5881946700090819,2.637402066761779,0.4753380705125112,0.05525197917932401,0.012450110568898916,-0.6238110829100907,1.0004068908984338
Local Model,203,"(1510, 15)",,Chemical + Properties CS Less,Random Forest,Out of time Split,"{""Test Size"": 0.2}",2.018023621094361,0.0,1.545810707723776,0.0,0.032423673123107254,0.0,0.7133887771274057,0.0,4.279612406246905,0.0,3.961338602340444,0.0,0.07265286023561722,0.0,-3.4101091900547633,0.0
Local Model,203,"(1510, 15)",,Chemical + Properties CS Less,Random Forest,Repeated KFold,"{""N_Splits"": 5, ""Repeats"": 3}",2.3986686531338544,0.0386045216001845,1.9243868128512498,0.03320652917612655,0.039057475446608404,0.0006689297890598714,0.6505370619847428,0.010840975464356204,2.554049847200251,0.12363321683997944,2.039277346941886,0.1125683282320869,0.041597998225928766,0.0023113175838878563,0.6001656493633211,0.040834953342150586
Local Model,203,"(1510, 15)",,Chemical + Properties CS Less,Random Forest,Time Series Split,"{""N_Splits"": 5, ""Repeats"": 1, ""Gap"": 0}",1.826358859390632,0.3296081153331906,1.4096011179385097,0.2549489856505234,0.02927961612636616,0.005461972531310448,0.6046535396970923,0.10787513938375502,3.7390317776930844,0.6553189235525776,2.9050752477779427,0.4513048296432062,0.060200546741672786,0.013890179493343775,-0.7239950672837674,0.9195976634082348
