Category,Company,Data Shape,Timesteps,Features,Model,Cross Validation,Cross Validation Params,RMSE Train,RMSE Train,MAE Train,MAE Train,MAPE Train,MAPE Train,R2 Train,R2 Train,RMSE Test,RMSE Test,MAE Test,MAE Test,MAPE Test,MAPE Test,R2 Test,R2 Test
,,,,,,,,mean,std,mean,std,mean,std,mean,std,mean,std,mean,std,mean,std,mean,std
Local Model,203,"(1510, 11)",,Chemical + CS3,Random Forest,Blocking Time Series Split,"{""N_Splits"": 5, ""Repeats"": 1, ""train_size"": 0.8}",1.2559099076438103,0.2386871372165374,0.9658764916741621,0.15641250030465687,0.019767639190495685,0.004613659992158087,0.5638509089729409,0.17706898038646038,3.0432129469415794,0.7901336779584198,2.3795477117370147,0.6772676614683295,0.05017175486502874,0.015602132987654081,-0.6107340833930308,1.1345089754978481
Local Model,203,"(1510, 11)",,Chemical + CS3,Random Forest,Out of time Split,"{""Test Size"": 0.2}",1.9648907078038131,0.0,1.5354587456400477,0.0,0.032085472608452036,0.0,0.7282825695047089,0.0,4.479703654463976,0.0,4.166036028038551,0.0,0.07645941386428187,0.0,-3.832134752458609,0.0
Local Model,203,"(1510, 11)",,Chemical + CS3,Random Forest,Repeated KFold,"{""N_Splits"": 5, ""Repeats"": 3}",2.33807486227196,0.032698483211006685,1.8820282087169462,0.0306158846962251,0.038103345519027366,0.0006235918492895512,0.6679617596417898,0.009872313961336584,2.444439965308463,0.11488623054287696,1.972091037966425,0.09323318300287502,0.04007538227283848,0.00186609288885671,0.6333004393172008,0.04098466217397632
Local Model,203,"(1510, 11)",,Chemical + CS3,Random Forest,Time Series Split,"{""N_Splits"": 5, ""Repeats"": 1, ""Gap"": 0}",1.761586655681724,0.3448894490721989,1.369289821150362,0.27950703052586157,0.02841612286913616,0.0059502691938091,0.6344029728913143,0.10634806906997711,3.3496468743808094,0.1591719372352109,2.649100409476829,0.3174237938645084,0.05400737795426665,0.005837384035754277,-0.6164687901098388,1.092289424769088
