Category,Company,Data Shape,Timesteps,Features,Model,Cross Validation,Cross Validation Params,RMSE Train,RMSE Train,MAE Train,MAE Train,MAPE Train,MAPE Train,R2 Train,R2 Train,RMSE Test,RMSE Test,MAE Test,MAE Test,MAPE Test,MAPE Test,R2 Test,R2 Test
,,,,,,,,mean,std,mean,std,mean,std,mean,std,mean,std,mean,std,mean,std,mean,std
Local Model,203,"(1510, 12)",,Chemical + CS3 + CS7,Random Forest,Blocking Time Series Split,"{""N_Splits"": 5, ""Repeats"": 1, ""train_size"": 0.8}",1.1456943529736783,0.20495223342169822,0.8842148027891351,0.13866029876265917,0.01802849778141436,0.0038957128952333757,0.6239244468056986,0.1703146645441589,2.730695932301078,0.562081952589173,2.1179288357352215,0.4194785131007634,0.04444714332387999,0.008900259779564417,-0.3185824605481543,0.9419022740845523
Local Model,203,"(1510, 12)",,Chemical + CS3 + CS7,Random Forest,Out of time Split,"{""Test Size"": 0.2}",1.7490174576963964,0.0,1.358486270789999,0.0,0.028381170893643448,0.0,0.7847074557472549,0.0,3.832907723135152,0.0,3.532704679789297,0.0,0.064836573530561,0.0,-2.5375060738996544,0.0
Local Model,203,"(1510, 12)",,Chemical + CS3 + CS7,Random Forest,Repeated KFold,"{""N_Splits"": 5, ""Repeats"": 3}",2.120812068491629,0.03065620442596189,1.7217620534131595,0.023128073773292526,0.034818133552227216,0.0004539439909386515,0.7267771915114867,0.009060070126504147,2.2402187576498305,0.09549409324626298,1.8146810557811646,0.07306202563396644,0.03683609288015654,0.0015046029282621647,0.6918893799673055,0.034193967789584175
Local Model,203,"(1510, 12)",,Chemical + CS3 + CS7,Random Forest,Time Series Split,"{""N_Splits"": 5, ""Repeats"": 1, ""Gap"": 0}",1.594804494138245,0.3335803642678176,1.2383744210394947,0.27038102043080603,0.025669441866924124,0.005701059250597084,0.703090659080354,0.08440874961017623,3.12456012963116,0.43940335054822477,2.414973904464663,0.2963554976845863,0.04982114984496746,0.00801887465278038,-0.30172233080429745,0.7710283473395665
