Category,Company,Data Shape,Timesteps,Features,Model,Cross Validation,Cross Validation Params,RMSE Train,RMSE Train,MAE Train,MAE Train,MAPE Train,MAPE Train,R2 Train,R2 Train,RMSE Test,RMSE Test,MAE Test,MAE Test,MAPE Test,MAPE Test,R2 Test,R2 Test
,,,,,,,,mean,std,mean,std,mean,std,mean,std,mean,std,mean,std,mean,std,mean,std
Local Model,203,"(1510, 18)",,Chemical + Physical,Random Forest,Blocking Time Series Split,"{""N_Splits"": 5, ""Repeats"": 1, ""train_size"": 0.8}",1.1439546916287262,0.20304151909717436,0.8780142412723178,0.14196807567393796,0.017911081938137903,0.003970996287979639,0.6271784592964558,0.16380736668257131,2.7110856737963482,0.5410722229381478,2.0811250007669875,0.3922042140011922,0.0436352307922557,0.007883324829049345,-0.31141775141300576,0.9701471414877637
Local Model,203,"(1510, 18)",,Chemical + Physical,Random Forest,Out of time Split,"{""Test Size"": 0.2}",1.7486062577677894,0.0,1.3538020560116522,0.0,0.028249523272481626,0.0,0.7848086758600532,0.0,3.797344358168822,0.0,3.484480083370507,0.0,0.0639206884427283,0.0,-2.472165612129338,0.0
Local Model,203,"(1510, 18)",,Chemical + Physical,Random Forest,Repeated KFold,"{""N_Splits"": 5, ""Repeats"": 3}",2.0680650534878926,0.029460555637610856,1.6504237457768118,0.019253797640216504,0.03338229304565665,0.00036652962217915,0.7401265222755008,0.010553140839541224,2.193417628053984,0.10758413785696057,1.7470885196981092,0.07852494508428876,0.035510906022075746,0.0015980372190417288,0.7046746437313146,0.033870071596597766
Local Model,203,"(1510, 18)",,Chemical + Physical,Random Forest,Time Series Split,"{""N_Splits"": 5, ""Repeats"": 1, ""Gap"": 0}",1.5850916483824498,0.3211048222039302,1.224660885103928,0.2585808499065511,0.025371467581783026,0.0054553046850740056,0.703898788823218,0.091782517680863,2.9760324117777195,0.16372080187249866,2.324663587036529,0.2128298897056654,0.04759608778981182,0.004671507487598193,-0.22911816820526337,0.7576101257938905
