Category,Company,Data Shape,Timesteps,Features,Model,Cross Validation,Cross Validation Params,RMSE Train,RMSE Train,MAE Train,MAE Train,MAPE Train,MAPE Train,R2 Train,R2 Train,RMSE Test,RMSE Test,MAE Test,MAE Test,MAPE Test,MAPE Test,R2 Test,R2 Test
,,,,,,,,mean,std,mean,std,mean,std,mean,std,mean,std,mean,std,mean,std,mean,std
Local Model,203,"(1510, 12)",,Chemical + CS3 + CS7,XGBoost,Blocking Time Series Split,"{""N_Splits"": 5, ""Repeats"": 1, ""train_size"": 0.8}",1.1370089176816984,0.25700788704241795,0.8742577258857949,0.17444807750740385,0.017968250674430856,0.004893993108179324,0.6465983458860955,0.15599098393445313,2.7842297046835234,0.44709835200268455,2.232497991843302,0.3465005205990213,0.0469462793912114,0.008717777643976469,-0.2562535076837972,0.8918750301668845
Local Model,203,"(1510, 12)",,Chemical + CS3 + CS7,XGBoost,Out of time Split,"{""Test Size"": 0.2}",1.7901784853795524,0.0,1.3664871668026148,0.0,0.02891553007734742,0.0,0.7744549146635589,0.0,4.055176765921971,0.0,3.7707729329494444,0.0,0.06922099846432646,0.0,-2.9596796035757187,0.0
Local Model,203,"(1510, 12)",,Chemical + CS3 + CS7,XGBoost,Repeated KFold,"{""N_Splits"": 5, ""Repeats"": 3}",2.076327658053165,0.02263465336090202,1.6520733169993556,0.023518319619863184,0.03377769669499121,0.00047254266918036325,0.7381817021962634,0.005498626805544726,2.2123590941320086,0.10801569183978466,1.7497381640301635,0.08914924220064402,0.035894872551363734,0.0018339339692200465,0.7001471620213292,0.028430054772482255
Local Model,203,"(1510, 12)",,Chemical + CS3 + CS7,XGBoost,Time Series Split,"{""N_Splits"": 5, ""Repeats"": 1, ""Gap"": 0}",1.5400953825234596,0.3508596479801522,1.1775079544709863,0.2630545995737696,0.024623001905725035,0.005733027855767186,0.7297789494564875,0.0583971200096076,3.458446591345921,0.6108707450132687,2.6506050818697866,0.4088839030840259,0.05503514025505363,0.011002862860456226,-0.5501807160288381,0.9126621983949627
