Category,Company,Data Shape,Timesteps,Features,Model,Cross Validation,Cross Validation Params,RMSE Train,RMSE Train,MAE Train,MAE Train,MAPE Train,MAPE Train,R2 Train,R2 Train,RMSE Test,RMSE Test,MAE Test,MAE Test,MAPE Test,MAPE Test,R2 Test,R2 Test
,,,,,,,,mean,std,mean,std,mean,std,mean,std,mean,std,mean,std,mean,std,mean,std
Local Model,203,"(1510, 11)",,Chemical + CS7,XGBoost,Blocking Time Series Split,"{""N_Splits"": 5, ""Repeats"": 1, ""train_size"": 0.8}",1.142592133188241,0.25947995639216087,0.8834975622659897,0.18052938787868186,0.018127196104732828,0.005001441788338279,0.6443153716310268,0.15519101009064792,2.851353196189213,0.5047626748193941,2.2991462807577165,0.41105245903200044,0.04826460210688217,0.010346067674123664,-0.29137351559417946,0.8997857529380083
Local Model,203,"(1510, 11)",,Chemical + CS7,XGBoost,Out of time Split,"{""Test Size"": 0.2}",1.7789270076976538,0.0,1.3482957390286276,0.0,0.02853725199205589,0.0,0.7772811586361071,0.0,4.0498760347337095,0.0,3.7598467739686265,0.0,0.06901577028058689,0.0,-2.949334565443659,0.0
Local Model,203,"(1510, 11)",,Chemical + CS7,XGBoost,Repeated KFold,"{""N_Splits"": 5, ""Repeats"": 3}",2.08389857016051,0.018727538866449855,1.65383390411478,0.020290591216671712,0.03383371185768034,0.0004027717966102756,0.7362410167230298,0.0063220457414224,2.2235773292768863,0.10743286265430214,1.7522557140965072,0.09352140106581912,0.035955770287507655,0.0019125396199793664,0.697445811591447,0.02431718078410857
Local Model,203,"(1510, 11)",,Chemical + CS7,XGBoost,Time Series Split,"{""N_Splits"": 5, ""Repeats"": 1, ""Gap"": 0}",1.5481792188325987,0.35369189465684253,1.180352159433041,0.2663164381462458,0.024697899459002286,0.0058206273354400985,0.7272697125409383,0.05732273984297932,3.500835038545927,0.5941373054411729,2.6796289503849833,0.4284492247838965,0.05580884206058153,0.011267028324233973,-0.5557777401110299,0.9543421225432795
