Category,Company,Data Shape,Timesteps,Features,Model,Cross Validation,Cross Validation Params,RMSE Train,RMSE Train,MAE Train,MAE Train,MAPE Train,MAPE Train,R2 Train,R2 Train,RMSE Test,RMSE Test,MAE Test,MAE Test,MAPE Test,MAPE Test,R2 Test,R2 Test
,,,,,,,,mean,std,mean,std,mean,std,mean,std,mean,std,mean,std,mean,std,mean,std
Local Model,203,"(1510, 12)",,Chemical + CS1 + CS3,XGBoost,Blocking Time Series Split,"{""N_Splits"": 5, ""Repeats"": 1, ""train_size"": 0.8}",1.2112364993326659,0.2945829552601453,0.9525161505101627,0.22018516927532106,0.019665233149494095,0.006239138612222198,0.6170599630960404,0.13974599378904812,2.982631425126752,0.5045473513186215,2.379187509005187,0.376723928220703,0.05008505890292584,0.009717736744835009,-0.4404615025369683,0.9613314541959768
Local Model,203,"(1510, 12)",,Chemical + CS1 + CS3,XGBoost,Out of time Split,"{""Test Size"": 0.2}",1.8856661418918428,0.0,1.4388953783654221,0.0,0.030388623814948574,0.0,0.7497521772255797,0.0,4.445558638548932,0.0,4.165259355456623,0.0,0.0764866469998539,0.0,-3.758752882581298,0.0
Local Model,203,"(1510, 12)",,Chemical + CS1 + CS3,XGBoost,Repeated KFold,"{""N_Splits"": 5, ""Repeats"": 3}",2.2504374189870098,0.027284539037398418,1.7767257317801974,0.025524857044838565,0.03632089160156856,0.0005212315778876141,0.6924374594295502,0.006555903300036957,2.391571198029244,0.12077548981224477,1.8821758623607374,0.09635537839848102,0.03861531843186334,0.0020820567198783506,0.6505581601440783,0.021678334960571557
Local Model,203,"(1510, 12)",,Chemical + CS1 + CS3,XGBoost,Time Series Split,"{""N_Splits"": 5, ""Repeats"": 1, ""Gap"": 0}",1.6595395919045153,0.3489922740804979,1.2718383256623194,0.2610186157167402,0.026545909204151195,0.005711439751608635,0.6824312254297153,0.06917450127093294,3.463086801212009,0.29133390570003126,2.731447121426404,0.40182542184288816,0.05591876496644464,0.007665306841018575,-0.7016168332024431,1.1840080094067853
