Category,Company,Data Shape,Timesteps,Features,Model,Cross Validation,Cross Validation Params,RMSE Train,RMSE Train,MAE Train,MAE Train,MAPE Train,MAPE Train,R2 Train,R2 Train,RMSE Test,RMSE Test,MAE Test,MAE Test,MAPE Test,MAPE Test,R2 Test,R2 Test
,,,,,,,,mean,std,mean,std,mean,std,mean,std,mean,std,mean,std,mean,std,mean,std
Local Model,203,"(1510, 15)",,Chemical + Properties CS Less,XGBoost,Blocking Time Series Split,"{""N_Splits"": 5, ""Repeats"": 1, ""train_size"": 0.8}",1.262581032633042,0.31088152425052984,0.9955550991707323,0.23152029882162783,0.02055372286809189,0.006541524849317739,0.5856413897285669,0.14900255578007476,3.117455199438969,0.4085893044696757,2.5366025820872826,0.35717170285835154,0.05372488430943606,0.010282112659905503,-0.4715027967327223,0.9621634650758037
Local Model,203,"(1510, 15)",,Chemical + Properties CS Less,XGBoost,Out of time Split,"{""Test Size"": 0.2}",2.0315663461424402,0.0,1.5503965962643655,0.0,0.03281038886112947,0.0,0.7095290392265421,0.0,4.511634139610711,0.0,4.2095531554569465,0.0,0.07726299808305231,0.0,-3.9012653479235473,0.0
Local Model,203,"(1510, 15)",,Chemical + Properties CS Less,XGBoost,Repeated KFold,"{""N_Splits"": 5, ""Repeats"": 3}",2.328939371723456,0.030451035235582596,1.8461718976102917,0.02862801505118381,0.037808837679473385,0.0005720424941534182,0.6706170104587789,0.006921524514399619,2.482556317165589,0.12552848134854477,1.950802119274013,0.10850387360079747,0.040091161279015845,0.0022913667548649596,0.622739845032111,0.03264701270641794
Local Model,203,"(1510, 15)",,Chemical + Properties CS Less,XGBoost,Time Series Split,"{""N_Splits"": 5, ""Repeats"": 1, ""Gap"": 0}",1.7926102252567282,0.36632477433698835,1.3770419966422935,0.27796048945753815,0.028797518881283346,0.006101626152166095,0.6284466595407349,0.07844449142816096,3.83173074581821,0.79192108435849,2.975823438545622,0.5228301709979037,0.06192170498197798,0.015474707785094528,-0.7755135144220482,0.9738259619373876
