Category,Company,Data Shape,Timesteps,Features,Model,Cross Validation,Cross Validation Params,RMSE Train,RMSE Train,MAE Train,MAE Train,MAPE Train,MAPE Train,R2 Train,R2 Train,RMSE Test,RMSE Test,MAE Test,MAE Test,MAPE Test,MAPE Test,R2 Test,R2 Test
,,,,,,,,mean,std,mean,std,mean,std,mean,std,mean,std,mean,std,mean,std,mean,std
Local Model,203,"(1510, 13)",,Chemical + Feature Engineering,XGBoost,Blocking Time Series Split,"{""N_Splits"": 5, ""Repeats"": 1, ""train_size"": 0.8}",1.2886010746724657,0.33315031083429203,1.0137193735209737,0.25096954649781467,0.020945766035755348,0.007000837985285732,0.57404207383143,0.14834085495544266,3.154390441637983,0.4099374297023693,2.5670938825763643,0.3340447118376066,0.054360450768183875,0.010166991140952283,-0.49918046020079,0.9077631790492015
Local Model,203,"(1510, 13)",,Chemical + Feature Engineering,XGBoost,Out of time Split,"{""Test Size"": 0.2}",2.0666893818335947,0.0,1.5925984195683964,0.0,0.03369496995101173,0.0,0.6993985177651483,0.0,4.577760816825618,0.0,4.268797159763361,0.0,0.07832648628612654,0.0,-4.045993208458575,0.0
Local Model,203,"(1510, 13)",,Chemical + Feature Engineering,XGBoost,Repeated KFold,"{""N_Splits"": 5, ""Repeats"": 3}",2.383620715233326,0.025115365330226857,1.8797349392720406,0.01968063142052581,0.03854807016139022,0.0003966744641269833,0.6549506570391249,0.0070545251339901045,2.542372798330205,0.13050072612033842,1.9903578271255324,0.11343258043581057,0.04096276195287718,0.002432937512136505,0.6045823212168704,0.03206986341740025
Local Model,203,"(1510, 13)",,Chemical + Feature Engineering,XGBoost,Time Series Split,"{""N_Splits"": 5, ""Repeats"": 1, ""Gap"": 0}",1.809459561823746,0.386837836624684,1.4006107825579073,0.28835747065681233,0.029289077533907897,0.006317643394360122,0.6241560126597283,0.07244704769893448,4.043446739107055,0.8967495489652069,3.1221035726478847,0.6027474907538123,0.06511069213674937,0.017124739270905617,-0.9635858151958911,1.1098847318390215
