Category,Company,Data Shape,Timesteps,Features,Model,Cross Validation,Cross Validation Params,RMSE Train,RMSE Train,MAE Train,MAE Train,MAPE Train,MAPE Train,R2 Train,R2 Train,RMSE Test,RMSE Test,MAE Test,MAE Test,MAPE Test,MAPE Test,R2 Test,R2 Test
,,,,,,,,mean,std,mean,std,mean,std,mean,std,mean,std,mean,std,mean,std,mean,std
Local Model,209,"(1511, 21)",,Chemical + Mineralogical + CS3,Decision Tree,Blocking Time Series Split,"{""N_Splits"": 5, ""Repeats"": 1, ""train_size"": 0.8}",1.965414269534301,0.2284032711409532,1.523764249122727,0.22248969995797457,0.03106042144882575,0.0042074551462150936,0.7822619868704626,0.08567145703907002,2.6406233169793167,0.7290794861831078,2.1824259815214595,0.6686941819631043,0.046536655622005554,0.014299361849015658,0.55122687737876,0.33642988445213867
Local Model,209,"(1511, 21)",,Chemical + Mineralogical + CS3,Decision Tree,Out of time Split,"{""Test Size"": 0.2}",2.4838359295022365,0.0,1.9457405195249244,0.0,0.03967271057630559,0.0,0.6605935777934362,0.0,3.058948102335051,0.0,2.4620316469914356,0.0,0.055527625429756075,0.0,0.7375762079131862,0.0
Local Model,209,"(1511, 21)",,Chemical + Mineralogical + CS3,Decision Tree,Repeated KFold,"{""N_Splits"": 5, ""Repeats"": 3}",2.499492673647826,0.06544427190731786,1.9532262916237073,0.04935423292205316,0.0402296887368252,0.0010482708688227854,0.7182994218252142,0.014210625820859583,2.6259654651564874,0.10857920810228425,2.029988734046967,0.07125701696673406,0.0419223555432566,0.001465373590984615,0.6866850884413022,0.03666172389423407
Local Model,209,"(1511, 21)",,Chemical + Mineralogical + CS3,Decision Tree,Time Series Split,"{""N_Splits"": 5, ""Repeats"": 1, ""Gap"": 0}",2.545348158187412,0.080193477395303,2.008415007239927,0.06562422856026863,0.04062773504608901,0.0016453289718093196,0.6232938554237724,0.03175421565962093,2.980622045246361,0.6912752725155688,2.3851132024585455,0.5064516297097419,0.04916956435952933,0.009014917974966969,0.4560433359909165,0.38013466607838725
