Category,Company,Data Shape,Timesteps,Features,Model,Cross Validation,Cross Validation Params,RMSE Train,RMSE Train,MAE Train,MAE Train,MAPE Train,MAPE Train,R2 Train,R2 Train,RMSE Test,RMSE Test,MAE Test,MAE Test,MAPE Test,MAPE Test,R2 Test,R2 Test
,,,,,,,,mean,std,mean,std,mean,std,mean,std,mean,std,mean,std,mean,std,mean,std
Local Model,209,"(1511, 20)",,Chemical + Mineralogical,Decision Tree,Blocking Time Series Split,"{""N_Splits"": 5, ""Repeats"": 1, ""train_size"": 0.8}",2.217240673096308,0.3697818436941136,1.716664338133424,0.31998101522744843,0.03509524379394248,0.0063006025510343,0.7208867034651647,0.1380388831700684,3.462779987579394,1.5912141814233562,2.572272231284882,1.0039306885451267,0.056694365560089346,0.026654742547126582,0.33777395493535894,0.3948549343815336
Local Model,209,"(1511, 20)",,Chemical + Mineralogical,Decision Tree,Out of time Split,"{""Test Size"": 0.2}",2.6945879312008096,0.0,2.0704977673546043,0.0,0.04242659632280561,0.0,0.6005531816501415,0.0,3.747273464832913,0.0,2.9373861129103336,0.0,0.06761059612955236,0.0,0.6061872572614744,0.0
Local Model,209,"(1511, 20)",,Chemical + Mineralogical,Decision Tree,Repeated KFold,"{""N_Splits"": 5, ""Repeats"": 3}",2.931119267162009,0.09694575409196371,2.2061799602610352,0.06278712029003052,0.04576204358815336,0.0013231273155782297,0.612373751541605,0.025332790264670627,3.014765970443742,0.15059308107059532,2.2694968346318154,0.12059582833380988,0.047164475239063176,0.0026479801529490548,0.5881535201843436,0.040740362156793795
Local Model,209,"(1511, 20)",,Chemical + Mineralogical,Decision Tree,Time Series Split,"{""N_Splits"": 5, ""Repeats"": 1, ""Gap"": 0}",2.800464315193137,0.10244123543359204,2.149104883283729,0.07614173787778304,0.04393224473921449,0.001779787631938847,0.5436104199952002,0.043550073732847874,3.6307624692970344,0.4588746430247773,2.825722777804706,0.3773855761706657,0.06005747790237944,0.009464163960951167,0.30548879837055354,0.27829582690892074
