Category,Company,Data Shape,Timesteps,Features,Model,Cross Validation,Cross Validation Params,RMSE Train,RMSE Train,MAE Train,MAE Train,MAPE Train,MAPE Train,R2 Train,R2 Train,RMSE Test,RMSE Test,MAE Test,MAE Test,MAPE Test,MAPE Test,R2 Test,R2 Test
,,,,,,,,mean,std,mean,std,mean,std,mean,std,mean,std,mean,std,mean,std,mean,std
Local Model,209,"(1511, 24)",,Chemical + Mineralogical + Properties CS Less,Linear Regression,Blocking Time Series Split,"{""N_Splits"": 5, ""Repeats"": 1, ""train_size"": 0.8}",2.712195110730014,0.27235745827431934,2.149124576275356,0.20221115009532828,0.04446420880791494,0.005277979899208129,0.622085048598185,0.06090783400559594,4.097757518040018,0.9733188994803357,3.2776607733420504,0.8182792237639276,0.07141810466834946,0.021110497849296004,0.12238091929772354,0.2868804957928616
Local Model,209,"(1511, 24)",,Chemical + Mineralogical + Properties CS Less,Linear Regression,Out of time Split,"{""Test Size"": 0.2}",3.3441068717049034,0.0,2.6786285908384944,0.0,0.05520438034681627,0.0,0.3847741963451895,0.0,5.0622423799239415,0.0,3.693122216622594,0.0,0.08763362814054333,0.0,0.2813046089564287,0.0
Local Model,209,"(1511, 24)",,Chemical + Mineralogical + Properties CS Less,Linear Regression,Repeated KFold,"{""N_Splits"": 5, ""Repeats"": 3}",3.510077843317897,0.024341791200881504,2.8252592760843696,0.026813491867925445,0.059089048094007564,0.0005879770323103107,0.44473305879738223,0.009050076435383051,3.570020316617861,0.1091750291725608,2.8753011629639738,0.10635083042563831,0.06013565699789612,0.0022742570078108718,0.42274007842880185,0.04429353572704614
Local Model,209,"(1511, 24)",,Chemical + Mineralogical + Properties CS Less,Linear Regression,Time Series Split,"{""N_Splits"": 5, ""Repeats"": 1, ""Gap"": 0}",3.0248519062058286,0.34258035371222695,2.416020095000749,0.2945444827204086,0.04948678354584119,0.006119147650312384,0.46723688140267505,0.09429277715746126,4.3503291356437614,0.12712054347116722,3.435056639575359,0.19008960715882847,0.07323669707789349,0.005338456486391079,0.015502426658070712,0.3096728708634031
