Category,Company,Data Shape,Timesteps,Features,Model,Cross Validation,Cross Validation Params,RMSE Train,RMSE Train,MAE Train,MAE Train,MAPE Train,MAPE Train,R2 Train,R2 Train,RMSE Test,RMSE Test,MAE Test,MAE Test,MAPE Test,MAPE Test,R2 Test,R2 Test
,,,,,,,,mean,std,mean,std,mean,std,mean,std,mean,std,mean,std,mean,std,mean,std
Local Model,209,"(1511, 21)",,Chemical + Mineralogical + CS7,Linear Regression,Blocking Time Series Split,"{""N_Splits"": 5, ""Repeats"": 1, ""train_size"": 0.8}",2.2032030120458836,0.13281305177797192,1.736123393560246,0.10191275718052832,0.03575647815275935,0.0027759880876825653,0.7460695266586357,0.053725143045453276,2.690009180647219,0.3601294517381977,2.1238552864547495,0.3390071120503831,0.04488735400617046,0.007666328058260905,0.5827505025650422,0.19494216589225857
Local Model,209,"(1511, 21)",,Chemical + Mineralogical + CS7,Linear Regression,Out of time Split,"{""Test Size"": 0.2}",2.432807737886562,0.0,1.8955554969954542,0.0,0.0388679237820636,0.0,0.6743959316510408,0.0,3.047399842854139,0.0,2.3680602539583284,0.0,0.05416750491706055,0.0,0.7395538926867912,0.0
Local Model,209,"(1511, 21)",,Chemical + Mineralogical + CS7,Linear Regression,Repeated KFold,"{""N_Splits"": 5, ""Repeats"": 3}",2.5054024509165997,0.01780483936559845,1.9602773283828188,0.015014582430251965,0.04074641519763851,0.000316991928187133,0.7170665056212073,0.006652980668184294,2.545535264101581,0.08528044834548432,1.991755827772092,0.06805372481018476,0.041408065193034665,0.0015769826519953282,0.705930487151326,0.029761424568438527
Local Model,209,"(1511, 21)",,Chemical + Mineralogical + CS7,Linear Regression,Time Series Split,"{""N_Splits"": 5, ""Repeats"": 1, ""Gap"": 0}",2.3401299038892356,0.12845604080028533,1.8264801086786615,0.08274386554620855,0.037401154604577165,0.0017334936282774873,0.682455870221483,0.023756989595762744,2.8041666991792336,0.11004623366112645,2.2051870095121076,0.10582388603745176,0.04604272340568632,0.003495946556156117,0.5866591166408701,0.14345168244962325
