Category,Company,Data Shape,Timesteps,Features,Model,Cross Validation,Cross Validation Params,RMSE Train,RMSE Train,MAE Train,MAE Train,MAPE Train,MAPE Train,R2 Train,R2 Train,RMSE Test,RMSE Test,MAE Test,MAE Test,MAPE Test,MAPE Test,R2 Test,R2 Test
,,,,,,,,mean,std,mean,std,mean,std,mean,std,mean,std,mean,std,mean,std,mean,std
Local Model,209,"(1511, 24)",,Chemical + Mineralogical + Feature Engineering,Linear Regression,Blocking Time Series Split,"{""N_Splits"": 5, ""Repeats"": 1, ""train_size"": 0.8}",2.058579858361712,0.1956970943038409,1.611449616711845,0.16980109671591045,0.03303614667874129,0.0030865042795055536,0.7653551054166876,0.08175651093497333,2.785174441322156,0.5579362182536372,2.1758824649945323,0.4754448733829082,0.04618518837883835,0.011341367418569198,0.564831649507337,0.22947939953120502
Local Model,209,"(1511, 24)",,Chemical + Mineralogical + Feature Engineering,Linear Regression,Out of time Split,"{""Test Size"": 0.2}",2.577215536563718,0.0,2.0227071249099033,0.0,0.04145273214277311,0.0,0.6345939553409807,0.0,3.2818511423909578,0.0,2.5541610207960153,0.0,0.05820732590287307,0.0,0.697937546138871,0.0
Local Model,209,"(1511, 24)",,Chemical + Mineralogical + Feature Engineering,Linear Regression,Repeated KFold,"{""N_Splits"": 5, ""Repeats"": 3}",2.586267425430428,0.029521131804414794,2.0140097954842497,0.02135224246442806,0.041720354035245065,0.00048719917979052167,0.6985457812378166,0.006466772954270506,2.6315506903028676,0.11524553207431551,2.0472481169587313,0.08232954126063884,0.04240411221598892,0.001779911838044061,0.6865067461000616,0.02535217567646828
Local Model,209,"(1511, 24)",,Chemical + Mineralogical + Feature Engineering,Linear Regression,Time Series Split,"{""N_Splits"": 5, ""Repeats"": 1, ""Gap"": 0}",2.481182771576353,0.12248990030065922,1.9705152633456642,0.08410346070994452,0.04020322017231827,0.0017651644465280093,0.6429494791805349,0.0249756312847905,3.2687269209295744,0.371620639699416,2.5752602626824634,0.33802897531332043,0.05436687061231884,0.0068518997248223695,0.4182993741587325,0.2651257692544587
