Category,Company,Data Shape,Timesteps,Features,Model,Cross Validation,Cross Validation Params,RMSE Train,RMSE Train,MAE Train,MAE Train,MAPE Train,MAPE Train,R2 Train,R2 Train,RMSE Test,RMSE Test,MAE Test,MAE Test,MAPE Test,MAPE Test,R2 Test,R2 Test
,,,,,,,,mean,std,mean,std,mean,std,mean,std,mean,std,mean,std,mean,std,mean,std
Local Model,209,"(1511, 22)",,Chemical + Mineralogical + CS3 + CS7,MLP,Blocking Time Series Split,"{""N_Splits"": 5, ""Repeats"": 3, ""train_size"": 0.8}",5.41750269445632,0.9836251899641267,4.13231390313324,0.6463531569561495,0.08434386119452837,0.013762539871902738,-0.6065790557157108,0.6506116027599943,6.419121932272603,0.9581472100527855,4.973803511239141,0.7592780193969765,0.10423346248998981,0.014415533003232549,-1.4737459112404325,1.417738680083705
Local Model,209,"(1511, 22)",,Chemical + Mineralogical + CS3 + CS7,MLP,Out of time Split,"{""Test Size"": 0.2}",2.2088111949592957,0.09015123560512024,1.7374042359408959,0.07186599994280339,0.03490743022575385,0.0013576395970126799,0.7311473715998765,0.021998008348559604,2.125465687549941,0.06715848324001908,1.7148757355441369,0.07588246191975358,0.03721716732904021,0.0017266301802789134,0.8731762594683591,0.007922098896005973
Local Model,209,"(1511, 22)",,Chemical + Mineralogical + CS3 + CS7,MLP,Repeated KFold,"{""N_Splits"": 5, ""Repeats"": 3}",2.138430477987191,0.09939600587749035,1.6686430442189155,0.0796775066971354,0.03398697138581601,0.0015567767805674722,0.7934587122726,0.019269403238152,2.2281847275242517,0.13849353994366548,1.734164833704339,0.09157026934626827,0.035337906744652606,0.0016667315172115699,0.7739268841679701,0.033512769742552434
Local Model,209,"(1511, 22)",,Chemical + Mineralogical + CS3 + CS7,MLP,Time Series Split,"{""N_Splits"": 5, ""Repeats"": 3, ""Gap"": 0}",3.141627051534667,0.9081928758027,2.405139315032436,0.6224592548972089,0.04866421441049852,0.013204783152029435,0.3649497723575278,0.4203446741492572,4.746709853102553,2.852252332218641,3.839847308661676,2.5734762985496387,0.07662630130249423,0.04796272404649542,-1.01107447383124,2.6256157813848904
