Category,Company,Data Shape,Timesteps,Features,Model,Cross Validation,Cross Validation Params,RMSE Train,RMSE Train,MAE Train,MAE Train,MAPE Train,MAPE Train,R2 Train,R2 Train,RMSE Test,RMSE Test,MAE Test,MAE Test,MAPE Test,MAPE Test,R2 Test,R2 Test
,,,,,,,,mean,std,mean,std,mean,std,mean,std,mean,std,mean,std,mean,std,mean,std
Local Model,209,"(1511, 20)",,Chemical + Mineralogical,MLP,Blocking Time Series Split,"{""N_Splits"": 5, ""Repeats"": 3, ""train_size"": 0.8}",5.948714837360595,0.8204684890067528,4.511104683566061,0.602512479302608,0.0924128059649112,0.013999221182513361,-0.8412433145147152,0.4702461557940683,7.245059026462133,0.9792776856897656,5.835892208495428,0.7471880772071398,0.1233414060595812,0.01934673432303424,-2.0543410840391148,1.6242313689094072
Local Model,209,"(1511, 20)",,Chemical + Mineralogical,MLP,Out of time Split,"{""Test Size"": 0.2}",2.694252756142911,0.03425469336441698,2.142721014254404,0.018069288826479377,0.043283690706320176,0.0002666739124177689,0.6005879957450636,0.010185592235066354,3.912261550597826,0.32208178465152015,2.928804688406464,0.20252735997208263,0.06817285533127575,0.005232333520633638,0.5678362846559131,0.07262294281118327
Local Model,209,"(1511, 20)",,Chemical + Mineralogical,MLP,Repeated KFold,"{""N_Splits"": 5, ""Repeats"": 3}",2.6819002199726203,0.06724825272477276,2.107557774574101,0.056984516545580705,0.043230255869328514,0.0011227658225521151,0.6757049534478275,0.015800672925458475,2.8010165789501835,0.09388672018544994,2.199116374984574,0.08385714488942592,0.045180703242416964,0.0016921156359590809,0.6445827786809821,0.02883640931139158
Local Model,209,"(1511, 20)",,Chemical + Mineralogical,MLP,Time Series Split,"{""N_Splits"": 5, ""Repeats"": 3, ""Gap"": 0}",3.554425975535,0.9990601053731736,2.738651812405488,0.6342765883442003,0.055451978858583294,0.013556307812482139,0.1904951596741858,0.5310792347066139,5.56488017058586,3.202186315561873,4.491433291593554,2.768881348917743,0.09117226943567089,0.049491978176161924,-1.6500567942655884,3.6268995835719675
