Category,Company,Data Shape,Timesteps,Features,Model,Cross Validation,Cross Validation Params,RMSE Train,RMSE Train,MAE Train,MAE Train,MAPE Train,MAPE Train,R2 Train,R2 Train,RMSE Test,RMSE Test,MAE Test,MAE Test,MAPE Test,MAPE Test,R2 Test,R2 Test
,,,,,,,,mean,std,mean,std,mean,std,mean,std,mean,std,mean,std,mean,std,mean,std
Local Model,209,"(1511, 26)",,Chemical + Mineralogical + Physical,MLP,Blocking Time Series Split,"{""N_Splits"": 5, ""Repeats"": 3, ""train_size"": 0.8}",5.634686586376788,1.1678215321306284,4.310384111101038,0.8020922428850386,0.08773307223625357,0.016449300517660873,-0.7067631638119185,0.7838951009974612,6.529791510255723,1.0787414198709893,5.199776946521197,0.9501891980293923,0.108366303151395,0.018974459627439752,-1.5377844619345893,1.4523304125755914
Local Model,209,"(1511, 26)",,Chemical + Mineralogical + Physical,MLP,Out of time Split,"{""Test Size"": 0.2}",2.2233468209237324,0.06358170465009975,1.752571745529344,0.054605890116645794,0.03518306748163985,0.0010265281813275175,0.7278278421834551,0.015546122625065505,1.9851152639833536,0.031517501427844014,1.5523796031183943,0.022935588214123382,0.032192836579741174,0.0004140850235698155,0.8894547953020192,0.0035026741021813947
Local Model,209,"(1511, 26)",,Chemical + Mineralogical + Physical,MLP,Repeated KFold,"{""N_Splits"": 5, ""Repeats"": 3}",2.1724721352959695,0.1294761978962323,1.6969383816709338,0.10429790987385859,0.03452802101241687,0.002088341401582395,0.7865907846919602,0.02504381454229998,2.267920065830781,0.1499936896463401,1.768732546129873,0.10537993671515362,0.03601426211844923,0.001961997283489605,0.7654962861931803,0.03558766193856846
Local Model,209,"(1511, 26)",,Chemical + Mineralogical + Physical,MLP,Time Series Split,"{""N_Splits"": 5, ""Repeats"": 3, ""Gap"": 0}",3.1279035751506354,0.8571020828878634,2.416131920148501,0.6312855533828619,0.04880544483449597,0.013339251143406408,0.37600910124525533,0.38915883583963184,4.935994457349909,2.735887070697391,4.032863872573672,2.543264426832074,0.0806682865235136,0.048145954324988215,-1.070160569412276,2.4442428571693524
