Category,Company,Data Shape,Timesteps,Features,Model,Cross Validation,Cross Validation Params,RMSE Train,RMSE Train,MAE Train,MAE Train,MAPE Train,MAPE Train,R2 Train,R2 Train,RMSE Test,RMSE Test,MAE Test,MAE Test,MAPE Test,MAPE Test,R2 Test,R2 Test
,,,,,,,,mean,std,mean,std,mean,std,mean,std,mean,std,mean,std,mean,std,mean,std
Local Model,209,"(1511, 24)",,Chemical + Mineralogical + Feature Engineering,MLP,Blocking Time Series Split,"{""N_Splits"": 5, ""Repeats"": 3, ""train_size"": 0.8}",5.635247350522831,0.5692634065982236,4.277265761020604,0.43846106314410943,0.08733881117640875,0.010174650979387892,-0.6630639439156226,0.3804250329193582,6.993440713413083,1.0449086002884567,5.605937780578283,0.7075580808675241,0.11744217719234086,0.01526950198826276,-1.9514318004686748,1.8186890884958502
Local Model,209,"(1511, 24)",,Chemical + Mineralogical + Feature Engineering,MLP,Out of time Split,"{""Test Size"": 0.2}",2.6447818441860576,0.026677007089133772,2.110533960397144,0.02692258659227781,0.042618677671460305,0.0005210630617221725,0.6151441090178182,0.007735826357858717,3.518864677616904,0.14818775329284997,2.6711000927210655,0.1047936085914643,0.06157043896921779,0.002904184677701252,0.6521166535386101,0.02881304909209803
Local Model,209,"(1511, 24)",,Chemical + Mineralogical + Feature Engineering,MLP,Repeated KFold,"{""N_Splits"": 5, ""Repeats"": 3}",2.69789603691328,0.09117147377978728,2.1177890001734903,0.07893184002222314,0.04327641692539308,0.0014011516125494161,0.6715659155673807,0.02328692723119307,2.8172920373735293,0.12658477065111887,2.2159956521073356,0.10448259871377373,0.045357241624303886,0.0021262454318702866,0.6404116529958456,0.03322996616508363
Local Model,209,"(1511, 24)",,Chemical + Mineralogical + Feature Engineering,MLP,Time Series Split,"{""N_Splits"": 5, ""Repeats"": 3, ""Gap"": 0}",3.4231314948606753,0.8470228475890202,2.669322161214347,0.5598952408663334,0.054074629918372454,0.01205943139928862,0.2644707758987071,0.4268297805264964,5.473834290275338,3.4104933661094394,4.454016491103458,2.92205275412617,0.08996826428962543,0.052298029765754296,-1.6936825046928254,3.9076178378980346
