Category,Company,Data Shape,Timesteps,Features,Model,Cross Validation,Cross Validation Params,RMSE Train,RMSE Train,MAE Train,MAE Train,MAPE Train,MAPE Train,R2 Train,R2 Train,RMSE Test,RMSE Test,MAE Test,MAE Test,MAPE Test,MAPE Test,R2 Test,R2 Test
,,,,,,,,mean,std,mean,std,mean,std,mean,std,mean,std,mean,std,mean,std,mean,std
Local Model,209,"(1511, 26)",,Chemical + Mineralogical + Physical,Random Forest,Blocking Time Series Split,"{""N_Splits"": 5, ""Repeats"": 1, ""train_size"": 0.8}",1.5523931405239586,0.25246301891090306,1.2274206833753958,0.21015291785285348,0.024838758809676304,0.0039008751502378454,0.8593513319138164,0.06581185108870552,2.2726202872716463,0.736445684491923,1.8072805503792029,0.6185532084859531,0.03793308776159584,0.01334395928441144,0.6383346208989621,0.29384897131810045
Local Model,209,"(1511, 26)",,Chemical + Mineralogical + Physical,Random Forest,Out of time Split,"{""Test Size"": 0.2}",2.2210592651369097,0.0,1.7275759377656263,0.0,0.03499159599643922,0.0,0.7286095632580631,0.0,2.1199974321769957,0.0,1.7183083132594386,0.0,0.03778677348689941,0.0,0.8739538285390038,0.0
Local Model,209,"(1511, 26)",,Chemical + Mineralogical + Physical,Random Forest,Repeated KFold,"{""N_Splits"": 5, ""Repeats"": 3}",2.136864818085516,0.037644134055100725,1.6413922108635608,0.031288558717445535,0.03355506265644908,0.0006044198821556213,0.7941477133835527,0.007724343183437177,2.2561527049114374,0.11730687832145001,1.7285850629897093,0.10817077137267175,0.035457801969598884,0.002278711604728828,0.7691106737743519,0.024978543490386394
Local Model,209,"(1511, 26)",,Chemical + Mineralogical + Physical,Random Forest,Time Series Split,"{""N_Splits"": 5, ""Repeats"": 1, ""Gap"": 0}",2.179571836419736,0.13334513965511327,1.7042687092020805,0.10278551090212262,0.03440135665560572,0.0018865345569844035,0.7237849015921785,0.030952039978126074,2.516379473865231,0.5323308383997463,1.9809881359802397,0.3922857559446287,0.04095639299318057,0.007278757609119044,0.6154288957908206,0.25073155583810486
