Category,Company,Data Shape,Timesteps,Features,Model,Cross Validation,Cross Validation Params,RMSE Train,RMSE Train,MAE Train,MAE Train,MAPE Train,MAPE Train,R2 Train,R2 Train,RMSE Test,RMSE Test,MAE Test,MAE Test,MAPE Test,MAPE Test,R2 Test,R2 Test
,,,,,,,,mean,std,mean,std,mean,std,mean,std,mean,std,mean,std,mean,std,mean,std
Local Model,209,"(1511, 21)",,Chemical + Mineralogical + CS7,Random Forest,Blocking Time Series Split,"{""N_Splits"": 5, ""Repeats"": 1, ""train_size"": 0.8}",1.5880875423968013,0.2849012084830992,1.2550899051896753,0.24845859839329654,0.02540314018104407,0.00464782890451843,0.8511511464492088,0.07553553845038811,2.2303479314355306,0.642926355891933,1.7311023626902973,0.5740778849139015,0.036403909983479824,0.012319626811600029,0.6679546378538905,0.26049910009872823
Local Model,209,"(1511, 21)",,Chemical + Mineralogical + CS7,Random Forest,Out of time Split,"{""Test Size"": 0.2}",2.2930322176809166,0.0,1.8067171652713205,0.0,0.036494485021938465,0.0,0.7107358856133434,0.0,2.624299028874282,0.0,2.1705919926455612,0.0,0.04808111223008348,0.0,0.8068540399761586,0.0
Local Model,209,"(1511, 21)",,Chemical + Mineralogical + CS7,Random Forest,Repeated KFold,"{""N_Splits"": 5, ""Repeats"": 3}",2.3208793345976293,0.03892639722132198,1.8187197072990748,0.030340257364618886,0.03692256238351424,0.0006122239854212691,0.757236566074509,0.006756147022988796,2.419335379893808,0.15042955084730766,1.8958375019317881,0.1173753935964071,0.03864177154582397,0.002472749037320386,0.7344650523247461,0.03185975573964951
Local Model,209,"(1511, 21)",,Chemical + Mineralogical + CS7,Random Forest,Time Series Split,"{""N_Splits"": 5, ""Repeats"": 1, ""Gap"": 0}",2.2157606427840397,0.16076617848742467,1.743997421374513,0.12556437590294559,0.03515258581076964,0.002339872776062825,0.7142895348470071,0.037426134112777384,2.605592243001486,0.41559545738874415,2.0722282458826875,0.29419335267622687,0.043055056590424884,0.006276828732333917,0.61338303046486,0.21969641678820373
