Category,Company,Data Shape,Timesteps,Features,Model,Cross Validation,Cross Validation Params,RMSE Train,RMSE Train,MAE Train,MAE Train,MAPE Train,MAPE Train,R2 Train,R2 Train,RMSE Test,RMSE Test,MAE Test,MAE Test,MAPE Test,MAPE Test,R2 Test,R2 Test
,,,,,,,,mean,std,mean,std,mean,std,mean,std,mean,std,mean,std,mean,std,mean,std
Local Model,209,"(1511, 24)",,Chemical + Mineralogical + Feature Engineering,Random Forest,Blocking Time Series Split,"{""N_Splits"": 5, ""Repeats"": 1, ""train_size"": 0.8}",1.783286369986934,0.23784139859703593,1.3980813437395743,0.20146866636613162,0.028416808069958704,0.0035848980577500725,0.8172349102838723,0.08073128568005215,2.6385149054370296,0.5832062765983499,2.0318819064643447,0.5191015826176405,0.043240924202227325,0.011899284621015263,0.5872088583273107,0.2576953509922022
Local Model,209,"(1511, 24)",,Chemical + Mineralogical + Feature Engineering,Random Forest,Out of time Split,"{""Test Size"": 0.2}",2.545207789014783,0.0,1.9736723904129418,0.0,0.04022355897897571,0.0,0.6436139197763131,0.0,3.7308155511633534,0.0,2.9417473155431857,0.0,0.06759024425209988,0.0,0.6096388885688024,0.0
Local Model,209,"(1511, 24)",,Chemical + Mineralogical + Feature Engineering,Random Forest,Repeated KFold,"{""N_Splits"": 5, ""Repeats"": 3}",2.5756544713009544,0.028273199259219256,1.9991692962587035,0.024131004785667966,0.04125940498476621,0.0004844817819814025,0.7009851743641897,0.0075489661138444806,2.7456346333071795,0.10533577152327481,2.119191916244821,0.08431209503422185,0.0439824886846637,0.0017970182530195023,0.6583513760659184,0.030850921867918542
Local Model,209,"(1511, 24)",,Chemical + Mineralogical + Feature Engineering,Random Forest,Time Series Split,"{""N_Splits"": 5, ""Repeats"": 1, ""Gap"": 0}",2.436559198987017,0.16351400594566692,1.914783816983776,0.12134698257830394,0.03891992893791809,0.0023807091474249667,0.6553885886552945,0.035393457041402655,3.353058956812493,0.5858047044596885,2.658039399119665,0.44699805036101814,0.05640334678285523,0.011156634916088076,0.40475519206478133,0.2497271162690494
