Category,Company,Data Shape,Timesteps,Features,Model,Cross Validation,Cross Validation Params,RMSE Train,RMSE Train,MAE Train,MAE Train,MAPE Train,MAPE Train,R2 Train,R2 Train,RMSE Test,RMSE Test,MAE Test,MAE Test,MAPE Test,MAPE Test,R2 Test,R2 Test
,,,,,,,,mean,std,mean,std,mean,std,mean,std,mean,std,mean,std,mean,std,mean,std
Local Model,209,"(1511, 22)",,Chemical + Mineralogical + CS3 + CS7,Random Forest,Blocking Time Series Split,"{""N_Splits"": 5, ""Repeats"": 1, ""train_size"": 0.8}",1.568430418547209,0.2628554320739514,1.2395179376402052,0.21164553446397813,0.025110438177786364,0.003910204186483177,0.8560177312615689,0.06939452858198869,2.1966691269008862,0.7102488738494641,1.7620540159929763,0.5951262202034578,0.03703961593541545,0.012854486928078765,0.6646539502634058,0.27684202136763947
Local Model,209,"(1511, 22)",,Chemical + Mineralogical + CS3 + CS7,Random Forest,Out of time Split,"{""Test Size"": 0.2}",2.2210592651369105,0.0,1.7275759377656263,0.0,0.03499159599643922,0.0,0.7286095632580631,0.0,2.119997432176999,0.0,1.718308313259442,0.0,0.03778677348689948,0.0,0.8739538285390034,0.0
Local Model,209,"(1511, 22)",,Chemical + Mineralogical + CS3 + CS7,Random Forest,Repeated KFold,"{""N_Splits"": 5, ""Repeats"": 3}",2.1388456804466363,0.03983507350302653,1.6434830090721797,0.03281300762499398,0.03359730659251129,0.0006345512328868102,0.7937605971574444,0.008067825986798774,2.255817918967323,0.11530260111692452,1.7309869191756515,0.10774946427624428,0.03550452020701719,0.0022648485254049273,0.7691764802825118,0.02476757462595062
Local Model,209,"(1511, 22)",,Chemical + Mineralogical + CS3 + CS7,Random Forest,Time Series Split,"{""N_Splits"": 5, ""Repeats"": 1, ""Gap"": 0}",2.1800738716263455,0.13434688641441353,1.7047411414704592,0.10369801073244751,0.034406770629597384,0.0019172660249213056,0.723642771123145,0.03120890690373527,2.5213693954352268,0.538009903294295,1.9829711306410105,0.3941774650814156,0.04096817669915911,0.007225960626191812,0.6132485108835739,0.2533076057036796
