Category,Company,Data Shape,Timesteps,Features,Model,Cross Validation,Cross Validation Params,RMSE Train,RMSE Train,MAE Train,MAE Train,MAPE Train,MAPE Train,R2 Train,R2 Train,RMSE Test,RMSE Test,MAE Test,MAE Test,MAPE Test,MAPE Test,R2 Test,R2 Test
,,,,,,,,mean,std,mean,std,mean,std,mean,std,mean,std,mean,std,mean,std,mean,std
Local Model,209,"(1511, 22)",,Chemical + Mineralogical + CS3 + CS7,XGBoost,Blocking Time Series Split,"{""N_Splits"": 5, ""Repeats"": 1, ""train_size"": 0.8}",1.5872646693142693,0.10784198825501379,1.252985822748841,0.0975479115794138,0.02591860898429149,0.001628281558893034,0.861929687168004,0.04596070181943119,2.3924982412017193,0.7353725217797047,1.8722087972672257,0.6691131023098883,0.04026236970526228,0.014566264944261045,0.6212570644800074,0.31193880904815646
Local Model,209,"(1511, 22)",,Chemical + Mineralogical + CS3 + CS7,XGBoost,Out of time Split,"{""Test Size"": 0.2}",2.1104005964029904,0.0,1.6505529460528032,0.0,0.03369643013671965,0.0,0.7549785827448257,0.0,2.8668933998238857,0.0,2.1370131439108286,0.0,0.04968627870532998,0.0,0.7694940826392059,0.0
Local Model,209,"(1511, 22)",,Chemical + Mineralogical + CS3 + CS7,XGBoost,Repeated KFold,"{""N_Splits"": 5, ""Repeats"": 3}",2.1316616958086407,0.026866636410648556,1.6501522331442642,0.024430920768986286,0.03414024765335897,0.0004758667628128367,0.7951703198516541,0.006150272964139241,2.2810787451173637,0.11309477746582697,1.7584771274161473,0.09554623469449806,0.0364465077373061,0.0020980556232440013,0.7645154189454747,0.01994360791424928
Local Model,209,"(1511, 22)",,Chemical + Mineralogical + CS3 + CS7,XGBoost,Time Series Split,"{""N_Splits"": 5, ""Repeats"": 1, ""Gap"": 0}",2.037751741909785,0.13811417015583388,1.5994836023123356,0.10197490829730398,0.03257297679172492,0.0019275795548456271,0.7585857600276917,0.028514053157239424,2.733650380730432,0.40016398077849535,2.114359887719629,0.31367086564298363,0.04470040394324122,0.006447337961290569,0.5864696714394484,0.21583947116092222
