Category,Company,Data Shape,Timesteps,Features,Model,Cross Validation,Cross Validation Params,RMSE Train,RMSE Train,MAE Train,MAE Train,MAPE Train,MAPE Train,R2 Train,R2 Train,RMSE Test,RMSE Test,MAE Test,MAE Test,MAPE Test,MAPE Test,R2 Test,R2 Test
,,,,,,,,mean,std,mean,std,mean,std,mean,std,mean,std,mean,std,mean,std,mean,std
Local Model,209,"(1511, 26)",,Chemical + Mineralogical + Physical,XGBoost,Blocking Time Series Split,"{""N_Splits"": 5, ""Repeats"": 1, ""train_size"": 0.8}",1.582546769976727,0.10546678659498185,1.253576484775148,0.09272982384898815,0.025923388794309516,0.0015260283140819105,0.862722824029247,0.04574362312645082,2.4320676448446177,0.6858527367922048,1.8932525209520688,0.6093528823982589,0.04061751845215973,0.013310042003331364,0.6139036250703811,0.2932420541342956
Local Model,209,"(1511, 26)",,Chemical + Mineralogical + Physical,XGBoost,Out of time Split,"{""Test Size"": 0.2}",2.097147937311957,0.0,1.6462144371689549,0.0,0.03359249965354685,0.0,0.7580462369728453,0.0,2.813181057920283,0.0,2.1101933293610142,0.0,0.04878882455721002,0.0,0.7780504043681467,0.0
Local Model,209,"(1511, 26)",,Chemical + Mineralogical + Physical,XGBoost,Repeated KFold,"{""N_Splits"": 5, ""Repeats"": 3}",2.1207705388954046,0.029155570561396806,1.6361912388528075,0.023862821375103392,0.03385952031406406,0.0004709429311913314,0.7972479094352772,0.006596449422300155,2.272176185747677,0.10521582968023296,1.7516713061266107,0.09081646721719672,0.03634162490006352,0.0019461762589634535,0.7663635090415215,0.018831895046518977
Local Model,209,"(1511, 26)",,Chemical + Mineralogical + Physical,XGBoost,Time Series Split,"{""N_Splits"": 5, ""Repeats"": 1, ""Gap"": 0}",2.0289631821996132,0.12958743136031786,1.5936535097730407,0.08505817016343643,0.032467497371970674,0.001653934566556337,0.7609070384659153,0.02506275461656657,2.703879319070233,0.39256116641867617,2.0890420726760923,0.32263995497079595,0.04414991363008451,0.00606927471590909,0.5913800920572685,0.21926005585656258
