Category,Company,Data Shape,Timesteps,Features,Model,Cross Validation,Cross Validation Params,RMSE Train,RMSE Train,MAE Train,MAE Train,MAPE Train,MAPE Train,R2 Train,R2 Train,RMSE Test,RMSE Test,MAE Test,MAE Test,MAPE Test,MAPE Test,R2 Test,R2 Test
,,,,,,,,mean,std,mean,std,mean,std,mean,std,mean,std,mean,std,mean,std,mean,std
Local Model,209,"(1511, 20)",,Chemical + Mineralogical,XGBoost,Blocking Time Series Split,"{""N_Splits"": 5, ""Repeats"": 1, ""train_size"": 0.8}",1.7620865887197532,0.10525898877842588,1.3713814560506357,0.11421793024803777,0.02837588735063039,0.0017649081337020056,0.8300119427897122,0.05611968006188602,2.933832378067417,0.731637537014245,2.2350656928390764,0.5850930960539312,0.048606650496574,0.014206013036508276,0.5079560671949941,0.2856616754914993
Local Model,209,"(1511, 20)",,Chemical + Mineralogical,XGBoost,Out of time Split,"{""Test Size"": 0.2}",2.4741356484731987,0.0,1.9395393744209741,0.0,0.03976934830932024,0.0,0.663239411805657,0.0,4.4117472372732545,0.0,3.207562094710449,0.0,0.07613071057994608,0.0,0.4541413033290287,0.0
Local Model,209,"(1511, 20)",,Chemical + Mineralogical,XGBoost,Repeated KFold,"{""N_Splits"": 5, ""Repeats"": 3}",2.557749448661534,0.03034342304966855,1.9740535482600743,0.0233220172682513,0.04113438343294356,0.0005119309369337403,0.7051324727735281,0.007510030390372545,2.7461671078394136,0.10474267388731229,2.1076587223086913,0.08780808966362073,0.04406354161890843,0.0019393332932642656,0.6587908940976888,0.023201198339057687
Local Model,209,"(1511, 20)",,Chemical + Mineralogical,XGBoost,Time Series Split,"{""N_Splits"": 5, ""Repeats"": 1, ""Gap"": 0}",2.3204379820119483,0.20507353223999764,1.8270843449036582,0.15822044674327135,0.03730656343670276,0.0032383914826839555,0.6869499775990604,0.044006056938432965,3.635583616122729,0.617417463806478,2.845155701656265,0.4513872736344838,0.060816118096027175,0.0112339712177755,0.310992257001794,0.27403217010526143
