Category,Company,Data Shape,Timesteps,Features,Model,Cross Validation,Cross Validation Params,RMSE Train,RMSE Train,MAE Train,MAE Train,MAPE Train,MAPE Train,R2 Train,R2 Train,RMSE Test,RMSE Test,MAE Test,MAE Test,MAPE Test,MAPE Test,R2 Test,R2 Test
,,,,,,,,mean,std,mean,std,mean,std,mean,std,mean,std,mean,std,mean,std,mean,std
Local Model,209,"(1511, 24)",,Chemical + Mineralogical + Feature Engineering,XGBoost,Blocking Time Series Split,"{""N_Splits"": 5, ""Repeats"": 1, ""train_size"": 0.8}",1.7713005112083795,0.11949687788580621,1.3728066022564271,0.11029546221507774,0.02835871355776976,0.0017058701029228668,0.8278047028910329,0.05886086257347928,3.016361815964632,0.5834738131164117,2.223236581771103,0.5268730654453829,0.04820034826450231,0.012626893559980729,0.4742283350576672,0.2905571414628643
Local Model,209,"(1511, 24)",,Chemical + Mineralogical + Feature Engineering,XGBoost,Out of time Split,"{""Test Size"": 0.2}",2.4451361500018547,0.0,1.9199519094252422,0.0,0.03930565899907507,0.0,0.6710875302998669,0.0,4.26351886392201,0.0,3.209890472613548,0.0,0.07537489888126601,0.0,0.49020524042500335,0.0
Local Model,209,"(1511, 24)",,Chemical + Mineralogical + Feature Engineering,XGBoost,Repeated KFold,"{""N_Splits"": 5, ""Repeats"": 3}",2.5293199970776583,0.027096025713480996,1.9506384881197656,0.020901350156746656,0.04065628574913728,0.0004623185803521371,0.7116627479904075,0.006535822226100319,2.744885442609592,0.09189005554674516,2.105493002095933,0.0780858369689582,0.04406939563599537,0.001744499926230951,0.6590680604107628,0.02209605455185579
Local Model,209,"(1511, 24)",,Chemical + Mineralogical + Feature Engineering,XGBoost,Time Series Split,"{""N_Splits"": 5, ""Repeats"": 1, ""Gap"": 0}",2.289429280584743,0.2032003552205323,1.8054746900213066,0.15899265168978127,0.03683790886026159,0.0032183490364608353,0.6952103763631582,0.04335275236030937,3.500449737531736,0.609045285374808,2.7506118057068605,0.4490552348000377,0.058845172135234144,0.011599078736070578,0.36580329741913775,0.2406719890370719
