Category,Company,Data Shape,Timesteps,Features,Model,Cross Validation,Cross Validation Params,RMSE Train,RMSE Train,MAE Train,MAE Train,MAPE Train,MAPE Train,R2 Train,R2 Train,RMSE Test,RMSE Test,MAE Test,MAE Test,MAPE Test,MAPE Test,R2 Test,R2 Test
,,,,,,,,mean,std,mean,std,mean,std,mean,std,mean,std,mean,std,mean,std,mean,std
Global Model,209,"(3345, 16)",7,Chemical + Physical,Conv1D,Blocking Time Series Split,"{""N_Splits"": 5, ""Repeats"": 3, ""train_size"": 0.8}",1.0879067755807215,0.0565140789143903,0.8859243305307384,0.0412654037607438,0.020292386408526895,0.0006616610824071431,0.968809659030817,0.002784945607181566,1.3542522825352965,0.18804780224356313,1.1017945875823716,0.1632733841739579,0.0258541118601659,0.0039011229963186304,0.9406974864981238,0.02127261896272173
Global Model,209,"(3345, 16)",7,Chemical + Physical,Conv1D,Time Series Split,"{""N_Splits"": 5, ""Repeats"": 3, ""Gap"": 0}",1.0605512712031997,0.05652592341526568,0.8702335845147665,0.04663998638138456,0.0197469081631059,0.0009666777488798017,0.9728727877296248,0.0029736359549356324,1.4725428790757524,0.26207774179673976,1.2011176531264733,0.20677989981845554,0.027756827828200166,0.004318465313342284,0.9388620223359659,0.0213403274325016
