Category,Company,Data Shape,Timesteps,Features,Model,Cross Validation,Cross Validation Params,RMSE Train,RMSE Train,MAE Train,MAE Train,MAPE Train,MAPE Train,R2 Train,R2 Train,RMSE Test,RMSE Test,MAE Test,MAE Test,MAPE Test,MAPE Test,R2 Test,R2 Test
,,,,,,,,mean,std,mean,std,mean,std,mean,std,mean,std,mean,std,mean,std,mean,std
Local Model,204,"(849, 12)",,Chemical + Feature Engineering,Decision Tree,Blocking Time Series Split,"{""N_Splits"": 5, ""Repeats"": 1, ""train_size"": 0.8}",1.3274550141150203,0.22507881667133917,0.9658425028856396,0.07134348161716025,0.023840748722140585,0.0032181571264319675,0.9378691186366925,0.03817709143459723,3.1154710824276126,0.6748095087367688,2.1649778448515447,0.4812627093871085,0.050758606542056176,0.009390967460022015,0.6949410886314563,0.09374247222518586
Local Model,204,"(849, 12)",,Chemical + Feature Engineering,Decision Tree,Out of time Split,"{""Test Size"": 0.2}",1.8325784057589767,0.0,1.357926017915794,0.0,0.032264768088922986,0.0,0.9105584376173661,0.0,2.6540382768636244,0.0,2.27127131766708,0.0,0.06103131336528616,0.0,0.7208146134868847,0.0
Local Model,204,"(849, 12)",,Chemical + Feature Engineering,Decision Tree,Repeated KFold,"{""N_Splits"": 5, ""Repeats"": 3}",1.8280951337871434,0.03899117431838175,1.368982949816538,0.02402723178344574,0.03291189625342277,0.0006027829077469505,0.9128952662733892,0.0037535587118520015,2.1016696869007436,0.20530008934889077,1.5226616627784764,0.11290991812323245,0.03679670741745283,0.002930272471712948,0.8827974930181389,0.02439426127484806
Local Model,204,"(849, 12)",,Chemical + Feature Engineering,Decision Tree,Time Series Split,"{""N_Splits"": 5, ""Repeats"": 1, ""Gap"": 0}",1.5786273639419743,0.20065776699994875,1.201244140925196,0.18092910816541777,0.028845503769654272,0.003963877956751394,0.9273113997187382,0.011395926078382244,3.498577632102632,0.5197541399196569,2.4226258088178723,0.10771765600646545,0.05827814531661646,0.004873075446382951,0.6329138610011935,0.11358314720103878
