Category,Company,Data Shape,Timesteps,Features,Model,Cross Validation,Cross Validation Params,RMSE Train,RMSE Train,MAE Train,MAE Train,MAPE Train,MAPE Train,R2 Train,R2 Train,RMSE Test,RMSE Test,MAE Test,MAE Test,MAPE Test,MAPE Test,R2 Test,R2 Test
,,,,,,,,mean,std,mean,std,mean,std,mean,std,mean,std,mean,std,mean,std,mean,std
Local Model,204,"(849, 10)",,Chemical + CS1,Decision Tree,Blocking Time Series Split,"{""N_Splits"": 5, ""Repeats"": 1, ""train_size"": 0.8}",1.2103073276531733,0.15261852451659091,0.8705953826490379,0.0694201543903336,0.02134093819222927,0.0009932070985164592,0.9501824731926011,0.023890353655383247,2.1786396525315617,0.4904358825395922,1.6391831610318035,0.5655513715186212,0.03832420107107488,0.011281800517104035,0.84605870068348,0.06042972800872128
Local Model,204,"(849, 10)",,Chemical + CS1,Decision Tree,Out of time Split,"{""Test Size"": 0.2}",1.8535296683334987,0.0,1.430379408463735,0.0,0.034137662805958306,0.0,0.9085016354963183,0.0,5.5781845739907086,0.0,4.526405368305397,0.0,0.12463385872479767,0.0,-0.23328678734998642,0.0
Local Model,204,"(849, 10)",,Chemical + CS1,Decision Tree,Repeated KFold,"{""N_Splits"": 5, ""Repeats"": 3}",1.9060627547964875,0.05769487638902725,1.4358936213477678,0.029024402954741364,0.0350903857373528,0.0006861736144641886,0.9052622550262206,0.005762943886365457,2.178325430080664,0.19057488699075725,1.5985384115409134,0.09566853627248026,0.03910758072283209,0.002413365829869858,0.8741402928886172,0.025007793419992062
Local Model,204,"(849, 10)",,Chemical + CS1,Decision Tree,Time Series Split,"{""N_Splits"": 5, ""Repeats"": 1, ""Gap"": 0}",1.5903298299267383,0.24249357642554767,1.2200751345359415,0.18533279363276028,0.02954731336512837,0.004242918192867018,0.9261041404131343,0.01514170036832079,3.6231939726139317,0.6136043243998458,2.57685380501209,0.5047385825092913,0.06278927893336597,0.016344548937786314,0.5866722948583758,0.16232348302503175
