Category,Company,Data Shape,Timesteps,Features,Model,Cross Validation,Cross Validation Params,RMSE Train,RMSE Train,MAE Train,MAE Train,MAPE Train,MAPE Train,R2 Train,R2 Train,RMSE Test,RMSE Test,MAE Test,MAE Test,MAPE Test,MAPE Test,R2 Test,R2 Test
,,,,,,,,mean,std,mean,std,mean,std,mean,std,mean,std,mean,std,mean,std,mean,std
Local Model,204,"(849, 14)",,Chemical + Properties CS Less,Decision Tree,Blocking Time Series Split,"{""N_Splits"": 5, ""Repeats"": 1, ""train_size"": 0.8}",1.0454390192213208,0.15265380779997964,0.8194331508045124,0.14872525015393098,0.02005599146662665,0.002664072595636678,0.9660114242511607,0.005159404929709675,2.394680867383502,0.424008980751927,1.629948173582647,0.28680962246713043,0.038691963866685275,0.006167642415787472,0.8213324164110005,0.03806654126943369
Local Model,204,"(849, 14)",,Chemical + Properties CS Less,Decision Tree,Out of time Split,"{""Test Size"": 0.2}",2.155065158525012,0.0,1.5050000865845767,0.0,0.035977236986641487,0.0,0.876309866373307,0.0,2.726362650213375,0.0,2.307805331495381,0.0,0.06221296548648881,0.0,0.7053913017606687,0.0
Local Model,204,"(849, 14)",,Chemical + Properties CS Less,Decision Tree,Repeated KFold,"{""N_Splits"": 5, ""Repeats"": 3}",2.0661474270346862,0.060760209975412566,1.5303357753974949,0.03601123618938473,0.03727762314555354,0.0009323261303447873,0.8887072744143576,0.006183748316791427,2.3913505138045443,0.29390576968683363,1.694767608899309,0.14337163140033052,0.041234177883953005,0.003492378079637362,0.8476069764713254,0.03748260006415555
Local Model,204,"(849, 14)",,Chemical + Properties CS Less,Decision Tree,Time Series Split,"{""N_Splits"": 5, ""Repeats"": 1, ""Gap"": 0}",1.5999520051768996,0.37742678738568286,1.2085251299264563,0.26214960073444726,0.029367867946697608,0.005966887830868309,0.9239986104684009,0.027401956182579148,3.5900733676370287,0.8643354286824462,2.5286671798825933,0.5732725825551616,0.06112448399883733,0.013966205648343463,0.598120453994798,0.19912851021620312
