Category,Company,Data Shape,Timesteps,Features,Model,Cross Validation,Cross Validation Params,RMSE Train,RMSE Train,MAE Train,MAE Train,MAPE Train,MAPE Train,R2 Train,R2 Train,RMSE Test,RMSE Test,MAE Test,MAE Test,MAPE Test,MAPE Test,R2 Test,R2 Test
,,,,,,,,mean,std,mean,std,mean,std,mean,std,mean,std,mean,std,mean,std,mean,std
Local Model,204,"(849, 10)",,Chemical + CS3,Decision Tree,Blocking Time Series Split,"{""N_Splits"": 5, ""Repeats"": 1, ""train_size"": 0.8}",0.9996122983838414,0.11062219459679026,0.7789416613142561,0.12012632192463177,0.01905802144674753,0.0019165579249933937,0.968889771011829,0.0023124106922496916,1.8539891569892575,0.18030095367586582,1.4158723435407565,0.30496031820784586,0.033847408808668086,0.006184778903566984,0.8904468494583238,0.02441455935607444
Local Model,204,"(849, 10)",,Chemical + CS3,Decision Tree,Out of time Split,"{""Test Size"": 0.2}",1.6537270739940735,0.0,1.257829283347334,0.0,0.030366710717864377,0.0,0.9271646988053628,0.0,5.513102341929528,0.0,4.175819284523991,0.0,0.11622950732470408,0.0,-0.20467646854323185,0.0
Local Model,204,"(849, 10)",,Chemical + CS3,Decision Tree,Repeated KFold,"{""N_Splits"": 5, ""Repeats"": 3}",1.7599679451875123,0.06404450026267157,1.3240043927669385,0.0462699191627279,0.03232865596739511,0.0010381231389182495,0.919189501426797,0.005980695472947729,1.9267778104043345,0.14006365984668434,1.4131450533134562,0.0579591588777191,0.03445338475618276,0.0011980510314525835,0.9019036661636449,0.015597336001108054
Local Model,204,"(849, 10)",,Chemical + CS3,Decision Tree,Time Series Split,"{""N_Splits"": 5, ""Repeats"": 1, ""Gap"": 0}",1.3971566297241622,0.2369904873243565,1.0847463043993064,0.1875765406095366,0.02645518037090865,0.004367488042409362,0.9427603940725786,0.013474541988908097,3.4795512121399326,1.0654370054443765,2.4990930639343114,0.7438173128779498,0.062073858826517114,0.01818388729062122,0.6109283847332669,0.23136626758875478
