Category,Company,Data Shape,Timesteps,Features,Model,Cross Validation,Cross Validation Params,RMSE Train,RMSE Train,MAE Train,MAE Train,MAPE Train,MAPE Train,R2 Train,R2 Train,RMSE Test,RMSE Test,MAE Test,MAE Test,MAPE Test,MAPE Test,R2 Test,R2 Test
,,,,,,,,mean,std,mean,std,mean,std,mean,std,mean,std,mean,std,mean,std,mean,std
Local Model,204,"(849, 11)",,Chemical + CS1 + CS3,Decision Tree,Blocking Time Series Split,"{""N_Splits"": 5, ""Repeats"": 1, ""train_size"": 0.8}",0.9989238014207882,0.11057883716257175,0.7792992875269676,0.12164457646606586,0.019057567106081252,0.0019002304153440792,0.9689368392035821,0.0022507625297653266,1.9837783668042779,0.35253162324787324,1.4570091497877873,0.3618739619774581,0.03479639926293947,0.007974135295432642,0.8702436376220906,0.053173475833931595
Local Model,204,"(849, 11)",,Chemical + CS1 + CS3,Decision Tree,Out of time Split,"{""Test Size"": 0.2}",1.6537270739940737,0.0,1.2578292833473326,0.0,0.030366710717864336,0.0,0.9271646988053628,0.0,5.7223571159095465,0.0,4.370525166876926,0.0,0.1219902628570313,0.0,-0.297861151063989,0.0
Local Model,204,"(849, 11)",,Chemical + CS1 + CS3,Decision Tree,Repeated KFold,"{""N_Splits"": 5, ""Repeats"": 3}",1.7598138352064023,0.06385404149194122,1.3236960494983607,0.04593490480424878,0.03231948140837094,0.0010280957468614368,0.9192042492255436,0.005962556554311481,1.9453407458742558,0.15374713326786812,1.419242962107512,0.060727185521979976,0.034631566926444264,0.0013047190683341708,0.9000584981363134,0.015926558119287476
Local Model,204,"(849, 11)",,Chemical + CS1 + CS3,Decision Tree,Time Series Split,"{""N_Splits"": 5, ""Repeats"": 1, ""Gap"": 0}",1.3971566297241624,0.2369904873243565,1.0847463043993066,0.1875765406095368,0.02645518037090866,0.00436748804240937,0.9427603940725786,0.013474541988908089,3.5886354359859802,1.1631852010583639,2.5699795887570085,0.8115057333850456,0.0642265386778986,0.02048082761685596,0.5828320639025699,0.25930741488316555
