Category,Company,Data Shape,Timesteps,Features,Model,Cross Validation,Cross Validation Params,RMSE Train,RMSE Train,MAE Train,MAE Train,MAPE Train,MAPE Train,R2 Train,R2 Train,RMSE Test,RMSE Test,MAE Test,MAE Test,MAPE Test,MAPE Test,R2 Test,R2 Test
,,,,,,,,mean,std,mean,std,mean,std,mean,std,mean,std,mean,std,mean,std,mean,std
Local Model,204,"(849, 11)",,Chemical + CS1 + CS3,Linear Regression,Blocking Time Series Split,"{""N_Splits"": 5, ""Repeats"": 1, ""train_size"": 0.8}",1.2996373421619434,0.0946711372438243,1.0208421590433487,0.0735141692657525,0.0252791772968285,0.0027793199913311393,0.9444759088059532,0.019009030927817076,1.537155764428198,0.26131091735225065,1.2556754881374022,0.21058271685086957,0.030185515834420206,0.004932628569162405,0.9237750727969928,0.025064840493948234
Local Model,204,"(849, 11)",,Chemical + CS1 + CS3,Linear Regression,Out of time Split,"{""Test Size"": 0.2}",1.5032298607779984,0.0,1.1942570743892609,0.0,0.0287631384535466,0.0,0.9398182190171088,0.0,2.8612285677181473,0.0,2.457426385214283,0.0,0.06636439711904227,0.0,0.6755233696534932,0.0
Local Model,204,"(849, 11)",,Chemical + CS1 + CS3,Linear Regression,Repeated KFold,"{""N_Splits"": 5, ""Repeats"": 3}",1.5932015398921384,0.01434842294905996,1.2826635776835993,0.011655735389023762,0.0316510850098035,0.0002976296132929689,0.933869593337544,0.0010676153169511086,1.6258587603228558,0.05876919772367495,1.3079749200060617,0.05090661276139668,0.03232540859398753,0.0012950144223517102,0.9305935782874178,0.004831068643115984
Local Model,204,"(849, 11)",,Chemical + CS1 + CS3,Linear Regression,Time Series Split,"{""N_Splits"": 5, ""Repeats"": 1, ""Gap"": 0}",1.4241706766710336,0.11873611283363478,1.117547814020465,0.11297619261537585,0.027428677893818372,0.0024883923580380153,0.9408820917249668,0.004448889549755183,2.7485394086346835,1.2739013051339985,2.066175004697681,0.6730829442277848,0.051558181224032086,0.020902250591944616,0.7335730689972382,0.25218463121619844
