Category,Company,Data Shape,Timesteps,Features,Model,Cross Validation,Cross Validation Params,RMSE Train,RMSE Train,MAE Train,MAE Train,MAPE Train,MAPE Train,R2 Train,R2 Train,RMSE Test,RMSE Test,MAE Test,MAE Test,MAPE Test,MAPE Test,R2 Test,R2 Test
,,,,,,,,mean,std,mean,std,mean,std,mean,std,mean,std,mean,std,mean,std,mean,std
Local Model,204,"(849, 9)",,Chemical,Linear Regression,Blocking Time Series Split,"{""N_Splits"": 5, ""Repeats"": 1, ""train_size"": 0.8}",1.617574411581399,0.15601944040360333,1.2997097640128048,0.1578319565630168,0.03235214551594602,0.003676451785461519,0.9163898141529797,0.019093833065224917,2.8911307940104414,1.9082399161777472,2.0715423864151368,0.8856255808476762,0.05137783640626116,0.0235098289888638,0.6069419493976325,0.5546956916588018
Local Model,204,"(849, 9)",,Chemical,Linear Regression,Out of time Split,"{""Test Size"": 0.2}",2.2223586643578312,0.0,1.75371006920467,0.0,0.0430991606007965,0.0,0.8684646306144648,0.0,4.392278357833934,0.0,3.9400781590352474,0.0,0.10645369442243513,0.0,0.23535821150465064,0.0
Local Model,204,"(849, 9)",,Chemical,Linear Regression,Repeated KFold,"{""N_Splits"": 5, ""Repeats"": 3}",2.3373612812020363,0.025492706994895677,1.8561068144348225,0.02094446972467904,0.04612731953431137,0.0005594762831583463,0.8576591038581424,0.002920554344001003,2.3705665276781187,0.10233572654871996,1.886836774947308,0.09134078015919872,0.04692791066300681,0.002469981415938257,0.8523630234092533,0.01228884713320646
Local Model,204,"(849, 9)",,Chemical,Linear Regression,Time Series Split,"{""N_Splits"": 5, ""Repeats"": 1, ""Gap"": 0}",1.8858567260074472,0.2797359977593711,1.4864586510570033,0.23349487662754084,0.036638847179385634,0.005571288104789282,0.8960509452651,0.021067239488189747,4.255938069768417,2.2980657440249326,3.2970725247801225,1.3665043507765142,0.08385125982289858,0.04242327517990774,0.3197726606509052,0.7287948799302005
