Category,Company,Data Shape,Timesteps,Features,Model,Cross Validation,Cross Validation Params,RMSE Train,RMSE Train,MAE Train,MAE Train,MAPE Train,MAPE Train,R2 Train,R2 Train,RMSE Test,RMSE Test,MAE Test,MAE Test,MAPE Test,MAPE Test,R2 Test,R2 Test
,,,,,,,,mean,std,mean,std,mean,std,mean,std,mean,std,mean,std,mean,std,mean,std
Local Model,204,"(849, 10)",,Chemical + CS7,Linear Regression,Blocking Time Series Split,"{""N_Splits"": 5, ""Repeats"": 1, ""train_size"": 0.8}",1.2804062323554604,0.1393990700912324,1.0025607065129545,0.11580762133456768,0.02471452157362994,0.0035603979618036813,0.9458826771087668,0.021081280280781437,1.5851516383213464,0.20049617707583386,1.2914489599600827,0.15821426157557747,0.031371903587505204,0.004534825984184698,0.9187461458909549,0.021850912961704976
Local Model,204,"(849, 10)",,Chemical + CS7,Linear Regression,Out of time Split,"{""Test Size"": 0.2}",1.4276922508549628,0.0,1.1321115279559164,0.0,0.02716652765685311,0.0,0.9457145487777555,0.0,2.236978545064492,0.0,1.837645729557386,0.0,0.05081316785036394,0.0,0.8016638148426021,0.0
Local Model,204,"(849, 10)",,Chemical + CS7,Linear Regression,Repeated KFold,"{""N_Splits"": 5, ""Repeats"": 3}",1.4982336718385343,0.014870516200399886,1.1843393991594406,0.013479718832242556,0.029120203038496852,0.00033339776363920464,0.9415177523859929,0.0010436667972989983,1.528559591449011,0.060564365455757226,1.2102199576949675,0.05283989987707372,0.029785580953361892,0.001241247891688374,0.9386410050337833,0.004648936209926361
Local Model,204,"(849, 10)",,Chemical + CS7,Linear Regression,Time Series Split,"{""N_Splits"": 5, ""Repeats"": 1, ""Gap"": 0}",1.303686848594194,0.1312886602412714,1.029027804788782,0.10987050558011716,0.025216870057096812,0.0023382324250152075,0.9504878486751525,0.005144016226766738,2.9290682773863956,2.0344791907976547,2.092485093553157,1.066350752326953,0.05311103616218438,0.031573661200589596,0.6396802558313789,0.498258035944278
