Category,Company,Data Shape,Timesteps,Features,Model,Cross Validation,Cross Validation Params,RMSE Train,RMSE Train,MAE Train,MAE Train,MAPE Train,MAPE Train,R2 Train,R2 Train,RMSE Test,RMSE Test,MAE Test,MAE Test,MAPE Test,MAPE Test,R2 Test,R2 Test
,,,,,,,,mean,std,mean,std,mean,std,mean,std,mean,std,mean,std,mean,std,mean,std
Local Model,204,"(849, 12)",,Chemical + Feature Engineering,Linear Regression,Blocking Time Series Split,"{""N_Splits"": 5, ""Repeats"": 1, ""train_size"": 0.8}",1.5673579124009147,0.1445001867148428,1.2568613530408943,0.14656280544658337,0.031241696061573378,0.0033711559494430045,0.921640394944718,0.016751373220543413,4.514413241253216,5.053583416087029,2.647309993945317,1.9661475647507918,0.06735773131080944,0.05314278175393291,-0.5292440844970236,2.81459583629935
Local Model,204,"(849, 12)",,Chemical + Feature Engineering,Linear Regression,Out of time Split,"{""Test Size"": 0.2}",2.1727767410546286,0.0,1.7151718570045618,0.0,0.04217826537175925,0.0,0.8742683963753958,0.0,4.901552261144612,0.0,4.363519162589653,0.0,0.11958111014172663,0.0,0.04776181430596382,0.0
Local Model,204,"(849, 12)",,Chemical + Feature Engineering,Linear Regression,Repeated KFold,"{""N_Splits"": 5, ""Repeats"": 3}",2.264931882869722,0.025669996899419283,1.7843023513717862,0.018934882406634965,0.04438603492605744,0.00048300601693423176,0.8663373505549234,0.0031009088154831206,2.299065859203758,0.10098735101400091,1.8194234424875775,0.07978222078396945,0.04531835652279988,0.0021073851817203925,0.8610252247998604,0.01297667940581755
Local Model,204,"(849, 12)",,Chemical + Feature Engineering,Linear Regression,Time Series Split,"{""N_Splits"": 5, ""Repeats"": 1, ""Gap"": 0}",1.8292297344823196,0.26943396325751773,1.4500438195424987,0.22136647212345326,0.03570350385143557,0.005302233078634702,0.9022408910573876,0.019599918945684736,4.04633339677159,2.115357010362765,3.1588068283403863,1.292105646868868,0.08054387738679827,0.04016904864699755,0.3939010643775236,0.6331836694884782
