Category,Company,Data Shape,Timesteps,Features,Model,Cross Validation,Cross Validation Params,RMSE Train,RMSE Train,MAE Train,MAE Train,MAPE Train,MAPE Train,R2 Train,R2 Train,RMSE Test,RMSE Test,MAE Test,MAE Test,MAPE Test,MAPE Test,R2 Test,R2 Test
,,,,,,,,mean,std,mean,std,mean,std,mean,std,mean,std,mean,std,mean,std,mean,std
Local Model,204,"(849, 17)",,Chemical + Physical,Linear Regression,Blocking Time Series Split,"{""N_Splits"": 5, ""Repeats"": 1, ""train_size"": 0.8}",1.152561465541283,0.0828763686156365,0.9098187218841556,0.061263362228970414,0.022433196729695494,0.001919019358143644,0.9567181932133835,0.013517234738383175,1.9615416658028448,0.772547506967898,1.6217597121157783,0.5801014594552714,0.03940106223681837,0.014283368175122886,0.8595646803192931,0.1203921402378618
Local Model,204,"(849, 17)",,Chemical + Physical,Linear Regression,Out of time Split,"{""Test Size"": 0.2}",1.3423375470386298,0.0,1.0779383667665212,0.0,0.025939102606618466,0.0,0.9520114393771212,0.0,1.9544683914667182,0.0,1.6470117069973687,0.0,0.04479496952336412,0.0,0.8485966026145184,0.0
Local Model,204,"(849, 17)",,Chemical + Physical,Linear Regression,Repeated KFold,"{""N_Splits"": 5, ""Repeats"": 3}",1.3957417496225417,0.012899246105765752,1.1195769219500433,0.013315461314905217,0.02761083060014436,0.000355187500895401,0.9492466105644088,0.0007981362498375365,1.435777600339673,0.05192460764231154,1.1515890832378424,0.05344727743658404,0.0284303027535267,0.0013912625152333762,0.9458733851413604,0.0037420376339581582
Local Model,204,"(849, 17)",,Chemical + Physical,Linear Regression,Time Series Split,"{""N_Splits"": 5, ""Repeats"": 1, ""Gap"": 0}",1.2381776580842332,0.11287407201607945,0.9925304000956252,0.0959239356664029,0.024385412487694002,0.0020263226253043397,0.9553437099851914,0.003734792599433416,2.5902686115942135,1.4841151298687307,1.906080278157237,0.8003665452880947,0.04798275674135709,0.024031337571054755,0.746111322727347,0.2992698910159799
