Category,Company,Data Shape,Timesteps,Features,Model,Cross Validation,Cross Validation Params,RMSE Train,RMSE Train,MAE Train,MAE Train,MAPE Train,MAPE Train,R2 Train,R2 Train,RMSE Test,RMSE Test,MAE Test,MAE Test,MAPE Test,MAPE Test,R2 Test,R2 Test
,,,,,,,,mean,std,mean,std,mean,std,mean,std,mean,std,mean,std,mean,std,mean,std
Local Model,204,"(849, 10)",,Chemical + CS1,MLP,Blocking Time Series Split,"{""N_Splits"": 5, ""Repeats"": 3, ""train_size"": 0.8}",5.57240929236517,1.092617205944634,4.286622161300094,0.911782816641511,0.10611353508116429,0.01718930091387759,0.03518536682231685,0.2255578262743328,19.404829004392173,21.34269543216006,12.250152352426566,10.46870998232645,0.2985088206932932,0.27058478595964647,-26.579431254224634,50.12805309923175
Local Model,204,"(849, 10)",,Chemical + CS1,MLP,Out of time Split,"{""Test Size"": 0.2}",1.8212529139345157,0.044826716398314904,1.4118291373011758,0.015526180999342028,0.03410918437543461,0.00042635344144834004,0.9116070180485737,0.004385535318014203,8.903772153523931,0.9822713819287191,7.24954023473403,0.8228173410893054,0.19981802174634078,0.023747634040980268,-2.1803883025057673,0.7192792306233748
Local Model,204,"(849, 10)",,Chemical + CS1,MLP,Repeated KFold,"{""N_Splits"": 5, ""Repeats"": 3}",1.819574585794883,0.049114329049858484,1.4287416832953055,0.03177959227903477,0.035063445949707936,0.000787072963783199,0.9136711864278879,0.004876951899134184,2.021748641457198,0.27616742407951883,1.52762229690419,0.11924696066502063,0.0376770865983912,0.0033644948001325605,0.8906429721791554,0.0331515554880513
Local Model,204,"(849, 10)",,Chemical + CS1,MLP,Time Series Split,"{""N_Splits"": 5, ""Repeats"": 3, ""Gap"": 0}",2.9507510495032623,1.2724923952771785,2.2365232135097703,0.9269027052697137,0.05628955466189013,0.02496431621252012,0.6717746222687316,0.31752210970461586,17.571446733285015,23.809602950436833,10.525833460165254,11.74099811204446,0.28123410647489483,0.33958910379042734,-23.38913137327851,47.122035811629196
