Category,Company,Data Shape,Timesteps,Features,Model,Cross Validation,Cross Validation Params,RMSE Train,RMSE Train,MAE Train,MAE Train,MAPE Train,MAPE Train,R2 Train,R2 Train,RMSE Test,RMSE Test,MAE Test,MAE Test,MAPE Test,MAPE Test,R2 Test,R2 Test
,,,,,,,,mean,std,mean,std,mean,std,mean,std,mean,std,mean,std,mean,std,mean,std
Local Model,204,"(849, 14)",,Chemical + Properties CS Less,MLP,Blocking Time Series Split,"{""N_Splits"": 5, ""Repeats"": 3, ""train_size"": 0.8}",5.762045424591938,1.2964318161028194,4.45660242198426,1.093182920911902,0.10946444721262166,0.020335783979081506,-0.03772005841840493,0.313564362643009,15.267625663043994,12.299388833472838,10.541792407465916,6.429266749050387,0.25057356755461874,0.15683425497185996,-11.383835096488301,19.172757168744237
Local Model,204,"(849, 14)",,Chemical + Properties CS Less,MLP,Out of time Split,"{""Test Size"": 0.2}",1.9108602128515555,0.014917238713234806,1.4686288443534001,0.009804810724130504,0.035660334700951694,0.00023045171019637356,0.9027479982503682,0.0015171382734514099,9.392452839659283,1.8129755122546896,7.501124627356435,1.242726315890323,0.21022726578016762,0.03632857969528407,-2.6267981320790996,1.3007815357173869
Local Model,204,"(849, 14)",,Chemical + Properties CS Less,MLP,Repeated KFold,"{""N_Splits"": 5, ""Repeats"": 3}",1.8788453680110146,0.03944162786382887,1.4648310703378933,0.031197915663811727,0.036143114964753566,0.0008185373556769717,0.9079898340391276,0.004018361928185353,2.1246297628227677,0.22902088108851223,1.6243478239947067,0.1353973302171309,0.04031388879492469,0.003895419233100867,0.8800400385920926,0.02689794154549012
Local Model,204,"(849, 14)",,Chemical + Properties CS Less,MLP,Time Series Split,"{""N_Splits"": 5, ""Repeats"": 3, ""Gap"": 0}",2.9516529041788364,1.0903282383681532,2.238876204460587,0.8073248662420581,0.05661270400748597,0.021972477405391665,0.6880351486468441,0.2620993394501643,16.085682417163195,19.98652302435555,10.036598551288,9.789185893517727,0.2664271949212417,0.28442067222086254,-17.359549633187708,34.58427709468161
