Category,Company,Data Shape,Timesteps,Features,Model,Cross Validation,Cross Validation Params,RMSE Train,RMSE Train,MAE Train,MAE Train,MAPE Train,MAPE Train,R2 Train,R2 Train,RMSE Test,RMSE Test,MAE Test,MAE Test,MAPE Test,MAPE Test,R2 Test,R2 Test
,,,,,,,,mean,std,mean,std,mean,std,mean,std,mean,std,mean,std,mean,std,mean,std
Local Model,204,"(849, 12)",,Chemical + Feature Engineering,MLP,Blocking Time Series Split,"{""N_Splits"": 5, ""Repeats"": 3, ""train_size"": 0.8}",6.318343360868726,1.4189660256510834,4.928341569971155,1.2812290696320938,0.12248290632630865,0.025346080982373936,-0.24758065317955624,0.3803919927895644,22.000332176173945,23.00735467003603,13.937187398424335,11.370967551789922,0.3388107352871325,0.29338555910921116,-32.55130277386028,59.02208257313064
Local Model,204,"(849, 12)",,Chemical + Feature Engineering,MLP,Out of time Split,"{""Test Size"": 0.2}",2.0412166829089826,0.027610226611181916,1.5646108124872955,0.014447960647667265,0.03787892321298022,0.0004110353176377192,0.889013049680282,0.003013992701895552,8.10920878192383,1.2761333021105996,6.609305121477912,0.9551708346918966,0.18298696040131526,0.026495646192758595,-1.6709114417607374,0.8460741435928526
Local Model,204,"(849, 12)",,Chemical + Feature Engineering,MLP,Repeated KFold,"{""N_Splits"": 5, ""Repeats"": 3}",2.0442243537586604,0.04111935715956017,1.60291215117814,0.02418695718346053,0.039487267354204256,0.000649406350933976,0.8910815258633644,0.004604998073511055,2.2621080524842823,0.24610872049815483,1.7326176936595619,0.10141326186257497,0.042937932871051986,0.0029574161441576954,0.8642406991180032,0.03205649359044859
Local Model,204,"(849, 12)",,Chemical + Feature Engineering,MLP,Time Series Split,"{""N_Splits"": 5, ""Repeats"": 3, ""Gap"": 0}",3.1047588790451544,1.4747069383317557,2.3190244788667598,1.0702585812935133,0.05874335024941661,0.029288790005141695,0.6230196836009964,0.4165059610509859,17.37658347870611,23.066269005181493,10.64448421851625,11.539591637303241,0.2849113582253875,0.3324022898376532,-22.262099733235708,44.179083001276794
