Category,Company,Data Shape,Timesteps,Features,Model,Cross Validation,Cross Validation Params,RMSE Train,RMSE Train,MAE Train,MAE Train,MAPE Train,MAPE Train,R2 Train,R2 Train,RMSE Test,RMSE Test,MAE Test,MAE Test,MAPE Test,MAPE Test,R2 Test,R2 Test
,,,,,,,,mean,std,mean,std,mean,std,mean,std,mean,std,mean,std,mean,std,mean,std
Local Model,204,"(849, 11)",,Chemical + CS3 + CS7,MLP,Blocking Time Series Split,"{""N_Splits"": 5, ""Repeats"": 3, ""train_size"": 0.8}",5.334374364232781,0.9021719817093766,4.055467820909288,0.6740676241947119,0.09970752571299453,0.012092624501877257,0.11550715300348804,0.16654461276323276,17.900348352428637,19.154831854742095,11.658380794300752,9.72335800233837,0.28306118143713005,0.24927708417857347,-21.72661912111887,41.04180829216256
Local Model,204,"(849, 11)",,Chemical + CS3 + CS7,MLP,Out of time Split,"{""Test Size"": 0.2}",1.7895023310522837,0.03425958917937479,1.3685929399433239,0.015069698528467861,0.03329615303515497,0.000448847097491811,0.9146825368430519,0.0032709556841200335,6.88249991537318,0.5444529017914123,5.289900117013969,0.37706571807154854,0.14940937523338563,0.010706321402247372,-0.8892091831317771,0.28908279198734343
Local Model,204,"(849, 11)",,Chemical + CS3 + CS7,MLP,Repeated KFold,"{""N_Splits"": 5, ""Repeats"": 3}",1.6825790850175388,0.051416887659745975,1.3235298015185462,0.033246217104220654,0.032700285042488106,0.0008726827073976312,0.9261645251395045,0.00475347116782661,1.8902651202296643,0.2768318750665819,1.4348976440135808,0.11891379373173522,0.03567635190971634,0.003312677515074464,0.9041877025441561,0.03161771624586701
Local Model,204,"(849, 11)",,Chemical + CS3 + CS7,MLP,Time Series Split,"{""N_Splits"": 5, ""Repeats"": 3, ""Gap"": 0}",2.9860675541510497,1.3239213778264274,2.2431293765463427,0.9603539590377023,0.056283271311568,0.025200661817355443,0.6601757628874206,0.3251860780629539,16.31666104107721,22.92696025735511,9.675204630497781,11.43470506270093,0.25998669954432196,0.3292483620708709,-21.026905451248755,43.94612019479759
