Category,Company,Data Shape,Timesteps,Features,Model,Cross Validation,Cross Validation Params,RMSE Train,RMSE Train,MAE Train,MAE Train,MAPE Train,MAPE Train,R2 Train,R2 Train,RMSE Test,RMSE Test,MAE Test,MAE Test,MAPE Test,MAPE Test,R2 Test,R2 Test
,,,,,,,,mean,std,mean,std,mean,std,mean,std,mean,std,mean,std,mean,std,mean,std
Local Model,204,"(849, 11)",,Chemical + CS1 + CS3,MLP,Blocking Time Series Split,"{""N_Splits"": 5, ""Repeats"": 3, ""train_size"": 0.8}",5.42587392499843,1.0818418562909649,4.134464300932708,0.8277753162007028,0.10139487280181671,0.01572821025721999,0.08462229671293589,0.21960991811477448,18.069227664992074,19.340169491297353,11.764113657483868,9.87982048955825,0.2855504782670892,0.25264754807106504,-22.174173997548582,41.66746707640329
Local Model,204,"(849, 11)",,Chemical + CS1 + CS3,MLP,Out of time Split,"{""Test Size"": 0.2}",1.8081675583669885,0.04696862437917771,1.3960462592101062,0.024194624647563157,0.03389447306503551,0.0006480926860735112,0.9128666258914618,0.004487678801996787,7.255580790463022,0.4361470293248337,5.764768281824449,0.47860367636102774,0.16018576429300538,0.013407014847973252,-1.0940601563391834,0.24666682036015683
Local Model,204,"(849, 11)",,Chemical + CS1 + CS3,MLP,Repeated KFold,"{""N_Splits"": 5, ""Repeats"": 3}",1.7021114653517768,0.04249446213573225,1.3408644500609375,0.0328360797940423,0.03303489220766749,0.0008436477704736221,0.9244587557016829,0.00411177578151179,1.8947707979918,0.2604062050945447,1.4410665546299948,0.10163122644038813,0.03572891504955466,0.0029146892081593424,0.9039470548817686,0.029993389002453363
Local Model,204,"(849, 11)",,Chemical + CS1 + CS3,MLP,Time Series Split,"{""N_Splits"": 5, ""Repeats"": 3, ""Gap"": 0}",3.0075331699902876,1.339406333736233,2.2675893684403103,0.9678632250522402,0.056717044926680386,0.02534320238019622,0.6546796160455962,0.33228437532757243,16.781398763014362,22.91779650338558,10.005678614298501,11.34164501665907,0.2675402350428218,0.32770147383932824,-21.457450527631586,43.65559848590694
