Category,Company,Data Shape,Timesteps,Features,Model,Cross Validation,Cross Validation Params,RMSE Train,RMSE Train,MAE Train,MAE Train,MAPE Train,MAPE Train,R2 Train,R2 Train,RMSE Test,RMSE Test,MAE Test,MAE Test,MAPE Test,MAPE Test,R2 Test,R2 Test
,,,,,,,,mean,std,mean,std,mean,std,mean,std,mean,std,mean,std,mean,std,mean,std
Local Model,204,"(849, 12)",,Chemical + Feature Engineering,Random Forest,Blocking Time Series Split,"{""N_Splits"": 5, ""Repeats"": 1, ""train_size"": 0.8}",1.0099783656895363,0.17089531526000507,0.6505631941911318,0.056731220531010984,0.016106496399807668,0.001798251323912784,0.9651320698237089,0.016899928902502446,2.498293847396634,0.5993460539507394,1.86057933798966,0.5178251649287957,0.044373859419626106,0.012400167805110003,0.7984303462830413,0.08620757401785575
Local Model,204,"(849, 12)",,Chemical + Feature Engineering,Random Forest,Out of time Split,"{""Test Size"": 0.2}",1.3958877791932778,0.0,1.0705115436343544,0.0,0.02541209527226843,0.0,0.9481062258190353,0.0,3.0231963204253844,0.0,2.52417727086904,0.0,0.06744533613918076,0.0,0.6377478107875327,0.0
Local Model,204,"(849, 12)",,Chemical + Feature Engineering,Random Forest,Repeated KFold,"{""N_Splits"": 5, ""Repeats"": 3}",1.3694565197088986,0.03268031846611517,1.022391218355181,0.02407104025922546,0.02464251126047114,0.0006252044682271108,0.9511061542517656,0.002498382552936608,1.7256122102095373,0.1268684781389631,1.2741455866333913,0.06258008736183429,0.03106351625661529,0.0017824219846937768,0.9213417643124945,0.01197244272287067
Local Model,204,"(849, 12)",,Chemical + Feature Engineering,Random Forest,Time Series Split,"{""N_Splits"": 5, ""Repeats"": 1, ""Gap"": 0}",1.1977960879281422,0.18445802142801057,0.9019828181604188,0.1568533956619157,0.021692094078115065,0.0034359105438419137,0.9579157677235447,0.009007881996709082,3.1299322289248153,0.562955270321725,2.2448773098415664,0.2833392610963879,0.05456519921982657,0.008096448066067274,0.6949909098954781,0.1204370128367764
