Category,Company,Data Shape,Timesteps,Features,Model,Cross Validation,Cross Validation Params,RMSE Train,RMSE Train,MAE Train,MAE Train,MAPE Train,MAPE Train,R2 Train,R2 Train,RMSE Test,RMSE Test,MAE Test,MAE Test,MAPE Test,MAPE Test,R2 Test,R2 Test
,,,,,,,,mean,std,mean,std,mean,std,mean,std,mean,std,mean,std,mean,std,mean,std
Local Model,204,"(849, 10)",,Chemical + CS1,Random Forest,Blocking Time Series Split,"{""N_Splits"": 5, ""Repeats"": 1, ""train_size"": 0.8}",0.8529636889890859,0.10389334580101504,0.6023957808064407,0.040472514708693445,0.014794414138974773,0.0008687318006444267,0.9755789406781596,0.01103877393112385,1.8067357252035563,0.5171811646798576,1.4173758458114603,0.45353191236347123,0.03365322498704402,0.010209865760997392,0.889420211769971,0.058121968088969966
Local Model,204,"(849, 10)",,Chemical + CS1,Random Forest,Out of time Split,"{""Test Size"": 0.2}",1.3231361437994522,0.0,1.0516897439783994,0.0,0.025063610304827007,0.0,0.9533745202253106,0.0,4.494248236277064,0.0,3.8653157204885686,0.0,0.10680654869910422,0.0,0.19944268274883203,0.0
Local Model,204,"(849, 10)",,Chemical + CS1,Random Forest,Repeated KFold,"{""N_Splits"": 5, ""Repeats"": 3}",1.3613438806343536,0.03946293690165714,1.0447938593681612,0.03611447509197824,0.02539384167012758,0.0009248912500649072,0.9516818257463204,0.002727046511621387,1.7509385883244586,0.11810246779156149,1.2986791649783962,0.06342990067154443,0.03177793737744901,0.0017046250314540748,0.9191837263321124,0.01110082103401217
Local Model,204,"(849, 10)",,Chemical + CS1,Random Forest,Time Series Split,"{""N_Splits"": 5, ""Repeats"": 1, ""Gap"": 0}",1.0950259914058424,0.1797147040316275,0.8426814531871261,0.1548908907280295,0.020504631953498706,0.003513565935134333,0.9648090002159894,0.00812141308897184,3.1441118685565486,0.6929951485334772,2.2947946699083532,0.48554749003313025,0.05711949125985204,0.014160152195328355,0.6863667149310212,0.13545062061978574
