Category,Company,Data Shape,Timesteps,Features,Model,Cross Validation,Cross Validation Params,RMSE Train,RMSE Train,MAE Train,MAE Train,MAPE Train,MAPE Train,R2 Train,R2 Train,RMSE Test,RMSE Test,MAE Test,MAE Test,MAPE Test,MAPE Test,R2 Test,R2 Test
,,,,,,,,mean,std,mean,std,mean,std,mean,std,mean,std,mean,std,mean,std,mean,std
Local Model,204,"(849, 17)",,Chemical + Physical,Random Forest,Blocking Time Series Split,"{""N_Splits"": 5, ""Repeats"": 1, ""train_size"": 0.8}",0.688763539423746,0.12880370629366342,0.5063889849762451,0.10383142079656914,0.01236817754090781,0.0019161510921680354,0.9852105678746111,0.003276718159520007,1.7945114724280138,0.3309434107895824,1.401997184502294,0.3556854219171256,0.0331963901236751,0.008246699968828744,0.8945646394491646,0.0430966561945517
Local Model,204,"(849, 17)",,Chemical + Physical,Random Forest,Out of time Split,"{""Test Size"": 0.2}",1.109631640774151,0.0,0.8614814964436223,0.0,0.020578952011312362,0.0,0.9672076975070631,0.0,2.7341506969720104,0.0,2.1964700826425014,0.0,0.060010283464052225,0.0,0.7037057568003726,0.0
Local Model,204,"(849, 17)",,Chemical + Physical,Random Forest,Repeated KFold,"{""N_Splits"": 5, ""Repeats"": 3}",1.1181714707066794,0.024989867201734045,0.8497266892914056,0.01674979380869472,0.020697817852808772,0.00044061461664994306,0.9674135197435504,0.0013983318027216108,1.4684190640640615,0.11983144804284158,1.0938861316901571,0.05669504867135405,0.026701429133118015,0.001374641400532421,0.9429304930454442,0.010296196756452127
Local Model,204,"(849, 17)",,Chemical + Physical,Random Forest,Time Series Split,"{""N_Splits"": 5, ""Repeats"": 1, ""Gap"": 0}",0.9229763909247177,0.1496023331872747,0.6976663042409809,0.14595129218680175,0.016985108028215734,0.003299901829941925,0.9750936170250315,0.005585337361941417,2.1046637719222354,0.36594852929283456,1.6072961172491937,0.23680981253395073,0.03910039103433869,0.007662394533558137,0.8602009277753705,0.06864314190866506
