Category,Company,Data Shape,Timesteps,Features,Model,Cross Validation,Cross Validation Params,RMSE Train,RMSE Train,MAE Train,MAE Train,MAPE Train,MAPE Train,R2 Train,R2 Train,RMSE Test,RMSE Test,MAE Test,MAE Test,MAPE Test,MAPE Test,R2 Test,R2 Test
,,,,,,,,mean,std,mean,std,mean,std,mean,std,mean,std,mean,std,mean,std,mean,std
Local Model,204,"(849, 10)",,Chemical + CS7,XGBoost,Blocking Time Series Split,"{""N_Splits"": 5, ""Repeats"": 1, ""train_size"": 0.8}",1.277391259864849,0.13962467301783668,1.0505089823404947,0.13839726210343578,0.02611121745172449,0.00271183753143663,0.9491859161846421,0.0033164956824773776,2.7182805533197456,1.1209655854274152,2.081788860545439,0.7537209960349669,0.048991755945412094,0.01546826267313441,0.725171881952295,0.20435380866501096
Local Model,204,"(849, 10)",,Chemical + CS7,XGBoost,Out of time Split,"{""Test Size"": 0.2}",1.4791193415237494,0.0,1.2101553479561222,0.0,0.029605939701397337,0.0,0.9417332654328268,0.0,3.7294720775788197,0.0,3.2548099787095013,0.0,0.09171416274878866,0.0,0.4487189831169124,0.0
Local Model,204,"(849, 10)",,Chemical + CS7,XGBoost,Repeated KFold,"{""N_Splits"": 5, ""Repeats"": 3}",1.508560103163141,0.0167530796259154,1.2337067943546889,0.01504834400416011,0.03071948859817344,0.0003371841534080652,0.9407105018915705,0.0010554475968184074,1.8299706622720884,0.13250646714461026,1.4580572679002044,0.10196927093665907,0.036210985849664465,0.0024585033055329756,0.9120531618537856,0.009986464345061657
Local Model,204,"(849, 10)",,Chemical + CS7,XGBoost,Time Series Split,"{""N_Splits"": 5, ""Repeats"": 1, ""Gap"": 0}",1.3707752562073792,0.10671854289598307,1.1237368337082385,0.0825613098648977,0.027976016037598674,0.001664553734957802,0.9452501356635976,0.003022768017153841,3.326922646310951,0.8932007387571163,2.60059605396893,0.5160801253817968,0.06381477299294123,0.012318809178905975,0.640033810599952,0.22613632936243613
