Category,Company,Data Shape,Timesteps,Features,Model,Cross Validation,Cross Validation Params,RMSE Train,RMSE Train,MAE Train,MAE Train,MAPE Train,MAPE Train,R2 Train,R2 Train,RMSE Test,RMSE Test,MAE Test,MAE Test,MAPE Test,MAPE Test,R2 Test,R2 Test
,,,,,,,,mean,std,mean,std,mean,std,mean,std,mean,std,mean,std,mean,std,mean,std
Local Model,204,"(849, 17)",,Chemical + Physical,XGBoost,Blocking Time Series Split,"{""N_Splits"": 5, ""Repeats"": 1, ""train_size"": 0.8}",1.2438948464669337,0.11997128557031964,1.0260484913013599,0.12696853058832241,0.025568626598841654,0.0025379830143929033,0.9517531821902819,0.0017292997999434087,2.461793560533035,0.9453225189824944,1.8677941050809974,0.6507656568298296,0.04448307755128643,0.013512102084294247,0.7798803823963313,0.14790833923476876
Local Model,204,"(849, 17)",,Chemical + Physical,XGBoost,Out of time Split,"{""Test Size"": 0.2}",1.4451593103067395,0.0,1.1743115175946648,0.0,0.02882595396453293,0.0,0.9443781156493037,0.0,3.4724811678769694,0.0,3.063460123398724,0.0,0.08650682265713623,0.0,0.5220767964734332,0.0
Local Model,204,"(849, 17)",,Chemical + Physical,XGBoost,Repeated KFold,"{""N_Splits"": 5, ""Repeats"": 3}",1.4627272597273284,0.011612223227830893,1.192423738459334,0.011162584009937155,0.029772523563917883,0.0002777372824547661,0.9442590341439231,0.0007331677672917145,1.8013721323484087,0.12320823207309635,1.432957751600454,0.07392656775897076,0.03576485120089168,0.0018899147457528448,0.9147211307754364,0.009726175191286043
Local Model,204,"(849, 17)",,Chemical + Physical,XGBoost,Time Series Split,"{""N_Splits"": 5, ""Repeats"": 1, ""Gap"": 0}",1.3234261954095903,0.09701944707636033,1.0907063908177606,0.06664035228619807,0.027225183378156815,0.0013248190031990537,0.948948769400262,0.0024610520309143627,3.3009100684849146,0.8532901218653869,2.5991904262245122,0.4691552330062832,0.06344847137475834,0.011389369480061797,0.6474364241701832,0.2125685692940048
