Category,Company,Data Shape,Timesteps,Features,Model,Cross Validation,Cross Validation Params,RMSE Train,RMSE Train,MAE Train,MAE Train,MAPE Train,MAPE Train,R2 Train,R2 Train,RMSE Test,RMSE Test,MAE Test,MAE Test,MAPE Test,MAPE Test,R2 Test,R2 Test
,,,,,,,,mean,std,mean,std,mean,std,mean,std,mean,std,mean,std,mean,std,mean,std
Local Model,204,"(849, 14)",,Chemical + Properties CS Less,XGBoost,Blocking Time Series Split,"{""N_Splits"": 5, ""Repeats"": 1, ""train_size"": 0.8}",1.27797804113818,0.12912209001733874,1.0530437588161892,0.13712410489420135,0.026212242503183335,0.002793974875927797,0.9491269783131028,0.0021671573184086643,2.6902222481719527,1.0450750597769782,2.084195786420037,0.7709895880573945,0.049559455356267504,0.01636669961563991,0.7445713841933018,0.1573864852173526
Local Model,204,"(849, 14)",,Chemical + Properties CS Less,XGBoost,Out of time Split,"{""Test Size"": 0.2}",1.6053962763360627,0.0,1.3055281875902494,0.0,0.031919886458755875,0.0,0.9313597668365501,0.0,4.042692484537995,0.0,3.428207155115464,0.0,0.09854323260862172,0.0,0.35223163839034477,0.0
Local Model,204,"(849, 14)",,Chemical + Properties CS Less,XGBoost,Repeated KFold,"{""N_Splits"": 5, ""Repeats"": 3}",1.6176024716705588,0.018269621927832744,1.321159460975008,0.016714030314732023,0.032884991635116184,0.0004180498874763161,0.9318246185539875,0.001479596621969686,2.1320216939059398,0.27014356027382147,1.6425559515282429,0.1476241971735184,0.040868565253338054,0.0036455650809283134,0.879523219352702,0.029175721861601927
Local Model,204,"(849, 14)",,Chemical + Properties CS Less,XGBoost,Time Series Split,"{""N_Splits"": 5, ""Repeats"": 1, ""Gap"": 0}",1.4481431147587411,0.1482726528300328,1.181189549119893,0.12172813115574506,0.029414634070593415,0.0026159436059593083,0.9389244864802236,0.006416117270158019,3.839233352165857,0.8737054193776067,2.9707932451396966,0.6364534193499287,0.07351941479293185,0.014825577002946448,0.5378854784512482,0.22140487548851281
