Category,Company,Data Shape,Timesteps,Features,Model,Cross Validation,Cross Validation Params,RMSE Train,RMSE Train,MAE Train,MAE Train,MAPE Train,MAPE Train,R2 Train,R2 Train,RMSE Test,RMSE Test,MAE Test,MAE Test,MAPE Test,MAPE Test,R2 Test,R2 Test
,,,,,,,,mean,std,mean,std,mean,std,mean,std,mean,std,mean,std,mean,std,mean,std
Local Model,204,"(801, 11)",,Chemical + Feature Engineering,Decision Tree,Blocking Time Series Split,"{""N_Splits"": 5, ""Repeats"": 1, ""train_size"": 0.8}",1.56802398384159,0.31995287379495874,1.2087759554101638,0.23372773117667944,0.029438098165339953,0.0068698277514048596,0.8169235459395509,0.22423831827062504,2.379920173442565,0.2580309832603299,1.8973148539628106,0.2794292877494995,0.0464054428246841,0.010489146514374426,0.40343067700532664,0.8262538397188348
Local Model,204,"(801, 11)",,Chemical + Feature Engineering,Decision Tree,Out of time Split,"{""Test Size"": 0.2}",2.1849146450865184,0.0,1.6605603890193525,0.0,0.03926519576798088,0.0,0.8880782886591387,0.0,3.117855738024264,0.0,2.330458411775404,0.0,0.06428087669952383,0.0,-1.8398584903344393,0.0
Local Model,204,"(801, 11)",,Chemical + Feature Engineering,Decision Tree,Repeated KFold,"{""N_Splits"": 5, ""Repeats"": 3}",2.2087210177403356,0.06439481001025052,1.6945168841049483,0.04175220570427188,0.04145536975810306,0.0011021202150370952,0.8923713787005824,0.0067837175504166115,2.573940746231282,0.2866725140262757,1.8851061186478355,0.16009987528216624,0.04621370893757233,0.0041913949902885475,0.8503851564176295,0.03749909416690081
Local Model,204,"(801, 11)",,Chemical + Feature Engineering,Decision Tree,Time Series Split,"{""N_Splits"": 5, ""Repeats"": 1, ""Gap"": 0}",1.7683522534462313,0.29207211413859163,1.3826379502084825,0.1852588636900814,0.03155587968683208,0.004962027044883072,0.9136995402102487,0.019500927127725935,2.9576247818920534,0.44863970391463953,2.2196132047913357,0.34469611543431566,0.05636555943497543,0.012534713953865165,0.22985961774616498,0.9651674586073037
