Category,Company,Data Shape,Timesteps,Features,Model,Cross Validation,Cross Validation Params,RMSE Train,RMSE Train,MAE Train,MAE Train,MAPE Train,MAPE Train,R2 Train,R2 Train,RMSE Test,RMSE Test,MAE Test,MAE Test,MAPE Test,MAPE Test,R2 Test,R2 Test
,,,,,,,,mean,std,mean,std,mean,std,mean,std,mean,std,mean,std,mean,std,mean,std
Local Model,204,"(801, 11)",,Chemical + Feature Engineering,Linear Regression,Blocking Time Series Split,"{""N_Splits"": 5, ""Repeats"": 1, ""train_size"": 0.8}",1.97195562631815,0.447034930559087,1.5209381600121907,0.3158131474468894,0.036985050307868896,0.008979079116504874,0.749129306151974,0.26319382843640243,2.5392638146267617,0.26853691702942545,2.0020322619817827,0.21715576519966887,0.04836779681055829,0.009115911577732276,0.29657048351396326,0.977019571997279
Local Model,204,"(801, 11)",,Chemical + Feature Engineering,Linear Regression,Out of time Split,"{""Test Size"": 0.2}",2.4288582054843553,0.0,1.8348020862173393,0.0,0.043217426728813096,0.0,0.8616912314881797,0.0,3.2812085299688465,0.0,2.7195680248028777,0.0,0.0760619697153507,0.0,-2.1452294261452725,0.0
Local Model,204,"(801, 11)",,Chemical + Feature Engineering,Linear Regression,Repeated KFold,"{""N_Splits"": 5, ""Repeats"": 3}",2.544691071166707,0.05055979610814029,1.970708176105125,0.03125621045692008,0.04822792146565305,0.0008103273011368863,0.8572302771790091,0.006126917468394092,2.722990846740291,0.4059484776487804,2.034486012542693,0.1404929619814645,0.04968739728111886,0.0035860277877671496,0.8310481146832073,0.05643138264363051
Local Model,204,"(801, 11)",,Chemical + Feature Engineering,Linear Regression,Time Series Split,"{""N_Splits"": 5, ""Repeats"": 1, ""Gap"": 0}",2.168801020099868,0.16976738303651956,1.6647277367081046,0.11126545510221689,0.03774927357201427,0.0034975066131365954,0.8700821201787188,0.012781713914394257,2.819559896580502,0.619600194845609,2.246213642068462,0.49631572620981046,0.056996409743778065,0.017342948548240037,0.1625159969945825,1.173869431197936
