Category,Company,Data Shape,Timesteps,Features,Model,Cross Validation,Cross Validation Params,RMSE Train,RMSE Train,MAE Train,MAE Train,MAPE Train,MAPE Train,R2 Train,R2 Train,RMSE Test,RMSE Test,MAE Test,MAE Test,MAPE Test,MAPE Test,R2 Test,R2 Test
,,,,,,,,mean,std,mean,std,mean,std,mean,std,mean,std,mean,std,mean,std,mean,std
Local Model,204,"(801, 9)",,Chemical + CS3,Linear Regression,Blocking Time Series Split,"{""N_Splits"": 5, ""Repeats"": 1, ""train_size"": 0.8}",1.4534327604738524,0.18624458099613272,1.1412602912169574,0.131203668477991,0.027577851401222604,0.004283562756152145,0.8364702550062095,0.20888355213770435,1.7121159763609577,0.3495373189855957,1.3923957623858656,0.2726940335301005,0.0336790633980742,0.008500517940973907,0.5766775569510774,0.682315040353857
Local Model,204,"(801, 9)",,Chemical + CS3,Linear Regression,Out of time Split,"{""Test Size"": 0.2}",1.616877525901937,0.0,1.2586777626427332,0.0,0.02926200022113896,0.0,0.9387085861257258,0.0,1.7582220049231148,0.0,1.3349296758637874,0.0,0.0365215261301915,0.0,0.09690780543234745,0.0
Local Model,204,"(801, 9)",,Chemical + CS3,Linear Regression,Repeated KFold,"{""N_Splits"": 5, ""Repeats"": 3}",1.6256863980373895,0.022825010394258615,1.268377549658448,0.012006323419480365,0.030585711080088417,0.0002805341493377843,0.9417391854583744,0.001997539666028393,1.6528475332082377,0.09267405631516294,1.2923300768499444,0.05173760540208803,0.031178344137065155,0.0012037827186171985,0.9390120571393835,0.008422792549443257
Local Model,204,"(801, 9)",,Chemical + CS3,Linear Regression,Time Series Split,"{""N_Splits"": 5, ""Repeats"": 1, ""Gap"": 0}",1.459445043663036,0.15143802758530409,1.162371567545097,0.0984957731164382,0.02638769729222979,0.002613671919359496,0.9413125789786327,0.007404645895247127,1.8076209512286987,0.22864535377834036,1.4055137902594417,0.1750959538611584,0.03419669810657525,0.0039878983155069,0.7502929441653388,0.2925586367507284
