Category,Company,Data Shape,Timesteps,Features,Model,Cross Validation,Cross Validation Params,RMSE Train,RMSE Train,MAE Train,MAE Train,MAPE Train,MAPE Train,R2 Train,R2 Train,RMSE Test,RMSE Test,MAE Test,MAE Test,MAPE Test,MAPE Test,R2 Test,R2 Test
,,,,,,,,mean,std,mean,std,mean,std,mean,std,mean,std,mean,std,mean,std,mean,std
Local Model,204,"(801, 11)",,Chemical + Feature Engineering,MLP,Blocking Time Series Split,"{""N_Splits"": 5, ""Repeats"": 3, ""train_size"": 0.8}",7.366679831422342,1.121455064167117,5.880657082478206,0.918209359041726,0.13978243237934782,0.018203185185144626,-2.640170787366832,4.078730568289115,12.372980342970957,2.8804635220719055,9.129283508459727,1.7765974459240368,0.22705916018672118,0.059380267955595215,-16.104399673445588,24.72205895873684
Local Model,204,"(801, 11)",,Chemical + Feature Engineering,MLP,Out of time Split,"{""Test Size"": 0.2}",2.408576970423509,0.03782335371098214,1.8386161933739977,0.04662736773282018,0.04256392635791473,0.0008687120537990036,0.8639578348889279,0.004285335034784371,2.9540686007477555,0.12662004758982054,2.4290599274882125,0.10481515482233485,0.06813650791656845,0.0031182722245908564,-1.5540123127092145,0.21937800880789568
Local Model,204,"(801, 11)",,Chemical + Feature Engineering,MLP,Repeated KFold,"{""N_Splits"": 5, ""Repeats"": 3}",2.4558276167779547,0.04812916214816675,1.9116569579162266,0.03519910540450748,0.046000984726471086,0.0008716089886118402,0.8670276252969169,0.005658375983227834,2.5459662476693397,0.1741471067526619,1.9809731045166157,0.11333051961443465,0.047780315380380994,0.0028875192476493297,0.8551597337215066,0.022601702107451792
Local Model,204,"(801, 11)",,Chemical + Feature Engineering,MLP,Time Series Split,"{""N_Splits"": 5, ""Repeats"": 3, ""Gap"": 0}",3.2612039130388473,1.4893152485852241,2.5499237441176255,1.1889337380304663,0.05711703729861261,0.026106121902747803,0.6129474570486386,0.4173835449637228,4.82098840861828,2.740413752127676,3.7351845732189357,2.156184258777333,0.09029273249189519,0.04551730061999319,-0.4503323174952063,1.3116188105386684
