Category,Company,Data Shape,Timesteps,Features,Model,Cross Validation,Cross Validation Params,RMSE Train,RMSE Train,MAE Train,MAE Train,MAPE Train,MAPE Train,R2 Train,R2 Train,RMSE Test,RMSE Test,MAE Test,MAE Test,MAPE Test,MAPE Test,R2 Test,R2 Test
,,,,,,,,mean,std,mean,std,mean,std,mean,std,mean,std,mean,std,mean,std,mean,std
Local Model,204,"(801, 15)",,Chemical + Physical,MLP,Blocking Time Series Split,"{""N_Splits"": 5, ""Repeats"": 3, ""train_size"": 0.8}",7.07361469130396,1.079032765080053,5.427642558236917,0.7606511461400052,0.12941835595842952,0.012542699339434709,-2.18508074599722,3.3753655308566284,11.4355148658001,2.861440624438354,8.971402810096741,2.1332376388902143,0.22346032401154498,0.07369834674413281,-17.579189347380584,29.717930209865017
Local Model,204,"(801, 15)",,Chemical + Physical,MLP,Out of time Split,"{""Test Size"": 0.2}",1.437189152457777,0.05208846210380147,1.1236410099665324,0.04722186389589325,0.025688875878416378,0.0009066784565301991,0.951510985623254,0.003553861736682507,1.6099338876901756,0.020739139579102377,1.2037037769262344,0.01422362264027054,0.03306323913877337,0.0005608756610035659,0.2426915309386364,0.019558017696754484
Local Model,204,"(801, 15)",,Chemical + Physical,MLP,Repeated KFold,"{""N_Splits"": 5, ""Repeats"": 3}",1.44739457122708,0.04112615968496792,1.1211399737287175,0.03504931779433703,0.026727045022090407,0.0007528826180935806,0.953795628099734,0.002731024433885291,1.5151186127101175,0.15555124521998753,1.1701387323343975,0.08489943085669713,0.027975973196506503,0.0019864123583952704,0.9484293932743015,0.011227701457679637
Local Model,204,"(801, 15)",,Chemical + Physical,MLP,Time Series Split,"{""N_Splits"": 5, ""Repeats"": 3, ""Gap"": 0}",2.9529732915591733,1.9828753511985082,2.3045351791427113,1.5812505404649173,0.051766190406907144,0.034945694514193396,0.6079583183057129,0.5392723460260559,4.4445116038853785,3.599676591094917,3.424244513757844,2.8061950668052797,0.0815556358048548,0.0625799415360675,-0.09952642184835966,1.296609065282407
