Category,Company,Data Shape,Timesteps,Features,Model,Cross Validation,Cross Validation Params,RMSE Train,RMSE Train,MAE Train,MAE Train,MAPE Train,MAPE Train,R2 Train,R2 Train,RMSE Test,RMSE Test,MAE Test,MAE Test,MAPE Test,MAPE Test,R2 Test,R2 Test
,,,,,,,,mean,std,mean,std,mean,std,mean,std,mean,std,mean,std,mean,std,mean,std
Local Model,204,"(801, 9)",,Chemical + CS3,Random Forest,Blocking Time Series Split,"{""N_Splits"": 5, ""Repeats"": 1, ""train_size"": 0.8}",1.240513115750891,0.155711434921361,0.9897653732291666,0.12138895086319024,0.023891157251556244,0.0033612655427144233,0.890998167133807,0.12940283421528373,1.7888576643530372,0.20445144491354064,1.4164904525906583,0.14973909123283013,0.03451354267564433,0.005287872770562194,0.616120598832284,0.5695182450488182
Local Model,204,"(801, 9)",,Chemical + CS3,Random Forest,Out of time Split,"{""Test Size"": 0.2}",1.6391424164199473,0.0,1.2448913879779264,0.0,0.028920265920030254,0.0,0.9370089615158497,0.0,1.892814814720733,0.0,1.3844691136954086,0.0,0.03749671987014102,0.0,-0.046648654033768056,0.0
Local Model,204,"(801, 9)",,Chemical + CS3,Random Forest,Repeated KFold,"{""N_Splits"": 5, ""Repeats"": 3}",1.5832245515530425,0.022241147286860354,1.244252272283138,0.016554918209921853,0.030119780623263967,0.00041300728429168596,0.9447441250439873,0.0018599702561848505,1.7317201261361281,0.16596015763410374,1.3556740185805496,0.10057616317306124,0.03284150932112382,0.0025725328650538747,0.9325172652206463,0.01472025845912192
Local Model,204,"(801, 9)",,Chemical + CS3,Random Forest,Time Series Split,"{""N_Splits"": 5, ""Repeats"": 1, ""Gap"": 0}",1.394946725661805,0.19358310929953182,1.100910801342976,0.1266045741236849,0.024943691247248302,0.0032703469904456555,0.9463497190928913,0.009757071995757927,2.01430742491243,0.4233753837698924,1.4865196533445748,0.1896942220212793,0.03651119058795448,0.005072616373681849,0.7125433205842009,0.302572323770082
