Category,Company,Data Shape,Timesteps,Features,Model,Cross Validation,Cross Validation Params,RMSE Train,RMSE Train,MAE Train,MAE Train,MAPE Train,MAPE Train,R2 Train,R2 Train,RMSE Test,RMSE Test,MAE Test,MAE Test,MAPE Test,MAPE Test,R2 Test,R2 Test
,,,,,,,,mean,std,mean,std,mean,std,mean,std,mean,std,mean,std,mean,std,mean,std
Local Model,204,"(801, 10)",,Chemical + CS3 + CS7,Random Forest,Blocking Time Series Split,"{""N_Splits"": 5, ""Repeats"": 1, ""train_size"": 0.8}",1.1129194273517684,0.12840195526923617,0.8600111208755126,0.08398996810124991,0.020602512386964256,0.0027950884311874285,0.906617629221491,0.11672691325500405,1.4871715718506078,0.1661827876844586,1.174847473265832,0.14582521004524918,0.02839967492322708,0.003967440007303091,0.7542114427033779,0.3543615036073324
Local Model,204,"(801, 10)",,Chemical + CS3 + CS7,Random Forest,Out of time Split,"{""Test Size"": 0.2}",1.3671590171996821,0.0,1.0732736180794535,0.0,0.024735255035980046,0.0,0.9561788820223731,0.0,1.6595171587300368,0.0,1.247420047764521,0.0,0.03386266402382427,0.0,0.19545903736261439,0.0
Local Model,204,"(801, 10)",,Chemical + CS3 + CS7,Random Forest,Repeated KFold,"{""N_Splits"": 5, ""Repeats"": 3}",1.400619102681396,0.030997186472331916,1.1058746922413851,0.023670672339686713,0.02664760354652408,0.0005397643435595746,0.9567439415952418,0.0020326735647534983,1.5341327039902264,0.1141771907471603,1.1993629757475974,0.07970220457669004,0.028902266426385877,0.0020512863497900644,0.9473303295723127,0.00924691567873448
Local Model,204,"(801, 10)",,Chemical + CS3 + CS7,Random Forest,Time Series Split,"{""N_Splits"": 5, ""Repeats"": 1, ""Gap"": 0}",1.2285128635530367,0.1345686833646604,0.9792319752425083,0.10419182981757406,0.02204550931041261,0.0026986679677519164,0.9584385025522906,0.005412954219082133,1.7225702627978925,0.2979115636374559,1.3013705025977653,0.14379038429424162,0.03198951669740262,0.004853090052454214,0.7822983395029931,0.2363498169366923
