Category,Company,Data Shape,Timesteps,Features,Model,Cross Validation,Cross Validation Params,RMSE Train,RMSE Train,MAE Train,MAE Train,MAPE Train,MAPE Train,R2 Train,R2 Train,RMSE Test,RMSE Test,MAE Test,MAE Test,MAPE Test,MAPE Test,R2 Test,R2 Test
,,,,,,,,mean,std,mean,std,mean,std,mean,std,mean,std,mean,std,mean,std,mean,std
Local Model,204,"(801, 13)",,Chemical + Properties CS Less,XGBoost,Blocking Time Series Split,"{""N_Splits"": 5, ""Repeats"": 1, ""train_size"": 0.8}",1.5594158326318197,0.29604550995773415,1.2629878151416778,0.22987801847670675,0.03087345962554635,0.005263082850466905,0.8692678283686085,0.10759695739251737,2.318761642667197,0.4703708595635468,1.8658852338790894,0.3044782049287036,0.04643543912411459,0.00996852760782541,0.5402098071150263,0.5644145010321031
Local Model,204,"(801, 13)",,Chemical + Properties CS Less,XGBoost,Out of time Split,"{""Test Size"": 0.2}",2.001519100812736,0.0,1.6396126637458799,0.0,0.03909620150295724,0.0,0.906078532702903,0.0,2.27694402442531,0.0,1.8202037560125315,0.0,0.05133441014949799,0.0,-0.5145700857106488,0.0
Local Model,204,"(801, 13)",,Chemical + Properties CS Less,XGBoost,Repeated KFold,"{""N_Splits"": 5, ""Repeats"": 3}",2.0400288338908217,0.024751502986047225,1.6725505123148345,0.02216863241808322,0.04090530925127227,0.0006321865738856509,0.9082771168247576,0.002320221879886522,2.287993409166231,0.14411018013620489,1.8418909573833393,0.09939278766784386,0.04512818646858808,0.002941794490505615,0.8834164381361879,0.014900431379838463
Local Model,204,"(801, 13)",,Chemical + Properties CS Less,XGBoost,Time Series Split,"{""N_Splits"": 5, ""Repeats"": 1, ""Gap"": 0}",1.7589999684561792,0.19292590306596002,1.4340213015276686,0.155912249769066,0.03340555614418091,0.00410772974993364,0.9149509983567897,0.009561553092528381,2.7001047213498968,0.48560143811026096,2.172766475132533,0.3709712934784413,0.055411523907654484,0.01167471453807254,0.5482311701952234,0.3739272148641464
