Category,Company,Data Shape,Timesteps,Features,Model,Cross Validation,Cross Validation Params,RMSE Train,RMSE Train,MAE Train,MAE Train,MAPE Train,MAPE Train,R2 Train,R2 Train,RMSE Test,RMSE Test,MAE Test,MAE Test,MAPE Test,MAPE Test,R2 Test,R2 Test
,,,,,,,,mean,std,mean,std,mean,std,mean,std,mean,std,mean,std,mean,std,mean,std
Local Model,partner_iv,"(320, 33)",,Chemical + Mineralogical + Properties CS Less,Decision Tree,Blocking Time Series Split,"{""N_Splits"": 5, ""Repeats"": 1, ""train_size"": 0.8}",1.502637693906765,0.31986940727784924,1.17539655622758,0.2865012866668915,0.02898594737680692,0.007238326109905368,0.5911270939016771,0.11380939410855898,3.072074565673199,1.573343367217304,2.6842370246007277,1.525576211372386,0.06298221538437973,0.030811105696857934,-1.6740260625012084,0.8159152019856638
Local Model,partner_iv,"(320, 33)",,Chemical + Mineralogical + Properties CS Less,Decision Tree,Out of time Split,"{""Test Size"": 0.2}",2.461118304307657,0.0,2.0166122890446228,0.0,0.04940648312140423,0.0,0.2882239103628432,0.0,2.31808126144401,0.0,1.7942639802631588,0.0,0.04548540067198223,0.0,-0.4457684896094867,0.0
Local Model,partner_iv,"(320, 33)",,Chemical + Mineralogical + Properties CS Less,Decision Tree,Repeated KFold,"{""N_Splits"": 5, ""Repeats"": 3}",2.2619795353082797,0.13657127516604767,1.831853024439906,0.1158725536085636,0.04505740382374171,0.0028577788727091507,0.3299910337990188,0.07832277942172433,2.6006780390954174,0.23038090542624703,2.0942945928522976,0.18195075437619596,0.05158278225519837,0.004420839191754228,0.09299414346899341,0.16246525794531172
Local Model,partner_iv,"(320, 33)",,Chemical + Mineralogical + Properties CS Less,Decision Tree,Time Series Split,"{""N_Splits"": 5, ""Repeats"": 1, ""Gap"": 0}",2.2655475387087085,0.24109487468651628,1.828864229492084,0.22409606699106585,0.04505976802862295,0.005445098592764698,0.33403842927532157,0.1311167170410657,2.827579587128027,0.4375700998088413,2.2954977919121187,0.41466907508869216,0.05602837113462874,0.00791949217802231,-0.450154947764856,0.3273818421879952
