Category,Company,Data Shape,Timesteps,Features,Model,Cross Validation,Cross Validation Params,RMSE Train,RMSE Train,MAE Train,MAE Train,MAPE Train,MAPE Train,R2 Train,R2 Train,RMSE Test,RMSE Test,MAE Test,MAE Test,MAPE Test,MAPE Test,R2 Test,R2 Test
,,,,,,,,mean,std,mean,std,mean,std,mean,std,mean,std,mean,std,mean,std,mean,std
Local Model,partner_iv,"(320, 26)",,Chemical + Mineralogical,Linear Regression,Blocking Time Series Split,"{""N_Splits"": 5, ""Repeats"": 1, ""train_size"": 0.8}",1.1641871349607247,0.19388420899094594,0.9475527830840255,0.14425977773213555,0.02333547538521191,0.003292357763393489,0.7597250120602382,0.02058442906021456,3.7765488104949343,1.6687602766191136,3.2589956449329875,1.5378202866873427,0.07846123926818134,0.0343763049455912,-4.17091203599401,4.221549875143438
Local Model,partner_iv,"(320, 26)",,Chemical + Mineralogical,Linear Regression,Out of time Split,"{""Test Size"": 0.2}",1.8856443155942255,0.0,1.4985539605478149,0.0,0.036620327594997906,0.0,0.5821715898211626,0.0,1.9085584154693667,0.0,1.4695515262300693,0.0,0.03645913628943256,0.0,0.019940694691898853,0.0
Local Model,partner_iv,"(320, 26)",,Chemical + Mineralogical,Linear Regression,Repeated KFold,"{""N_Splits"": 5, ""Repeats"": 3}",1.8229722314864643,0.034655578343847325,1.4609684329870976,0.02762313211730793,0.035935091671310725,0.0006938189430279297,0.566256827109287,0.015167907213894981,2.0307141450919812,0.1222550114475401,1.6207022113306595,0.10258702190011124,0.03984192193643966,0.0024958196568451033,0.4493638391736103,0.06959989395574522
Local Model,partner_iv,"(320, 26)",,Chemical + Mineralogical,Linear Regression,Time Series Split,"{""N_Splits"": 5, ""Repeats"": 1, ""Gap"": 0}",1.7301192983184255,0.21805358619236048,1.3821037907854516,0.18213880499733992,0.03389067462076576,0.004292373112123079,0.6166347505926286,0.05495005358434273,3.4981177884639614,0.9977485517402467,2.621188941809801,0.8709569678139834,0.06337100626392765,0.020991328128687568,-1.3056679599639587,1.1936050372923934
