Category,Company,Data Shape,Timesteps,Features,Model,Cross Validation,Cross Validation Params,RMSE Train,RMSE Train,MAE Train,MAE Train,MAPE Train,MAPE Train,R2 Train,R2 Train,RMSE Test,RMSE Test,MAE Test,MAE Test,MAPE Test,MAPE Test,R2 Test,R2 Test
,,,,,,,,mean,std,mean,std,mean,std,mean,std,mean,std,mean,std,mean,std,mean,std
Local Model,partner_iv,"(320, 33)",,Chemical + Mineralogical + Properties CS Less,Linear Regression,Blocking Time Series Split,"{""N_Splits"": 5, ""Repeats"": 1, ""train_size"": 0.8}",0.8575987376917767,0.1299972856163476,0.6976141479608912,0.1014573430613533,0.017091689880403375,0.002128556121402367,0.8688331918621097,0.012145836047670827,3.6713010487769218,1.8657821852699508,3.025527199009733,1.7717405912968611,0.0717604428002406,0.03725898235889397,-3.2784956755053507,2.8918074004310386
Local Model,partner_iv,"(320, 33)",,Chemical + Mineralogical + Properties CS Less,Linear Regression,Out of time Split,"{""Test Size"": 0.2}",1.7230641016596433,0.0,1.3606223360072653,0.0,0.03315429961150687,0.0,0.6511158153252632,0.0,1.8240676303843264,0.0,1.4578227690617696,0.0,0.036576067091117895,0.0,0.10479331736665498,0.0
Local Model,partner_iv,"(320, 33)",,Chemical + Mineralogical + Properties CS Less,Linear Regression,Repeated KFold,"{""N_Splits"": 5, ""Repeats"": 3}",1.6665217493931663,0.030094782044634682,1.3327568619479588,0.026876434152894018,0.032695203926005105,0.0006708502505278712,0.6375427093383143,0.01129602211751485,1.9235913537502727,0.11737696337461435,1.5398925763488631,0.10563265600530732,0.0377709172716021,0.0026500411505839586,0.5058951226364867,0.06667594825005647
Local Model,partner_iv,"(320, 33)",,Chemical + Mineralogical + Properties CS Less,Linear Regression,Time Series Split,"{""N_Splits"": 5, ""Repeats"": 1, ""Gap"": 0}",1.4608731907672596,0.28376108012536966,1.138893512174338,0.2325390771899348,0.027789429682426682,0.0055977750004228615,0.7232491388442212,0.07744969287459484,2.8397643871337888,0.8131473460088782,2.295864343130699,0.7150798049698722,0.05565057620877416,0.01577655887387561,-0.5958602140512713,0.8220426776964684
