Category,Company,Data Shape,Timesteps,Features,Model,Cross Validation,Cross Validation Params,RMSE Train,RMSE Train,MAE Train,MAE Train,MAPE Train,MAPE Train,R2 Train,R2 Train,RMSE Test,RMSE Test,MAE Test,MAE Test,MAPE Test,MAPE Test,R2 Test,R2 Test
,,,,,,,,mean,std,mean,std,mean,std,mean,std,mean,std,mean,std,mean,std,mean,std
Local Model,partner_iv,"(320, 33)",,Chemical + Mineralogical + Properties CS Less,MLP,Blocking Time Series Split,"{""N_Splits"": 5, ""Repeats"": 3, ""train_size"": 0.8}",7.909931575533277,1.2362511467801258,6.043683807771969,1.103484661158914,0.14874804733561742,0.025713190630134622,-11.119952460716265,5.440840508436692,15.836991246583214,3.6521264522024,13.981913030575482,3.44564468332303,0.3439653298476702,0.09350133960835584,-119.96543919717925,69.78689876430109
Local Model,partner_iv,"(320, 33)",,Chemical + Mineralogical + Properties CS Less,MLP,Out of time Split,"{""Test Size"": 0.2}",3.277758437664202,0.3710116180768181,2.4663146565357845,0.31279852905782174,0.06003306776965242,0.007643074805589248,-0.27867800115916974,0.280583301233467,7.255568023837367,1.1085885722775461,5.884192285935083,0.7531194268615072,0.1460582205378399,0.018394682098170745,-13.4946069755781,4.5619987441120315
Local Model,partner_iv,"(320, 33)",,Chemical + Mineralogical + Properties CS Less,MLP,Repeated KFold,"{""N_Splits"": 5, ""Repeats"": 3}",3.174444218657952,0.30603868149342006,2.474085091451804,0.22798883033414988,0.06078148482889729,0.005630190939429963,-0.3306769593450677,0.27324388485164713,5.323294730273228,0.6128675763203072,4.153657620350519,0.4312893939863311,0.10217986496497498,0.010853618049276927,-2.8220665106069194,0.9232029110585839
Local Model,partner_iv,"(320, 33)",,Chemical + Mineralogical + Properties CS Less,MLP,Time Series Split,"{""N_Splits"": 5, ""Repeats"": 3, ""Gap"": 0}",4.806877267817057,1.5295635338314342,3.679439467316409,1.156964556258155,0.09042288750956692,0.029016966404871586,-2.501675718238241,2.592332906338248,11.668149620209128,4.47827529149553,9.680389677923431,4.257284091064309,0.23865077080515695,0.10637668635942249,-27.417784844552504,21.951622339540148
