Category,Company,Data Shape,Timesteps,Features,Model,Cross Validation,Cross Validation Params,RMSE Train,RMSE Train,MAE Train,MAE Train,MAPE Train,MAPE Train,R2 Train,R2 Train,RMSE Test,RMSE Test,MAE Test,MAE Test,MAPE Test,MAPE Test,R2 Test,R2 Test
,,,,,,,,mean,std,mean,std,mean,std,mean,std,mean,std,mean,std,mean,std,mean,std
Local Model,partner_iv,"(320, 28)",,Chemical + Mineralogical + Feature Engineering,MLP,Blocking Time Series Split,"{""N_Splits"": 5, ""Repeats"": 3, ""train_size"": 0.8}",8.069094924783794,1.1618882705125828,6.460294932446448,1.0293496858117148,0.15889977893883536,0.024452726101808674,-11.385571685188017,4.472988889787852,13.486680816212413,3.473498828112549,11.831204531742976,3.64320966600554,0.28923098764360805,0.09112005390258983,-89.90315362303505,59.62362960496763
Local Model,partner_iv,"(320, 28)",,Chemical + Mineralogical + Feature Engineering,MLP,Out of time Split,"{""Test Size"": 0.2}",3.482556690956692,0.3639764583744878,2.712425077954928,0.2911058398252136,0.06629000325172046,0.0071564814110432655,-0.4407644051018049,0.30853198211826827,7.245205289651203,0.8623677810760758,5.6391921917597445,0.6369482919554068,0.1401901904355426,0.016284758089732718,-13.32360674533148,3.5036142636603747
Local Model,partner_iv,"(320, 28)",,Chemical + Mineralogical + Feature Engineering,MLP,Repeated KFold,"{""N_Splits"": 5, ""Repeats"": 3}",3.3679230752996747,0.25731050091946733,2.646470287640889,0.2064102651752802,0.06496159685203498,0.00511545317956557,-0.49205128126565434,0.2465583111665647,5.166916452004766,0.550894801450618,4.091816879113515,0.462654817760575,0.10071198198434933,0.011331482792492398,-2.62720976341341,0.9205371250115022
Local Model,partner_iv,"(320, 28)",,Chemical + Mineralogical + Feature Engineering,MLP,Time Series Split,"{""N_Splits"": 5, ""Repeats"": 3, ""Gap"": 0}",5.101019541271137,1.6014050793303982,4.097874646651144,1.36595628384499,0.10069175666712975,0.03410867695611482,-2.909449805410311,3.060003243223032,10.303693929184334,4.475840087515972,8.70550470700054,4.223628379143823,0.21528704313743957,0.10685788038782328,-21.53821127359561,20.495577805149743
