Category,Company,Data Shape,Timesteps,Features,Model,Cross Validation,Cross Validation Params,RMSE Train,RMSE Train,MAE Train,MAE Train,MAPE Train,MAPE Train,R2 Train,R2 Train,RMSE Test,RMSE Test,MAE Test,MAE Test,MAPE Test,MAPE Test,R2 Test,R2 Test
,,,,,,,,mean,std,mean,std,mean,std,mean,std,mean,std,mean,std,mean,std,mean,std
Local Model,partner_iv,"(320, 27)",,Chemical + Mineralogical + CS2,Random Forest,Blocking Time Series Split,"{""N_Splits"": 5, ""Repeats"": 1, ""train_size"": 0.8}",1.0444949698892518,0.1707698572714524,0.8066143956370153,0.12483791617451115,0.019966405332802594,0.0031041400525308013,0.8013681317186357,0.04641469068448606,2.7029085344283814,1.51546174361821,2.3716136722273946,1.3792189851823287,0.05556772081225688,0.027526052724424523,-1.0211278821317673,0.444280565622673
Local Model,partner_iv,"(320, 27)",,Chemical + Mineralogical + CS2,Random Forest,Out of time Split,"{""Test Size"": 0.2}",1.6353204631261609,0.0,1.252599038124739,0.0,0.030777015423327225,0.0,0.6857435817056967,0.0,1.5931367455532324,0.0,1.2885124525907345,0.0,0.032345115848724015,0.0,0.31711503356813153,0.0
Local Model,partner_iv,"(320, 27)",,Chemical + Mineralogical + CS2,Random Forest,Repeated KFold,"{""N_Splits"": 5, ""Repeats"": 3}",1.5727404311597226,0.03389951205045721,1.2508161588495474,0.036125247536554154,0.03079447214541653,0.0008760264772490494,0.677025651878075,0.015339542757595418,1.951396298533883,0.18396109881234265,1.551918643046182,0.1364086782911118,0.03801062491888184,0.0031553835758285497,0.48626682759440487,0.11203942592584376
Local Model,partner_iv,"(320, 27)",,Chemical + Mineralogical + CS2,Random Forest,Time Series Split,"{""N_Splits"": 5, ""Repeats"": 1, ""Gap"": 0}",1.4682175679403868,0.14437230619491467,1.1293065603437284,0.13436819114299026,0.027862470119825573,0.003102237837913167,0.7240403507410224,0.02584621734997688,2.350723496332389,0.41862948383857895,1.9179831654440203,0.30695115086331815,0.04671146987059529,0.0058993226461233296,-0.006225031304376927,0.28321689740501504
