Category,Company,Data Shape,Timesteps,Features,Model,Cross Validation,Cross Validation Params,RMSE Train,RMSE Train,MAE Train,MAE Train,MAPE Train,MAPE Train,R2 Train,R2 Train,RMSE Test,RMSE Test,MAE Test,MAE Test,MAPE Test,MAPE Test,R2 Test,R2 Test
,,,,,,,,mean,std,mean,std,mean,std,mean,std,mean,std,mean,std,mean,std,mean,std
Local Model,partner_iv,"(320, 26)",,Chemical + Mineralogical,XGBoost,Blocking Time Series Split,"{""N_Splits"": 5, ""Repeats"": 1, ""train_size"": 0.8}",0.9119407211585411,0.16394240098854118,0.7124626877728629,0.14584048993892676,0.0175895927968538,0.0036451401854161146,0.8523491543446327,0.021993523717602072,2.837423447339689,1.7418350366617454,2.4402481196476855,1.6246574052112184,0.05698296538611593,0.03309146128636238,-1.1342035661772545,0.5701042785071591
Local Model,partner_iv,"(320, 26)",,Chemical + Mineralogical,XGBoost,Out of time Split,"{""Test Size"": 0.2}",1.6769261056301397,0.0,1.357059559226036,0.0,0.03338724360938136,0.0,0.6695496126184612,0.0,1.8576765852547414,0.0,1.5579562187194826,0.0,0.03922581351329117,0.0,0.0715005371925751,0.0
Local Model,partner_iv,"(320, 26)",,Chemical + Mineralogical,XGBoost,Repeated KFold,"{""N_Splits"": 5, ""Repeats"": 3}",1.6052471426567587,0.042489069817735405,1.3059228126207987,0.03389787443588649,0.03220397839339048,0.0008451764988128666,0.663582701040858,0.016734915135037096,2.1735809584417,0.1570488148951993,1.7593601353963215,0.13718966835126628,0.04331799353252628,0.00328680157569294,0.3712887620358789,0.0720140877138701
Local Model,partner_iv,"(320, 26)",,Chemical + Mineralogical,XGBoost,Time Series Split,"{""N_Splits"": 5, ""Repeats"": 1, ""Gap"": 0}",1.4518087383608613,0.23555640564951924,1.173325986243092,0.21412922968694462,0.028940990691834156,0.005156779907047723,0.7285442272466157,0.06131124476802019,2.682253880658575,0.8103932213073708,2.265368563094229,0.6469641470453245,0.05460916380383578,0.012946200834148118,-0.23998200568491104,0.3843903625946719
