Category,Company,Data Shape,Timesteps,Features,Model,Cross Validation,Cross Validation Params,RMSE Train,RMSE Train,MAE Train,MAE Train,MAPE Train,MAPE Train,R2 Train,R2 Train,RMSE Test,RMSE Test,MAE Test,MAE Test,MAPE Test,MAPE Test,R2 Test,R2 Test
,,,,,,,,mean,std,mean,std,mean,std,mean,std,mean,std,mean,std,mean,std,mean,std
Local Model,partner_iv,"(320, 34)",,Chemical + Mineralogical + Physical,XGBoost,Blocking Time Series Split,"{""N_Splits"": 5, ""Repeats"": 1, ""train_size"": 0.8}",0.7672715153701063,0.09240502142468338,0.5681908042758116,0.0709902778795994,0.014064384318787745,0.00164336848302268,0.8944248867946104,0.006210010466087188,2.675160994991326,1.607484907237474,2.2278877610426684,1.4290439483331525,0.051960039962909856,0.028517822297582606,-0.9187339328417117,0.4931267990928613
Local Model,partner_iv,"(320, 34)",,Chemical + Mineralogical + Physical,XGBoost,Out of time Split,"{""Test Size"": 0.2}",1.480987071066997,0.0,1.1825087845325468,0.0,0.029013392113715272,0.0,0.7422605198047727,0.0,1.48576157416423,0.0,1.2604474663734435,0.0,0.031451364913695365,0.0,0.4060639494393502,0.0
Local Model,partner_iv,"(320, 34)",,Chemical + Mineralogical + Physical,XGBoost,Repeated KFold,"{""N_Splits"": 5, ""Repeats"": 3}",1.4170328594211294,0.02663481612833103,1.1458960165580114,0.024462616309167795,0.028240937645369054,0.0005973093173393602,0.7378380151008933,0.011342914511355178,1.9159967578957189,0.15936319568947718,1.537528687318166,0.12204659007684059,0.03777943066262792,0.0029304521771900908,0.5120574734792415,0.058832736553981864
Local Model,partner_iv,"(320, 34)",,Chemical + Mineralogical + Physical,XGBoost,Time Series Split,"{""N_Splits"": 5, ""Repeats"": 1, ""Gap"": 0}",1.2244296752588497,0.23111241500671068,0.9775796707838701,0.18878125198980422,0.024055202257149962,0.0045136346368233,0.8065300085207188,0.05129551259165501,2.254776623206173,0.5992748538615847,1.8603339314010907,0.44837486536834753,0.044970929473547895,0.008398312957672205,0.10733458434467431,0.24577220557392987
