Category,Company,Data Shape,Timesteps,Features,Model,Cross Validation,Cross Validation Params,RMSE Train,RMSE Train,MAE Train,MAE Train,MAPE Train,MAPE Train,R2 Train,R2 Train,RMSE Test,RMSE Test,MAE Test,MAE Test,MAPE Test,MAPE Test,R2 Test,R2 Test
,,,,,,,,mean,std,mean,std,mean,std,mean,std,mean,std,mean,std,mean,std,mean,std
Local Model,209,"(3345, 11)",,Chemical + CS3,Decision Tree,Blocking Time Series Split,"{""N_Splits"": 5, ""Repeats"": 1, ""train_size"": 0.8}",0.9695347856890428,0.06628937911700983,0.7744832350153887,0.05858954903888949,0.017888284728543462,0.0016042606454692372,0.9754113584155183,0.003727457823668376,1.2299372476607915,0.2625913846430289,0.9339151079756658,0.14549608431075592,0.021782768852803717,0.0032620179911599257,0.9488906305513248,0.03317141139945398
Local Model,209,"(3345, 11)",,Chemical + CS3,Decision Tree,Out of time Split,"{""Test Size"": 0.2}",1.0745606467405344,0.0,0.8582536061145956,0.0,0.019730542251219976,0.0,0.9723267834494052,0.0,1.186439599997385,0.0,0.9596740000674912,0.0,0.02306605963988781,0.0,0.9491030177700156,0.0
Local Model,209,"(3345, 11)",,Chemical + CS3,Decision Tree,Repeated KFold,"{""N_Splits"": 5, ""Repeats"": 3}",1.094986369619086,0.011104198023861714,0.8770278498058205,0.010488980665193381,0.020280175690580857,0.00018010275715525323,0.9698813407169001,0.0006370392743371298,1.1145718537494402,0.041843952521541695,0.8911024312538418,0.03130993950320703,0.020587591535355092,0.0006913427001478683,0.9687414376886666,0.0022238412049432154
Local Model,209,"(3345, 11)",,Chemical + CS3,Decision Tree,Time Series Split,"{""N_Splits"": 5, ""Repeats"": 1, ""Gap"": 0}",1.02654989471724,0.03323333061945785,0.8285872877752608,0.023408556388528876,0.018889257693771026,0.0006752611405546727,0.9748189550682556,0.0017940367815248441,1.307311789922553,0.34774610685551016,0.9850377732301702,0.16776362275122217,0.022754813615648954,0.003388117349141111,0.9514349744679992,0.02388072318931376
