Category,Company,Data Shape,Timesteps,Features,Model,Cross Validation,Cross Validation Params,RMSE Train,RMSE Train,MAE Train,MAE Train,MAPE Train,MAPE Train,R2 Train,R2 Train,RMSE Test,RMSE Test,MAE Test,MAE Test,MAPE Test,MAPE Test,R2 Test,R2 Test
,,,,,,,,mean,std,mean,std,mean,std,mean,std,mean,std,mean,std,mean,std,mean,std
Local Model,209,"(3345, 12)",,Chemical + CS3 + CS7,Decision Tree,Blocking Time Series Split,"{""N_Splits"": 5, ""Repeats"": 1, ""train_size"": 0.8}",0.9492343728511201,0.11491795032558151,0.7639017902560874,0.09985978580197305,0.01764641034680355,0.002546064734556261,0.9762797328765822,0.005709390452180723,1.157467552102197,0.22190145726866758,0.9003559638257339,0.11304454997848568,0.021195233863712623,0.002658238677452127,0.954215761246183,0.03166170243075596
Local Model,209,"(3345, 12)",,Chemical + CS3 + CS7,Decision Tree,Out of time Split,"{""Test Size"": 0.2}",1.0582924039019024,0.0,0.839457897121505,0.0,0.01947502160636959,0.0,0.9731583544955997,0.0,1.202241524864786,0.0,0.9784275777285524,0.0,0.023606947767251068,0.0,0.9477382180151331,0.0
Local Model,209,"(3345, 12)",,Chemical + CS3 + CS7,Decision Tree,Repeated KFold,"{""N_Splits"": 5, ""Repeats"": 3}",1.0731526468296595,0.023757788452509677,0.8629390149974742,0.020098892935609843,0.019956521059004084,0.0003809772795103515,0.9710572623843867,0.0013321345355407725,1.095083532476056,0.04534921984025699,0.8798766617208554,0.038052081439208824,0.020338083127615102,0.0008012054971110434,0.969813038900086,0.002386386688005676
Local Model,209,"(3345, 12)",,Chemical + CS3 + CS7,Decision Tree,Time Series Split,"{""N_Splits"": 5, ""Repeats"": 1, ""Gap"": 0}",0.9913304424930907,0.05493942409844004,0.7939710970794517,0.037337265722400106,0.018234136898916765,0.0010523402443391985,0.9764672763880909,0.002705847347918797,1.1018792261839903,0.1598822152555122,0.8789027568872161,0.11772633678640448,0.020641855810233565,0.003012430623684558,0.9656176886434485,0.013568982400221518
