Category,Company,Data Shape,Timesteps,Features,Model,Cross Validation,Cross Validation Params,RMSE Train,RMSE Train,MAE Train,MAE Train,MAPE Train,MAPE Train,R2 Train,R2 Train,RMSE Test,RMSE Test,MAE Test,MAE Test,MAPE Test,MAPE Test,R2 Test,R2 Test
,,,,,,,,mean,std,mean,std,mean,std,mean,std,mean,std,mean,std,mean,std,mean,std
Local Model,209,"(3345, 11)",,Chemical + CS7,Linear Regression,Blocking Time Series Split,"{""N_Splits"": 5, ""Repeats"": 1, ""train_size"": 0.8}",0.734655814663614,0.07279868480486702,0.5611787324051273,0.06030346665922876,0.012766785776654268,0.0014671420514202613,0.9855351139172948,0.004171866736236323,0.8043526298740084,0.13684656364756217,0.5879773034553404,0.10719414116704035,0.013787949169723483,0.0027505613009060517,0.9776312473186364,0.014277398959446285
Local Model,209,"(3345, 11)",,Chemical + CS7,Linear Regression,Out of time Split,"{""Test Size"": 0.2}",0.7829666696039784,0.0,0.5905828771449528,0.0,0.013371778235292573,0.0,0.985307884691235,0.0,0.8505563044794622,0.0,0.669676843369821,0.0,0.015725611750708857,0.0,0.9738418574921565,0.0
Local Model,209,"(3345, 11)",,Chemical + CS7,Linear Regression,Repeated KFold,"{""N_Splits"": 5, ""Repeats"": 3}",0.7921663950875943,0.005027640827459203,0.60361532043701,0.004052794445025427,0.013778383390929731,9.455987467640662e-05,0.98423767928795,0.00020714084144669902,0.7960382573684032,0.019644041879860304,0.6067527700515406,0.01621032773537667,0.013850987142077477,0.0003766693445057764,0.9840601713384343,0.0008162507680490442
Local Model,209,"(3345, 11)",,Chemical + CS7,Linear Regression,Time Series Split,"{""N_Splits"": 5, ""Repeats"": 1, ""Gap"": 0}",0.7745573989030468,0.02909199247844653,0.6029295527513724,0.029080806596184214,0.013645734002344307,0.0006517193358392928,0.985662858598842,0.0010823065843341172,0.8396246520471309,0.14752391870288098,0.6569143748421883,0.11935296249627862,0.015098487878790917,0.0027758990594316806,0.9799453197677405,0.007874357331759018
