Category,Company,Data Shape,Timesteps,Features,Model,Cross Validation,Cross Validation Params,RMSE Train,RMSE Train,MAE Train,MAE Train,MAPE Train,MAPE Train,R2 Train,R2 Train,RMSE Test,RMSE Test,MAE Test,MAE Test,MAPE Test,MAPE Test,R2 Test,R2 Test
,,,,,,,,mean,std,mean,std,mean,std,mean,std,mean,std,mean,std,mean,std,mean,std
Local Model,209,"(3345, 14)",,Chemical + Properties CS Less,Linear Regression,Blocking Time Series Split,"{""N_Splits"": 5, ""Repeats"": 1, ""train_size"": 0.8}",1.1630271017022604,0.13893754823335697,0.9161227021451419,0.10934061395706145,0.021102083794672995,0.0030354139228577913,0.9628353789393748,0.01518316868742878,1.225212728202504,0.20109366281715105,0.9648468619993082,0.1334327075544657,0.022716814795077055,0.0036926283284394778,0.9488885914364295,0.030537246770323066
Local Model,209,"(3345, 14)",,Chemical + Properties CS Less,Linear Regression,Out of time Split,"{""Test Size"": 0.2}",1.1746846691851687,0.0,0.9189157105868492,0.0,0.020841488138208478,0.0,0.96692952901038,0.0,1.620130259448778,0.0,1.1944178703393455,0.0,0.02913385226675994,0.0,0.9050924784034636,0.0
Local Model,209,"(3345, 14)",,Chemical + Properties CS Less,Linear Regression,Repeated KFold,"{""N_Splits"": 5, ""Repeats"": 3}",1.2571012216711681,0.009818073983935445,0.9674679281404572,0.003981489647620658,0.022287091266263905,8.547376299935498e-05,0.9603045180630796,0.0006577212848919411,1.2660242900944887,0.03946235803561284,0.973508938863555,0.013253250070379826,0.02243152978391374,0.00027912808175335903,0.9596622662989661,0.0026622807086927876
Local Model,209,"(3345, 14)",,Chemical + Properties CS Less,Linear Regression,Time Series Split,"{""N_Splits"": 5, ""Repeats"": 1, ""Gap"": 0}",1.1693988384644673,0.03260815431182813,0.9282886043418284,0.03056891273009985,0.021058655556473564,0.0007201813683023638,0.967339692874601,0.0018771490854377054,1.3271404972723193,0.23678950756852174,1.0282100225831765,0.1469905559911246,0.023892723148146253,0.003914793265244271,0.9479845321780767,0.02738192004550609
