Category,Company,Data Shape,Timesteps,Features,Model,Cross Validation,Cross Validation Params,RMSE Train,RMSE Train,MAE Train,MAE Train,MAPE Train,MAPE Train,R2 Train,R2 Train,RMSE Test,RMSE Test,MAE Test,MAE Test,MAPE Test,MAPE Test,R2 Test,R2 Test
,,,,,,,,mean,std,mean,std,mean,std,mean,std,mean,std,mean,std,mean,std,mean,std
Local Model,209,"(3345, 11)",,Chemical + CS3,Linear Regression,Blocking Time Series Split,"{""N_Splits"": 5, ""Repeats"": 1, ""train_size"": 0.8}",0.8730870060871876,0.08656266055039763,0.6646371617403063,0.0692935090151574,0.015058488633387152,0.0015469331488397026,0.9797227575840222,0.005096983798902033,0.9214078491675686,0.10931936494957811,0.6986018191414581,0.08200069189358307,0.016207751744731748,0.002080781241439959,0.9722682958599498,0.014012097228029844
Local Model,209,"(3345, 11)",,Chemical + CS3,Linear Regression,Out of time Split,"{""Test Size"": 0.2}",0.9346564650657577,0.0,0.7067270043220206,0.0,0.01595175872386766,0.0,0.9790636096339554,0.0,0.9454204926546059,0.0,0.7381429618085007,0.0,0.01728703282434296,0.0,0.9676815302696892,0.0
Local Model,209,"(3345, 11)",,Chemical + CS3,Linear Regression,Repeated KFold,"{""N_Splits"": 5, ""Repeats"": 3}",0.9314952980810998,0.005814023960530629,0.7065455195309356,0.004381737367793845,0.016055758070204665,9.764084343160244e-05,0.9782055646354253,0.0002729057806853323,0.9349931236731377,0.022816007991240027,0.7097108681201073,0.01629186655012065,0.016127174906305056,0.00035298589334234465,0.9780127431236878,0.0010477989085804168
Local Model,209,"(3345, 11)",,Chemical + CS3,Linear Regression,Time Series Split,"{""N_Splits"": 5, ""Repeats"": 1, ""Gap"": 0}",0.9459222247021423,0.033362009443232914,0.7330222025939245,0.03335379925275332,0.016522301855798976,0.0007123126670949071,0.9786231776513041,0.0014957962988691599,1.0011605143270519,0.15628592530437865,0.7898470519346489,0.1248064569753788,0.01815462611129622,0.0026430425789547513,0.9721394351100807,0.008969381872167781
