Category,Company,Data Shape,Timesteps,Features,Model,Cross Validation,Cross Validation Params,RMSE Train,RMSE Train,MAE Train,MAE Train,MAPE Train,MAPE Train,R2 Train,R2 Train,RMSE Test,RMSE Test,MAE Test,MAE Test,MAPE Test,MAPE Test,R2 Test,R2 Test
,,,,,,,,mean,std,mean,std,mean,std,mean,std,mean,std,mean,std,mean,std,mean,std
Local Model,209,"(3345, 10)",,Chemical,MLP,Blocking Time Series Split,"{""N_Splits"": 5, ""Repeats"": 3, ""train_size"": 0.8}",2.2751652896746197,0.12585337136636285,1.7208909835102406,0.11095534474325658,0.03996117303705921,0.0028611098918335204,0.8633615682340524,0.02756480536467967,3.276780756812179,0.3875754902341095,2.427713161867056,0.29540656674389165,0.05778429576891548,0.006158242333584426,0.6864296734631717,0.05828584910849466
Local Model,209,"(3345, 10)",,Chemical,MLP,Out of time Split,"{""Test Size"": 0.2}",1.4384265250355146,0.021346296802063635,1.1244678014062455,0.015931078196786987,0.025415951061350982,0.00037790755697307435,0.9504014731839177,0.0014674269154811349,3.082480473434243,0.03523239249062194,2.367587579062881,0.03304720004368571,0.058379233833006215,0.0009113061920990663,0.6563960345557106,0.007825861272368138
Local Model,209,"(3345, 10)",,Chemical,MLP,Repeated KFold,"{""N_Splits"": 5, ""Repeats"": 3}",1.663138547323544,0.019520780084263827,1.2914381971772668,0.01562709592749559,0.029689239778838007,0.0003544765022018374,0.9305178553668603,0.001547566493597305,1.7227642957512483,0.06399526770557484,1.3238097113593645,0.042719057873802646,0.03047742888887845,0.0010140090609593044,0.9253021311329529,0.005357545103518986
Local Model,209,"(3345, 10)",,Chemical,MLP,Time Series Split,"{""N_Splits"": 5, ""Repeats"": 3, ""Gap"": 0}",1.6356138452965607,0.35585555879791475,1.2854694066576329,0.26835028081608,0.029155522567563954,0.006359478882521483,0.933180202649819,0.032104501489753974,2.4644053264468613,0.8889812083351353,1.8991481579655596,0.7008012577872786,0.044469458852818985,0.016049906358212254,0.8105774920289803,0.13349115513377785
