Category,Company,Data Shape,Timesteps,Features,Model,Cross Validation,Cross Validation Params,RMSE Train,RMSE Train,MAE Train,MAE Train,MAPE Train,MAPE Train,R2 Train,R2 Train,RMSE Test,RMSE Test,MAE Test,MAE Test,MAPE Test,MAPE Test,R2 Test,R2 Test
,,,,,,,,mean,std,mean,std,mean,std,mean,std,mean,std,mean,std,mean,std,mean,std
Local Model,209,"(3345, 14)",,Chemical + Properties CS Less,MLP,Blocking Time Series Split,"{""N_Splits"": 5, ""Repeats"": 3, ""train_size"": 0.8}",2.2228561512425475,0.17642261898699224,1.7102397668666194,0.13902848088704003,0.039633506366171765,0.0029907209613796015,0.8698269274498639,0.026737618773876565,3.248305919337893,0.7778714986098162,2.3809198235279285,0.4001143182833483,0.056612589785213996,0.009162484571842027,0.6826907591765029,0.12822454823546586
Local Model,209,"(3345, 14)",,Chemical + Properties CS Less,MLP,Out of time Split,"{""Test Size"": 0.2}",1.1637088066635908,0.007107350572908217,0.9135551232155962,0.004268444962099404,0.02057842323306903,0.00010281308095055715,0.9675434301320442,0.00039710834449354444,1.8727953779771438,0.08324192172718797,1.4085295874382304,0.07196708085582296,0.03425266334085594,0.0017775561050766215,0.8729313026188876,0.011279043310187623
Local Model,209,"(3345, 14)",,Chemical + Properties CS Less,MLP,Repeated KFold,"{""N_Splits"": 5, ""Repeats"": 3}",1.1941832974754532,0.01881618099383321,0.9256433613619884,0.015571102263544252,0.021116453071279018,0.00030123092560004966,0.9641734870075257,0.0010917071577160767,1.231133779202627,0.044234671634589655,0.9489910760945097,0.025595857483211023,0.021671289448694793,0.0005829399352948627,0.9618507372588792,0.0027632442985443617
Local Model,209,"(3345, 14)",,Chemical + Properties CS Less,MLP,Time Series Split,"{""N_Splits"": 5, ""Repeats"": 3, ""Gap"": 0}",1.4400039656801158,0.4869524367388805,1.1292632101714233,0.37031117967701693,0.025591589092333437,0.008481554648297295,0.9449260968779036,0.041361365020372444,2.0899668456851344,1.199323616718877,1.6041186024399308,0.9226450956027908,0.03690339808367792,0.020129488386400225,0.851675466013239,0.16904433184041695
