Category,Company,Data Shape,Timesteps,Features,Model,Cross Validation,Cross Validation Params,RMSE Train,RMSE Train,MAE Train,MAE Train,MAPE Train,MAPE Train,R2 Train,R2 Train,RMSE Test,RMSE Test,MAE Test,MAE Test,MAPE Test,MAPE Test,R2 Test,R2 Test
,,,,,,,,mean,std,mean,std,mean,std,mean,std,mean,std,mean,std,mean,std,mean,std
Local Model,209,"(3345, 12)",,Chemical + CS3 + CS7,MLP,Blocking Time Series Split,"{""N_Splits"": 5, ""Repeats"": 3, ""train_size"": 0.8}",2.024522047137133,0.18108849433813445,1.5242125843083751,0.1527418561954123,0.03540971854048767,0.003515306775684244,0.8912245064899679,0.027097729748299573,3.1923824086664654,0.6224907366506661,2.3894156388619643,0.3223610240223103,0.05676174058108049,0.0074178833970141534,0.698177471315816,0.09960416938598232
Local Model,209,"(3345, 12)",,Chemical + CS3 + CS7,MLP,Out of time Split,"{""Test Size"": 0.2}",0.8206051050024765,0.008391734759453495,0.6219627377520066,0.00452734345243661,0.013930348656285703,0.000115624249751962,0.9838596992800254,0.0003292532357723302,1.2719275652713289,0.052298199391949046,0.9667823662256575,0.03954748239075573,0.023657419653968854,0.0009602486710543538,0.9414051919395693,0.004756412814994178
Local Model,209,"(3345, 12)",,Chemical + CS3 + CS7,MLP,Repeated KFold,"{""N_Splits"": 5, ""Repeats"": 3}",0.838223202651044,0.03269817735859444,0.6430993710695136,0.029136213276724107,0.014646428834857304,0.0006269832556983325,0.9823266528723708,0.0013830037043015705,0.8480587849269341,0.044642075436377736,0.6494244472957944,0.03748263266726698,0.014790869110019039,0.0008580427064911705,0.9818712150262705,0.0019050214686010018
Local Model,209,"(3345, 12)",,Chemical + CS3 + CS7,MLP,Time Series Split,"{""N_Splits"": 5, ""Repeats"": 3, ""Gap"": 0}",1.1026795144297359,0.5391321522531043,0.8484036567022682,0.4148006906744467,0.019227397551155698,0.009490925373979532,0.9641062244013159,0.0389110134062175,1.6289039736204018,1.2085211872124468,1.2300165006773407,0.9513821590503125,0.02829698415341071,0.020979441192477046,0.8965369492151307,0.1447900188067084
