Category,Company,Data Shape,Timesteps,Features,Model,Cross Validation,Cross Validation Params,RMSE Train,RMSE Train,MAE Train,MAE Train,MAPE Train,MAPE Train,R2 Train,R2 Train,RMSE Test,RMSE Test,MAE Test,MAE Test,MAPE Test,MAPE Test,R2 Test,R2 Test
,,,,,,,,mean,std,mean,std,mean,std,mean,std,mean,std,mean,std,mean,std,mean,std
Local Model,209,"(3345, 10)",,Chemical,Random Forest,Blocking Time Series Split,"{""N_Splits"": 5, ""Repeats"": 1, ""train_size"": 0.8}",0.8808774573859516,0.07144422446638425,0.6988649610130346,0.061185206100374256,0.016030946161698006,0.001525330719832272,0.979070524948433,0.006752131998174127,1.441720498888999,0.4176118346475576,1.095496308887357,0.21048982701095903,0.02599641387912784,0.005255523515544901,0.924416180876445,0.06562898254330457
Local Model,209,"(3345, 10)",,Chemical,Random Forest,Out of time Split,"{""Test Size"": 0.2}",1.0233182177376985,0.0,0.804344558453234,0.0,0.018443740615635845,0.0,0.9749031514368881,0.0,2.3195223417756528,0.0,1.4724129973626912,0.0,0.03466693773725149,0.0,0.8054649389897036,0.0
Local Model,209,"(3345, 10)",,Chemical,Random Forest,Repeated KFold,"{""N_Splits"": 5, ""Repeats"": 3}",1.1561484198629506,0.011434096329277362,0.8979890572911657,0.007452101937841138,0.02072138565951663,0.00016086565029101507,0.9664237893399662,0.0006415700946647568,1.2777471528819906,0.0548018495839069,0.9651519878070748,0.019433566188519772,0.022326624065126532,0.0004557159669152212,0.9588870009482588,0.003550227517954693
Local Model,209,"(3345, 10)",,Chemical,Random Forest,Time Series Split,"{""N_Splits"": 5, ""Repeats"": 1, ""Gap"": 0}",0.9923529766209249,0.031126143604682237,0.7903463734580944,0.019349117326136398,0.01804383506806977,0.0004662493291542196,0.9764729289082146,0.0015569381500219615,1.517319183722348,0.4623714985821287,1.1201421812180155,0.20042279562770307,0.026077874478539424,0.004606891436203824,0.9241492537045861,0.06757078304407521
