Category,Company,Data Shape,Timesteps,Features,Model,Cross Validation,Cross Validation Params,RMSE Train,RMSE Train,MAE Train,MAE Train,MAPE Train,MAPE Train,R2 Train,R2 Train,RMSE Test,RMSE Test,MAE Test,MAE Test,MAPE Test,MAPE Test,R2 Test,R2 Test
,,,,,,,,mean,std,mean,std,mean,std,mean,std,mean,std,mean,std,mean,std,mean,std
Local Model,209,"(3345, 12)",,Chemical + CS3 + CS7,Random Forest,Blocking Time Series Split,"{""N_Splits"": 5, ""Repeats"": 1, ""train_size"": 0.8}",0.5553696696201736,0.04938123829650922,0.4306959952956332,0.049820757419493066,0.00978686868443368,0.0011598017208233231,0.9918092217119051,0.001988371956813056,0.8227287289659436,0.20323372043544002,0.644650149280751,0.13623116356514278,0.014996503004187622,0.0033102240241429633,0.9748753797597708,0.01951452860572308
Local Model,209,"(3345, 12)",,Chemical + CS3 + CS7,Random Forest,Out of time Split,"{""Test Size"": 0.2}",0.7042094741781086,0.0,0.5343254116672526,0.0,0.012123682319198657,0.0,0.9881149365178097,0.0,0.8842481067293868,0.0,0.6861257826947924,0.0,0.01596572616916221,0.0,0.971728487550238,0.0
Local Model,209,"(3345, 12)",,Chemical + CS3 + CS7,Random Forest,Repeated KFold,"{""N_Splits"": 5, ""Repeats"": 3}",0.7177437829551331,0.007496878487930592,0.5484348182146499,0.005367968210838094,0.012501379757104908,0.00011713879923498236,0.9870595406974771,0.0002642985847532822,0.7750240821378358,0.028343739254517303,0.5898795542029274,0.02071208945247179,0.01344857074078552,0.0004999424845751339,0.9848838181251396,0.0010750943721005506
Local Model,209,"(3345, 12)",,Chemical + CS3 + CS7,Random Forest,Time Series Split,"{""N_Splits"": 5, ""Repeats"": 1, ""Gap"": 0}",0.6672774687780955,0.02717010502698431,0.5197315524518746,0.01972388066924774,0.011763899602707684,0.00043622147627959024,0.9893538850519331,0.0009127151247359731,0.8505010352510289,0.15275897635495858,0.6613686232416114,0.10761165932301663,0.015274574328893209,0.002423644729741429,0.9791715066659086,0.00900956985288954
