Category,Company,Data Shape,Timesteps,Features,Model,Cross Validation,Cross Validation Params,RMSE Train,RMSE Train,MAE Train,MAE Train,MAPE Train,MAPE Train,R2 Train,R2 Train,RMSE Test,RMSE Test,MAE Test,MAE Test,MAPE Test,MAPE Test,R2 Test,R2 Test
,,,,,,,,mean,std,mean,std,mean,std,mean,std,mean,std,mean,std,mean,std,mean,std
Local Model,209,"(3345, 11)",,Chemical + CS7,XGBoost,Blocking Time Series Split,"{""N_Splits"": 5, ""Repeats"": 1, ""train_size"": 0.8}",1.2368720718647102,0.07696488467520338,1.0357619526230288,0.05237813454502814,0.024077144403090438,0.0007544941756261565,0.9603851710727722,0.0016864341567502802,1.4229426435002195,0.21116439788704286,1.1878706690090821,0.1792513873804292,0.02850234621415796,0.0041315119360792445,0.940298061287239,0.017454030341393017
Local Model,209,"(3345, 11)",,Chemical + CS7,XGBoost,Out of time Split,"{""Test Size"": 0.2}",1.2989782153642055,0.0,1.0958220691424325,0.0,0.025237640489416516,0.0,0.9595608969672058,0.0,1.402380743752528,0.0,1.1784423554424757,0.0,0.029500904313073655,0.0,0.9288896780298672,0.0
Local Model,209,"(3345, 11)",,Chemical + CS7,XGBoost,Repeated KFold,"{""N_Splits"": 5, ""Repeats"": 3}",1.2821797590581911,0.0038603129675365655,1.084356182233339,0.003471701277851924,0.025168758461204994,7.427646872524603e-05,0.9587079763765076,0.00019708689918809152,1.3264033102952806,0.029907098800455466,1.1166219963526105,0.02781874930738555,0.02590168458371471,0.0005931785222023565,0.9557793034330307,0.0012914964654957971
Local Model,209,"(3345, 11)",,Chemical + CS7,XGBoost,Time Series Split,"{""N_Splits"": 5, ""Repeats"": 1, ""Gap"": 0}",1.2985043447819578,0.013992512309211422,1.0840723191698018,0.006809180614005777,0.024793844015296645,0.00022342374378374704,0.9597616750446937,0.0008780001237293041,1.5333815842171041,0.25678243164240905,1.2522317135055796,0.17132932980062412,0.029902463584465466,0.0031433267267927108,0.9359103200294415,0.019478194015678636
