Category,Company,Data Shape,Timesteps,Features,Model,Cross Validation,Cross Validation Params,RMSE Train,RMSE Train,MAE Train,MAE Train,MAPE Train,MAPE Train,R2 Train,R2 Train,RMSE Test,RMSE Test,MAE Test,MAE Test,MAPE Test,MAPE Test,R2 Test,R2 Test
,,,,,,,,mean,std,mean,std,mean,std,mean,std,mean,std,mean,std,mean,std,mean,std
Local Model,partner_i,"(1226, 30)",,Chemical + Mineralogical + CS3,Decision Tree,Blocking Time Series Split,"{""N_Splits"": 5, ""Repeats"": 1, ""train_size"": 0.8}",1.1021644369595722,0.10149222973947879,0.8379911088413433,0.06613708511440113,0.019416912726962547,0.0016008783652184683,0.9524712906898294,0.00519217889013958,1.1649598140537596,0.23394992050707603,0.9094031712429457,0.15986507015953166,0.021301972247512624,0.003690479857926912,0.9424403187463717,0.02152647462765632
Local Model,partner_i,"(1226, 30)",,Chemical + Mineralogical + CS3,Decision Tree,Out of time Split,"{""Test Size"": 0.2}",1.1364963592559876,0.0,0.8457545245335344,0.0,0.01939329751593429,0.0,0.9494663133411002,0.0,1.1842753111171238,0.0,0.9085149887148352,0.0,0.020906465392192316,0.0,0.9433402424411084,0.0
Local Model,partner_i,"(1226, 30)",,Chemical + Mineralogical + CS3,Decision Tree,Repeated KFold,"{""N_Splits"": 5, ""Repeats"": 3}",1.115516589962531,0.02515948591647485,0.8289690222470313,0.02282581707448328,0.019003429433808717,0.0005136674640020337,0.951063503881049,0.0023783954122372996,1.1736220978314524,0.0598530362009361,0.8703344034087517,0.0497215962104434,0.019962623335955554,0.0011625116803581728,0.9454126636427378,0.006146478274243762
Local Model,partner_i,"(1226, 30)",,Chemical + Mineralogical + CS3,Decision Tree,Time Series Split,"{""N_Splits"": 5, ""Repeats"": 1, ""Gap"": 0}",1.0288366972522793,0.10162930414538997,0.7688782506190733,0.0880713484576346,0.017720631308223385,0.002073662270150963,0.9564264568015851,0.0075666767766308304,1.356901531502316,0.1518174526624421,1.0204128577509193,0.12550300156973776,0.0232800186098303,0.0026632199981405555,0.9275431794324746,0.013808469775697387
