Category,Company,Data Shape,Timesteps,Features,Model,Cross Validation,Cross Validation Params,RMSE Train,RMSE Train,MAE Train,MAE Train,MAPE Train,MAPE Train,R2 Train,R2 Train,RMSE Test,RMSE Test,MAE Test,MAE Test,MAPE Test,MAPE Test,R2 Test,R2 Test
,,,,,,,,mean,std,mean,std,mean,std,mean,std,mean,std,mean,std,mean,std,mean,std
Local Model,partner_i,"(1234, 34)",,Chemical + Mineralogical + CS3 + One-Hot,Decision Tree,Blocking Time Series Split,"{""N_Splits"": 5, ""Repeats"": 1, ""train_size"": 0.8}",1.2155641037862508,0.3146620274849462,0.9321197037649511,0.22121404538907383,0.02146064695208077,0.004714622015437212,0.9389742046216292,0.028508040368733445,1.2018223701689514,0.3688757511640727,0.9330625450831702,0.2941955974481451,0.02142017614428112,0.006506825719847295,0.9361605194061873,0.035597955257412814
Local Model,partner_i,"(1234, 34)",,Chemical + Mineralogical + CS3 + One-Hot,Decision Tree,Out of time Split,"{""Test Size"": 0.2}",1.0495857660132255,0.0,0.8083339277702043,0.0,0.018581707110005067,0.0,0.956798210154265,0.0,1.452249573101775,0.0,1.096381986699773,0.0,0.024864758285342816,0.0,0.9146054266415706,0.0
Local Model,partner_i,"(1234, 34)",,Chemical + Mineralogical + CS3 + One-Hot,Decision Tree,Repeated KFold,"{""N_Splits"": 5, ""Repeats"": 3}",1.0630760208661847,0.01831811880015009,0.8206686392236993,0.022444621178418472,0.018837446838770252,0.0006134835364980512,0.9554629966957793,0.0017493913668643365,1.1379179453590784,0.06192433500430628,0.8782188868702663,0.04917269777491218,0.02019887158033928,0.0011146633432420061,0.9486846345438151,0.0050329036726154235
Local Model,partner_i,"(1234, 34)",,Chemical + Mineralogical + CS3 + One-Hot,Decision Tree,Time Series Split,"{""N_Splits"": 5, ""Repeats"": 1, ""Gap"": 0}",1.120998070235525,0.20398662384072735,0.8577222986114578,0.1746544728801905,0.01996769464578953,0.003946175291467115,0.9465762435471934,0.021558462155749174,1.3418257379789786,0.19892414325289426,1.0194002460355875,0.1636619115785199,0.02325098282114894,0.003112871938614844,0.9282427805792498,0.019547379278800125
