Category,Company,Data Shape,Timesteps,Features,Model,Cross Validation,Cross Validation Params,RMSE Train,RMSE Train,MAE Train,MAE Train,MAPE Train,MAPE Train,R2 Train,R2 Train,RMSE Test,RMSE Test,MAE Test,MAE Test,MAPE Test,MAPE Test,R2 Test,R2 Test
,,,,,,,,mean,std,mean,std,mean,std,mean,std,mean,std,mean,std,mean,std,mean,std
Local Model,partner_i,"(1234, 33)",,Chemical + Mineralogical + One-Hot,Decision Tree,Blocking Time Series Split,"{""N_Splits"": 5, ""Repeats"": 1, ""train_size"": 0.8}",2.4276818837205316,0.31169421397715374,1.6394204483454609,0.2627580933472451,0.03910434283124828,0.00680703413457376,0.7628890372934162,0.06648785298317865,2.842020129171076,1.3468027078679725,2.090201561455538,0.971232245431891,0.04874029399948905,0.021413120441615672,0.5642386519525473,0.4191985604663125
Local Model,partner_i,"(1234, 33)",,Chemical + Mineralogical + One-Hot,Decision Tree,Out of time Split,"{""Test Size"": 0.2}",3.1152769201978283,0.0,2.3356833218862247,0.0,0.056581452665209836,0.0,0.6194084073395074,0.0,3.914357333488506,0.0,2.922899376633182,0.0,0.06708240688463207,0.0,0.3796044185421261,0.0
Local Model,partner_i,"(1234, 33)",,Chemical + Mineralogical + One-Hot,Decision Tree,Repeated KFold,"{""N_Splits"": 5, ""Repeats"": 3}",3.2891728445288013,0.04501194592892609,2.515643743025587,0.05896217600408921,0.06056394544779223,0.001399250818696482,0.5737645314635647,0.011658375588466498,3.298143026590241,0.15780919376260086,2.5375471779894023,0.1522945976947732,0.061026048127492495,0.0037098716414120008,0.5688771181171611,0.040049795376553336
Local Model,partner_i,"(1234, 33)",,Chemical + Mineralogical + One-Hot,Decision Tree,Time Series Split,"{""N_Splits"": 5, ""Repeats"": 1, ""Gap"": 0}",2.704678287190871,0.5754479585303371,2.008281419355427,0.44374375131284494,0.048504601818388005,0.011169466926739329,0.6885752130785289,0.10454434142188512,3.0007648836785017,1.0039935672329485,2.309211404937642,0.7672639276448161,0.05447106260652394,0.01729874381516566,0.6122716553888589,0.2049748075580981
