Category,Company,Data Shape,Timesteps,Features,Model,Cross Validation,Cross Validation Params,RMSE Train,RMSE Train,MAE Train,MAE Train,MAPE Train,MAPE Train,R2 Train,R2 Train,RMSE Test,RMSE Test,MAE Test,MAE Test,MAPE Test,MAPE Test,R2 Test,R2 Test
,,,,,,,,mean,std,mean,std,mean,std,mean,std,mean,std,mean,std,mean,std,mean,std
Local Model,partner_i,"(1234, 34)",,Chemical + Mineralogical + CS7 + One-Hot,Decision Tree,Blocking Time Series Split,"{""N_Splits"": 5, ""Repeats"": 1, ""train_size"": 0.8}",1.217073331186699,0.312720151101296,0.9324773733342697,0.22181839485359378,0.02146308085077769,0.004736542849499493,0.9388667647896998,0.0284476400732722,1.1799279267680667,0.4047620028350703,0.9235230073197306,0.32497664995733677,0.021249789257071328,0.007265393876204749,0.9372221845733328,0.038011718457833424
Local Model,partner_i,"(1234, 34)",,Chemical + Mineralogical + CS7 + One-Hot,Decision Tree,Out of time Split,"{""Test Size"": 0.2}",0.989402526803028,0.0,0.7691550731879384,0.0,0.017754206777262794,0.0,0.961610548634684,0.0,1.131731962318741,0.0,0.8619135569824375,0.0,0.019507912624501536,0.0,0.9481397124010679,0.0
Local Model,partner_i,"(1234, 34)",,Chemical + Mineralogical + CS7 + One-Hot,Decision Tree,Repeated KFold,"{""N_Splits"": 5, ""Repeats"": 3}",0.9930809846207187,0.028898528350306336,0.7680378804699804,0.028333661163853645,0.01770697177443371,0.0007557532843332654,0.9610979937571275,0.002675121446270003,1.0431320908390171,0.05070185431118258,0.8057319404607356,0.04133029032265263,0.018635335133185715,0.001036173835615329,0.9568368972799368,0.004408138373357596
Local Model,partner_i,"(1234, 34)",,Chemical + Mineralogical + CS7 + One-Hot,Decision Tree,Time Series Split,"{""N_Splits"": 5, ""Repeats"": 1, ""Gap"": 0}",1.0772615230930311,0.21899336440972064,0.8393522355364673,0.1821603854958967,0.01957585633743352,0.004111880186278392,0.9502066718726582,0.02305918786967359,1.2317564292923302,0.25050153230833105,0.9419090983164615,0.19075670055004199,0.021599198870656387,0.0038498219102131794,0.9395300581257559,0.021043668173344972
