Category,Company,Data Shape,Timesteps,Features,Model,Cross Validation,Cross Validation Params,RMSE Train,RMSE Train,MAE Train,MAE Train,MAPE Train,MAPE Train,R2 Train,R2 Train,RMSE Test,RMSE Test,MAE Test,MAE Test,MAPE Test,MAPE Test,R2 Test,R2 Test
,,,,,,,,mean,std,mean,std,mean,std,mean,std,mean,std,mean,std,mean,std,mean,std
Local Model,partner_i,"(1226, 31)",,Chemical + Mineralogical + CS3 + CS7,Decision Tree,Blocking Time Series Split,"{""N_Splits"": 5, ""Repeats"": 1, ""train_size"": 0.8}",1.0513530731988763,0.12367968062461852,0.796193722165033,0.1034511204613174,0.018490632412582426,0.0025070245542805547,0.9565362632523836,0.007702727123251676,1.1704298026084188,0.26603053240486046,0.8947023857324922,0.15762212511544044,0.020714308056875873,0.003286966044437275,0.94114485038801,0.0246502042280114
Local Model,partner_i,"(1226, 31)",,Chemical + Mineralogical + CS3 + CS7,Decision Tree,Out of time Split,"{""Test Size"": 0.2}",1.02552009094692,0.0,0.7676611001196743,0.0,0.017766609601386155,0.0,0.958853468508119,0.0,1.1085206325746408,0.0,0.8454492392914367,0.0,0.01956109218328346,0.0,0.9503571252806254,0.0
Local Model,partner_i,"(1226, 31)",,Chemical + Mineralogical + CS3 + CS7,Decision Tree,Repeated KFold,"{""N_Splits"": 5, ""Repeats"": 3}",1.0108304196019047,0.01343199118031147,0.7615801363852861,0.010859548446791434,0.01754744997673996,0.00025196598377853915,0.9598297038777666,0.0012741976758894112,1.0807505597705573,0.05131840012088882,0.8132783406468854,0.0391941382647491,0.018805255137972817,0.000883038788172567,0.9537297701013685,0.0050333106346745395
Local Model,partner_i,"(1226, 31)",,Chemical + Mineralogical + CS3 + CS7,Decision Tree,Time Series Split,"{""N_Splits"": 5, ""Repeats"": 1, ""Gap"": 0}",0.9802233162617492,0.041584482170219664,0.746006308726062,0.054244555331579784,0.01737226170047531,0.0014847631660311437,0.9605587817905867,0.0034607229672661524,1.2157921416626316,0.1682351735453458,0.9147774140272734,0.12205853425547261,0.02103809239692187,0.0026425539333082312,0.9419122073240441,0.012710402765520785
