Category,Company,Data Shape,Timesteps,Features,Model,Cross Validation,Cross Validation Params,RMSE Train,RMSE Train,MAE Train,MAE Train,MAPE Train,MAPE Train,R2 Train,R2 Train,RMSE Test,RMSE Test,MAE Test,MAE Test,MAPE Test,MAPE Test,R2 Test,R2 Test
,,,,,,,,mean,std,mean,std,mean,std,mean,std,mean,std,mean,std,mean,std,mean,std
Local Model,partner_i,"(1234, 42)",,Chemical + Mineralogical + Physical + One-Hot,Decision Tree,Blocking Time Series Split,"{""N_Splits"": 5, ""Repeats"": 1, ""train_size"": 0.8}",1.0761056833803515,0.2710550505233552,0.8123916668016792,0.19696928954239656,0.018746421870360047,0.004390897380912087,0.9515328364214428,0.024193804452475067,1.197346822432488,0.3629999946370918,0.9295779835448901,0.2859797162368249,0.021427143782998898,0.006362909800007196,0.9367052215907034,0.034047331529456853
Local Model,partner_i,"(1234, 42)",,Chemical + Mineralogical + Physical + One-Hot,Decision Tree,Out of time Split,"{""Test Size"": 0.2}",0.9865653804120514,0.0,0.7641695928288783,0.0,0.01761577399750343,0.0,0.9618303991596564,0.0,1.125686850598033,0.0,0.8701017111382114,0.0,0.019738465520173862,0.0,0.9486922530452903,0.0
Local Model,partner_i,"(1234, 42)",,Chemical + Mineralogical + Physical + One-Hot,Decision Tree,Repeated KFold,"{""N_Splits"": 5, ""Repeats"": 3}",0.9819984333216463,0.013122394748292823,0.7570208007985333,0.005061250622458539,0.017405534096141907,0.00011536665161550444,0.9620021644734319,0.001226413780747301,1.0395363344998099,0.04025889438723314,0.8015069943748857,0.032638480237784095,0.018523051394443404,0.0007921924363903057,0.957139901036708,0.003951885215694942
Local Model,partner_i,"(1234, 42)",,Chemical + Mineralogical + Physical + One-Hot,Decision Tree,Time Series Split,"{""N_Splits"": 5, ""Repeats"": 1, ""Gap"": 0}",1.0183618636628153,0.24614319212895625,0.7868569524410974,0.205886926891111,0.018150454627240093,0.0048066112585453975,0.954763866383332,0.024634041093689486,1.2415051925737148,0.24122881937005888,0.9445372250664125,0.1949282375201734,0.021540800092667216,0.003991141966237892,0.9384874531916104,0.020677661394971347
