Category,Company,Data Shape,Timesteps,Features,Model,Cross Validation,Cross Validation Params,RMSE Train,RMSE Train,MAE Train,MAE Train,MAPE Train,MAPE Train,R2 Train,R2 Train,RMSE Test,RMSE Test,MAE Test,MAE Test,MAPE Test,MAPE Test,R2 Test,R2 Test
,,,,,,,,mean,std,mean,std,mean,std,mean,std,mean,std,mean,std,mean,std,mean,std
Local Model,partner_i,"(1226, 35)",,Chemical + Mineralogical + Properties CS Less,Linear Regression,Blocking Time Series Split,"{""N_Splits"": 5, ""Repeats"": 1, ""train_size"": 0.8}",1.5321140266182218,0.3136506294131121,1.1871454640811483,0.2487468991378174,0.02828531353825836,0.005998545181824051,0.9067983214767198,0.030827656160320262,1.9303024009093204,0.5106003153591385,1.5695897690214458,0.4761641446248515,0.036869180316743855,0.010770399231653209,0.8378283450984817,0.07788614681536822
Local Model,partner_i,"(1226, 35)",,Chemical + Mineralogical + Properties CS Less,Linear Regression,Out of time Split,"{""Test Size"": 0.2}",1.9217701081749885,0.0,1.452026818797906,0.0,0.03477110918993415,0.0,0.8555066854918292,0.0,1.6313165132408183,0.0,1.2283951337777672,0.0,0.02858665964442738,0.0,0.8924907516094408,0.0
Local Model,partner_i,"(1226, 35)",,Chemical + Mineralogical + Properties CS Less,Linear Regression,Repeated KFold,"{""N_Splits"": 5, ""Repeats"": 3}",1.8489502647352085,0.03094441271139469,1.3940377971199496,0.020045147966973136,0.03325421837074793,0.0005096818130400401,0.8656014312298498,0.004649488958538101,1.9524521708213327,0.14823559035968814,1.4636873683114497,0.07074879400257092,0.03496229382405082,0.001990321118779842,0.848642485545329,0.022773662063457885
Local Model,partner_i,"(1226, 35)",,Chemical + Mineralogical + Properties CS Less,Linear Regression,Time Series Split,"{""N_Splits"": 5, ""Repeats"": 1, ""Gap"": 0}",1.5711106853336854,0.252124733726969,1.205047198654986,0.17228919826672318,0.028816544302194786,0.00420406492960574,0.8972536683475758,0.029086549952428032,2.2266113631683817,0.5713349388949632,1.7218331523400636,0.45264115273222355,0.040998811545183825,0.010847693686904296,0.7998449890661893,0.08462157851191571
