Category,Company,Data Shape,Timesteps,Features,Model,Cross Validation,Cross Validation Params,RMSE Train,RMSE Train,MAE Train,MAE Train,MAPE Train,MAPE Train,R2 Train,R2 Train,RMSE Test,RMSE Test,MAE Test,MAE Test,MAPE Test,MAPE Test,R2 Test,R2 Test
,,,,,,,,mean,std,mean,std,mean,std,mean,std,mean,std,mean,std,mean,std,mean,std
Local Model,partner_i,"(1226, 30)",,Chemical + Mineralogical + CS7,Linear Regression,Blocking Time Series Split,"{""N_Splits"": 5, ""Repeats"": 1, ""train_size"": 0.8}",0.9051859094497319,0.02707972211658137,0.7134421971601924,0.01957918329647754,0.016582278207557317,0.00046174145170769593,0.9678520037770738,0.0017696579708488451,1.2374636394122962,0.1732622388124774,0.9742108426676797,0.13047015322796035,0.022589887852638275,0.0030746873956872013,0.9349373410115147,0.018441295514372538
Local Model,partner_i,"(1226, 30)",,Chemical + Mineralogical + CS7,Linear Regression,Out of time Split,"{""Test Size"": 0.2}",1.0036526219933237,0.0,0.791257951126532,0.0,0.01840361483845203,0.0,0.9605895192617502,0.0,1.1396717954997486,0.0,0.8979530772597085,0.0,0.020688314529721884,0.0,0.9475278376176927,0.0
Local Model,partner_i,"(1226, 30)",,Chemical + Mineralogical + CS7,Linear Regression,Repeated KFold,"{""N_Splits"": 5, ""Repeats"": 3}",1.0215292332433898,0.008146753223752148,0.8048689778574444,0.008107532348338395,0.01872305405856145,0.00019714125981772895,0.9589852658478608,0.0006747288521181925,1.0555820549887165,0.037959905771484316,0.8284596691727493,0.0329469361017355,0.01929068999369925,0.0008181358492045209,0.9559422224634283,0.0033821163775302346
Local Model,partner_i,"(1226, 30)",,Chemical + Mineralogical + CS7,Linear Regression,Time Series Split,"{""N_Splits"": 5, ""Repeats"": 1, ""Gap"": 0}",0.9395575231232496,0.04967490774431635,0.7375014964520551,0.03798240461248346,0.017122676844610697,0.0009081924882359348,0.9638355227535257,0.0026997702311328596,1.1476647863896097,0.05315320247045799,0.9033473463158757,0.056985820120875275,0.020893667241785503,0.0013509109515150543,0.9485314612198253,0.002428807339760942
