Category,Company,Data Shape,Timesteps,Features,Model,Cross Validation,Cross Validation Params,RMSE Train,RMSE Train,MAE Train,MAE Train,MAPE Train,MAPE Train,R2 Train,R2 Train,RMSE Test,RMSE Test,MAE Test,MAE Test,MAPE Test,MAPE Test,R2 Test,R2 Test
,,,,,,,,mean,std,mean,std,mean,std,mean,std,mean,std,mean,std,mean,std,mean,std
Local Model,partner_i,"(1226, 35)",,Chemical + Mineralogical + Feature Engineering,Linear Regression,Blocking Time Series Split,"{""N_Splits"": 5, ""Repeats"": 1, ""train_size"": 0.8}",2.862667924415087,0.3304499995420975,2.193446239310133,0.3211248964774734,0.05235688699552238,0.007526425539074043,0.6789689062097685,0.04917717306012141,3.753366322645963,0.44594437474359244,2.930611208152823,0.4080406649609839,0.06997348989162612,0.010321641664796193,0.4124658976535489,0.11765525431451745
Local Model,partner_i,"(1226, 35)",,Chemical + Mineralogical + Feature Engineering,Linear Regression,Out of time Split,"{""Test Size"": 0.2}",3.410103767952454,0.0,2.6373541127772877,0.0,0.06341041175449473,0.0,0.5450328141176075,0.0,3.0814323154134793,0.0,2.3963416365486494,0.0,0.05597992316529269,0.0,0.6164035084648386,0.0
Local Model,partner_i,"(1226, 35)",,Chemical + Mineralogical + Feature Engineering,Linear Regression,Repeated KFold,"{""N_Splits"": 5, ""Repeats"": 3}",3.3237165787856524,0.03956965101299795,2.541940797376812,0.03306534466935792,0.06100425693708174,0.0007700767235834126,0.5657550233842183,0.011029554276984153,3.44269587873005,0.16065162671660876,2.6312546306162665,0.13823554024221044,0.06316848076461008,0.00315972172220564,0.5305351584587744,0.051512696810554454
Local Model,partner_i,"(1226, 35)",,Chemical + Mineralogical + Feature Engineering,Linear Regression,Time Series Split,"{""N_Splits"": 5, ""Repeats"": 1, ""Gap"": 0}",3.1224632877763328,0.2611992364523383,2.4325398302840804,0.19027817277742612,0.0584047286787018,0.004646942111957688,0.5994897075283077,0.05389175511148741,4.035212677762364,0.5814763828887306,3.129472601723434,0.4329222658276328,0.0743183514639453,0.009952593650773793,0.35687613596644346,0.1503873895710302
