Category,Company,Data Shape,Timesteps,Features,Model,Cross Validation,Cross Validation Params,RMSE Train,RMSE Train,MAE Train,MAE Train,MAPE Train,MAPE Train,R2 Train,R2 Train,RMSE Test,RMSE Test,MAE Test,MAE Test,MAPE Test,MAPE Test,R2 Test,R2 Test
,,,,,,,,mean,std,mean,std,mean,std,mean,std,mean,std,mean,std,mean,std,mean,std
Local Model,partner_i,"(1226, 29)",,Chemical + Mineralogical,Linear Regression,Blocking Time Series Split,"{""N_Splits"": 5, ""Repeats"": 1, ""train_size"": 0.8}",2.991569109257731,0.3197953437976799,2.2872847268530507,0.2919491377976948,0.054615008721633086,0.0067651336825660146,0.6497670665686013,0.04663115609083436,3.8629097659632046,0.4307778443211809,2.9375531970514817,0.3420519166193685,0.06970591479834416,0.007957483381640129,0.3775866414176782,0.13095394351151735
Local Model,partner_i,"(1226, 29)",,Chemical + Mineralogical,Linear Regression,Out of time Split,"{""Test Size"": 0.2}",3.5318987298885087,0.0,2.7587089379916914,0.0,0.06609320721147716,0.0,0.5119533111772809,0.0,3.240668395225444,0.0,2.5168572024843314,0.0,0.05907413986771224,0.0,0.5757336886829433,0.0
Local Model,partner_i,"(1226, 29)",,Chemical + Mineralogical,Linear Regression,Repeated KFold,"{""N_Splits"": 5, ""Repeats"": 3}",3.4423809766305467,0.04915717648435523,2.658506718728963,0.04245931838709024,0.06356773624641948,0.0009871582209449409,0.5341559096718663,0.014193825439475396,3.5575573222544548,0.19181380773037257,2.7437431847261573,0.15000398123839956,0.06564270877171534,0.003371547306888509,0.4983050054074875,0.06131571320681848
Local Model,partner_i,"(1226, 29)",,Chemical + Mineralogical,Linear Regression,Time Series Split,"{""N_Splits"": 5, ""Repeats"": 1, ""Gap"": 0}",3.2421118723219218,0.26321232795810845,2.5402456594075202,0.19253749986036753,0.06090182756285687,0.00465286280214062,0.5682803469024394,0.05624375255528382,4.1217628032847,0.6296043475985785,3.15990318727995,0.4869163128077256,0.07500982694359748,0.010325881682519054,0.32718147642933154,0.17311669612896932
