Category,Company,Data Shape,Timesteps,Features,Model,Cross Validation,Cross Validation Params,RMSE Train,RMSE Train,MAE Train,MAE Train,MAPE Train,MAPE Train,R2 Train,R2 Train,RMSE Test,RMSE Test,MAE Test,MAE Test,MAPE Test,MAPE Test,R2 Test,R2 Test
,,,,,,,,mean,std,mean,std,mean,std,mean,std,mean,std,mean,std,mean,std,mean,std
Local Model,partner_i,"(1226, 30)",,Chemical + Mineralogical + CS3,Linear Regression,Blocking Time Series Split,"{""N_Splits"": 5, ""Repeats"": 1, ""train_size"": 0.8}",0.9547412191060802,0.048548035343187336,0.7466775484851048,0.04836795304102139,0.01733169806070839,0.0011508439912045537,0.9642185733264166,0.003095024402876307,1.3035471971577084,0.1322672030719519,1.0242809400345898,0.12144221205648652,0.023937455940264578,0.0031198785668757234,0.9284145447448079,0.016881243053712955
Local Model,partner_i,"(1226, 30)",,Chemical + Mineralogical + CS3,Linear Regression,Out of time Split,"{""Test Size"": 0.2}",1.0870752105835126,0.0,0.8278232421701613,0.0,0.01913862566758808,0.0,0.9537657230553654,0.0,1.3128491171774705,0.0,1.0644753703597238,0.0,0.024809032917637374,0.0,0.9303695833715777,0.0
Local Model,partner_i,"(1226, 30)",,Chemical + Mineralogical + CS3,Linear Regression,Repeated KFold,"{""N_Splits"": 5, ""Repeats"": 3}",1.1059725202768764,0.012788216778250615,0.842156316032167,0.010964625052794991,0.01951010708076708,0.00026046537976960024,0.9519177368538065,0.001252543679126015,1.1456524274312432,0.05247272478587318,0.8697324131794162,0.04391166786747761,0.020170624221728172,0.0010560552169568461,0.9480000636942907,0.0055196757408162295
Local Model,partner_i,"(1226, 30)",,Chemical + Mineralogical + CS3,Linear Regression,Time Series Split,"{""N_Splits"": 5, ""Repeats"": 1, ""Gap"": 0}",0.9847557483825892,0.0858557927983947,0.7495685500473045,0.06431926277509346,0.017376808662174524,0.0014915722693582,0.9601634146227351,0.005662350945768857,1.3033968166784244,0.0570277171882342,1.0165120943852541,0.07234465512291584,0.023430782708583696,0.001518359857444746,0.9336205574343206,0.002633696229135445
