Category,Company,Data Shape,Timesteps,Features,Model,Cross Validation,Cross Validation Params,RMSE Train,RMSE Train,MAE Train,MAE Train,MAPE Train,MAPE Train,R2 Train,R2 Train,RMSE Test,RMSE Test,MAE Test,MAE Test,MAPE Test,MAPE Test,R2 Test,R2 Test
,,,,,,,,mean,std,mean,std,mean,std,mean,std,mean,std,mean,std,mean,std,mean,std
Local Model,partner_i,"(1234, 33)",,Chemical + Mineralogical + One-Hot,MLP,Blocking Time Series Split,"{""N_Splits"": 5, ""Repeats"": 3, ""train_size"": 0.8}",4.256915959490463,0.5426403038644064,3.3881463517948096,0.428934885972467,0.07868819716384994,0.009770500020889087,0.28045912218685526,0.16600664177493696,8.042023560234036,1.2267421478612481,6.429941266377765,0.8548153343237006,0.14902623168919807,0.01876412047613056,-1.709894148200098,0.7207002862324721
Local Model,partner_i,"(1234, 33)",,Chemical + Mineralogical + One-Hot,MLP,Out of time Split,"{""Test Size"": 0.2}",1.1615715091373058,0.02126172157134091,0.9029778065370656,0.02466683996299054,0.020792248639716498,0.0005483030185666933,0.9470698332737797,0.001926139949641179,2.5257182796559388,0.06196971057293802,1.257862091064452,0.03481592903984453,0.028067570878692567,0.0007835703048181415,0.741548572565664,0.012614885739377735
Local Model,partner_i,"(1234, 33)",,Chemical + Mineralogical + One-Hot,MLP,Repeated KFold,"{""N_Splits"": 5, ""Repeats"": 3}",1.137934503825827,0.04808311513884997,0.8849255318815857,0.03787919056810837,0.02026705958272791,0.000821279278758579,0.9489072606065342,0.004293368717764281,1.4736113048575277,0.7926290460374799,0.9460167565156428,0.1086842618153043,0.02159519882348111,0.0022054914405253085,0.8866643246884716,0.15638081652069827
Local Model,partner_i,"(1234, 33)",,Chemical + Mineralogical + One-Hot,MLP,Time Series Split,"{""N_Splits"": 5, ""Repeats"": 3, ""Gap"": 0}",1.915184464336792,1.18912982591376,1.5124932294354607,0.9553313894118689,0.03533898882255758,0.022506331344548092,0.7860882236431319,0.2772042080351396,4.681438412515125,4.241131330080477,3.435927538561628,3.1040883010306826,0.07914034096614024,0.07160602371495556,-0.6333577359311279,2.508278900490878
