Category,Company,Data Shape,Timesteps,Features,Model,Cross Validation,Cross Validation Params,RMSE Train,RMSE Train,MAE Train,MAE Train,MAPE Train,MAPE Train,R2 Train,R2 Train,RMSE Test,RMSE Test,MAE Test,MAE Test,MAPE Test,MAPE Test,R2 Test,R2 Test
,,,,,,,,mean,std,mean,std,mean,std,mean,std,mean,std,mean,std,mean,std,mean,std
Local Model,partner_i,"(1226, 37)",,Chemical + Mineralogical + Physical,MLP,Blocking Time Series Split,"{""N_Splits"": 5, ""Repeats"": 3, ""train_size"": 0.8}",3.5519651093649967,0.42656832728377625,2.804341981200136,0.3295030884249456,0.06518954781726188,0.007460395392598693,0.4965875798673517,0.12717686751508267,6.288996374740106,0.8451632212081609,4.969016974312916,0.7694026261235737,0.11625616615305061,0.018107610490760012,-0.6441551227711885,0.3398354451599675
Local Model,partner_i,"(1226, 37)",,Chemical + Mineralogical + Physical,MLP,Out of time Split,"{""Test Size"": 0.2}",1.045187417188153,0.02814043386746252,0.8147512020707964,0.021237019513372323,0.018676118081803382,0.00040365896534635135,0.9572291448625286,0.0022975948802817147,1.2766259361493455,0.009603055821802663,1.0198107980454199,0.007370562101374271,0.023555385919059053,0.00020839966249572512,0.934155233651153,0.0009914745913832189
Local Model,partner_i,"(1226, 37)",,Chemical + Mineralogical + Physical,MLP,Repeated KFold,"{""N_Splits"": 5, ""Repeats"": 3}",1.096540611599847,0.05699089627737438,0.8664328642704332,0.04718428488209631,0.019963821473183117,0.001118239775299609,0.9525980953358396,0.004961714060808477,1.1874070446598795,0.095578187216128,0.924238792551508,0.07512601982407534,0.021414790900797606,0.0019048501648411492,0.9441140576259559,0.007868321018704466
Local Model,partner_i,"(1226, 37)",,Chemical + Mineralogical + Physical,MLP,Time Series Split,"{""N_Splits"": 5, ""Repeats"": 3, ""Gap"": 0}",1.9323554949518218,0.9580166316357723,1.524251399409777,0.7623928868055622,0.03558776267767513,0.018006944530458677,0.8046437647249518,0.20070841101013145,3.828779035747226,2.946001560942055,2.923995361842363,2.142932818059457,0.0686674102821332,0.05085959834448647,0.05777374025095448,1.3752469525366235
