Category,Company,Data Shape,Timesteps,Features,Model,Cross Validation,Cross Validation Params,RMSE Train,RMSE Train,MAE Train,MAE Train,MAPE Train,MAPE Train,R2 Train,R2 Train,RMSE Test,RMSE Test,MAE Test,MAE Test,MAPE Test,MAPE Test,R2 Test,R2 Test
,,,,,,,,mean,std,mean,std,mean,std,mean,std,mean,std,mean,std,mean,std,mean,std
Local Model,partner_i,"(1226, 31)",,Chemical + Mineralogical + CS3 + CS7,MLP,Blocking Time Series Split,"{""N_Splits"": 5, ""Repeats"": 3, ""train_size"": 0.8}",4.069126172496294,0.6238593402685387,3.2084459116669763,0.47912848617238835,0.07437898780022129,0.011087545923636224,0.3377328481565725,0.19785240158492526,6.953900101119111,0.5478084126977505,5.52998601692874,0.4193335506583516,0.1290998325525188,0.009607096401541271,-1.0060272767754197,0.2525663599690843
Local Model,partner_i,"(1226, 31)",,Chemical + Mineralogical + CS3 + CS7,MLP,Out of time Split,"{""Test Size"": 0.2}",1.0772936475285175,0.027138524811516747,0.85625248085074,0.024156523700969303,0.019657684505021287,0.0005418273158403452,0.9545652019589385,0.0022722152280536317,1.1986768269284342,0.015587007581125011,0.9667629148901961,0.012697044949865092,0.022188619574984816,0.0002430532466755251,0.9419440134955935,0.0015120300664439423
Local Model,partner_i,"(1226, 31)",,Chemical + Mineralogical + CS3 + CS7,MLP,Repeated KFold,"{""N_Splits"": 5, ""Repeats"": 3}",1.084863133559991,0.047111663391061605,0.8570388569584823,0.039112675574827435,0.019754371111360015,0.000882591955301142,0.9536490136787114,0.00407175480239937,1.1296870694656793,0.052602083243089535,0.8909647642095228,0.04591711236740258,0.020573212228337596,0.0010843151749477488,0.9495171024780719,0.00465441203395854
Local Model,partner_i,"(1226, 31)",,Chemical + Mineralogical + CS3 + CS7,MLP,Time Series Split,"{""N_Splits"": 5, ""Repeats"": 3, ""Gap"": 0}",1.8699507300072804,1.1048594510087577,1.4918841759389585,0.8904587685009592,0.034717619050814635,0.020898070774627523,0.8013981636259558,0.24536939262983434,3.9572268981391585,3.4729135269080116,3.0201528210265978,2.4756070427928143,0.07005388826100623,0.057492136631177526,-0.1258644626799665,1.7352211662074128
