Category,Company,Data Shape,Timesteps,Features,Model,Cross Validation,Cross Validation Params,RMSE Train,RMSE Train,MAE Train,MAE Train,MAPE Train,MAPE Train,R2 Train,R2 Train,RMSE Test,RMSE Test,MAE Test,MAE Test,MAPE Test,MAPE Test,R2 Test,R2 Test
,,,,,,,,mean,std,mean,std,mean,std,mean,std,mean,std,mean,std,mean,std,mean,std
Local Model,partner_i,"(1226, 30)",,Chemical + Mineralogical + CS7,MLP,Blocking Time Series Split,"{""N_Splits"": 5, ""Repeats"": 3, ""train_size"": 0.8}",4.210657668926868,0.7010340433551485,3.3358198224281796,0.5365773180759146,0.07752045443260733,0.012521224190757336,0.28863123330476176,0.22690136040943387,7.138670834959871,0.6079644275201816,5.717059884103784,0.5264446179714859,0.1331116686786499,0.011567254918691051,-1.1155390927445845,0.3028762718687492
Local Model,partner_i,"(1226, 30)",,Chemical + Mineralogical + CS7,MLP,Out of time Split,"{""Test Size"": 0.2}",1.1154188217155172,0.01991341722143269,0.8870994840349483,0.014247229952265237,0.02037804234107819,0.00030173579668810234,0.9513078197626385,0.0017329535352996832,1.3381279323147786,0.015434178109683241,1.0558037848330428,0.011646059725020929,0.02406941433594569,0.0002701969134160312,0.9276526868561156,0.001669043889512248
Local Model,partner_i,"(1226, 30)",,Chemical + Mineralogical + CS7,MLP,Repeated KFold,"{""N_Splits"": 5, ""Repeats"": 3}",1.1234243655508778,0.04173987988080509,0.8909641854232507,0.0333058339396858,0.020552412729754912,0.0007478346902899962,0.9503179737684377,0.0037934995681837736,1.1670072009183845,0.05932154477905052,0.9236924854500309,0.05234711331616892,0.021345652069802986,0.0012579183242536517,0.9461264391882594,0.0051548873401659565
Local Model,partner_i,"(1226, 30)",,Chemical + Mineralogical + CS7,MLP,Time Series Split,"{""N_Splits"": 5, ""Repeats"": 3, ""Gap"": 0}",1.8566518848351725,1.1019113681208297,1.4814017211071637,0.8822895271607376,0.03444945395581135,0.020680799909585736,0.8037939874029523,0.24867522289126168,3.8958509544160402,3.279197214578381,2.9789854403025204,2.36542334145758,0.06919945650531849,0.054944520337775395,-0.053521083294885224,1.5241199883059353
