Category,Company,Data Shape,Timesteps,Features,Model,Cross Validation,Cross Validation Params,RMSE Train,RMSE Train,MAE Train,MAE Train,MAPE Train,MAPE Train,R2 Train,R2 Train,RMSE Test,RMSE Test,MAE Test,MAE Test,MAPE Test,MAPE Test,R2 Test,R2 Test
,,,,,,,,mean,std,mean,std,mean,std,mean,std,mean,std,mean,std,mean,std,mean,std
Local Model,partner_i,"(1226, 35)",,Chemical + Mineralogical + Properties CS Less,MLP,Blocking Time Series Split,"{""N_Splits"": 5, ""Repeats"": 3, ""train_size"": 0.8}",3.9239688294961224,0.48628002041938445,3.1021121135374345,0.3994106205765203,0.07178616687558843,0.009259904181429855,0.3884734685927818,0.14395102407727167,7.0866033479390556,0.9086442694681072,5.648516692596224,0.7756885550062681,0.13271472683973767,0.018282831896250917,-1.0954959422205792,0.47053444685384
Local Model,partner_i,"(1226, 35)",,Chemical + Mineralogical + Properties CS Less,MLP,Out of time Split,"{""Test Size"": 0.2}",1.496149178013966,0.037390859000385315,1.147055042033294,0.022636240515857282,0.026592415938018907,0.0005225805553125775,0.9123673702096592,0.0043403423680891335,1.735904379675737,0.11804690763850297,1.36861747907106,0.1029177417964921,0.03154900880023548,0.0022591159851317465,0.8777004973657822,0.016933209368505286
Local Model,partner_i,"(1226, 35)",,Chemical + Mineralogical + Properties CS Less,MLP,Repeated KFold,"{""N_Splits"": 5, ""Repeats"": 3}",1.4805532322373935,0.0438678770984056,1.1414405222941724,0.03759703267350946,0.026374723117765744,0.0009069613926235714,0.9137828638422173,0.004964296814932233,1.658632275719717,0.10824821242069463,1.2750126303506175,0.07824236315329576,0.029592293927483835,0.001999400868887234,0.8910520724188996,0.013224927448014444
Local Model,partner_i,"(1226, 35)",,Chemical + Mineralogical + Properties CS Less,MLP,Time Series Split,"{""N_Splits"": 5, ""Repeats"": 3, ""Gap"": 0}",2.08439474574489,0.9081343203540686,1.6482424561848958,0.7463132995693879,0.038380000458234156,0.01746498471126536,0.7836638639057056,0.2090916869909591,4.568235437297544,3.381530773577252,3.4994269875529542,2.463515789470412,0.0816630919756444,0.0577762526689341,-0.30224786329814807,1.8811706845920912
