Category,Company,Data Shape,Timesteps,Features,Model,Cross Validation,Cross Validation Params,RMSE Train,RMSE Train,MAE Train,MAE Train,MAPE Train,MAPE Train,R2 Train,R2 Train,RMSE Test,RMSE Test,MAE Test,MAE Test,MAPE Test,MAPE Test,R2 Test,R2 Test
,,,,,,,,mean,std,mean,std,mean,std,mean,std,mean,std,mean,std,mean,std,mean,std
Local Model,partner_i,"(1234, 34)",,Chemical + Mineralogical + CS7 + One-Hot,MLP,Blocking Time Series Split,"{""N_Splits"": 5, ""Repeats"": 3, ""train_size"": 0.8}",4.116768402647562,0.6559815908251032,3.2649380106504298,0.5007612332398075,0.0758341800395723,0.01150126114294723,0.3208482933828914,0.21166581066196383,7.849556896246527,1.1702445152612642,6.28951100794474,0.8882536948086099,0.14573937839141607,0.019586069888214663,-1.5752183945912221,0.6559949294431382
Local Model,partner_i,"(1234, 34)",,Chemical + Mineralogical + CS7 + One-Hot,MLP,Out of time Split,"{""Test Size"": 0.2}",1.007335958181816,0.036610216299501286,0.7901240628702114,0.03551291878221604,0.01818749984319819,0.0007626189134321702,0.9601537173197435,0.0028732039283940773,2.7692603974260286,0.2772125134912114,1.1665483647190753,0.06296032881352615,0.026020138851069224,0.0014213813484768242,0.6863786479502325,0.06129117574521098
Local Model,partner_i,"(1234, 34)",,Chemical + Mineralogical + CS7 + One-Hot,MLP,Repeated KFold,"{""N_Splits"": 5, ""Repeats"": 3}",0.9762912719451348,0.05167403108582309,0.7635276347422606,0.04307516186966951,0.01755992011686581,0.0009396775562298624,0.9623563456915035,0.004023506116993301,1.3544597708805393,0.8143961070480266,0.8147400145013131,0.10995306390722352,0.018643493742444263,0.0023122900881433987,0.8993618251964614,0.14509900916778393
Local Model,partner_i,"(1234, 34)",,Chemical + Mineralogical + CS7 + One-Hot,MLP,Time Series Split,"{""N_Splits"": 5, ""Repeats"": 3, ""Gap"": 0}",1.7953319598854975,1.193030395242461,1.4280427351572273,0.9616448305014699,0.03340983116623442,0.022593912998257137,0.8041347807416828,0.2645672707558723,4.570364280807171,4.448922766074144,3.334867384763269,3.348318304808147,0.07707743026597551,0.07765505640781938,-0.668903502224765,2.696835040819249
