Category,Company,Data Shape,Timesteps,Features,Model,Cross Validation,Cross Validation Params,RMSE Train,RMSE Train,MAE Train,MAE Train,MAPE Train,MAPE Train,R2 Train,R2 Train,RMSE Test,RMSE Test,MAE Test,MAE Test,MAPE Test,MAPE Test,R2 Test,R2 Test
,,,,,,,,mean,std,mean,std,mean,std,mean,std,mean,std,mean,std,mean,std,mean,std
Local Model,partner_i,"(1226, 35)",,Chemical + Mineralogical + Properties CS Less,Random Forest,Blocking Time Series Split,"{""N_Splits"": 5, ""Repeats"": 1, ""train_size"": 0.8}",0.9207016833855718,0.10597641937769005,0.680932598610269,0.09684531171946627,0.015544447730612851,0.002154628932598633,0.9668645205601157,0.0046113697810384845,1.254675244146311,0.2519884878310079,0.8759408293360356,0.11048379782472179,0.020213006479530456,0.002526610998432735,0.9322593468750053,0.02826018211769861
Local Model,partner_i,"(1226, 35)",,Chemical + Mineralogical + Properties CS Less,Random Forest,Out of time Split,"{""Test Size"": 0.2}",1.2584386280701696,0.0,0.8793931018792456,0.0,0.020304774655708364,0.0,0.9380403484518355,0.0,1.4813672783671332,0.0,1.1217800120049557,0.0,0.025366498016128593,0.0,0.9113467103464151,0.0
Local Model,partner_i,"(1226, 35)",,Chemical + Mineralogical + Properties CS Less,Random Forest,Repeated KFold,"{""N_Splits"": 5, ""Repeats"": 3}",1.2553618345251472,0.02706673967021365,0.9261692922084613,0.02207022082900512,0.02124448498729677,0.0004975791332934988,0.938029883060658,0.002780728293118196,1.399803066263758,0.15953602472780343,0.9905555185278705,0.06924638072314075,0.02280861991145672,0.001588838411900205,0.9213946777302511,0.019217010920428948
Local Model,partner_i,"(1226, 35)",,Chemical + Mineralogical + Properties CS Less,Random Forest,Time Series Split,"{""N_Splits"": 5, ""Repeats"": 1, ""Gap"": 0}",1.0579942046337416,0.1616329037859816,0.7498304544437782,0.10643488706289142,0.017200867866443335,0.0025068136531058607,0.953464399300066,0.012062583370195766,1.6107115621315409,0.13652246038705415,1.1205273333743633,0.2051642389246193,0.02565212340221636,0.003945179249954422,0.8987589889655231,0.009849505807883671
