Category,Company,Data Shape,Timesteps,Features,Model,Cross Validation,Cross Validation Params,RMSE Train,RMSE Train,MAE Train,MAE Train,MAPE Train,MAPE Train,R2 Train,R2 Train,RMSE Test,RMSE Test,MAE Test,MAE Test,MAPE Test,MAPE Test,R2 Test,R2 Test
,,,,,,,,mean,std,mean,std,mean,std,mean,std,mean,std,mean,std,mean,std,mean,std
Local Model,partner_i,"(1234, 35)",,Chemical + Mineralogical + CS3 + CS7 + One-Hot,Random Forest,Blocking Time Series Split,"{""N_Splits"": 5, ""Repeats"": 1, ""train_size"": 0.8}",0.753366351084374,0.07264037593043247,0.5703727321289724,0.06302670001076444,0.013059320097916369,0.0014115156579243102,0.9776881078882866,0.002929390109074885,0.9716139104246843,0.24742168285518185,0.7452080212127988,0.17015731436844123,0.017292485484963444,0.003933127762617048,0.959492650010992,0.01924341969028647
Local Model,partner_i,"(1234, 35)",,Chemical + Mineralogical + CS3 + CS7 + One-Hot,Random Forest,Out of time Split,"{""Test Size"": 0.2}",0.888797117837751,0.0,0.7066574012769423,0.0,0.01624637407289265,0.0,0.969020732090991,0.0,1.1499497084112418,0.0,0.8617758645320515,0.0,0.01943608892142451,0.0,0.9464566607020051,0.0
Local Model,partner_i,"(1234, 35)",,Chemical + Mineralogical + CS3 + CS7 + One-Hot,Random Forest,Repeated KFold,"{""N_Splits"": 5, ""Repeats"": 3}",0.9210343490786455,0.01348870968509564,0.7158049522112713,0.01377029792459933,0.01645030822702001,0.00031413163386595413,0.966576022797801,0.001033028109670385,0.9802256540002166,0.03565239915405433,0.7600509640167171,0.031165454351956952,0.017513376502436947,0.0006678790948981643,0.9619228815761839,0.0029565320692497734
Local Model,partner_i,"(1234, 35)",,Chemical + Mineralogical + CS3 + CS7 + One-Hot,Random Forest,Time Series Split,"{""N_Splits"": 5, ""Repeats"": 1, ""Gap"": 0}",0.8102322855591234,0.05969031851274376,0.6242851866600401,0.056070566578429196,0.014311784401342845,0.0013148528836529618,0.9730275296307049,0.0031976966098879503,1.1130930769393608,0.27824984856061125,0.8489857007882705,0.22776418550394398,0.01932706201326299,0.0047697061028182846,0.9496077111853873,0.02283423034346522
