Category,Company,Data Shape,Timesteps,Features,Model,Cross Validation,Cross Validation Params,RMSE Train,RMSE Train,MAE Train,MAE Train,MAPE Train,MAPE Train,R2 Train,R2 Train,RMSE Test,RMSE Test,MAE Test,MAE Test,MAPE Test,MAPE Test,R2 Test,R2 Test
,,,,,,,,mean,std,mean,std,mean,std,mean,std,mean,std,mean,std,mean,std,mean,std
Local Model,partner_i,"(1226, 35)",,Chemical + Mineralogical + Properties CS Less,XGBoost,Blocking Time Series Split,"{""N_Splits"": 5, ""Repeats"": 1, ""train_size"": 0.8}",1.210236265275172,0.09942401011309393,0.9708675462372423,0.07836877551921492,0.02315626426674456,0.0018494155357152676,0.942786604002297,0.004198338614743287,1.4908755495613788,0.22713004820385344,1.103019761066045,0.13425833362931744,0.02660243428770332,0.003112675797828103,0.905197762509985,0.03099989623685541
Local Model,partner_i,"(1226, 35)",,Chemical + Mineralogical + Properties CS Less,XGBoost,Out of time Split,"{""Test Size"": 0.2}",1.4280439312205,0.0,1.1086978445247728,0.0,0.02626127134494693,0.0,0.9202137558930272,0.0,1.5892380560608133,0.0,1.1767721718888922,0.0,0.026756555733848105,0.0,0.897965445370643,0.0
Local Model,partner_i,"(1226, 35)",,Chemical + Mineralogical + Properties CS Less,XGBoost,Repeated KFold,"{""N_Splits"": 5, ""Repeats"": 3}",1.4408531500410537,0.01912852914255156,1.11800324247802,0.014989229214158548,0.02641039722204756,0.00033124559314835485,0.9183875871707683,0.0023869513040872584,1.5960905523088087,0.1098018096808249,1.1999125626068585,0.06152706410762525,0.028316085658526034,0.0014728594985332659,0.8989315909420698,0.01399377932953722
Local Model,partner_i,"(1226, 35)",,Chemical + Mineralogical + Properties CS Less,XGBoost,Time Series Split,"{""N_Splits"": 5, ""Repeats"": 1, ""Gap"": 0}",1.2874171191281243,0.11375169510472312,1.0193090400679012,0.07033444158475341,0.024206683181008083,0.001608112921780964,0.931902551881773,0.009774531384173682,1.8595123452064044,0.2241180793736641,1.371504944446039,0.21545184184667848,0.03197353488844673,0.004660021258616865,0.8641187593464836,0.026770539722310648
