Category,Company,Data Shape,Timesteps,Features,Model,Cross Validation,Cross Validation Params,RMSE Train,RMSE Train,MAE Train,MAE Train,MAPE Train,MAPE Train,R2 Train,R2 Train,RMSE Test,RMSE Test,MAE Test,MAE Test,MAPE Test,MAPE Test,R2 Test,R2 Test
,,,,,,,,mean,std,mean,std,mean,std,mean,std,mean,std,mean,std,mean,std,mean,std
Local Model,partner_i,"(1226, 30)",,Chemical + Mineralogical + CS3,XGBoost,Blocking Time Series Split,"{""N_Splits"": 5, ""Repeats"": 1, ""train_size"": 0.8}",1.1832393400604597,0.07391418836771325,0.9692486159655495,0.0619821018628866,0.02310470773293976,0.0014756527607603788,0.9451676533388802,0.004086444253950629,1.414327676933985,0.24253924397573015,1.1154272118393247,0.15187268672549104,0.026624367838272524,0.003336051177401871,0.9157364989548344,0.026367822774724582
Local Model,partner_i,"(1226, 30)",,Chemical + Mineralogical + CS3,XGBoost,Out of time Split,"{""Test Size"": 0.2}",1.3028006300423356,0.0,1.0535145584417844,0.0,0.024908039926207083,0.0,0.9335949962828785,0.0,1.3198226901406684,0.0,1.012095753739518,0.0,0.023804503435032046,0.0,0.9296278950637415,0.0
Local Model,partner_i,"(1226, 30)",,Chemical + Mineralogical + CS3,XGBoost,Repeated KFold,"{""N_Splits"": 5, ""Repeats"": 3}",1.3040608159428695,0.009508819291964688,1.0453114193928985,0.005865219939538755,0.024701245226298886,0.0001373076233953789,0.9331591362475737,0.0011341405919577602,1.3706696082117242,0.06650872789116762,1.093376479991985,0.047088901036966974,0.02583875420244258,0.0012044707839727223,0.9257207160542728,0.006590047420329455
Local Model,partner_i,"(1226, 30)",,Chemical + Mineralogical + CS3,XGBoost,Time Series Split,"{""N_Splits"": 5, ""Repeats"": 1, ""Gap"": 0}",1.196959158800618,0.06722915074708981,0.9788934634524743,0.05453114159129715,0.02325819568954806,0.001224916281214612,0.9412991186604065,0.004752975893576711,1.5208047769286754,0.26617334597952913,1.2044736263798725,0.20477196163988745,0.028214486012168704,0.004437159130920232,0.9087006306866515,0.025671437343716935
