Category,Company,Data Shape,Timesteps,Features,Model,Cross Validation,Cross Validation Params,RMSE Train,RMSE Train,MAE Train,MAE Train,MAPE Train,MAPE Train,R2 Train,R2 Train,RMSE Test,RMSE Test,MAE Test,MAE Test,MAPE Test,MAPE Test,R2 Test,R2 Test
,,,,,,,,mean,std,mean,std,mean,std,mean,std,mean,std,mean,std,mean,std,mean,std
Local Model,partner_i,"(1234, 34)",,Chemical + Mineralogical + CS3 + One-Hot,XGBoost,Blocking Time Series Split,"{""N_Splits"": 5, ""Repeats"": 1, ""train_size"": 0.8}",1.1401876760582226,0.0769094289188539,0.9182657163970303,0.06435596715377803,0.02199732402770882,0.0015392585624102962,0.949025245429629,0.0029499168925231586,1.3599854192570109,0.2858131676437015,1.0272969360351543,0.1867290296124976,0.02458148882503306,0.004169050105425915,0.9212194095073034,0.029633051303961662
Local Model,partner_i,"(1234, 34)",,Chemical + Mineralogical + CS3 + One-Hot,XGBoost,Out of time Split,"{""Test Size"": 0.2}",1.248011389376139,0.0,0.9794214745302202,0.0,0.023283262493166125,0.0,0.9389194452610483,0.0,1.46658540124733,0.0,1.1362467622949968,0.0,0.026447431568551796,0.0,0.912911166532114,0.0
Local Model,partner_i,"(1234, 34)",,Chemical + Mineralogical + CS3 + One-Hot,XGBoost,Repeated KFold,"{""N_Splits"": 5, ""Repeats"": 3}",1.2598659749853727,0.007864575941128556,0.9985158189214303,0.005142226347930906,0.023681578061449434,0.00012264615381988661,0.9374752961827563,0.000685240322732292,1.3128557786262518,0.08816155626891672,1.040829163118318,0.078888802366923,0.024677094222886505,0.001860586389811989,0.9318453795700578,0.006199239906983367
Local Model,partner_i,"(1234, 34)",,Chemical + Mineralogical + CS3 + One-Hot,XGBoost,Time Series Split,"{""N_Splits"": 5, ""Repeats"": 1, ""Gap"": 0}",1.1434750219125553,0.05226406800212394,0.9053178528418874,0.03908177650100039,0.02164115256333914,0.0008975205627863736,0.9463642228465485,0.0032300304495763506,1.483796271158735,0.24071877149055174,1.1669068387659576,0.20658485393710216,0.027344435046161224,0.00416426643794905,0.9129159636355034,0.022892867141629768
