Category,Company,Data Shape,Timesteps,Features,Model,Cross Validation,Cross Validation Params,RMSE Train,RMSE Train,MAE Train,MAE Train,MAPE Train,MAPE Train,R2 Train,R2 Train,RMSE Test,RMSE Test,MAE Test,MAE Test,MAPE Test,MAPE Test,R2 Test,R2 Test
,,,,,,,,mean,std,mean,std,mean,std,mean,std,mean,std,mean,std,mean,std,mean,std
Local Model,partner_i,"(1234, 34)",,Chemical + Mineralogical + CS7 + One-Hot,XGBoost,Blocking Time Series Split,"{""N_Splits"": 5, ""Repeats"": 1, ""train_size"": 0.8}",1.1250769224658146,0.06088387408012051,0.9083431827778694,0.062145473311321135,0.021791305788283984,0.001497443218572274,0.9503386974842982,0.001875370924532967,1.2033773913330255,0.190825143296421,0.9421581268310526,0.1541846378127457,0.022710245167312845,0.0033555134964490425,0.9394290244147815,0.01560875228807846
Local Model,partner_i,"(1234, 34)",,Chemical + Mineralogical + CS7 + One-Hot,XGBoost,Out of time Split,"{""Test Size"": 0.2}",1.2029154196968646,0.0,0.9672036600934207,0.0,0.023047067390086797,0.0,0.9432538947601453,0.0,1.309417810756214,0.0,1.0433701735276415,0.0,0.024190024798666745,0.0,0.9305768611050924,0.0
Local Model,partner_i,"(1234, 34)",,Chemical + Mineralogical + CS7 + One-Hot,XGBoost,Repeated KFold,"{""N_Splits"": 5, ""Repeats"": 3}",1.2152027694425978,0.005984974924479199,0.9770775035390192,0.00769945363149522,0.02321883785290113,0.00018645880797074188,0.941829657729624,0.0005690095948357373,1.2663953423901961,0.055470126415120766,1.015395688445067,0.05606624561510751,0.024099578719505285,0.001366912055768497,0.9365714437640381,0.003697825421361121
Local Model,partner_i,"(1234, 34)",,Chemical + Mineralogical + CS7 + One-Hot,XGBoost,Time Series Split,"{""N_Splits"": 5, ""Repeats"": 1, ""Gap"": 0}",1.1339672026368066,0.04022379559347077,0.9058160111136312,0.03419935165160558,0.02166544297977773,0.0007852489156516238,0.9472623665891685,0.0020910766448169315,1.395729051139966,0.25344897751782264,1.112759429187309,0.21576809157612423,0.026065430696654644,0.0044766958405161004,0.9228944566916448,0.02325077768426705
