Category,Company,Data Shape,Timesteps,Features,Model,Cross Validation,Cross Validation Params,RMSE Train,RMSE Train,MAE Train,MAE Train,MAPE Train,MAPE Train,R2 Train,R2 Train,RMSE Test,RMSE Test,MAE Test,MAE Test,MAPE Test,MAPE Test,R2 Test,R2 Test
,,,,,,,,mean,std,mean,std,mean,std,mean,std,mean,std,mean,std,mean,std,mean,std
Local Model,partner_i,"(1226, 31)",,Chemical + Mineralogical + CS3 + CS7,XGBoost,Blocking Time Series Split,"{""N_Splits"": 5, ""Repeats"": 1, ""train_size"": 0.8}",1.145050541898511,0.054674629836867515,0.9417535704009372,0.0500206057585428,0.022520561680402996,0.001246033123445841,0.9486788632383399,0.0015668666802706737,1.309570892519531,0.19292938383998745,1.0437751147211796,0.13501619104935297,0.025020736789778692,0.0029579276750248216,0.9281830076677874,0.017809633688073548
Local Model,partner_i,"(1226, 31)",,Chemical + Mineralogical + CS3 + CS7,XGBoost,Out of time Split,"{""Test Size"": 0.2}",1.2408743374511324,0.0,1.0226806368146613,0.0,0.024262634037633738,0.0,0.9397578460642493,0.0,1.225591186343729,0.0,0.9591961837396352,0.0,0.022542090882330477,0.0,0.939317897585497,0.0
Local Model,partner_i,"(1226, 31)",,Chemical + Mineralogical + CS3 + CS7,XGBoost,Repeated KFold,"{""N_Splits"": 5, ""Repeats"": 3}",1.2383197317096035,0.008244392081612912,1.011306849827021,0.008069062211434906,0.02397188679300009,0.0001827210412824802,0.939730240105723,0.0008765586048745465,1.2995265026472536,0.057232198372481384,1.056970002806414,0.0435406279824031,0.025028234458344158,0.0010776301240034956,0.9332381083939936,0.005544990367778862
Local Model,partner_i,"(1226, 31)",,Chemical + Mineralogical + CS3 + CS7,XGBoost,Time Series Split,"{""N_Splits"": 5, ""Repeats"": 1, ""Gap"": 0}",1.1671044375635191,0.05335749398715333,0.9598739935483561,0.04727889457250856,0.022855579915399504,0.0010707064812115383,0.944209922380676,0.0034283019598546583,1.4460941294196468,0.24215216340245657,1.1586232652851174,0.1864705595934677,0.02711436494248582,0.0040305115336962925,0.9176822751919589,0.022061959076948703
