Category,Company,Data Shape,Timesteps,Features,Model,Cross Validation,Cross Validation Params,RMSE Train,RMSE Train,MAE Train,MAE Train,MAPE Train,MAPE Train,R2 Train,R2 Train,RMSE Test,RMSE Test,MAE Test,MAE Test,MAPE Test,MAPE Test,R2 Test,R2 Test
,,,,,,,,mean,std,mean,std,mean,std,mean,std,mean,std,mean,std,mean,std,mean,std
Local Model,partner_i,"(1234, 42)",,Chemical + Mineralogical + Physical + One-Hot,XGBoost,Blocking Time Series Split,"{""N_Splits"": 5, ""Repeats"": 1, ""train_size"": 0.8}",1.1189303079449395,0.06438185192463075,0.9095548707611686,0.05965994068442221,0.021824799161133678,0.0014358590589531096,0.9508877091061191,0.0021092406035818686,1.2902636388669215,0.22316141932598896,0.9771212615966768,0.14771497404384779,0.023510997363833802,0.0033069290934180356,0.9300694388378616,0.019759949131554818
Local Model,partner_i,"(1234, 42)",,Chemical + Mineralogical + Physical + One-Hot,XGBoost,Out of time Split,"{""Test Size"": 0.2}",1.201269353049673,0.0,0.967005798278004,0.0,0.023045892989666576,0.0,0.9434090909777824,0.0,1.3769610854815064,0.0,1.088713333191656,0.0,0.025434463408685947,0.0,0.9232300793628119,0.0
Local Model,partner_i,"(1234, 42)",,Chemical + Mineralogical + Physical + One-Hot,XGBoost,Repeated KFold,"{""N_Splits"": 5, ""Repeats"": 3}",1.2133839489387617,0.006185704114042712,0.9775024722454567,0.007750834251192128,0.023227966483672344,0.00018700079946092958,0.9420026874969698,0.0006685905305623265,1.2678745194823595,0.05655271325286506,1.0201663465811575,0.05856478302227708,0.024207019040285768,0.0014261720373612943,0.9364418860925259,0.0034794204304385294
Local Model,partner_i,"(1234, 42)",,Chemical + Mineralogical + Physical + One-Hot,XGBoost,Time Series Split,"{""N_Splits"": 5, ""Repeats"": 1, ""Gap"": 0}",1.1250662119639443,0.04335666837404305,0.9006196707417761,0.03700969566862004,0.02155065866517328,0.0008443074405359905,0.948085529523631,0.002369879874435832,1.4192930178828316,0.24811114884089902,1.128641450463271,0.22000873149085806,0.02646947438618555,0.004539599368956965,0.920285873411261,0.02311612234394741
