Category,Company,Data Shape,Timesteps,Features,Model,Cross Validation,Cross Validation Params,RMSE Train,RMSE Train,MAE Train,MAE Train,MAPE Train,MAPE Train,R2 Train,R2 Train,RMSE Test,RMSE Test,MAE Test,MAE Test,MAPE Test,MAPE Test,R2 Test,R2 Test
,,,,,,,,mean,std,mean,std,mean,std,mean,std,mean,std,mean,std,mean,std,mean,std
Local Model,partner_i,"(1234, 35)",,Chemical + Mineralogical + CS3 + CS7 + One-Hot,XGBoost,Blocking Time Series Split,"{""N_Splits"": 5, ""Repeats"": 1, ""train_size"": 0.8}",1.1225762962790582,0.06222712728215493,0.907936084513759,0.0599040682811132,0.021782492707629553,0.0014428562185049491,0.9505645504042484,0.0019079872001881355,1.2763388622396767,0.2247370282458449,0.9722021789550759,0.15824635039403223,0.023386328902662977,0.0035257383026624798,0.9315009259988349,0.020106942453913618
Local Model,partner_i,"(1234, 35)",,Chemical + Mineralogical + CS3 + CS7 + One-Hot,XGBoost,Out of time Split,"{""Test Size"": 0.2}",1.2031950290641686,0.0,0.9657400763143513,0.0,0.02301201428395101,0.0,0.9432275112150008,0.0,1.354239516583623,0.0,1.0728178140122844,0.0,0.02499688262380908,0.0,0.9257427737707453,0.0
Local Model,partner_i,"(1234, 35)",,Chemical + Mineralogical + CS3 + CS7 + One-Hot,XGBoost,Repeated KFold,"{""N_Splits"": 5, ""Repeats"": 3}",1.2139496971224493,0.006369826994693414,0.9781078000299825,0.007526954417033431,0.023241458055944415,0.0001815704040919258,0.9419490096040763,0.0006396142884894153,1.2673021871285546,0.05679223995475775,1.020044327556524,0.05884915157395402,0.02420097528708785,0.0014356527602656759,0.9365034437423726,0.0034204540497703006
Local Model,partner_i,"(1234, 35)",,Chemical + Mineralogical + CS3 + CS7 + One-Hot,XGBoost,Time Series Split,"{""N_Splits"": 5, ""Repeats"": 1, ""Gap"": 0}",1.1265993998872705,0.043546581300640916,0.9018385230609034,0.03589535830627514,0.021579945320843043,0.0008195873429807117,0.94794376484527,0.0023895429376754916,1.416467546444571,0.2529459190324323,1.126728467243473,0.21780188200080974,0.02638861255638154,0.004508574623519425,0.9205345100271998,0.023652248034884703
