Category,Company,Data Shape,Timesteps,Features,Model,Cross Validation,Cross Validation Params,RMSE Train,RMSE Train,MAE Train,MAE Train,MAPE Train,MAPE Train,R2 Train,R2 Train,RMSE Test,RMSE Test,MAE Test,MAE Test,MAPE Test,MAPE Test,R2 Test,R2 Test
,,,,,,,,mean,std,mean,std,mean,std,mean,std,mean,std,mean,std,mean,std,mean,std
Local Model,partner_iv,"(315, 27)",,Chemical + Mineralogical + CS2,Decision Tree,Blocking Time Series Split,"{""N_Splits"": 5, ""Repeats"": 1, ""train_size"": 0.8}",1.808582288979394,0.5626452574020095,1.43770029480832,0.4414389142964901,0.02667756346375107,0.008100023210386506,0.5591273979542184,0.21291692277359003,3.552989578531583,1.265818523700178,2.898204004673091,0.9917246018130362,0.0519731528584358,0.015437030609159255,-1.5100294711908915,1.2228004526544156
Local Model,partner_iv,"(315, 27)",,Chemical + Mineralogical + CS2,Decision Tree,Out of time Split,"{""Test Size"": 0.2}",2.6277369118397087,0.0,2.0407420720328147,0.0,0.03758168709924526,0.0,0.4541909375656411,0.0,4.430569680896838,0.0,3.6330097466890394,0.0,0.06940720905834362,0.0,-2.589295697269097,0.0
Local Model,partner_iv,"(315, 27)",,Chemical + Mineralogical + CS2,Decision Tree,Repeated KFold,"{""N_Splits"": 5, ""Repeats"": 3}",2.78554187283206,0.1452007933496126,2.207535954514833,0.1309907010624175,0.04083110044191771,0.002450311831954538,0.32133080937187586,0.06651909898956944,3.1477800263699627,0.3405487593592103,2.489295451955873,0.26104920292305145,0.04585807451189156,0.004894661954372544,0.10170912790529821,0.12567850030868347
Local Model,partner_iv,"(315, 27)",,Chemical + Mineralogical + CS2,Decision Tree,Time Series Split,"{""N_Splits"": 5, ""Repeats"": 1, ""Gap"": 0}",2.60403061221736,0.1892656613173154,2.062609909891519,0.17077410711368546,0.03818069137567739,0.0029749544105337217,0.4820105566448044,0.08290233236270637,3.5396708992865493,0.6698929709031877,2.8971783244438636,0.6041859927678812,0.05382384140159062,0.011533535665426317,-1.108052900025093,0.9802072870211566
