Category,Company,Data Shape,Timesteps,Features,Model,Cross Validation,Cross Validation Params,RMSE Train,RMSE Train,MAE Train,MAE Train,MAPE Train,MAPE Train,R2 Train,R2 Train,RMSE Test,RMSE Test,MAE Test,MAE Test,MAPE Test,MAPE Test,R2 Test,R2 Test
,,,,,,,,mean,std,mean,std,mean,std,mean,std,mean,std,mean,std,mean,std,mean,std
Local Model,partner_iv,"(315, 34)",,Chemical + Mineralogical + Physical,Linear Regression,Blocking Time Series Split,"{""N_Splits"": 5, ""Repeats"": 1, ""train_size"": 0.8}",1.0429037432513462,0.25717026520656505,0.8255258553833738,0.1895338098750477,0.015256394291691039,0.0034714919088430062,0.8659973407858674,0.03991739969569778,5.659491351141419,3.853378367313493,3.804222478787511,1.5001119411967405,0.07015115895135111,0.02696932372472691,-8.4516321322312,12.202596426344329
Local Model,partner_iv,"(315, 34)",,Chemical + Mineralogical + Physical,Linear Regression,Out of time Split,"{""Test Size"": 0.2}",2.1245927788624024,0.0,1.6537382943512262,0.0,0.030327166256700757,0.0,0.6431970954480386,0.0,3.73344561681467,0.0,2.998257800407438,0.0,0.05631647349864161,0.0,-1.5486473947721615,0.0
Local Model,partner_iv,"(315, 34)",,Chemical + Mineralogical + Physical,Linear Regression,Repeated KFold,"{""N_Splits"": 5, ""Repeats"": 3}",2.2429738766945895,0.06128169228592728,1.7260530484473326,0.05104197981679639,0.03183045642890872,0.0009150405475685057,0.5608979047194084,0.015033356380791557,2.7287605298659394,0.3401562184256296,2.0851268610953526,0.23091993750073805,0.03853407875809299,0.004378482309981653,0.32783047825838885,0.09054768141601609
Local Model,partner_iv,"(315, 34)",,Chemical + Mineralogical + Physical,Linear Regression,Time Series Split,"{""N_Splits"": 5, ""Repeats"": 1, ""Gap"": 0}",1.9236229470451112,0.2514310622501859,1.4793628026165435,0.20787901996184074,0.02729662794732255,0.003752503275339634,0.7141359477349059,0.07189893597770354,4.541075758662037,2.3131146768236834,3.6695313007819323,1.897112811626003,0.06835777746022428,0.03806871107905573,-3.05862647474102,4.274212798023062
