Category,Company,Data Shape,Timesteps,Features,Model,Cross Validation,Cross Validation Params,RMSE Train,RMSE Train,MAE Train,MAE Train,MAPE Train,MAPE Train,R2 Train,R2 Train,RMSE Test,RMSE Test,MAE Test,MAE Test,MAPE Test,MAPE Test,R2 Test,R2 Test
,,,,,,,,mean,std,mean,std,mean,std,mean,std,mean,std,mean,std,mean,std,mean,std
Local Model,partner_iv,"(315, 26)",,Chemical + Mineralogical,Linear Regression,Blocking Time Series Split,"{""N_Splits"": 5, ""Repeats"": 1, ""train_size"": 0.8}",1.3483784188016144,0.3983467493335104,1.0216614193112254,0.2765138280769347,0.018944131793802547,0.005140887186878873,0.7723536407749657,0.08685225518934434,4.315225109782041,0.8721295630074115,3.210131355572481,0.39605971784508287,0.0592508003504579,0.006769449939505868,-3.3200215309441923,2.62408572324488
Local Model,partner_iv,"(315, 26)",,Chemical + Mineralogical,Linear Regression,Out of time Split,"{""Test Size"": 0.2}",2.4556391651621468,0.0,1.9417841875700765,0.0,0.035714079829461766,0.0,0.523342883200267,0.0,3.9054987423359617,0.0,3.1399875436024827,0.0,0.05954425501330098,0.0,-1.7889652331983101,0.0
Local Model,partner_iv,"(315, 26)",,Chemical + Mineralogical,Linear Regression,Repeated KFold,"{""N_Splits"": 5, ""Repeats"": 3}",2.5546902556771203,0.051872082781945134,2.0444948363392235,0.043872506773024775,0.037778340524236544,0.0007912236607608137,0.430213874740805,0.01856155844328072,3.0084304111849156,0.32793982147970785,2.3940319485978008,0.2197865017436452,0.044367787687323294,0.004169657822459616,0.1798459193632483,0.1061687503542486
Local Model,partner_iv,"(315, 26)",,Chemical + Mineralogical,Linear Regression,Time Series Split,"{""N_Splits"": 5, ""Repeats"": 1, ""Gap"": 0}",2.3481568698756656,0.13150914357815185,1.8051842053236662,0.15481824788731807,0.03343488140700449,0.0026577588251057932,0.5799680658703974,0.05400273954490542,4.433604577546446,1.498357521182959,3.395625651109344,0.9022742956373787,0.06300297118127993,0.019347343934021967,-2.360456180360321,2.418330160311357
