Category,Company,Data Shape,Timesteps,Features,Model,Cross Validation,Cross Validation Params,RMSE Train,RMSE Train,MAE Train,MAE Train,MAPE Train,MAPE Train,R2 Train,R2 Train,RMSE Test,RMSE Test,MAE Test,MAE Test,MAPE Test,MAPE Test,R2 Test,R2 Test
,,,,,,,,mean,std,mean,std,mean,std,mean,std,mean,std,mean,std,mean,std,mean,std
Local Model,partner_iv,"(315, 28)",,Chemical + Mineralogical + Feature Engineering,Linear Regression,Blocking Time Series Split,"{""N_Splits"": 5, ""Repeats"": 1, ""train_size"": 0.8}",1.2721804676397215,0.36874904077281023,0.9815743661132661,0.2486842637631393,0.018188193501227322,0.004556239477193661,0.8011599546313288,0.06734265028581404,4.7459364978567935,1.242745649456694,3.534023871063784,0.3289476554917152,0.06519882729626747,0.005892897569885319,-4.029996559817228,2.742171632608106
Local Model,partner_iv,"(315, 28)",,Chemical + Mineralogical + Feature Engineering,Linear Regression,Out of time Split,"{""Test Size"": 0.2}",2.4300370900599595,0.0,1.9205357016411575,0.0,0.035335872732913484,0.0,0.5332301631655914,0.0,3.881371034924197,0.0,3.09785260134167,0.0,0.05878872198468471,0.0,-1.7546118854650823,0.0
Local Model,partner_iv,"(315, 28)",,Chemical + Mineralogical + Feature Engineering,Linear Regression,Repeated KFold,"{""N_Splits"": 5, ""Repeats"": 3}",2.520975573944251,0.05473144769095218,2.029950183163648,0.04299689587465322,0.03754636937237834,0.0007689945901543098,0.4451673920542174,0.018597348905151058,2.993266109132323,0.35549824795395996,2.398074312010782,0.22314877043467846,0.04448200732692128,0.0042886659397698345,0.18719723896358045,0.12141538526035114
Local Model,partner_iv,"(315, 28)",,Chemical + Mineralogical + Feature Engineering,Linear Regression,Time Series Split,"{""N_Splits"": 5, ""Repeats"": 1, ""Gap"": 0}",2.264022488174884,0.1856738544297506,1.7245831662665734,0.20357497348758985,0.031912487830002084,0.003563389761158754,0.609265702259685,0.06143565714904797,4.283606161079743,1.1562455980645732,3.103096766332756,0.4166861707197747,0.057230611712731985,0.008904342863633168,-2.0138799159542806,1.678692504091866
