Category,Company,Data Shape,Timesteps,Features,Model,Cross Validation,Cross Validation Params,RMSE Train,RMSE Train,MAE Train,MAE Train,MAPE Train,MAPE Train,R2 Train,R2 Train,RMSE Test,RMSE Test,MAE Test,MAE Test,MAPE Test,MAPE Test,R2 Test,R2 Test
,,,,,,,,mean,std,mean,std,mean,std,mean,std,mean,std,mean,std,mean,std,mean,std
Local Model,partner_iv,"(315, 33)",,Chemical + Mineralogical + Properties CS Less,XGBoost,Blocking Time Series Split,"{""N_Splits"": 5, ""Repeats"": 1, ""train_size"": 0.8}",1.0988687912519457,0.3056460217946491,0.8644945495605472,0.25593586511608163,0.01601866864562229,0.0046252213248425935,0.8569081346879956,0.03395506823124441,3.4298510038712506,1.4042371158860947,2.820045647254358,1.2569967478897586,0.05058474409878635,0.01943223168192886,-1.2429838568044358,1.0085019882659931
Local Model,partner_iv,"(315, 33)",,Chemical + Mineralogical + Properties CS Less,XGBoost,Out of time Split,"{""Test Size"": 0.2}",2.107370075652178,0.0,1.673496642945305,0.0,0.030959232684348838,0.0,0.6489583908519622,0.0,3.769945150370916,0.0,3.01961186726888,0.0,0.057876131539401195,0.0,-1.598724010975475,0.0
Local Model,partner_iv,"(315, 33)",,Chemical + Mineralogical + Properties CS Less,XGBoost,Repeated KFold,"{""N_Splits"": 5, ""Repeats"": 3}",2.0846510377543033,0.046073619944329465,1.6705165895330845,0.046662054928333564,0.0309486241775118,0.0008708352290488245,0.6205120026265544,0.015584514038394373,2.6866392600375435,0.30258040153229865,2.1578041092807028,0.25261037007519155,0.039929865483210876,0.0046176155874316695,0.3497133667107792,0.06023419501282197
Local Model,partner_iv,"(315, 33)",,Chemical + Mineralogical + Properties CS Less,XGBoost,Time Series Split,"{""N_Splits"": 5, ""Repeats"": 1, ""Gap"": 0}",1.950666847043545,0.14101206671460995,1.56776837180646,0.0820976648175401,0.02915149828536076,0.0016144236115441504,0.7084717284805162,0.052073521611247946,3.208006622991662,0.3743381601653868,2.6170742445725663,0.3702963090994095,0.04864682946519981,0.00822847239438133,-0.6203776311085873,0.5304231226199116
