Category,Company,Data Shape,Timesteps,Features,Model,Cross Validation,Cross Validation Params,RMSE Train,RMSE Train,MAE Train,MAE Train,MAPE Train,MAPE Train,R2 Train,R2 Train,RMSE Test,RMSE Test,MAE Test,MAE Test,MAPE Test,MAPE Test,R2 Test,R2 Test
,,,,,,,,mean,std,mean,std,mean,std,mean,std,mean,std,mean,std,mean,std,mean,std
Local Model,203,"(2829, 14)",,Chemical + CS1 + CS3 + CS7,Decision Tree,Blocking Time Series Split,"{""N_Splits"": 5, ""Repeats"": 1, ""train_size"": 0.8}",0.9288942472959574,0.2099060117975828,0.7152958153453403,0.17146613881465983,0.016622690156864836,0.003904247820346226,0.9735946478196922,0.012093073183026604,1.0095447637288735,0.2954099197886992,0.8077584225117527,0.25851964285108575,0.01892335999298416,0.005834748414489028,0.9679218908266558,0.015796647649989084
Local Model,203,"(2829, 14)",,Chemical + CS1 + CS3 + CS7,Decision Tree,Out of time Split,"{""Test Size"": 0.2}",1.113593455834302,0.0,0.8622934547337429,0.0,0.020092465811493158,0.0,0.9648850971964719,0.0,1.0091048610964521,0.0,0.7968112619375526,0.0,0.019104293245828213,0.0,0.9715044723908475,0.0
Local Model,203,"(2829, 14)",,Chemical + CS1 + CS3 + CS7,Decision Tree,Repeated KFold,"{""N_Splits"": 5, ""Repeats"": 3}",1.2084322028189054,0.08166562523259374,0.9616706541737752,0.08241824421431738,0.022295807300177748,0.0018147984864689964,0.9586549527370418,0.00558167999190976,1.2628288387742619,0.09892567327983434,0.9819716857647217,0.09162070000278828,0.022823018590377928,0.002036003645126088,0.9547767824483299,0.006779369396232786
Local Model,203,"(2829, 14)",,Chemical + CS1 + CS3 + CS7,Decision Tree,Time Series Split,"{""N_Splits"": 5, ""Repeats"": 1, ""Gap"": 0}",1.1323064827751819,0.058311240891643946,0.8657008799298349,0.037482296910510124,0.02034749642658295,0.0008378441765016645,0.9636392014479285,0.0028781733772269055,1.2546635636679748,0.2852828186169222,0.9951594960460195,0.20470693581772978,0.023354011389967042,0.004469177944087353,0.9516090158180985,0.023481786792568727
