Category,Company,Data Shape,Timesteps,Features,Model,Cross Validation,Cross Validation Params,RMSE Train,RMSE Train,MAE Train,MAE Train,MAPE Train,MAPE Train,R2 Train,R2 Train,RMSE Test,RMSE Test,MAE Test,MAE Test,MAPE Test,MAPE Test,R2 Test,R2 Test
,,,,,,,,mean,std,mean,std,mean,std,mean,std,mean,std,mean,std,mean,std,mean,std
Local Model,203,"(2829, 12)",,Chemical + CS7,Decision Tree,Blocking Time Series Split,"{""N_Splits"": 5, ""Repeats"": 1, ""train_size"": 0.8}",1.0594975903389872,0.20169694000827,0.8295483718777165,0.17960413844805947,0.01931076459404892,0.004156941690745113,0.9656953516581559,0.01447220786533965,1.0682506007211512,0.28259632980104316,0.8879145973895455,0.2198249750707921,0.02064273246145758,0.004969260210412361,0.9648655001142499,0.015320078273046437
Local Model,203,"(2829, 12)",,Chemical + CS7,Decision Tree,Out of time Split,"{""Test Size"": 0.2}",1.11979650365766,0.0,0.8674684237064858,0.0,0.020199167737259584,0.0,0.9644928066709778,0.0,1.1625256561927109,0.0,0.9172868559951196,0.0,0.0216742187866359,0.0,0.9621810733760757,0.0
Local Model,203,"(2829, 12)",,Chemical + CS7,Decision Tree,Repeated KFold,"{""N_Splits"": 5, ""Repeats"": 3}",1.261200141717417,0.07784040734065122,1.0073545160244692,0.0726865869388658,0.023364586694479186,0.0016754343581279905,0.9549996930600061,0.0053975391528594905,1.2986906754389274,0.0839944614242413,1.022715203426222,0.07242250932886336,0.023753594394103086,0.0016277954650458588,0.9522458735058791,0.005844222052783482
Local Model,203,"(2829, 12)",,Chemical + CS7,Decision Tree,Time Series Split,"{""N_Splits"": 5, ""Repeats"": 1, ""Gap"": 0}",1.1411492960711807,0.0596558997162835,0.8741273209203196,0.03632948649483075,0.020561863756497014,0.0008315675332030283,0.9630684352801786,0.0029650008496348735,1.2974300759097175,0.3083346131126442,1.0358463682467112,0.23326688852443628,0.024109129977155964,0.005094838094800687,0.9478186895273,0.02698529421879499
