Category,Company,Data Shape,Timesteps,Features,Model,Cross Validation,Cross Validation Params,RMSE Train,RMSE Train,MAE Train,MAE Train,MAPE Train,MAPE Train,R2 Train,R2 Train,RMSE Test,RMSE Test,MAE Test,MAE Test,MAPE Test,MAPE Test,R2 Test,R2 Test
,,,,,,,,mean,std,mean,std,mean,std,mean,std,mean,std,mean,std,mean,std,mean,std
Local Model,203,"(2829, 12)",,Chemical + CS3,Decision Tree,Blocking Time Series Split,"{""N_Splits"": 5, ""Repeats"": 1, ""train_size"": 0.8}",1.0079403183920217,0.25979679167334835,0.763463015372653,0.19785451277350335,0.01791351680122012,0.004695449182175275,0.9681441089027096,0.01727057668087079,1.022991346493297,0.27945711849542465,0.8305975158766064,0.24475948589670932,0.01944904115907226,0.005533150245135632,0.9677833885215318,0.015754100201618985
Local Model,203,"(2829, 12)",,Chemical + CS3,Decision Tree,Out of time Split,"{""Test Size"": 0.2}",1.179338682006559,0.0,0.8902831422458638,0.0,0.020720988180507733,0.0,0.9606164176255465,0.0,3.2601250109287707,0.0,1.5222599016435026,0.0,0.03449150714605261,0.0,0.7025783263115032,0.0
Local Model,203,"(2829, 12)",,Chemical + CS3,Decision Tree,Repeated KFold,"{""N_Splits"": 5, ""Repeats"": 3}",1.3452165186782945,0.09248233074598267,1.0046451787358088,0.09955366511354344,0.023403228067418392,0.0022985836657988,0.9487610312202271,0.0068802519125701215,1.3759676134088785,0.10461330077552249,1.0145798652394566,0.08611554728519795,0.023636002975867394,0.002006031177624239,0.9463622207027249,0.007692370138555172
Local Model,203,"(2829, 12)",,Chemical + CS3,Decision Tree,Time Series Split,"{""N_Splits"": 5, ""Repeats"": 1, ""Gap"": 0}",1.23742478861878,0.058834064181085804,0.9157741813040943,0.04242652855170533,0.021664686723520333,0.000855390826115533,0.956586898441984,0.00304778771131168,2.0828814664413358,0.8092184301843773,1.3140973715752136,0.2448751893619042,0.030366077590497764,0.0052014867659863585,0.8564388982979834,0.12069898725569274
