Category,Company,Data Shape,Timesteps,Features,Model,Cross Validation,Cross Validation Params,RMSE Train,RMSE Train,MAE Train,MAE Train,MAPE Train,MAPE Train,R2 Train,R2 Train,RMSE Test,RMSE Test,MAE Test,MAE Test,MAPE Test,MAPE Test,R2 Test,R2 Test
,,,,,,,,mean,std,mean,std,mean,std,mean,std,mean,std,mean,std,mean,std,mean,std
Local Model,203,"(2829, 19)",,Chemical + Physical,Decision Tree,Blocking Time Series Split,"{""N_Splits"": 5, ""Repeats"": 1, ""train_size"": 0.8}",0.9288308359307983,0.1471281336392116,0.7291186906654753,0.12707373980754075,0.016872845538241116,0.0028493866133680055,0.9742041270696788,0.00933959296501247,1.150395451564435,0.5121005325049456,0.8593096316508848,0.37270888027058824,0.020692802679973726,0.009553398002831209,0.9520454089925192,0.04296648068197244
Local Model,203,"(2829, 19)",,Chemical + Physical,Decision Tree,Out of time Split,"{""Test Size"": 0.2}",1.2887724748857092,0.0,1.049278785146761,0.0,0.024025187473213853,0.0,0.9529683045996667,0.0,1.058423642836107,0.0,0.8634011554206595,0.0,0.020550022230815118,0.0,0.9686510376015592,0.0
Local Model,203,"(2829, 19)",,Chemical + Physical,Decision Tree,Repeated KFold,"{""N_Splits"": 5, ""Repeats"": 3}",1.1816199492742714,0.07745521627301369,0.92871671544935,0.07706537191414813,0.021592550604932696,0.001654679097388684,0.9605043874411322,0.0051859151390330005,1.2292447814417398,0.09075173419716331,0.9505582285896239,0.08126077978809612,0.02214618766450938,0.0016501839706608218,0.9570631203028325,0.006811845787455622
Local Model,203,"(2829, 19)",,Chemical + Physical,Decision Tree,Time Series Split,"{""N_Splits"": 5, ""Repeats"": 1, ""Gap"": 0}",1.2275849812536674,0.11840847566277181,0.974734951063865,0.12137912864297626,0.022533699822347174,0.0024802361313062903,0.9569198245899656,0.007784395100998954,1.729078367316412,1.05564210507001,1.2950278144314697,0.6304652413061935,0.029338407441516324,0.013067117346308927,0.8903153417022782,0.13089922452624306
