Category,Company,Data Shape,Timesteps,Features,Model,Cross Validation,Cross Validation Params,RMSE Train,RMSE Train,MAE Train,MAE Train,MAPE Train,MAPE Train,R2 Train,R2 Train,RMSE Test,RMSE Test,MAE Test,MAE Test,MAPE Test,MAPE Test,R2 Test,R2 Test
,,,,,,,,mean,std,mean,std,mean,std,mean,std,mean,std,mean,std,mean,std,mean,std
Local Model,203,"(2829, 14)",,Chemical + Feature Engineering,Linear Regression,Blocking Time Series Split,"{""N_Splits"": 5, ""Repeats"": 1, ""train_size"": 0.8}",1.8378366630187988,0.33449520400361243,1.3348795832668352,0.24434765585680077,0.03223425089120342,0.005749676302639742,0.9001438934874738,0.02993253194824626,2.1180231429924428,0.5570252316756268,1.5864174727649563,0.4103559643629644,0.038962738554996296,0.010636569329327989,0.8661948925068556,0.055075461323101836
Local Model,203,"(2829, 14)",,Chemical + Feature Engineering,Linear Regression,Out of time Split,"{""Test Size"": 0.2}",2.2825192994057475,0.0,1.7361665284832408,0.0,0.04152054158762188,0.0,0.8524745163548008,0.0,6.782089964963421,0.0,2.719642874687812,0.0,0.06580026533427981,0.0,-0.2871560397266304,0.0
Local Model,203,"(2829, 14)",,Chemical + Feature Engineering,Linear Regression,Repeated KFold,"{""N_Splits"": 5, ""Repeats"": 3}",2.453061639703075,0.0362155191788053,1.9126204044513246,0.035498237778761155,0.04580757849599616,0.0007556601879563559,0.8304208385316972,0.00554134061399354,3.026138649517369,0.7771432928738928,1.973955832213354,0.06512309993839782,0.04721099574248712,0.001476912462322793,0.7232406288631473,0.15751440333565556
Local Model,203,"(2829, 14)",,Chemical + Feature Engineering,Linear Regression,Time Series Split,"{""N_Splits"": 5, ""Repeats"": 1, ""Gap"": 0}",1.8830029352740838,0.469613087418909,1.3905231405895147,0.376940362206107,0.03324239830061561,0.008830232581422688,0.893655217989766,0.047240034000466065,3.6788378139261395,1.247301261006991,2.3222108066608302,0.4670941025406647,0.05455922380281638,0.011003163237088408,0.5710472955678114,0.2878864109223553
