Category,Company,Data Shape,Timesteps,Features,Model,Cross Validation,Cross Validation Params,RMSE Train,RMSE Train,MAE Train,MAE Train,MAPE Train,MAPE Train,R2 Train,R2 Train,RMSE Test,RMSE Test,MAE Test,MAE Test,MAPE Test,MAPE Test,R2 Test,R2 Test
,,,,,,,,mean,std,mean,std,mean,std,mean,std,mean,std,mean,std,mean,std,mean,std
Local Model,203,"(2829, 12)",,Chemical + CS1,MLP,Blocking Time Series Split,"{""N_Splits"": 5, ""Repeats"": 3, ""train_size"": 0.8}",1.8437797043765762,0.22726652772099729,1.3828825756174272,0.15088322615221952,0.03244614277320988,0.0038138349520022595,0.9019641591055528,0.018293081603354938,2.519378137092612,0.6186113683761103,1.9350298577592786,0.4781287343765189,0.04627714412415125,0.013042763282382288,0.8088756304602488,0.09784881446914719
Local Model,203,"(2829, 12)",,Chemical + CS1,MLP,Out of time Split,"{""Test Size"": 0.2}",1.4367065205999952,0.061865882426476206,1.0775696829496488,0.053951646661427155,0.024991432212807013,0.0011776928523383554,0.9414430028928494,0.005081560701202661,3.1811909839321175,0.2824634374413814,2.1444960899487824,0.12614482311373498,0.04850389397848163,0.002847191180646232,0.714573606484155,0.05185407869576936
Local Model,203,"(2829, 12)",,Chemical + CS1,MLP,Repeated KFold,"{""N_Splits"": 5, ""Repeats"": 3}",1.6305236660415292,0.038375574043081374,1.2233185123547023,0.03827907181555839,0.02853647136359163,0.0008198666611179087,0.9250659742128275,0.0034093364077234824,1.8177043231016545,0.2727812822259425,1.2666474666630014,0.07010936234684664,0.02957015175033641,0.001445585646362264,0.9045783843560579,0.030803122928243543
Local Model,203,"(2829, 12)",,Chemical + CS1,MLP,Time Series Split,"{""N_Splits"": 5, ""Repeats"": 3, ""Gap"": 0}",1.5084179073566155,0.19986545644064477,1.1145993153695022,0.1184768859654194,0.02619259391631925,0.0032819280422972125,0.9346866811303907,0.01700897886004847,2.7992733203938034,0.5909219080694773,2.067461954925386,0.3921527158252907,0.046969438677568275,0.008162962412342616,0.7590127513938041,0.12887468100528476
