Category,Company,Data Shape,Timesteps,Features,Model,Cross Validation,Cross Validation Params,RMSE Train,RMSE Train,MAE Train,MAE Train,MAPE Train,MAPE Train,R2 Train,R2 Train,RMSE Test,RMSE Test,MAE Test,MAE Test,MAPE Test,MAPE Test,R2 Test,R2 Test
,,,,,,,,mean,std,mean,std,mean,std,mean,std,mean,std,mean,std,mean,std,mean,std
Local Model,203,"(2829, 12)",,Chemical + CS3,MLP,Blocking Time Series Split,"{""N_Splits"": 5, ""Repeats"": 3, ""train_size"": 0.8}",1.782262597098631,0.19293142823157786,1.3425259326608483,0.134153480303589,0.031422755867086344,0.0034354646352498753,0.9083810267749234,0.0155022289190889,2.5245914856452414,0.5958697512599358,1.9646551252156934,0.47120229460149254,0.046495784123357406,0.012750553911724059,0.8088805099772584,0.09252532750244788
Local Model,203,"(2829, 12)",,Chemical + CS3,MLP,Out of time Split,"{""Test Size"": 0.2}",1.4067408828079173,0.06423006785610413,1.0549178337696146,0.05874626906415551,0.024564137430942618,0.0012979685713673367,0.9438472809877623,0.005148847603521203,3.245374834293788,0.7358309974085807,2.0498362296995203,0.15468806811989813,0.047338065620293183,0.0035252791170559713,0.6901118977944908,0.14385734113388413
Local Model,203,"(2829, 12)",,Chemical + CS3,MLP,Repeated KFold,"{""N_Splits"": 5, ""Repeats"": 3}",1.5960404911182289,0.03972772190938785,1.1881268046880673,0.03558739622958982,0.027777172560041256,0.0007938921552252735,0.928198540037985,0.0034493772147074137,1.7353176340528118,0.17414021999649376,1.2333302388320322,0.05782479018231569,0.0288696781965803,0.0012987603344833162,0.9141851607990716,0.017735589778823467
Local Model,203,"(2829, 12)",,Chemical + CS3,MLP,Time Series Split,"{""N_Splits"": 5, ""Repeats"": 3, ""Gap"": 0}",1.4725974329815013,0.20686504010326592,1.0926126677843737,0.11902014555904902,0.025711271109473636,0.00337976530094546,0.9376081600353489,0.017722857334732344,2.8229534273069574,0.5779115945473159,2.0804408862309005,0.3144258932187961,0.04728163869513803,0.0069668243918739395,0.7555470947852316,0.1146754604076321
