Category,Company,Data Shape,Timesteps,Features,Model,Cross Validation,Cross Validation Params,RMSE Train,RMSE Train,MAE Train,MAE Train,MAPE Train,MAPE Train,R2 Train,R2 Train,RMSE Test,RMSE Test,MAE Test,MAE Test,MAPE Test,MAPE Test,R2 Test,R2 Test
,,,,,,,,mean,std,mean,std,mean,std,mean,std,mean,std,mean,std,mean,std,mean,std
Local Model,203,"(2829, 14)",,Chemical + Feature Engineering,MLP,Blocking Time Series Split,"{""N_Splits"": 5, ""Repeats"": 3, ""train_size"": 0.8}",2.055093387363131,0.28656030699531454,1.5308838283572577,0.17389716336006683,0.035929152185855025,0.0038668312472639526,0.878248138722663,0.02669257425826974,2.882416881287808,0.6704028218025458,2.1783153241813005,0.5409634234233728,0.052563632876173584,0.014608709068859808,0.7511395227950153,0.11120355096398309
Local Model,203,"(2829, 14)",,Chemical + Feature Engineering,MLP,Out of time Split,"{""Test Size"": 0.2}",1.9147830462745627,0.022671691006898174,1.3884522272262538,0.029305534690870702,0.03251327010604393,0.0006165249603359703,0.8961663409465085,0.0024672907705954486,3.470691384628265,0.7002889516915521,2.0888119754858656,0.044243853326179125,0.04997377981366591,0.0009320622852811023,0.6491942782165805,0.14409918710089537
Local Model,203,"(2829, 14)",,Chemical + Feature Engineering,MLP,Repeated KFold,"{""N_Splits"": 5, ""Repeats"": 3}",2.033325404752896,0.036033907052726834,1.4974812504440975,0.037356703536824215,0.035253845847888474,0.000887215654930768,0.8834964610751147,0.003945848304842658,2.4337640939626186,0.6371137230535167,1.5659748769079813,0.06740135759629524,0.036906321382216715,0.0015134307627858862,0.8219866284386448,0.1118561576184178
Local Model,203,"(2829, 14)",,Chemical + Feature Engineering,MLP,Time Series Split,"{""N_Splits"": 5, ""Repeats"": 3, ""Gap"": 0}",1.8008137097199517,0.19744483040930638,1.307963153035623,0.12539094849022114,0.030833140979711418,0.00301774870731986,0.9073987436894161,0.01727801932486761,3.5391915851386986,0.6756137557936939,2.4412553009389564,0.2669810987388511,0.056035688524586263,0.004840636235363464,0.6258784079992207,0.15953377782093411
