Category,Company,Data Shape,Timesteps,Features,Model,Cross Validation,Cross Validation Params,RMSE Train,RMSE Train,MAE Train,MAE Train,MAPE Train,MAPE Train,R2 Train,R2 Train,RMSE Test,RMSE Test,MAE Test,MAE Test,MAPE Test,MAPE Test,R2 Test,R2 Test
,,,,,,,,mean,std,mean,std,mean,std,mean,std,mean,std,mean,std,mean,std,mean,std
Local Model,203,"(2829, 12)",,Chemical + CS7,MLP,Blocking Time Series Split,"{""N_Splits"": 5, ""Repeats"": 3, ""train_size"": 0.8}",1.642158807289088,0.2518092708236656,1.247618855017828,0.16601430369978049,0.02915567680838442,0.0039819329942973394,0.9214640407654765,0.02047200735251254,2.306646400212734,0.5154101523401581,1.8035227639977558,0.37528919737065314,0.04292510030959917,0.010543687456911763,0.8404199416680903,0.0773463618323055
Local Model,203,"(2829, 12)",,Chemical + CS7,MLP,Out of time Split,"{""Test Size"": 0.2}",1.1946176269430397,0.024255643958237042,0.9179832753153222,0.024079725823277977,0.021264704873805773,0.0005240035467456387,0.9595726781857135,0.0016292247323260894,2.1066343266316205,0.20736714868946235,1.1664476431946593,0.02967211960887908,0.027270441190597752,0.0007153085552263937,0.8746078753177691,0.024443598448206396
Local Model,203,"(2829, 12)",,Chemical + CS7,MLP,Repeated KFold,"{""N_Splits"": 5, ""Repeats"": 3}",1.2464532000256865,0.03510453827349425,0.956905367371466,0.02959415849181637,0.02228433618260215,0.0006973439911452084,0.9562018949247144,0.002369461804657122,1.3175005287623343,0.1454136733829677,0.9802120675562764,0.04941351104611412,0.02285436978156442,0.0010670385617301873,0.9503034269605555,0.012434787800706766
Local Model,203,"(2829, 12)",,Chemical + CS7,MLP,Time Series Split,"{""N_Splits"": 5, ""Repeats"": 3, ""Gap"": 0}",1.3362443329811051,0.2360871045839876,1.0123724214184149,0.13781066350820323,0.023794606993804302,0.0038047408276980924,0.9480964888441874,0.019122298591587778,2.280232186607752,0.6523575837338321,1.6330778399370953,0.4469034628895068,0.03776724189600308,0.010113597382948916,0.8316993528354644,0.11339505245955285
