Category,Company,Data Shape,Timesteps,Features,Model,Cross Validation,Cross Validation Params,RMSE Train,RMSE Train,MAE Train,MAE Train,MAPE Train,MAPE Train,R2 Train,R2 Train,RMSE Test,RMSE Test,MAE Test,MAE Test,MAPE Test,MAPE Test,R2 Test,R2 Test
,,,,,,,,mean,std,mean,std,mean,std,mean,std,mean,std,mean,std,mean,std,mean,std
Local Model,203,"(2829, 19)",,Chemical + Physical,MLP,Blocking Time Series Split,"{""N_Splits"": 5, ""Repeats"": 3, ""train_size"": 0.8}",2.20363397360162,0.3322552693907177,1.6437382244909058,0.2096474945541764,0.03864370856127031,0.00496643079204093,0.8593683865807039,0.034199076939994875,2.7868449200861094,0.5285036872533275,2.190505068348572,0.42051200599542826,0.05173909322702741,0.010008892847596167,0.7701125509419369,0.08367223252028211
Local Model,203,"(2829, 19)",,Chemical + Physical,MLP,Out of time Split,"{""Test Size"": 0.2}",1.115773692325955,0.020515681462608067,0.856207107968737,0.0176142717463658,0.019809132631046444,0.0003730294540378121,0.9647355457746875,0.001298903316368876,2.184801391867238,0.6232392405155762,1.106171027454246,0.0678843952187731,0.0252691806528382,0.001533735986792596,0.8555545201149739,0.07714531349487322
Local Model,203,"(2829, 19)",,Chemical + Physical,MLP,Repeated KFold,"{""N_Splits"": 5, ""Repeats"": 3}",1.1552676618951672,0.024487985712698356,0.8816865401869298,0.017899925290300243,0.020391725348479186,0.00038772128700310184,0.9623865669595972,0.001522362888684268,1.2181990927375133,0.09488456853750729,0.9037525149186635,0.03833344889581197,0.020923747276615216,0.0008485098009891805,0.9578623673309039,0.006784010574756602
Local Model,203,"(2829, 19)",,Chemical + Physical,MLP,Time Series Split,"{""N_Splits"": 5, ""Repeats"": 3, ""Gap"": 0}",1.3913206317117397,0.4369973004725743,1.0323437909057627,0.25962872295574557,0.024302116407269567,0.006754129293670283,0.9402135970049567,0.041286276689913914,2.1343924456357732,0.7843911224205166,1.660491421623257,0.601991786068,0.0379511277914784,0.013625440699819165,0.8451651728601959,0.1277154088783937
