Category,Company,Data Shape,Timesteps,Features,Model,Cross Validation,Cross Validation Params,RMSE Train,RMSE Train,MAE Train,MAE Train,MAPE Train,MAPE Train,R2 Train,R2 Train,RMSE Test,RMSE Test,MAE Test,MAE Test,MAPE Test,MAPE Test,R2 Test,R2 Test
,,,,,,,,mean,std,mean,std,mean,std,mean,std,mean,std,mean,std,mean,std,mean,std
Local Model,203,"(2829, 11)",,Chemical,MLP,Blocking Time Series Split,"{""N_Splits"": 5, ""Repeats"": 3, ""train_size"": 0.8}",2.0283891401909626,0.30274775130694864,1.5031559866396023,0.16241225354610944,0.035101301984233314,0.003582703092761493,0.8813356266496903,0.02740833813458879,2.9315913951315387,0.7408328352954779,2.259944817602107,0.6264129886037871,0.054240103047421585,0.01656876418214282,0.7409500005315091,0.12513275974836116
Local Model,203,"(2829, 11)",,Chemical,MLP,Out of time Split,"{""Test Size"": 0.2}",1.920340018779328,0.061767148156457834,1.4001486996751693,0.05280852770003426,0.03270486250715188,0.0012097932553384095,0.8954693935374006,0.006762885601026407,3.772678635344041,0.41405907254640106,2.143794805281856,0.08129720506144805,0.051172052234793604,0.0020985298111528693,0.596908378377689,0.08715249294752545
Local Model,203,"(2829, 11)",,Chemical,MLP,Repeated KFold,"{""N_Splits"": 5, ""Repeats"": 3}",2.0370829303512,0.05367413265193185,1.5052368890437458,0.060117126960481104,0.03535783877244801,0.001401176087135313,0.8830153134991452,0.006177707218625872,2.272970434208583,0.3382526036207674,1.5607596334409781,0.08132519997423178,0.03669227191447944,0.0019100595109662049,0.8512938171683727,0.04761182448314014
Local Model,203,"(2829, 11)",,Chemical,MLP,Time Series Split,"{""N_Splits"": 5, ""Repeats"": 3, ""Gap"": 0}",1.8076863556763916,0.20502240439895106,1.3055439796244204,0.13265628090400408,0.03076031087279193,0.0031341448212900717,0.9066161524241158,0.01822389353756699,3.3374489343539064,0.4930166073111884,2.3943322488740244,0.3639320193307412,0.054819510043920244,0.007167641119949348,0.6736609745258871,0.0879211974810005
