Category,Company,Data Shape,Timesteps,Features,Model,Cross Validation,Cross Validation Params,RMSE Train,RMSE Train,MAE Train,MAE Train,MAPE Train,MAPE Train,R2 Train,R2 Train,RMSE Test,RMSE Test,MAE Test,MAE Test,MAPE Test,MAPE Test,R2 Test,R2 Test
,,,,,,,,mean,std,mean,std,mean,std,mean,std,mean,std,mean,std,mean,std,mean,std
Local Model,203,"(2829, 14)",,Chemical + CS1 + CS3 + CS7,MLP,Blocking Time Series Split,"{""N_Splits"": 5, ""Repeats"": 3, ""train_size"": 0.8}",1.937245714737282,0.37445151655149467,1.4508422776281307,0.23342410651617285,0.03408034444402052,0.005514739306223509,0.889826193732605,0.03650226170413325,2.7650912050188063,0.7829793577349413,2.1569928531702995,0.5715840883653164,0.05155060890894989,0.0161371010932171,0.764263742758391,0.140529451149591
Local Model,203,"(2829, 14)",,Chemical + CS1 + CS3 + CS7,MLP,Out of time Split,"{""Test Size"": 0.2}",1.157589510591671,0.011301307032868193,0.8840496888429712,0.007951305013136118,0.02053478000434668,0.00012291859476894435,0.9620520178494197,0.0007387757725577588,2.1763513508592474,0.20697380353396388,1.255090734663785,0.036268373562556445,0.02887300363498915,0.0008075076819933605,0.8662566065617661,0.024364927005849028
Local Model,203,"(2829, 14)",,Chemical + CS1 + CS3 + CS7,MLP,Repeated KFold,"{""N_Splits"": 5, ""Repeats"": 3}",1.2359614401314782,0.03273499349958835,0.947347974504319,0.026791868403934,0.022067128312376547,0.0006106702960180917,0.956934133170162,0.0022849347932266347,1.3682351524260583,0.17030276235026617,0.9799618427031634,0.03647250325422809,0.022849192564036717,0.000827813685737571,0.9462803331454364,0.014324940671564824
Local Model,203,"(2829, 14)",,Chemical + CS1 + CS3 + CS7,MLP,Time Series Split,"{""N_Splits"": 5, ""Repeats"": 3, ""Gap"": 0}",1.4290210061158104,0.4436290769738623,1.0681273579448496,0.2676098573263336,0.025145869443829717,0.0070086124715445135,0.9370934683947757,0.04327079836961153,2.4741692265242894,0.8974385561487155,1.7690466402921792,0.6926486741788226,0.04068392088931739,0.01610735530806244,0.7872624041425913,0.18692867547550338
