Category,Company,Data Shape,Timesteps,Features,Model,Cross Validation,Cross Validation Params,RMSE Train,RMSE Train,MAE Train,MAE Train,MAPE Train,MAPE Train,R2 Train,R2 Train,RMSE Test,RMSE Test,MAE Test,MAE Test,MAPE Test,MAPE Test,R2 Test,R2 Test
,,,,,,,,mean,std,mean,std,mean,std,mean,std,mean,std,mean,std,mean,std,mean,std
Local Model,203,"(2829, 11)",,Chemical,Random Forest,Blocking Time Series Split,"{""N_Splits"": 5, ""Repeats"": 1, ""train_size"": 0.8}",1.1759775631184402,0.1962939231221427,0.8285171581541053,0.15033726938361291,0.019404639084204187,0.0033246489613190664,0.9594747153525475,0.012335732522067294,1.6908214277853404,0.6045273840267588,1.0736066088752998,0.3474595677821966,0.025061755808363652,0.007406768598533505,0.9111712351043352,0.05241821470610001
Local Model,203,"(2829, 11)",,Chemical,Random Forest,Out of time Split,"{""Test Size"": 0.2}",1.743761904289119,0.0,1.195090305560382,0.0,0.028124073936212267,0.0,0.9138981463306355,0.0,1.6737378052127077,0.0,1.0081540383178256,0.0,0.023942970688314833,0.0,0.9216066980282881,0.0
Local Model,203,"(2829, 11)",,Chemical,Random Forest,Repeated KFold,"{""N_Splits"": 5, ""Repeats"": 3}",1.6722659944727132,0.039420923762117914,1.1022099131284393,0.020912387309728424,0.025990726217858535,0.0004534736377851821,0.9211788067627089,0.0036215210982171414,1.802374504306466,0.09973669985758914,1.1542672802588245,0.04588644219025457,0.027314418224645864,0.0011330427454772382,0.9080581138527715,0.010486413181708294
Local Model,203,"(2829, 11)",,Chemical,Random Forest,Time Series Split,"{""N_Splits"": 5, ""Repeats"": 1, ""Gap"": 0}",1.4447446112410804,0.31167670310460416,1.0299331727886443,0.1904101582442914,0.02436673131473056,0.00424511146812003,0.9382982628295092,0.023899249363149567,2.4693455554351194,0.8319376626074421,1.6221594592656339,0.5385187879597022,0.03743003599416624,0.011778515885237038,0.8080141503729046,0.12059362626550763
