Category,Company,Data Shape,Timesteps,Features,Model,Cross Validation,Cross Validation Params,RMSE Train,RMSE Train,MAE Train,MAE Train,MAPE Train,MAPE Train,R2 Train,R2 Train,RMSE Test,RMSE Test,MAE Test,MAE Test,MAPE Test,MAPE Test,R2 Test,R2 Test
,,,,,,,,mean,std,mean,std,mean,std,mean,std,mean,std,mean,std,mean,std,mean,std
Local Model,203,"(2829, 16)",,Chemical + Properties CS Less,Random Forest,Blocking Time Series Split,"{""N_Splits"": 5, ""Repeats"": 1, ""train_size"": 0.8}",0.8749547024835984,0.13698694508686785,0.6665134448258409,0.12006720468502569,0.015570720902306745,0.002729457246883562,0.9771522298850407,0.007873039889563026,1.1644824402239509,0.34324947209997503,0.859868634167035,0.22208012338000427,0.02093256601840066,0.0054656422449997286,0.9566773126044892,0.022441255320846364
Local Model,203,"(2829, 16)",,Chemical + Properties CS Less,Random Forest,Out of time Split,"{""Test Size"": 0.2}",1.2174011165984047,0.0,0.9556617090414804,0.0,0.02229441404704035,0.0,0.9580332322002453,0.0,0.9866726051351983,0.0,0.7659148802127119,0.0,0.018417836604094132,0.0,0.9727572938181639,0.0
Local Model,203,"(2829, 16)",,Chemical + Properties CS Less,Random Forest,Repeated KFold,"{""N_Splits"": 5, ""Repeats"": 3}",1.1589881691355366,0.01670158398594614,0.8877919783248395,0.012701686229220004,0.020669431950544083,0.0003020405533638912,0.9621550197997009,0.0009144025625469643,1.244620690110672,0.07786319353801384,0.9173991053460966,0.03784141218664101,0.0214278942993677,0.0008726004626316828,0.956228623818317,0.004636767205532202
Local Model,203,"(2829, 16)",,Chemical + Properties CS Less,Random Forest,Time Series Split,"{""N_Splits"": 5, ""Repeats"": 1, ""Gap"": 0}",1.1422047069064847,0.10475173831944586,0.8751259682688663,0.10250347411863732,0.020574554190336877,0.002112524169073835,0.962739615506961,0.0063614376132756344,1.930476272036664,1.05001938216919,1.3696400407052576,0.6455491508746631,0.031118344761974937,0.013023119577326246,0.8693239430648741,0.12911727655643987
