Category,Company,Data Shape,Timesteps,Features,Model,Cross Validation,Cross Validation Params,RMSE Train,RMSE Train,MAE Train,MAE Train,MAPE Train,MAPE Train,R2 Train,R2 Train,RMSE Test,RMSE Test,MAE Test,MAE Test,MAPE Test,MAPE Test,R2 Test,R2 Test
,,,,,,,,mean,std,mean,std,mean,std,mean,std,mean,std,mean,std,mean,std,mean,std
Local Model,203,"(2829, 13)",,Chemical + CS3 + CS7,Random Forest,Blocking Time Series Split,"{""N_Splits"": 5, ""Repeats"": 1, ""train_size"": 0.8}",0.7940650301781751,0.1362358990717496,0.6139177909414006,0.11949108746514359,0.014234626730468833,0.002597803688492653,0.9811790785127019,0.006790534817784019,0.8750494636755445,0.1570763193409625,0.6661309909839422,0.11751942751848861,0.015534532591821842,0.0023951112100727818,0.9773354762625323,0.006855537131745709
Local Model,203,"(2829, 13)",,Chemical + CS3 + CS7,Random Forest,Out of time Split,"{""Test Size"": 0.2}",1.0228216007646675,0.0,0.7912102905812577,0.0,0.018346789780724047,0.0,0.9703763946787043,0.0,1.3545319635586741,0.0,1.035747691275736,0.0,0.02458771293052204,0.0,0.9486568368102667,0.0
Local Model,203,"(2829, 13)",,Chemical + CS3 + CS7,Random Forest,Repeated KFold,"{""N_Splits"": 5, ""Repeats"": 3}",0.9999773101754087,0.012012018949995516,0.7693170143961559,0.007639997673233597,0.017916233101842167,0.00018330915305248284,0.9718260774069075,0.0006510165167089621,1.046075661023226,0.05217131991713554,0.7970831837602432,0.024070439193887665,0.018596360468782172,0.000548724978714575,0.9690267311272521,0.0033603289419873784
Local Model,203,"(2829, 13)",,Chemical + CS3 + CS7,Random Forest,Time Series Split,"{""N_Splits"": 5, ""Repeats"": 1, ""Gap"": 0}",0.9779823781691024,0.07914118782095578,0.7453883028274195,0.07253726445255386,0.01736707491722797,0.0015057563808869847,0.9727167062910673,0.004165423466073804,1.2701013243823633,0.26846827212890845,1.002018190126965,0.1796233129775195,0.023414701427299615,0.003895103944721905,0.951488508940491,0.019198324156663123
