Category,Company,Data Shape,Timesteps,Features,Model,Cross Validation,Cross Validation Params,RMSE Train,RMSE Train,MAE Train,MAE Train,MAPE Train,MAPE Train,R2 Train,R2 Train,RMSE Test,RMSE Test,MAE Test,MAE Test,MAPE Test,MAPE Test,R2 Test,R2 Test
,,,,,,,,mean,std,mean,std,mean,std,mean,std,mean,std,mean,std,mean,std,mean,std
Local Model,203,"(2829, 13)",,Chemical + CS1 + CS3,Random Forest,Blocking Time Series Split,"{""N_Splits"": 5, ""Repeats"": 1, ""train_size"": 0.8}",0.8192852167401966,0.15724201594369755,0.6332973934322685,0.13009368965794676,0.014744771767293077,0.002962170426758213,0.9798669396408247,0.00764036346363574,0.9076019651901085,0.1453167302957028,0.6774157600287356,0.1605588817882525,0.015914332056783782,0.003435637315798597,0.97584257689239,0.006860195312864299
Local Model,203,"(2829, 13)",,Chemical + CS1 + CS3,Random Forest,Out of time Split,"{""Test Size"": 0.2}",1.08997173318169,0.0,0.8269606175956468,0.0,0.01923876627878805,0.0,0.9663590229236972,0.0,3.1022186076959386,0.0,1.4672892701844689,0.0,0.03336301108570727,0.0,0.7306922180578208,0.0
Local Model,203,"(2829, 13)",,Chemical + CS1 + CS3,Random Forest,Repeated KFold,"{""N_Splits"": 5, ""Repeats"": 3}",1.1066537809320887,0.011887984676488373,0.8073097462967292,0.011375045844866148,0.018809025684132674,0.0002387669218740836,0.9654941235105673,0.0007615072340775045,1.1936516531211654,0.08114332232103702,0.8432465321040367,0.027068086564890643,0.019694360411384015,0.000626214698185111,0.9595516282807666,0.005890939621388872
Local Model,203,"(2829, 13)",,Chemical + CS1 + CS3,Random Forest,Time Series Split,"{""N_Splits"": 5, ""Repeats"": 1, ""Gap"": 0}",1.0861063838917782,0.07094381564324083,0.8090832713896379,0.06571806509631797,0.01899544273566286,0.0012954238686085444,0.9664072327518664,0.004308473145610724,2.127590583467853,0.656817982360519,1.3129470082582613,0.2721095811238348,0.030235474823120324,0.0057885273311942655,0.8585350216910813,0.09010093757753446
