Category,Company,Data Shape,Timesteps,Features,Model,Cross Validation,Cross Validation Params,RMSE Train,RMSE Train,MAE Train,MAE Train,MAPE Train,MAPE Train,R2 Train,R2 Train,RMSE Test,RMSE Test,MAE Test,MAE Test,MAPE Test,MAPE Test,R2 Test,R2 Test
,,,,,,,,mean,std,mean,std,mean,std,mean,std,mean,std,mean,std,mean,std,mean,std
Local Model,203,"(2829, 12)",,Chemical + CS7,Random Forest,Blocking Time Series Split,"{""N_Splits"": 5, ""Repeats"": 1, ""train_size"": 0.8}",0.8012257340794902,0.12797245624106332,0.6210045563144464,0.11537476471010459,0.014443773696515599,0.00246420101889599,0.9808840235721716,0.006711047287762165,0.9174348109149009,0.1369602415645135,0.6912686959948182,0.10117251056827105,0.01622964856619168,0.0018805059778448745,0.9754173207345728,0.006153236811779092
Local Model,203,"(2829, 12)",,Chemical + CS7,Random Forest,Out of time Split,"{""Test Size"": 0.2}",1.0210870765799445,0.0,0.7940796883800494,0.0,0.01840526430614275,0.0,0.9704767822569831,0.0,1.1342745479914085,0.0,0.9134433071762416,0.0,0.02183859772366904,0.0,0.9639968516382974,0.0
Local Model,203,"(2829, 12)",,Chemical + CS7,Random Forest,Repeated KFold,"{""N_Splits"": 5, ""Repeats"": 3}",1.0057011227930661,0.009756686548617373,0.7757570847814746,0.0064318973627587,0.018058069952168458,0.00014805668094347894,0.9715037594715696,0.0005361914851268285,1.0518682778241621,0.05634883362651416,0.8040856980939791,0.027859655263942993,0.01875017341580263,0.0006287213041731786,0.9686727983442646,0.0035796391479628975
Local Model,203,"(2829, 12)",,Chemical + CS7,Random Forest,Time Series Split,"{""N_Splits"": 5, ""Repeats"": 1, ""Gap"": 0}",0.9761055230948003,0.08064240343307484,0.7476938914654119,0.07196052080214461,0.017398008494363258,0.0014936588377717492,0.9728052235116669,0.004253559759208549,1.2349809389512207,0.2894788636152549,0.9732240062388658,0.20014413533315661,0.02266921742151028,0.004361339428867423,0.9538020243549337,0.020149788303036587
