Category,Company,Data Shape,Timesteps,Features,Model,Cross Validation,Cross Validation Params,RMSE Train,RMSE Train,MAE Train,MAE Train,MAPE Train,MAPE Train,R2 Train,R2 Train,RMSE Test,RMSE Test,MAE Test,MAE Test,MAPE Test,MAPE Test,R2 Test,R2 Test
,,,,,,,,mean,std,mean,std,mean,std,mean,std,mean,std,mean,std,mean,std,mean,std
Local Model,203,"(2829, 13)",,Chemical + CS3 + CS7,XGBoost,Blocking Time Series Split,"{""N_Splits"": 5, ""Repeats"": 1, ""train_size"": 0.8}",1.2767449512406213,0.07803642460352507,1.0253572298573181,0.07161811316000839,0.02533679977620773,0.001559358375590662,0.9529083854051714,0.006148423175477261,1.3591866702543374,0.13877143818239254,1.117112729232923,0.15417387016552425,0.02767604187018463,0.0030605654340580047,0.9468274341560401,0.006977285928868174
Local Model,203,"(2829, 13)",,Chemical + CS3 + CS7,XGBoost,Out of time Split,"{""Test Size"": 0.2}",1.4060922028003677,0.0,1.1221928766497564,0.0,0.027464812097836768,0.0,0.9440157672903174,0.0,1.5456704488593533,0.0,1.16762234772052,0.0,0.03051618990845031,0.0,0.933144381064649,0.0
Local Model,203,"(2829, 13)",,Chemical + CS3 + CS7,XGBoost,Repeated KFold,"{""N_Splits"": 5, ""Repeats"": 3}",1.3923044975884118,0.007800625115264246,1.1054193020544703,0.007405635460684161,0.02719478021202288,0.00017944435931354765,0.9453865816002686,0.0006495782468412726,1.4254938780395014,0.040065350230599005,1.128669986991986,0.03322769472794436,0.027747569598326163,0.0008187157951825209,0.9426402096006444,0.0030863645857295337
Local Model,203,"(2829, 13)",,Chemical + CS3 + CS7,XGBoost,Time Series Split,"{""N_Splits"": 5, ""Repeats"": 1, ""Gap"": 0}",1.371922332322913,0.05470080962170621,1.1042154267917086,0.03839146440532163,0.02720782279265489,0.0006844664306655747,0.9465744819561,0.0040024566891538145,1.7246826661530537,0.2932387334613959,1.3765413809936264,0.3144229460923985,0.033630703620955923,0.006018482787718788,0.9119891095911605,0.02778931295618321
