Category,Company,Data Shape,Timesteps,Features,Model,Cross Validation,Cross Validation Params,RMSE Train,RMSE Train,MAE Train,MAE Train,MAPE Train,MAPE Train,R2 Train,R2 Train,RMSE Test,RMSE Test,MAE Test,MAE Test,MAPE Test,MAPE Test,R2 Test,R2 Test
,,,,,,,,mean,std,mean,std,mean,std,mean,std,mean,std,mean,std,mean,std,mean,std
Local Model,203,"(2829, 14)",,Chemical + CS1 + CS3 + CS7,XGBoost,Blocking Time Series Split,"{""N_Splits"": 5, ""Repeats"": 1, ""train_size"": 0.8}",1.2661171986333613,0.0802565785131377,1.0219248932019798,0.0715409756939737,0.025256006239243185,0.0015586394068890113,0.9537014835073403,0.006012688061961755,1.4856941945991322,0.29000964745664726,1.164701792489111,0.2059411464517306,0.028856448428590514,0.0044578042186443284,0.9353372038262281,0.022084965316434373
Local Model,203,"(2829, 14)",,Chemical + CS1 + CS3 + CS7,XGBoost,Out of time Split,"{""Test Size"": 0.2}",1.4051953690475334,0.0,1.1229875061062127,0.0,0.02748358383292639,0.0,0.9440871602436552,0.0,1.542330614576227,0.0,1.1536491253856214,0.0,0.030205183600032427,0.0,0.9334329878022737,0.0
Local Model,203,"(2829, 14)",,Chemical + CS1 + CS3 + CS7,XGBoost,Repeated KFold,"{""N_Splits"": 5, ""Repeats"": 3}",1.385864933309655,0.007322141023507585,1.1011388917252423,0.0066818799419229805,0.02710328135300598,0.00016344141781364055,0.9458908441612727,0.0006065276119566105,1.4209871519234838,0.04076844582231799,1.124150472622927,0.032370273112308875,0.027648542895107323,0.0007945934719605196,0.942992132453575,0.0032696045076134844
Local Model,203,"(2829, 14)",,Chemical + CS1 + CS3 + CS7,XGBoost,Time Series Split,"{""N_Splits"": 5, ""Repeats"": 1, ""Gap"": 0}",1.3689369494544434,0.05276783110051793,1.1012666842118461,0.036361143266019955,0.02714093162464638,0.0006438570068712521,0.9468113204856612,0.003855601023002425,1.700531615304902,0.2689295824596045,1.3565623494854904,0.29818470960653987,0.033078140085808755,0.005481122612928901,0.9144993040338363,0.026006140830814033
