Category,Company,Data Shape,Timesteps,Features,Model,Cross Validation,Cross Validation Params,RMSE Train,RMSE Train,MAE Train,MAE Train,MAPE Train,MAPE Train,R2 Train,R2 Train,RMSE Test,RMSE Test,MAE Test,MAE Test,MAPE Test,MAPE Test,R2 Test,R2 Test
,,,,,,,,mean,std,mean,std,mean,std,mean,std,mean,std,mean,std,mean,std,mean,std
Local Model,203,"(2829, 11)",,Chemical,XGBoost,Blocking Time Series Split,"{""N_Splits"": 5, ""Repeats"": 1, ""train_size"": 0.8}",1.484375570245043,0.14795284438087353,1.1603946879564133,0.08993969438894825,0.02852320005842011,0.0019651421489700377,0.9364067530404137,0.010366204635347645,2.182213487053986,0.6686730895854034,1.5579612135085383,0.42007964642383916,0.03845681108247418,0.00948041134969232,0.854159171484515,0.07599845499958996
Local Model,203,"(2829, 11)",,Chemical,XGBoost,Out of time Split,"{""Test Size"": 0.2}",1.890825777052616,0.0,1.4178388403244793,0.0,0.03458901190140028,0.0,0.8987625589662047,0.0,1.951782006433705,0.0,1.3100842061396623,0.0,0.03421869121631584,0.0,0.8933976629605103,0.0
Local Model,203,"(2829, 11)",,Chemical,XGBoost,Repeated KFold,"{""N_Splits"": 5, ""Repeats"": 3}",1.8462684048633142,0.02372446710953611,1.3712025168126778,0.014933724979883052,0.033600297839643495,0.0003595036916807982,0.90395720924767,0.002368535629528006,1.983695838682516,0.09073473255057368,1.4249950912510099,0.04888751890806082,0.03497683412483917,0.001252574066456674,0.8888140881427629,0.009697298200996348
Local Model,203,"(2829, 11)",,Chemical,XGBoost,Time Series Split,"{""N_Splits"": 5, ""Repeats"": 1, ""Gap"": 0}",1.7082246769932312,0.2130698033508889,1.3141577647785254,0.12923706669880863,0.03231859933602192,0.002753077691887828,0.9161599911464829,0.019368371454591176,2.741853273251587,0.8262168877870774,2.0555740151051,0.6859742438319598,0.04897014622426375,0.015121875449809561,0.7673263914932933,0.12720444471030204
