Category,Company,Data Shape,Timesteps,Features,Model,Cross Validation,Cross Validation Params,RMSE Train,RMSE Train,MAE Train,MAE Train,MAPE Train,MAPE Train,R2 Train,R2 Train,RMSE Test,RMSE Test,MAE Test,MAE Test,MAPE Test,MAPE Test,R2 Test,R2 Test
,,,,,,,,mean,std,mean,std,mean,std,mean,std,mean,std,mean,std,mean,std,mean,std
Local Model,203,"(2829, 19)",,Chemical + Physical,XGBoost,Blocking Time Series Split,"{""N_Splits"": 5, ""Repeats"": 1, ""train_size"": 0.8}",1.259214375035264,0.07826027161733744,1.0121079379731575,0.06730678028445289,0.02503174018338699,0.0014265766639647399,0.954208916850337,0.005868776707046984,1.4896768097307,0.1279217568656252,1.1944446999879008,0.1142610647595909,0.02980154022339978,0.001894844554157066,0.9352965586994607,0.01239224190481412
Local Model,203,"(2829, 19)",,Chemical + Physical,XGBoost,Out of time Split,"{""Test Size"": 0.2}",1.4001825810429587,0.0,1.1187408466145259,0.0,0.027363463331852356,0.0,0.9444853672049515,0.0,1.5124528001335504,0.0,1.135147331426506,0.0,0.029661492481416373,0.0,0.9359870610948591,0.0
Local Model,203,"(2829, 19)",,Chemical + Physical,XGBoost,Repeated KFold,"{""N_Splits"": 5, ""Repeats"": 3}",1.3781586405678679,0.007555179441131005,1.0948379959771999,0.00683278083320815,0.026930978188718074,0.000164067321810538,0.9464912780579567,0.0005779619614310317,1.411893418964975,0.040108178475701965,1.1187286813578083,0.03233039059303962,0.02749452766023681,0.0007832971591501991,0.9437273618338866,0.0030849733608043256
Local Model,203,"(2829, 19)",,Chemical + Physical,XGBoost,Time Series Split,"{""N_Splits"": 5, ""Repeats"": 1, ""Gap"": 0}",1.3606727182225786,0.05539673752583219,1.0946571207883473,0.03884218225371964,0.026982747118234608,0.0006991977640986308,0.947447895469878,0.003977749469288401,2.0934481021961617,1.0575478462596124,1.6146431340503085,0.8045565537031012,0.038607846736080184,0.016342529467871333,0.8507655856588082,0.14791291042691185
