Category,Company,Data Shape,Timesteps,Features,Model,Cross Validation,Cross Validation Params,RMSE Train,RMSE Train,MAE Train,MAE Train,MAPE Train,MAPE Train,R2 Train,R2 Train,RMSE Test,RMSE Test,MAE Test,MAE Test,MAPE Test,MAPE Test,R2 Test,R2 Test
,,,,,,,,mean,std,mean,std,mean,std,mean,std,mean,std,mean,std,mean,std,mean,std
Local Model,204,"(1446, 12)",,Chemical + CS3 + CS7,Decision Tree,Blocking Time Series Split,"{""N_Splits"": 5, ""Repeats"": 1, ""train_size"": 0.8}",1.5625603844548468,0.40619547320911564,1.2138049336647065,0.31849805766474454,0.029622909851685593,0.007628689000150421,0.9171528763112547,0.04992275034077556,1.9978550843841902,0.8919992953315978,1.5940196063879377,0.7280097156974111,0.03873308525733844,0.018292127938479154,0.8041171713665548,0.18610810588319512
Local Model,204,"(1446, 12)",,Chemical + CS3 + CS7,Decision Tree,Out of time Split,"{""Test Size"": 0.2}",1.968981647743654,0.0,1.5250716778428923,0.0,0.037247731359600675,0.0,0.8844120332451415,0.0,1.5022099088266754,0.0,1.1485493703364789,0.0,0.02920096745533484,0.0,0.9361140380986612,0.0
Local Model,204,"(1446, 12)",,Chemical + CS3 + CS7,Decision Tree,Repeated KFold,"{""N_Splits"": 5, ""Repeats"": 3}",1.988095404609244,0.10919686336430647,1.5432302485896185,0.08895308528097973,0.03822932147157542,0.002292449468290273,0.8838308596252602,0.012809512413983494,2.027727580194752,0.16693832324985822,1.568630801168527,0.11896566547701162,0.038780169703188615,0.0028406475233858433,0.8780742126249393,0.0222768911637393
Local Model,204,"(1446, 12)",,Chemical + CS3 + CS7,Decision Tree,Time Series Split,"{""N_Splits"": 5, ""Repeats"": 1, ""Gap"": 0}",2.0845158248539364,0.10634195512420545,1.6124182439255055,0.09383939927346219,0.039574973887720646,0.0028006605779834215,0.8544413835500425,0.017776680808805515,2.1084587507601817,0.3328053333117448,1.5980560372171535,0.2456256861151035,0.03998590056604247,0.005339710593032987,0.8655331848132667,0.043657036771735554
