Category,Company,Data Shape,Timesteps,Features,Model,Cross Validation,Cross Validation Params,RMSE Train,RMSE Train,MAE Train,MAE Train,MAPE Train,MAPE Train,R2 Train,R2 Train,RMSE Test,RMSE Test,MAE Test,MAE Test,MAPE Test,MAPE Test,R2 Test,R2 Test
,,,,,,,,mean,std,mean,std,mean,std,mean,std,mean,std,mean,std,mean,std,mean,std
Local Model,204,"(1446, 13)",,Chemical + Feature Engineering,Decision Tree,Blocking Time Series Split,"{""N_Splits"": 5, ""Repeats"": 1, ""train_size"": 0.8}",1.760685551425914,0.5830416582007368,1.3720094413921113,0.45847715314948295,0.033266331531370597,0.010964464947003306,0.882112110133088,0.10821289718171279,2.4326997333598017,1.005719288708639,2.0056770686474206,0.8422149265685576,0.048771442468691965,0.020171028954797405,0.6968530013339768,0.32366883234316535
Local Model,204,"(1446, 13)",,Chemical + Feature Engineering,Decision Tree,Out of time Split,"{""Test Size"": 0.2}",2.5852709185661675,0.0,2.027331538119756,0.0,0.04922940163964653,0.0,0.8007302345326917,0.0,2.0014992311958397,0.0,1.6820353203825817,0.0,0.04316705284605355,0.0,0.8865890342390808,0.0
Local Model,204,"(1446, 13)",,Chemical + Feature Engineering,Decision Tree,Repeated KFold,"{""N_Splits"": 5, ""Repeats"": 3}",2.398622426701068,0.08094390055868853,1.882688065741243,0.05673969941144309,0.04596281208710128,0.001301706693624037,0.8312088608663141,0.010829094365193838,2.527975664120439,0.0721151553991714,1.961666861401515,0.053945347240886544,0.04804218059313691,0.0010838997566536203,0.8119957878255122,0.010673181084795235
Local Model,204,"(1446, 13)",,Chemical + Feature Engineering,Decision Tree,Time Series Split,"{""N_Splits"": 5, ""Repeats"": 1, ""Gap"": 0}",2.7201188703923664,0.14641886612390545,2.126501077861064,0.1266836487686941,0.051218541449425024,0.00304778044628319,0.7484439203007593,0.05440674158236828,2.528680976218272,0.5825799856422679,2.0721474777981315,0.46038636437574565,0.050558874417941956,0.010183253365796863,0.7981386723772742,0.10668649175859521
