Category,Company,Data Shape,Timesteps,Features,Model,Cross Validation,Cross Validation Params,RMSE Train,RMSE Train,MAE Train,MAE Train,MAPE Train,MAPE Train,R2 Train,R2 Train,RMSE Test,RMSE Test,MAE Test,MAE Test,MAPE Test,MAPE Test,R2 Test,R2 Test
,,,,,,,,mean,std,mean,std,mean,std,mean,std,mean,std,mean,std,mean,std,mean,std
Local Model,204,"(1446, 11)",,Chemical + CS7,Decision Tree,Blocking Time Series Split,"{""N_Splits"": 5, ""Repeats"": 1, ""train_size"": 0.8}",1.4979328241317151,0.34483956705222596,1.1686763382690828,0.26003447361478665,0.028783694024686245,0.006579618537274873,0.9226620765478335,0.05130017455906838,1.925601971895049,0.6741547745145858,1.5228485976794488,0.5348615808011932,0.03707779979018842,0.013623509732571757,0.8261007285740403,0.16275254975798628
Local Model,204,"(1446, 11)",,Chemical + CS7,Decision Tree,Out of time Split,"{""Test Size"": 0.2}",2.1051681841718946,0.0,1.6642892879193139,0.0,0.0414110621742562,0.0,0.8678695592969901,0.0,1.622120372308032,0.0,1.3089307440090632,0.0,0.03394123285068987,0.0,0.92550787715254,0.0
Local Model,204,"(1446, 11)",,Chemical + CS7,Decision Tree,Repeated KFold,"{""N_Splits"": 5, ""Repeats"": 3}",2.020601188081648,0.029190771850147554,1.5782660986951171,0.02225319947873452,0.03939837602410383,0.0005159798324597711,0.880318481463967,0.0034765457956759103,2.0622149997821446,0.12723191615325147,1.6090579588324918,0.0831569948850903,0.04007785946828293,0.0019953930934589166,0.8743348779390504,0.01737155763062332
Local Model,204,"(1446, 11)",,Chemical + CS7,Decision Tree,Time Series Split,"{""N_Splits"": 5, ""Repeats"": 1, ""Gap"": 0}",2.1720862334414965,0.13904046314513896,1.668127451775371,0.11425065801141467,0.04119047663505354,0.0032525841402275967,0.8412216640099655,0.026385910048840857,2.117340977917988,0.30411904009756985,1.6075123578173653,0.23932489326909787,0.0403148075689273,0.007419182839286887,0.8654571510028752,0.03701958703846533
