Category,Company,Data Shape,Timesteps,Features,Model,Cross Validation,Cross Validation Params,RMSE Train,RMSE Train,MAE Train,MAE Train,MAPE Train,MAPE Train,R2 Train,R2 Train,RMSE Test,RMSE Test,MAE Test,MAE Test,MAPE Test,MAPE Test,R2 Test,R2 Test
,,,,,,,,mean,std,mean,std,mean,std,mean,std,mean,std,mean,std,mean,std,mean,std
Local Model,204,"(1446, 17)",,Chemical + Physical,Linear Regression,Blocking Time Series Split,"{""N_Splits"": 5, ""Repeats"": 1, ""train_size"": 0.8}",1.4113622536810249,0.3713703720873168,1.063179370623286,0.28138069023640067,0.025966577984398526,0.0070598203970812755,0.9283252561109471,0.05696323535390518,1.5096593941882055,0.45222376970205896,1.1885953003060712,0.3539004980041055,0.029579077446121878,0.009248930252153667,0.902045987905133,0.07448708799222083
Local Model,204,"(1446, 17)",,Chemical + Physical,Linear Regression,Out of time Split,"{""Test Size"": 0.2}",1.8452714126480914,0.0,1.4094439644361725,0.0,0.03462214792652364,0.0,0.8984804240314099,0.0,1.394897319658863,0.0,1.0340249458829671,0.0,0.02628318506155755,0.0,0.9449155936943747,0.0
Local Model,204,"(1446, 17)",,Chemical + Physical,Linear Regression,Repeated KFold,"{""N_Splits"": 5, ""Repeats"": 3}",1.748131347652966,0.02786433190345711,1.3217808593212463,0.019876018565320487,0.0325743324461666,0.0004567690705482211,0.9104109498044728,0.002994672606974157,1.7861989689991236,0.11613859339108765,1.3435042194924063,0.07395923700953888,0.03312889906047072,0.0017392399216831827,0.9057234511876023,0.012927704940907092
Local Model,204,"(1446, 17)",,Chemical + Physical,Linear Regression,Time Series Split,"{""N_Splits"": 5, ""Repeats"": 1, ""Gap"": 0}",1.8260165598978275,0.15271022969095502,1.3583525086957473,0.12779491733474532,0.033007172758294644,0.003415996424552273,0.8856058526839202,0.0334410888616896,1.9192911673554949,0.3148421261059042,1.4747083268129437,0.3412917286672339,0.03732430442777439,0.009181670448957369,0.888840940421133,0.03811674754430388
