Category,Company,Data Shape,Timesteps,Features,Model,Cross Validation,Cross Validation Params,RMSE Train,RMSE Train,MAE Train,MAE Train,MAPE Train,MAPE Train,R2 Train,R2 Train,RMSE Test,RMSE Test,MAE Test,MAE Test,MAPE Test,MAPE Test,R2 Test,R2 Test
,,,,,,,,mean,std,mean,std,mean,std,mean,std,mean,std,mean,std,mean,std,mean,std
Local Model,204,"(1446, 15)",,Chemical + Properties CS Less,Linear Regression,Blocking Time Series Split,"{""N_Splits"": 5, ""Repeats"": 1, ""train_size"": 0.8}",1.7572069064986504,0.42401256793083136,1.3675643375457511,0.3010754277516711,0.033457296628703545,0.007348613757280161,0.8909065398583087,0.07857356748404615,2.165139512497464,0.5826377190985993,1.7539249474242837,0.4330715295553687,0.0436983807035517,0.01113275539967224,0.8054404572007062,0.1353283882211638
Local Model,204,"(1446, 15)",,Chemical + Properties CS Less,Linear Regression,Out of time Split,"{""Test Size"": 0.2}",2.349660510222861,0.0,1.858404366745062,0.0,0.0453419115712928,0.0,0.8353963263011026,0.0,1.79193851795325,0.0,1.4845858302009587,0.0,0.03785251660122559,0.0,0.90909444909778,0.0
Local Model,204,"(1446, 15)",,Chemical + Properties CS Less,Linear Regression,Repeated KFold,"{""N_Splits"": 5, ""Repeats"": 3}",2.2322753747371826,0.025399220059814428,1.763661932969943,0.019874910600876674,0.04316295005524809,0.0004556742497674238,0.8539480186762919,0.003037319339136001,2.270486841358243,0.10271123220015081,1.7873986396503907,0.07673529184287498,0.04377145391822331,0.0017095589602868153,0.8482561032292671,0.012481310196613127
Local Model,204,"(1446, 15)",,Chemical + Properties CS Less,Linear Regression,Time Series Split,"{""N_Splits"": 5, ""Repeats"": 1, ""Gap"": 0}",2.357965907511905,0.0985115834483225,1.8097821644906802,0.05872099817909715,0.04391773793796043,0.0017727267195013132,0.8116323331638299,0.03731392880461226,2.4152167196664402,0.31807325079179793,1.9358689494265486,0.26142749142427474,0.048056407664577944,0.007519473760704547,0.8254281097176864,0.04492871586923809
