Category,Company,Data Shape,Timesteps,Features,Model,Cross Validation,Cross Validation Params,RMSE Train,RMSE Train,MAE Train,MAE Train,MAPE Train,MAPE Train,R2 Train,R2 Train,RMSE Test,RMSE Test,MAE Test,MAE Test,MAPE Test,MAPE Test,R2 Test,R2 Test
,,,,,,,,mean,std,mean,std,mean,std,mean,std,mean,std,mean,std,mean,std,mean,std
Local Model,204,"(1446, 11)",,Chemical + CS3,Linear Regression,Blocking Time Series Split,"{""N_Splits"": 5, ""Repeats"": 1, ""train_size"": 0.8}",1.5223712360251453,0.3969326436435357,1.168806790943523,0.30818586902010386,0.028644504396696812,0.007799076695297112,0.9165903218519876,0.06554187781877283,1.4976966744982714,0.42934473002993634,1.1912222170893312,0.3057150025467114,0.029017457019892244,0.007322434373783264,0.9005606543836112,0.0842794760176919
Local Model,204,"(1446, 11)",,Chemical + CS3,Linear Regression,Out of time Split,"{""Test Size"": 0.2}",1.9824549111177217,0.0,1.529360338101123,0.0,0.0372726689324154,0.0,0.8828247402453634,0.0,1.4659750804782241,0.0,1.1091730258912735,0.0,0.028467174166497612,0.0,0.9391588562941541,0.0
Local Model,204,"(1446, 11)",,Chemical + CS3,Linear Regression,Repeated KFold,"{""N_Splits"": 5, ""Repeats"": 3}",1.878823014028057,0.026362304987518414,1.4372991181962778,0.02109601513633571,0.03520154476298283,0.0004743708798135795,0.8965236359636743,0.002984604396990265,1.9029116950244875,0.10805887691105966,1.4542772070248984,0.07840228817021476,0.035618950293075866,0.001780034420506534,0.8931576641268439,0.012585648444870597
Local Model,204,"(1446, 11)",,Chemical + CS3,Linear Regression,Time Series Split,"{""N_Splits"": 5, ""Repeats"": 1, ""Gap"": 0}",1.9754710128308566,0.18139335186989947,1.5040402369297792,0.15747695817775226,0.03639710191933649,0.004227398019240977,0.8656221076875201,0.04137778840892388,1.8890581707785408,0.4646975975523271,1.510773659690053,0.4441538330736401,0.037546766420374814,0.012334299325690745,0.888029341399027,0.05715952244244485
