Category,Company,Data Shape,Timesteps,Features,Model,Cross Validation,Cross Validation Params,RMSE Train,RMSE Train,MAE Train,MAE Train,MAPE Train,MAPE Train,R2 Train,R2 Train,RMSE Test,RMSE Test,MAE Test,MAE Test,MAPE Test,MAPE Test,R2 Test,R2 Test
,,,,,,,,mean,std,mean,std,mean,std,mean,std,mean,std,mean,std,mean,std,mean,std
Local Model,204,"(1446, 11)",,Chemical + CS7,MLP,Blocking Time Series Split,"{""N_Splits"": 5, ""Repeats"": 3, ""train_size"": 0.8}",3.631463362547375,0.4918592933477873,2.8033228389855585,0.34987856096624015,0.06865949634281446,0.008211539563031616,0.5711863480956869,0.1855123143263789,4.563109580142296,1.1561795223182603,3.5829471623212443,0.9662189531852886,0.086576952335545,0.019723426665708598,0.0752817057840183,0.891724818005639
Local Model,204,"(1446, 11)",,Chemical + CS7,MLP,Out of time Split,"{""Test Size"": 0.2}",1.9569387025604554,0.030177773782452625,1.5117764364944335,0.011077426349051817,0.036751550465575794,0.0005152927040622261,0.885794505766328,0.0035139299428240617,1.3177668216946847,0.005003117300142385,1.0063164625496699,0.010294408719849081,0.02494470038832626,0.0003868357683231421,0.9508382208719164,0.00037293424360438634
Local Model,204,"(1446, 11)",,Chemical + CS7,MLP,Repeated KFold,"{""N_Splits"": 5, ""Repeats"": 3}",1.8315825159864627,0.07464361583239615,1.396405396221605,0.057592446607936186,0.033944036937398864,0.0014199989096583248,0.9015193890254789,0.008026219949210102,1.8863691487827754,0.12455556399870385,1.4359906535955884,0.08535331959158261,0.034941287298212824,0.0021377651426017037,0.8948943865553963,0.01432009238656298
Local Model,204,"(1446, 11)",,Chemical + CS7,MLP,Time Series Split,"{""N_Splits"": 5, ""Repeats"": 3, ""Gap"": 0}",2.510598997276016,1.1098342161766788,1.9034794214286468,0.8487347436385583,0.04625709612475721,0.021280430444585136,0.7222188634034686,0.30886599931032666,2.7668331785378038,1.7760921659719102,2.193887361877357,1.5400624045265667,0.05252414564277332,0.033829648676763205,0.6549394997673283,0.4849903740303167
