Category,Company,Data Shape,Timesteps,Features,Model,Cross Validation,Cross Validation Params,RMSE Train,RMSE Train,MAE Train,MAE Train,MAPE Train,MAPE Train,R2 Train,R2 Train,RMSE Test,RMSE Test,MAE Test,MAE Test,MAPE Test,MAPE Test,R2 Test,R2 Test
,,,,,,,,mean,std,mean,std,mean,std,mean,std,mean,std,mean,std,mean,std,mean,std
Local Model,204,"(1446, 17)",,Chemical + Physical,MLP,Blocking Time Series Split,"{""N_Splits"": 5, ""Repeats"": 3, ""train_size"": 0.8}",3.330256976719835,0.48804160390162504,2.5989843890477737,0.3453951604943774,0.06399636399890689,0.008104184723036131,0.6357916422457759,0.17494834037453177,4.530443923171934,0.9056161563134941,3.6678058957505497,0.7188171097968263,0.09016390967084228,0.015586927088807193,0.135226831845114,0.7173122256032323
Local Model,204,"(1446, 17)",,Chemical + Physical,MLP,Out of time Split,"{""Test Size"": 0.2}",1.834697596847845,0.04827155721242061,1.4052794451202075,0.03696019792456431,0.034025624173587836,0.0007783217037014986,0.8995710777742395,0.00527129989737287,1.3240063776013653,0.039272695527337566,0.9831100577869635,0.019274042197674483,0.024619607719485848,0.00042873800153703554,0.9503286130083731,0.0029290541839537914
Local Model,204,"(1446, 17)",,Chemical + Physical,MLP,Repeated KFold,"{""N_Splits"": 5, ""Repeats"": 3}",1.7637904130820665,0.06144101959503472,1.3470547152519046,0.05105815315222193,0.032707580015165404,0.0011040339216499408,0.908712216281362,0.006390528680168396,1.8481203459232147,0.09893838417033335,1.4073992695811939,0.06804287242723182,0.03428084109947345,0.0016297836439040628,0.8992913635725406,0.011074074472016443
Local Model,204,"(1446, 17)",,Chemical + Physical,MLP,Time Series Split,"{""N_Splits"": 5, ""Repeats"": 3, ""Gap"": 0}",2.457375173638364,1.0519101232050938,1.8683536624551424,0.8077329764905649,0.04526153619099255,0.020003114344710273,0.737147462151878,0.28279959545957806,2.5520578925339956,1.1791903148940788,2.0218422619831515,0.9945298527143632,0.049239186870451805,0.022151652370849356,0.7532373589068402,0.2688011247277453
