Category,Company,Data Shape,Timesteps,Features,Model,Cross Validation,Cross Validation Params,RMSE Train,RMSE Train,MAE Train,MAE Train,MAPE Train,MAPE Train,R2 Train,R2 Train,RMSE Test,RMSE Test,MAE Test,MAE Test,MAPE Test,MAPE Test,R2 Test,R2 Test
,,,,,,,,mean,std,mean,std,mean,std,mean,std,mean,std,mean,std,mean,std,mean,std
Local Model,204,"(1446, 13)",,Chemical + Feature Engineering,MLP,Blocking Time Series Split,"{""N_Splits"": 5, ""Repeats"": 3, ""train_size"": 0.8}",3.9766680804043193,0.6327854273134103,2.9912896089760257,0.40630767731851936,0.07228765672321781,0.008958688136589676,0.48234633270848587,0.2297673398743244,5.018583475361536,1.6849974553577591,3.8573499113937904,1.539655290205046,0.09340363769780947,0.03263062471056927,-0.247808209734337,1.4310017489358693
Local Model,204,"(1446, 13)",,Chemical + Feature Engineering,MLP,Out of time Split,"{""Test Size"": 0.2}",2.342987078127931,0.040507591894222504,1.8201746245871504,0.028728192944386076,0.04379360093742577,0.0005217161166113605,0.8362810811325136,0.005675189590157394,1.6172348317987062,0.03117956311053022,1.2750248507795663,0.016318987510275117,0.03161189174867996,0.0006253189760189857,0.9259283934342926,0.0028356742916554934
Local Model,204,"(1446, 13)",,Chemical + Feature Engineering,MLP,Repeated KFold,"{""N_Splits"": 5, ""Repeats"": 3}",2.204962439253549,0.04451273137833791,1.7021078815585184,0.03709532690410536,0.04110654100014358,0.0008229385451973606,0.8574490581190265,0.005919767829120554,2.4319450812750674,0.3707509255723285,1.791100093660672,0.08769162721807496,0.04338385221304871,0.0021286681451427314,0.8220890237758641,0.06625246067170902
Local Model,204,"(1446, 13)",,Chemical + Feature Engineering,MLP,Time Series Split,"{""N_Splits"": 5, ""Repeats"": 3, ""Gap"": 0}",2.9609937726887936,1.047807608483012,2.242882196957354,0.7529713741040887,0.05396529241837975,0.018796465898834335,0.6422491425707252,0.33122329670509176,3.340216978271847,2.1045293351498073,2.680853395074235,1.740309907552118,0.06326823955297275,0.03818244323794923,0.5034084197764459,0.6869850814820947
