Category,Company,Data Shape,Timesteps,Features,Model,Cross Validation,Cross Validation Params,RMSE Train,RMSE Train,MAE Train,MAE Train,MAPE Train,MAPE Train,R2 Train,R2 Train,RMSE Test,RMSE Test,MAE Test,MAE Test,MAPE Test,MAPE Test,R2 Test,R2 Test
,,,,,,,,mean,std,mean,std,mean,std,mean,std,mean,std,mean,std,mean,std,mean,std
Local Model,204,"(1446, 17)",,Chemical + Physical,Random Forest,Blocking Time Series Split,"{""N_Splits"": 5, ""Repeats"": 1, ""train_size"": 0.8}",1.26307587016355,0.3313660026880774,0.9771633556348771,0.2525121559788473,0.02389035471840891,0.006232167326313447,0.942609229565696,0.045271273892115875,1.6036590844266836,0.5244876218725961,1.2756291997696871,0.4218239921943253,0.031163007955821144,0.010687586807822306,0.8807916582864002,0.1108863897837471
Local Model,204,"(1446, 17)",,Chemical + Physical,Random Forest,Out of time Split,"{""Test Size"": 0.2}",1.7829198208419197,0.0,1.399843362327105,0.0,0.03421023483293433,0.0,0.9052251918293981,0.0,1.4185893010440007,0.0,1.1009121407241351,0.0,0.027884005655496855,0.0,0.9430285131788805,0.0
Local Model,204,"(1446, 17)",,Chemical + Physical,Random Forest,Repeated KFold,"{""N_Splits"": 5, ""Repeats"": 3}",1.6948088411741722,0.0258877395657151,1.3188020133431453,0.01802715119143153,0.03242548740531168,0.00042517789073923443,0.9157993537105046,0.002561024106260768,1.8202148453159879,0.0861524455972686,1.3897310807768608,0.04840198863077937,0.0341845166770535,0.0010455325733158547,0.9022727741883695,0.010433417483675609
Local Model,204,"(1446, 17)",,Chemical + Physical,Random Forest,Time Series Split,"{""N_Splits"": 5, ""Repeats"": 1, ""Gap"": 0}",1.737200336985665,0.07145464820680852,1.3459230765212977,0.06456805522605091,0.03269851189267542,0.0018186491735899472,0.8979908217093044,0.019042458747747716,1.9584191160596656,0.3326251330101819,1.4975869576490601,0.31258478693833086,0.03733517356271942,0.007888555806256609,0.8822378916724238,0.046618757728395945
