Category,Company,Data Shape,Timesteps,Features,Model,Cross Validation,Cross Validation Params,RMSE Train,RMSE Train,MAE Train,MAE Train,MAPE Train,MAPE Train,R2 Train,R2 Train,RMSE Test,RMSE Test,MAE Test,MAE Test,MAPE Test,MAPE Test,R2 Test,R2 Test
,,,,,,,,mean,std,mean,std,mean,std,mean,std,mean,std,mean,std,mean,std,mean,std
Local Model,204,"(1446, 10)",,Chemical,Random Forest,Blocking Time Series Split,"{""N_Splits"": 5, ""Repeats"": 1, ""train_size"": 0.8}",1.5910188772432778,0.35564197245003626,1.2369538625458567,0.2634748494006702,0.030194004081794408,0.006530025893168839,0.9117966179408589,0.06062933578013919,2.340812664826218,0.7961436922112625,1.9413041311281554,0.6653458868106371,0.047743016848016705,0.017251078180046373,0.7518104206083532,0.21378932382635177
Local Model,204,"(1446, 10)",,Chemical,Random Forest,Out of time Split,"{""Test Size"": 0.2}",2.2000144001800077,0.0,1.729562038178461,0.0,0.04216010934869155,0.0,0.8556953469786386,0.0,1.9206124885757887,0.0,1.6377945746454206,0.0,0.04203265417882684,0.0,0.895570381737294,0.0
Local Model,204,"(1446, 10)",,Chemical,Random Forest,Repeated KFold,"{""N_Splits"": 5, ""Repeats"": 3}",2.1310446716476137,0.034226481457209856,1.6911880074568506,0.026495114524704412,0.04143680241149603,0.0006206007378100484,0.8668772816570361,0.0041216377631810895,2.2885027085657934,0.06749256639146148,1.794557755356745,0.057467700229451496,0.044018961194281246,0.0012732157203260732,0.8459615203104452,0.008278022347389486
Local Model,204,"(1446, 10)",,Chemical,Random Forest,Time Series Split,"{""N_Splits"": 5, ""Repeats"": 1, ""Gap"": 0}",2.1790857323024935,0.06314192184928759,1.691070890825186,0.05380433820399785,0.04109587358954431,0.0015494582805637023,0.8400515773999994,0.02482988395852549,2.408096136978656,0.3764466707620094,1.95528026270444,0.33172318919348254,0.04826847157790044,0.009690806267541024,0.8256640612021613,0.05134189597290467
