Category,Company,Data Shape,Timesteps,Features,Model,Cross Validation,Cross Validation Params,RMSE Train,RMSE Train,MAE Train,MAE Train,MAPE Train,MAPE Train,R2 Train,R2 Train,RMSE Test,RMSE Test,MAE Test,MAE Test,MAPE Test,MAPE Test,R2 Test,R2 Test
,,,,,,,,mean,std,mean,std,mean,std,mean,std,mean,std,mean,std,mean,std,mean,std
Local Model,204,"(1446, 12)",,Chemical + CS3 + CS7,Random Forest,Blocking Time Series Split,"{""N_Splits"": 5, ""Repeats"": 1, ""train_size"": 0.8}",1.2786685134624698,0.3083428074826424,0.9847532076941257,0.2354346757689676,0.02411426490022229,0.00577394645595095,0.9421474144946231,0.04277406769584726,1.5936777233967523,0.5066020877293941,1.2394089679507938,0.3681192721885059,0.030301482236537954,0.009136447578009934,0.8821190331779475,0.11141696688146278
Local Model,204,"(1446, 12)",,Chemical + CS3 + CS7,Random Forest,Out of time Split,"{""Test Size"": 0.2}",1.7829198208419197,0.0,1.3998433623271052,0.0,0.034210234832934325,0.0,0.9052251918293981,0.0,1.4185893010440003,0.0,1.1009121407241345,0.0,0.027884005655496837,0.0,0.9430285131788805,0.0
Local Model,204,"(1446, 12)",,Chemical + CS3 + CS7,Random Forest,Repeated KFold,"{""N_Splits"": 5, ""Repeats"": 3}",1.694642592703496,0.025210607870151974,1.3192241694304954,0.017627960355920853,0.032435234426025715,0.0004160821204342501,0.915816362744771,0.002510239938342587,1.8201471172776407,0.08750346081937714,1.3903840127531912,0.0477676971894987,0.03420094116236009,0.0010553748336646596,0.9022664403844937,0.010626084042418823
Local Model,204,"(1446, 12)",,Chemical + CS3 + CS7,Random Forest,Time Series Split,"{""N_Splits"": 5, ""Repeats"": 1, ""Gap"": 0}",1.7355026507291893,0.06264893278140937,1.345461645941757,0.058982209283340005,0.03267962735394132,0.0016771500835009998,0.8983649825564107,0.01758647654435001,1.8570785400841476,0.2378055084909148,1.4273285336657069,0.2671004447840029,0.03528433464270692,0.007329276967452347,0.896970937599067,0.026645194880470152
