Category,Company,Data Shape,Timesteps,Features,Model,Cross Validation,Cross Validation Params,RMSE Train,RMSE Train,MAE Train,MAE Train,MAPE Train,MAPE Train,R2 Train,R2 Train,RMSE Test,RMSE Test,MAE Test,MAE Test,MAPE Test,MAPE Test,R2 Test,R2 Test
,,,,,,,,mean,std,mean,std,mean,std,mean,std,mean,std,mean,std,mean,std,mean,std
Local Model,204,"(1446, 15)",,Chemical + Properties CS Less,XGBoost,Blocking Time Series Split,"{""N_Splits"": 5, ""Repeats"": 1, ""train_size"": 0.8}",1.7401703730189677,0.20878206821578987,1.4060778434720391,0.16265541715236323,0.034865171777748706,0.004054320910164891,0.9014903249522851,0.04201669502399783,2.5358421472068966,0.8439097887380219,2.1025388651880723,0.6580375358833394,0.05269534041396121,0.016433451795485075,0.6981747247512289,0.2874994690979371
Local Model,204,"(1446, 15)",,Chemical + Properties CS Less,XGBoost,Out of time Split,"{""Test Size"": 0.2}",2.2877828172650663,0.0,1.8193349595383372,0.0,0.04488419664948077,0.0,0.8439517597298429,0.0,2.2669241945873746,0.0,1.949108463155812,0.0,0.05052972597871124,0.0,0.8545150099071604,0.0
Local Model,204,"(1446, 15)",,Chemical + Properties CS Less,XGBoost,Repeated KFold,"{""N_Splits"": 5, ""Repeats"": 3}",2.222818030153074,0.023486988953883764,1.7938754252355948,0.02461395707860737,0.04438730948178292,0.0005747319116213954,0.855189224166831,0.0025409050840525887,2.391968799806325,0.12089634149140817,1.9047495982429963,0.1039777694163811,0.047088072216119006,0.0022831595195229883,0.8318607852982187,0.01129888824192017
Local Model,204,"(1446, 15)",,Chemical + Properties CS Less,XGBoost,Time Series Split,"{""N_Splits"": 5, ""Repeats"": 1, ""Gap"": 0}",2.189573093441088,0.06039073569021159,1.7291671340288133,0.05714317277350108,0.04246881919300742,0.0015347259086358317,0.8399093558115884,0.010993888190481384,2.6499686095607284,0.3168195241219254,2.1598786324781996,0.24963092858369143,0.054133524175108604,0.008364629123574788,0.7901537901928635,0.05436391912632107
