Category,Company,Data Shape,Timesteps,Features,Model,Cross Validation,Cross Validation Params,RMSE Train,RMSE Train,MAE Train,MAE Train,MAPE Train,MAPE Train,R2 Train,R2 Train,RMSE Test,RMSE Test,MAE Test,MAE Test,MAPE Test,MAPE Test,R2 Test,R2 Test
,,,,,,,,mean,std,mean,std,mean,std,mean,std,mean,std,mean,std,mean,std,mean,std
Local Model,204,"(1446, 11)",,Chemical + CS7,XGBoost,Blocking Time Series Split,"{""N_Splits"": 5, ""Repeats"": 1, ""train_size"": 0.8}",1.5844085004968558,0.2148818471721867,1.2640055086210178,0.1290515783277348,0.031404820574469416,0.003362274253482366,0.917455749452951,0.03954572299967767,2.0335288239586253,0.605183703138691,1.6309639292749865,0.45923531242984783,0.0407923362359781,0.012258704329298218,0.8180855484276621,0.15180058948317732
Local Model,204,"(1446, 11)",,Chemical + CS7,XGBoost,Out of time Split,"{""Test Size"": 0.2}",1.9310142223655504,0.0,1.5413974150819352,0.0,0.03809811508432813,0.0,0.8888267676702513,0.0,1.7144070576642791,0.0,1.4009089371253705,0.0,0.03654296000968373,0.0,0.9167906584717948,0.0
Local Model,204,"(1446, 11)",,Chemical + CS7,XGBoost,Repeated KFold,"{""N_Splits"": 5, ""Repeats"": 3}",1.8653404743017354,0.019445686854830998,1.4870271821922911,0.014229865947650234,0.036911091764170276,0.0003365799144554094,0.8980125698079029,0.002230195168798267,1.989800732318181,0.11011932588840745,1.559502745251507,0.07293752319517743,0.03872711762482482,0.0016453196709518177,0.8833915588595983,0.011666529551444397
Local Model,204,"(1446, 11)",,Chemical + CS7,XGBoost,Time Series Split,"{""N_Splits"": 5, ""Repeats"": 1, ""Gap"": 0}",1.8875571716937514,0.058327018352095306,1.4702328316125302,0.04250797099049365,0.03618800208961474,0.0013459849985687734,0.8799947566655886,0.018899619978748186,2.189060778017843,0.2672715813589429,1.7297654511384448,0.21491104947573544,0.0432885976211407,0.006133434007909748,0.8560809144060603,0.03980153347211207
