Category,Company,Data Shape,Timesteps,Features,Model,Cross Validation,Cross Validation Params,RMSE Train,RMSE Train,MAE Train,MAE Train,MAPE Train,MAPE Train,R2 Train,R2 Train,RMSE Test,RMSE Test,MAE Test,MAE Test,MAPE Test,MAPE Test,R2 Test,R2 Test
,,,,,,,,mean,std,mean,std,mean,std,mean,std,mean,std,mean,std,mean,std,mean,std
Local Model,204,"(1446, 17)",,Chemical + Physical,XGBoost,Blocking Time Series Split,"{""N_Splits"": 5, ""Repeats"": 1, ""train_size"": 0.8}",1.537821969827338,0.19536486102632006,1.235884426364651,0.12432309071589968,0.0307234928002397,0.0031887844233234866,0.9226023800364983,0.035456707726124484,2.0108185786373616,0.553216013206333,1.638857761251515,0.41461324015942735,0.041137106986246064,0.011322374660764164,0.8291609161010671,0.12849275898743814
Local Model,204,"(1446, 17)",,Chemical + Physical,XGBoost,Out of time Split,"{""Test Size"": 0.2}",1.921502847289981,0.0,1.5384859199919914,0.0,0.03803854954688139,0.0,0.8899192569088545,0.0,1.6954340487207467,0.0,1.3872026404019058,0.0,0.03620459166883522,0.0,0.9186221906234446,0.0
Local Model,204,"(1446, 17)",,Chemical + Physical,XGBoost,Repeated KFold,"{""N_Splits"": 5, ""Repeats"": 3}",1.8540358495768319,0.019395927583147524,1.483338254906074,0.012857847060646044,0.036830280884368044,0.00029692500616179007,0.8992472806301333,0.0020919285363029867,1.9922951149461217,0.10681882660394355,1.5689259955688957,0.0721627764138493,0.03892343444809649,0.001553592358370793,0.8831425629238422,0.01098058082231697
Local Model,204,"(1446, 17)",,Chemical + Physical,XGBoost,Time Series Split,"{""N_Splits"": 5, ""Repeats"": 1, ""Gap"": 0}",1.8505658595779326,0.05384753083796168,1.460061350766257,0.04247519368226852,0.035908832962420166,0.0013235250776840763,0.8849164515002192,0.015909244313653835,2.180515189720244,0.2954383848371077,1.7327879918521867,0.26470880623474524,0.04354165915828395,0.007541672715968343,0.8569625957702574,0.04143520128756629
