Category,Company,Data Shape,Timesteps,Features,Model,Cross Validation,Cross Validation Params,RMSE Train,RMSE Train,MAE Train,MAE Train,MAPE Train,MAPE Train,R2 Train,R2 Train,RMSE Test,RMSE Test,MAE Test,MAE Test,MAPE Test,MAPE Test,R2 Test,R2 Test
,,,,,,,,mean,std,mean,std,mean,std,mean,std,mean,std,mean,std,mean,std,mean,std
Local Model,204,"(1446, 11)",,Chemical + CS3,XGBoost,Blocking Time Series Split,"{""N_Splits"": 5, ""Repeats"": 1, ""train_size"": 0.8}",1.6599946489336752,0.19102388208068466,1.3396249184876807,0.1261378000161929,0.03324179197721833,0.003154505528791196,0.9104996643209156,0.03781581834886744,2.1099179370390475,0.46721422805797913,1.69514212772764,0.32910189963727704,0.04270693190434545,0.008626265131012023,0.8150242188601903,0.13556947065309227
Local Model,204,"(1446, 11)",,Chemical + CS3,XGBoost,Out of time Split,"{""Test Size"": 0.2}",2.0947694822526293,0.0,1.6882151955469256,0.0,0.041671779690348736,0.0,0.8691716800539195,0.0,1.9039146971562415,0.0,1.579823682061557,0.0,0.04123801519446184,0.0,0.8973783090991716,0.0
Local Model,204,"(1446, 11)",,Chemical + CS3,XGBoost,Repeated KFold,"{""N_Splits"": 5, ""Repeats"": 3}",2.023374865948972,0.01752194888426987,1.626743171585468,0.015651442389124165,0.040353958127789816,0.0003472193614157848,0.880008523489894,0.0019326684775443958,2.1580553694460898,0.09636706483811118,1.7150634585971465,0.0675802871076863,0.04248520658492127,0.0012794541937924432,0.8630084138183246,0.010040269937390671
Local Model,204,"(1446, 11)",,Chemical + CS3,XGBoost,Time Series Split,"{""N_Splits"": 5, ""Repeats"": 1, ""Gap"": 0}",1.9939125438909706,0.06444056385219717,1.5858895657150247,0.049903537832161504,0.038921519583772615,0.0014711342315394725,0.8666544488876227,0.01625557871560887,2.3308794621705764,0.30837166776229324,1.8932634344457095,0.2726417360682722,0.04741208741741889,0.00908310696749522,0.8368992696395559,0.04740710941981381
