Category,Company,Data Shape,Timesteps,Features,Model,Cross Validation,Cross Validation Params,RMSE Train,RMSE Train,MAE Train,MAE Train,MAPE Train,MAPE Train,R2 Train,R2 Train,RMSE Test,RMSE Test,MAE Test,MAE Test,MAPE Test,MAPE Test,R2 Test,R2 Test
,,,,,,,,mean,std,mean,std,mean,std,mean,std,mean,std,mean,std,mean,std,mean,std
Local Model,204,"(1446, 12)",,Chemical + CS3 + CS7,XGBoost,Blocking Time Series Split,"{""N_Splits"": 5, ""Repeats"": 1, ""train_size"": 0.8}",1.5506777374749015,0.1903074245647809,1.243185982840402,0.12003781977251435,0.030902175289641277,0.0031286862004245974,0.9215027778397491,0.035037956372486016,1.9564774721967495,0.5395453190049535,1.593524404065362,0.40398237783017105,0.039954727902891715,0.01085618054397472,0.838545978446249,0.1212699618727115
Local Model,204,"(1446, 12)",,Chemical + CS3 + CS7,XGBoost,Out of time Split,"{""Test Size"": 0.2}",1.922124156230617,0.0,1.5393634033203123,0.0,0.03806199795800295,0.0,0.8898480572148914,0.0,1.7022730296910131,0.0,1.3910781097412108,0.0,0.036318942302705666,0.0,0.917964348735367,0.0
Local Model,204,"(1446, 12)",,Chemical + CS3 + CS7,XGBoost,Repeated KFold,"{""N_Splits"": 5, ""Repeats"": 3}",1.8541958451762859,0.019433808034605995,1.482872392062266,0.013029693586469639,0.03681611681093295,0.00030421610668108395,0.8992304288994931,0.002068764948752339,1.9930728754321103,0.1063276532974443,1.5696376080629102,0.07155979327300914,0.038942390478891906,0.0015290517564407434,0.8830657229634762,0.01078847651673146
Local Model,204,"(1446, 12)",,Chemical + CS3 + CS7,XGBoost,Time Series Split,"{""N_Splits"": 5, ""Repeats"": 1, ""Gap"": 0}",1.8500741357073598,0.05281234990884568,1.4558730433167262,0.0420221150534337,0.03582749934830097,0.0012906971536837022,0.8850049195738517,0.015627203121086015,2.1810875900816042,0.2942440420888307,1.734799949930911,0.26539905667328234,0.04355303381617107,0.0075172742671738195,0.8569084186717028,0.041390860108377975
