Category,Company,Data Shape,Timesteps,Features,Model,Cross Validation,Cross Validation Params,RMSE Train,RMSE Train,MAE Train,MAE Train,MAPE Train,MAPE Train,R2 Train,R2 Train,RMSE Test,RMSE Test,MAE Test,MAE Test,MAPE Test,MAPE Test,R2 Test,R2 Test
,,,,,,,,mean,std,mean,std,mean,std,mean,std,mean,std,mean,std,mean,std,mean,std
Local Model,partner_iv,"(323, 28)",,Chemical + Mineralogical + Feature Engineering,Decision Tree,Blocking Time Series Split,"{""N_Splits"": 5, ""Repeats"": 1, ""train_size"": 0.8}",1.8241476343080236,0.2960022157411024,1.4673478471447483,0.25740726677052883,0.028190125109091975,0.0050010791956983875,0.4255541026477946,0.21012496323223673,3.0188922387229624,0.7615513883106189,2.5045471476520094,0.8019578491232555,0.0491477351902878,0.0182748693962454,-2.467778214979858,1.70721662449708
Local Model,partner_iv,"(323, 28)",,Chemical + Mineralogical + Feature Engineering,Decision Tree,Out of time Split,"{""Test Size"": 0.2}",2.427889936861635,0.0,1.9426629037896057,0.0,0.03764989741064643,0.0,0.1678973576600814,0.0,2.7381642495944534,0.0,2.3636500204039943,0.0,0.04636742108116057,0.0,-0.3386908842850114,0.0
Local Model,partner_iv,"(323, 28)",,Chemical + Mineralogical + Feature Engineering,Decision Tree,Repeated KFold,"{""N_Splits"": 5, ""Repeats"": 3}",2.3112394685211153,0.17067163493826717,1.8827373232739681,0.1523072267899691,0.036355567298661365,0.0029617684792628933,0.21997125963518788,0.09015164816136098,2.5148053153188976,0.21248676136512668,2.05674406992225,0.1875192791439443,0.039638814111015996,0.003616944873346121,0.05566786313581466,0.10953542541930893
Local Model,partner_iv,"(323, 28)",,Chemical + Mineralogical + Feature Engineering,Decision Tree,Time Series Split,"{""N_Splits"": 5, ""Repeats"": 1, ""Gap"": 0}",2.240204639963113,0.2677965156099071,1.8214496478915365,0.2213334573917947,0.0351513540713336,0.004181315585306176,0.17026320381228013,0.12928624669807023,2.7968725150727045,0.20755499086092052,2.3404726952975845,0.13920655268220022,0.04492791137308165,0.0033267229270637086,-0.44634704106889833,0.3605991804487434
