Category,Company,Data Shape,Timesteps,Features,Model,Cross Validation,Cross Validation Params,RMSE Train,RMSE Train,MAE Train,MAE Train,MAPE Train,MAPE Train,R2 Train,R2 Train,RMSE Test,RMSE Test,MAE Test,MAE Test,MAPE Test,MAPE Test,R2 Test,R2 Test
,,,,,,,,mean,std,mean,std,mean,std,mean,std,mean,std,mean,std,mean,std,mean,std
Local Model,partner_iv,"(323, 33)",,Chemical + Mineralogical + Properties CS Less,Decision Tree,Blocking Time Series Split,"{""N_Splits"": 5, ""Repeats"": 1, ""train_size"": 0.8}",1.5462482220312197,0.22362421929845855,1.255350871542913,0.1765909784042548,0.024070293885796415,0.0036161799673669172,0.5939839054691228,0.14551661207243374,2.9789934530584894,1.1196022226923836,2.4520625404007785,0.9630104413375249,0.048181371670628345,0.021416238296120736,-2.5271741283811684,2.5185133944534708
Local Model,partner_iv,"(323, 33)",,Chemical + Mineralogical + Properties CS Less,Decision Tree,Out of time Split,"{""Test Size"": 0.2}",1.9986271968031681,0.0,1.5711446286691282,0.0,0.03029943334722436,0.0,0.43612544576286105,0.0,3.12615886107995,0.0,2.6774218996935986,0.0,0.052331674838492014,0.0,-0.7449516655873709,0.0
Local Model,partner_iv,"(323, 33)",,Chemical + Mineralogical + Properties CS Less,Decision Tree,Repeated KFold,"{""N_Splits"": 5, ""Repeats"": 3}",2.287121704314512,0.15585477339289183,1.8601231567919243,0.1424071304062747,0.03593517883605897,0.002798987131946287,0.2365649146884721,0.07982846921364502,2.554467996637962,0.19826953743284595,2.09180129887151,0.17964574828408078,0.04032636933023395,0.003480630193315492,0.023824813860914514,0.12181206870166088
Local Model,partner_iv,"(323, 33)",,Chemical + Mineralogical + Properties CS Less,Decision Tree,Time Series Split,"{""N_Splits"": 5, ""Repeats"": 1, ""Gap"": 0}",2.226087319526086,0.24634085414620882,1.7936787459755146,0.2028910146691202,0.03449476561326629,0.0037995183845420987,0.185039933269506,0.07521974511462079,2.696229690299666,0.41519806779217183,2.231275805891928,0.33315972679435796,0.042798552528505465,0.005753775723258173,-0.4045443606188736,0.6882285879657486
