Category,Company,Data Shape,Timesteps,Features,Model,Cross Validation,Cross Validation Params,RMSE Train,RMSE Train,MAE Train,MAE Train,MAPE Train,MAPE Train,R2 Train,R2 Train,RMSE Test,RMSE Test,MAE Test,MAE Test,MAPE Test,MAPE Test,R2 Test,R2 Test
,,,,,,,,mean,std,mean,std,mean,std,mean,std,mean,std,mean,std,mean,std,mean,std
Local Model,partner_iv,"(323, 34)",,Chemical + Mineralogical + Physical,Linear Regression,Blocking Time Series Split,"{""N_Splits"": 5, ""Repeats"": 1, ""train_size"": 0.8}",0.9009334630053605,0.16818695804091519,0.7121807276128249,0.12131159510514625,0.013722802155553156,0.002441506003864733,0.8645556274914398,0.05059983247732249,3.578797527816517,1.3381532751694454,2.9361010522887847,1.149743378620019,0.056252064902378475,0.019746336584024676,-5.068615132252281,6.1797547160112405
Local Model,partner_iv,"(323, 34)",,Chemical + Mineralogical + Physical,Linear Regression,Out of time Split,"{""Test Size"": 0.2}",1.5444028580162055,0.0,1.2603053803510302,0.0,0.024188259409931523,0.0,0.6633023352039493,0.0,2.228190480486596,0.0,1.6742039071227521,0.0,0.03241865267371179,0.0,0.1135261206544016,0.0
Local Model,partner_iv,"(323, 34)",,Chemical + Mineralogical + Physical,Linear Regression,Repeated KFold,"{""N_Splits"": 5, ""Repeats"": 3}",1.6209508639984365,0.032469823691266976,1.2970709828951175,0.02321755029833445,0.024966929478215737,0.0004421947730658014,0.6169588552107087,0.011357999029587531,1.8844323576684117,0.15020113265203644,1.510477553520626,0.11903724343377312,0.029064361602118498,0.0022382231928560234,0.4686751172350768,0.07092598005477221
Local Model,partner_iv,"(323, 34)",,Chemical + Mineralogical + Physical,Linear Regression,Time Series Split,"{""N_Splits"": 5, ""Repeats"": 1, ""Gap"": 0}",1.4042901572790778,0.1799855783127617,1.1214409144133188,0.15821084122838838,0.021601058246963085,0.0029297546229820354,0.6756540666195823,0.04253255731306669,2.4140771692675433,0.42103638227964746,1.9502693544033238,0.4169040377863442,0.03765229950462724,0.008705530713813013,-0.04074128280962426,0.20479427986973675
