Category,Company,Data Shape,Timesteps,Features,Model,Cross Validation,Cross Validation Params,RMSE Train,RMSE Train,MAE Train,MAE Train,MAPE Train,MAPE Train,R2 Train,R2 Train,RMSE Test,RMSE Test,MAE Test,MAE Test,MAPE Test,MAPE Test,R2 Test,R2 Test
,,,,,,,,mean,std,mean,std,mean,std,mean,std,mean,std,mean,std,mean,std,mean,std
Local Model,partner_iv,"(323, 26)",,Chemical + Mineralogical,Linear Regression,Blocking Time Series Split,"{""N_Splits"": 5, ""Repeats"": 1, ""train_size"": 0.8}",1.4129594708845117,0.12822753696679418,1.1137757052672759,0.11461059573043772,0.021408852890951506,0.002316568273459831,0.6707481446389039,0.07920281641752946,2.9609883660626912,0.6337231382792929,2.385320501422696,0.4157620236780329,0.04648211625196332,0.009397656998072268,-2.2635819172702845,1.6278712172845091
Local Model,partner_iv,"(323, 26)",,Chemical + Mineralogical,Linear Regression,Out of time Split,"{""Test Size"": 0.2}",1.9358438562007354,0.0,1.5321631716892974,0.0,0.02946777341655768,0.0,0.4709952641588534,0.0,2.5437132419217634,0.0,2.0264708745200015,0.0,0.03937206659699078,0.0,-0.1553075620243094,0.0
Local Model,partner_iv,"(323, 26)",,Chemical + Mineralogical,Linear Regression,Repeated KFold,"{""N_Splits"": 5, ""Repeats"": 3}",2.004120445055105,0.035722032386209954,1.6201226143983634,0.0323295735936061,0.031195229566531143,0.0006093282254740388,0.4143075932411237,0.020817893247578084,2.267134443234201,0.15536027090624108,1.820589824181901,0.12881697633814992,0.035050074576743105,0.0024472940307198746,0.22829147258991075,0.11060894094268685
Local Model,partner_iv,"(323, 26)",,Chemical + Mineralogical,Linear Regression,Time Series Split,"{""N_Splits"": 5, ""Repeats"": 1, ""Gap"": 0}",1.8155090666223181,0.18039403747633434,1.4353711253678494,0.14736890514392798,0.027672630958113165,0.0026953954089131075,0.45679368595234193,0.050730461706740136,3.109582911430333,0.9508075449948109,2.5322676050023953,0.7328695634905076,0.04827139071205803,0.013782049588136685,-0.8146512635295728,0.9666406433936657
