Category,Company,Data Shape,Timesteps,Features,Model,Cross Validation,Cross Validation Params,RMSE Train,RMSE Train,MAE Train,MAE Train,MAPE Train,MAPE Train,R2 Train,R2 Train,RMSE Test,RMSE Test,MAE Test,MAE Test,MAPE Test,MAPE Test,R2 Test,R2 Test
,,,,,,,,mean,std,mean,std,mean,std,mean,std,mean,std,mean,std,mean,std,mean,std
Local Model,partner_iv,"(323, 26)",,Chemical + Mineralogical,MLP,Blocking Time Series Split,"{""N_Splits"": 5, ""Repeats"": 3, ""train_size"": 0.8}",13.243973454228144,1.7266265918229127,10.470343401541118,1.4492691528807893,0.20081699411401763,0.027089836170295884,-28.67855181016104,10.965554671988249,16.710178988772224,3.1079090404649197,14.275410097562348,2.992403326187096,0.2773883308209177,0.06205393345638203,-127.97093971475515,114.56288630809836
Local Model,partner_iv,"(323, 26)",,Chemical + Mineralogical,MLP,Out of time Split,"{""Test Size"": 0.2}",4.218253058982074,0.5611021452448691,3.389591611324971,0.4293155198863562,0.06474499512346736,0.008140278734278349,-1.5562378212808579,0.6949211596449145,9.445441655397417,0.3939250984071442,7.1628361785106165,0.1534058063206187,0.13892367203552622,0.002856587078570023,-14.95734300777417,1.3389799318157118
Local Model,partner_iv,"(323, 26)",,Chemical + Mineralogical,MLP,Repeated KFold,"{""N_Splits"": 5, ""Repeats"": 3}",4.047316624162339,0.35085398208178176,3.212165127532208,0.2924219332809296,0.061546293721352216,0.005548170106457592,-1.4123084011393785,0.4681039769737366,5.8249853633437665,0.8155839147879735,4.685296664568095,0.6784929499264843,0.08989645659994001,0.013173118565511236,-4.130418186123679,1.2763237056017083
Local Model,partner_iv,"(323, 26)",,Chemical + Mineralogical,MLP,Time Series Split,"{""N_Splits"": 5, ""Repeats"": 3, ""Gap"": 0}",7.849940843401744,3.4776339344308846,6.304640541361908,2.7814354019894796,0.12143784886118669,0.05425774091823911,-12.732013455802484,14.098158080115404,13.789190124377335,6.77824006705795,11.359607747515792,6.116959643272131,0.21687151181798286,0.11577559341143388,-38.16719484673158,33.89849635985303
