Category,Company,Data Shape,Timesteps,Features,Model,Cross Validation,Cross Validation Params,RMSE Train,RMSE Train,MAE Train,MAE Train,MAPE Train,MAPE Train,R2 Train,R2 Train,RMSE Test,RMSE Test,MAE Test,MAE Test,MAPE Test,MAPE Test,R2 Test,R2 Test
,,,,,,,,mean,std,mean,std,mean,std,mean,std,mean,std,mean,std,mean,std,mean,std
Local Model,partner_iv,"(323, 34)",,Chemical + Mineralogical + Physical,MLP,Blocking Time Series Split,"{""N_Splits"": 5, ""Repeats"": 3, ""train_size"": 0.8}",12.151489536815241,2.141495355927333,9.587028749254015,1.8116142459903324,0.18373828537840933,0.03413979583079888,-24.37481612757994,11.138548680610445,19.1116438231585,4.451404484924838,16.68066427377554,4.176706619800513,0.3229107428898174,0.08130139506131741,-178.9160628002339,159.562872159443
Local Model,partner_iv,"(323, 34)",,Chemical + Mineralogical + Physical,MLP,Out of time Split,"{""Test Size"": 0.2}",4.076047948827404,0.367531148328952,3.233624502177078,0.2878797978551754,0.0619014054147465,0.005414582091870994,-1.3643631004581842,0.4260872355426908,9.314954251695356,0.40484468446396676,7.488615628756009,0.34079819400260003,0.1448478084784045,0.00649296566311867,-14.521809328372969,1.3543421834141367
Local Model,partner_iv,"(323, 34)",,Chemical + Mineralogical + Physical,MLP,Repeated KFold,"{""N_Splits"": 5, ""Repeats"": 3}",4.039278387951146,0.38594025159097245,3.23440188741869,0.3114672977560726,0.062099875284867864,0.005931092941260025,-1.4017699192104809,0.47886275912752113,6.731641671928892,0.4822943667684302,5.455162879833808,0.44764748504481094,0.10485902295753657,0.00857453451733625,-5.84286741777412,1.2307408571561702
Local Model,partner_iv,"(323, 34)",,Chemical + Mineralogical + Physical,MLP,Time Series Split,"{""N_Splits"": 5, ""Repeats"": 3, ""Gap"": 0}",7.290887543345908,3.1676447101871443,5.7256662420658815,2.4154981678158665,0.1103164591669569,0.047086983347396305,-10.753565160150231,11.841738165127898,13.319897056362985,5.422567906255518,11.18612488776633,4.8178580862954465,0.2140235727933543,0.09150141575433024,-33.773844398440026,23.68578150628117
