Category,Company,Data Shape,Timesteps,Features,Model,Cross Validation,Cross Validation Params,RMSE Train,RMSE Train,MAE Train,MAE Train,MAPE Train,MAPE Train,R2 Train,R2 Train,RMSE Test,RMSE Test,MAE Test,MAE Test,MAPE Test,MAPE Test,R2 Test,R2 Test
,,,,,,,,mean,std,mean,std,mean,std,mean,std,mean,std,mean,std,mean,std,mean,std
Local Model,partner_iv,"(323, 26)",,Chemical + Mineralogical,Random Forest,Blocking Time Series Split,"{""N_Splits"": 5, ""Repeats"": 1, ""train_size"": 0.8}",1.3880212757086032,0.15038782772847945,1.0511220406173347,0.1255410688117632,0.020247020826541274,0.0025805854513004647,0.6821368489222397,0.08304891569245097,2.680355581527645,0.9571887683859187,2.2911205453520824,0.9405211756111808,0.04516043117071369,0.020660977414252688,-1.605040634735322,1.7089291384728986
Local Model,partner_iv,"(323, 26)",,Chemical + Mineralogical,Random Forest,Out of time Split,"{""Test Size"": 0.2}",1.8219571927574512,0.0,1.4808991837226175,0.0,0.028493015674503196,0.0,0.5314075910740276,0.0,2.5831660868823625,0.0,2.278319918388662,0.0,0.04458343571290577,0.0,-0.1914229875116369,0.0
Local Model,partner_iv,"(323, 26)",,Chemical + Mineralogical,Random Forest,Repeated KFold,"{""N_Splits"": 5, ""Repeats"": 3}",1.8944179486459634,0.04971499944688383,1.5312805442070407,0.037071495984399634,0.029496355849373226,0.000710124349646061,0.47667175440305004,0.023224029946972695,2.26842204564141,0.14956202184226988,1.8452047098115913,0.1331569497141865,0.03549788395613656,0.002567989239020387,0.23059938480260855,0.0829647507415417
Local Model,partner_iv,"(323, 26)",,Chemical + Mineralogical,Random Forest,Time Series Split,"{""N_Splits"": 5, ""Repeats"": 1, ""Gap"": 0}",1.6889521013111826,0.14628115522809693,1.3543283985573684,0.15425106494567462,0.02611292829465464,0.00293590961083616,0.5292627079634464,0.03813584047461545,2.569503295329215,0.23301059828353293,2.1261675710108783,0.1798036298014129,0.04078302905294553,0.003881033414025051,-0.21119782000688314,0.25013117693249726
