Category,Company,Data Shape,Timesteps,Features,Model,Cross Validation,Cross Validation Params,RMSE Train,RMSE Train,MAE Train,MAE Train,MAPE Train,MAPE Train,R2 Train,R2 Train,RMSE Test,RMSE Test,MAE Test,MAE Test,MAPE Test,MAPE Test,R2 Test,R2 Test
,,,,,,,,mean,std,mean,std,mean,std,mean,std,mean,std,mean,std,mean,std,mean,std
Local Model,partner_iv,"(323, 27)",,Chemical + Mineralogical + CS2,Random Forest,Blocking Time Series Split,"{""N_Splits"": 5, ""Repeats"": 1, ""train_size"": 0.8}",1.2849156307056468,0.07075922078799977,1.0015022956393498,0.05271151967381785,0.01922472481749974,0.0012273070065917462,0.7287213897994925,0.054784408545977485,2.4500941876303646,0.9003826802759838,2.0725575602678825,0.8530355295330393,0.04081221324798636,0.018649887566305447,-1.187701975181633,1.4320660328125614
Local Model,partner_iv,"(323, 27)",,Chemical + Mineralogical + CS2,Random Forest,Out of time Split,"{""Test Size"": 0.2}",1.7437700285886621,0.0,1.4288152997802412,0.0,0.027420138389545552,0.0,0.5707628241858695,0.0,2.176899367214045,0.0,1.7398779624020186,0.0,0.03405612347382998,0.0,0.15386819363939608,0.0
Local Model,partner_iv,"(323, 27)",,Chemical + Mineralogical + CS2,Random Forest,Repeated KFold,"{""N_Splits"": 5, ""Repeats"": 3}",1.677665012525506,0.046882038146141156,1.3292621331966792,0.03847682767203169,0.02562208731649324,0.0007257279928153502,0.589793854398853,0.013691292572509032,2.05940957971191,0.2070568424919414,1.6468994738329228,0.1930198973812815,0.03173313772549737,0.0037378157699837935,0.36659035648363836,0.09295633588246636
Local Model,partner_iv,"(323, 27)",,Chemical + Mineralogical + CS2,Random Forest,Time Series Split,"{""N_Splits"": 5, ""Repeats"": 1, ""Gap"": 0}",1.5521641873688854,0.1509388733392688,1.2535274831616117,0.13115092342209722,0.02417457023705736,0.002431095756771493,0.6035610865296447,0.02491590639576494,2.2781621690157543,0.20751637136384377,1.8550139078217298,0.19290858936828745,0.03564881440627872,0.004635720131620541,0.060152944656835405,0.13768638056163882
