Category,Company,Data Shape,Timesteps,Features,Model,Cross Validation,Cross Validation Params,RMSE Train,RMSE Train,MAE Train,MAE Train,MAPE Train,MAPE Train,R2 Train,R2 Train,RMSE Test,RMSE Test,MAE Test,MAE Test,MAPE Test,MAPE Test,R2 Test,R2 Test
,,,,,,,,mean,std,mean,std,mean,std,mean,std,mean,std,mean,std,mean,std,mean,std
Local Model,partner_iv,"(323, 28)",,Chemical + Mineralogical + Feature Engineering,XGBoost,Blocking Time Series Split,"{""N_Splits"": 5, ""Repeats"": 1, ""train_size"": 0.8}",1.0102668276696503,0.043619875147136375,0.7942985534667969,0.05638309553975651,0.015239543569965364,0.001158196014514116,0.8332129272349429,0.02766261311602046,2.8029528074349592,0.7035095842137431,2.4007025146484375,0.7760555220151324,0.047119584101353966,0.017845328561854536,-1.997122661336228,1.5324266022274806
Local Model,partner_iv,"(323, 28)",,Chemical + Mineralogical + Feature Engineering,XGBoost,Out of time Split,"{""Test Size"": 0.2}",1.7179545906642884,0.0,1.4056648993676948,0.0,0.02705932403824237,0.0,0.5833779307761815,0.0,2.4812846805808224,0.0,2.1253322073129506,0.0,0.04156655048116336,0.0,-0.09929563327394808,0.0
Local Model,partner_iv,"(323, 28)",,Chemical + Mineralogical + Feature Engineering,XGBoost,Repeated KFold,"{""N_Splits"": 5, ""Repeats"": 3}",1.7041565015910802,0.042529604076877406,1.3869713097246232,0.04178231062486602,0.026709811843060472,0.0008105446255406622,0.5766526170327655,0.01468720275473856,2.2319127626359734,0.18419071538321968,1.8370008231921073,0.16764726584004794,0.03539285401912927,0.0032036939306960836,0.25786473681271366,0.07264672883874011
Local Model,partner_iv,"(323, 28)",,Chemical + Mineralogical + Feature Engineering,XGBoost,Time Series Split,"{""N_Splits"": 5, ""Repeats"": 1, ""Gap"": 0}",1.4707187708910419,0.22915565856895412,1.1891811915867152,0.19577869269110146,0.0229197706876463,0.003666500712711,0.6440343910882768,0.06471032392261218,2.7063381472048618,0.18481758760759998,2.2592086187398657,0.19622673154655093,0.04318729259085753,0.0023543571088078846,-0.40214018474580804,0.5331695110873076
