Category,Company,Data Shape,Timesteps,Features,Model,Cross Validation,Cross Validation Params,RMSE Train,RMSE Train,MAE Train,MAE Train,MAPE Train,MAPE Train,R2 Train,R2 Train,RMSE Test,RMSE Test,MAE Test,MAE Test,MAPE Test,MAPE Test,R2 Test,R2 Test
,,,,,,,,mean,std,mean,std,mean,std,mean,std,mean,std,mean,std,mean,std,mean,std
Local Model,partner_iv,"(323, 26)",,Chemical + Mineralogical,XGBoost,Blocking Time Series Split,"{""N_Splits"": 5, ""Repeats"": 1, ""train_size"": 0.8}",1.008648827455098,0.04311114594810999,0.7896087586645987,0.05698511391034949,0.015148419219733325,0.0011919779382356791,0.8335383402313706,0.0287266727015773,2.7901857322061696,0.6978574901611335,2.417687483567458,0.7544943125805782,0.047386920931111014,0.0174086194557567,-1.9653957549074654,1.5108848617515978
Local Model,partner_iv,"(323, 26)",,Chemical + Mineralogical,XGBoost,Out of time Split,"{""Test Size"": 0.2}",1.7181809114849862,0.0,1.403847488876461,0.0,0.02702928774358783,0.0,0.583268153183724,0.0,2.481278622651631,0.0,2.1307643362192006,0.0,0.04165741107320728,0.0,-0.09929026553276943,0.0
Local Model,partner_iv,"(323, 26)",,Chemical + Mineralogical,XGBoost,Repeated KFold,"{""N_Splits"": 5, ""Repeats"": 3}",1.7066871921253215,0.04189987063170288,1.3857710971333523,0.04065780723312599,0.0266898145722967,0.0007727994749451251,0.5754324608015099,0.013329680454032425,2.2292116783131046,0.16827127268835979,1.8362774519675817,0.15899931848685914,0.035353324019900115,0.003050980450968766,0.25887158343018046,0.07102722785785927
Local Model,partner_iv,"(323, 26)",,Chemical + Mineralogical,XGBoost,Time Series Split,"{""N_Splits"": 5, ""Repeats"": 1, ""Gap"": 0}",1.4740919844572091,0.23226700050423968,1.1863657554064688,0.19389855339623693,0.022865580771529122,0.003626000523077103,0.6423550605943371,0.06623685744179444,2.7054442539660615,0.19227002816608998,2.2520364782945164,0.19594649500398825,0.04304416918790262,0.0024203840034246935,-0.39696564064160417,0.5263474798946385
