Category,Company,Data Shape,Timesteps,Features,Model,Cross Validation,Cross Validation Params,RMSE Train,RMSE Train,MAE Train,MAE Train,MAPE Train,MAPE Train,R2 Train,R2 Train,RMSE Test,RMSE Test,MAE Test,MAE Test,MAPE Test,MAPE Test,R2 Test,R2 Test
,,,,,,,,mean,std,mean,std,mean,std,mean,std,mean,std,mean,std,mean,std,mean,std
Local Model,partner_ii,"(1053, 21)",,Chemical + Mineralogical + Physical,Decision Tree,Blocking Time Series Split,"{""N_Splits"": 5, ""Repeats"": 1, ""train_size"": 0.8}",1.6456646804910864,0.23696934266332167,1.305364745131437,0.19149034258941816,0.030884815003586148,0.005175841569911744,0.7048810161953782,0.10670788919425814,2.121169194176611,0.22592086006555748,1.7219833749035955,0.18940047067806837,0.040128747116457614,0.006332434316719803,0.4882304562904878,0.23349460681940482
Local Model,partner_ii,"(1053, 21)",,Chemical + Mineralogical + Physical,Decision Tree,Out of time Split,"{""Test Size"": 0.2}",1.5548034258770125,0.0,1.2350562676811412,0.0,0.028465939740542776,0.0,0.772338718667986,0.0,2.835439446041776,0.0,2.331154420967615,0.0,0.060793121887233216,0.0,-0.03777168698777511,0.0
Local Model,partner_ii,"(1053, 21)",,Chemical + Mineralogical + Physical,Decision Tree,Repeated KFold,"{""N_Splits"": 5, ""Repeats"": 3}",1.7464720980661936,0.24871206926687392,1.3774644813755228,0.19523528725455486,0.03258964819161099,0.004808475163713273,0.7488820012534704,0.08174428604165034,1.8472824227227156,0.1786257345874572,1.460308130930013,0.13284988195047082,0.03448177951885536,0.0031480803914329617,0.7218884469839224,0.044081927057928016
Local Model,partner_ii,"(1053, 21)",,Chemical + Mineralogical + Physical,Decision Tree,Time Series Split,"{""N_Splits"": 5, ""Repeats"": 1, ""Gap"": 0}",1.7927460245921398,0.1485373367102445,1.436021112269408,0.13295948165730118,0.03320846010187433,0.0030720836958782324,0.7117137400285976,0.053399004311706216,2.3676409995625827,0.3500878457266176,1.929989581401567,0.3241754813812527,0.04571537963778675,0.010370780804718675,0.3656115152293024,0.2502485980769213
