Category,Company,Data Shape,Timesteps,Features,Model,Cross Validation,Cross Validation Params,RMSE Train,RMSE Train,MAE Train,MAE Train,MAPE Train,MAPE Train,R2 Train,R2 Train,RMSE Test,RMSE Test,MAE Test,MAE Test,MAPE Test,MAPE Test,R2 Test,R2 Test
,,,,,,,,mean,std,mean,std,mean,std,mean,std,mean,std,mean,std,mean,std,mean,std
Local Model,partner_ii,"(1057, 16)",,Chemical + Mineralogical + CS7 + One-Hot,Decision Tree,Blocking Time Series Split,"{""N_Splits"": 5, ""Repeats"": 1, ""train_size"": 0.8}",1.698634202310688,0.2236269364882382,1.3550354293028877,0.1832604497731392,0.03204787408011757,0.005077070698026426,0.6858418402574517,0.10837166935055816,2.0754346989545946,0.23097061363313248,1.6807690900404004,0.2141139975794365,0.039085935304409306,0.0065851380785313576,0.5181103562295089,0.19662101125046283
Local Model,partner_ii,"(1057, 16)",,Chemical + Mineralogical + CS7 + One-Hot,Decision Tree,Out of time Split,"{""Test Size"": 0.2}",1.5561970005750745,0.0,1.2373763487193608,0.0,0.02851435824525095,0.0,0.7724486020911229,0.0,2.848267399036851,0.0,2.3438318807768983,0.0,0.0611507239311795,0.0,-0.04570298925975114,0.0
Local Model,partner_ii,"(1057, 16)",,Chemical + Mineralogical + CS7 + One-Hot,Decision Tree,Repeated KFold,"{""N_Splits"": 5, ""Repeats"": 3}",1.7491798995429328,0.24678668841311155,1.3827891703272204,0.19011294416927246,0.03268354838590959,0.004688636112388836,0.7507415244112817,0.07367379232485247,1.8373552651784268,0.20217272500753872,1.4509838209341834,0.15771087431859993,0.03427735333880881,0.00381412935120511,0.7215481773880271,0.07747898666664255
Local Model,partner_ii,"(1057, 16)",,Chemical + Mineralogical + CS7 + One-Hot,Decision Tree,Time Series Split,"{""N_Splits"": 5, ""Repeats"": 1, ""Gap"": 0}",1.824959735405163,0.14483770114117892,1.4610166189382696,0.12483257563455989,0.03377397402357831,0.0028853041005302317,0.704736241607875,0.04906904904602442,2.3017881916369625,0.3578791995349515,1.8801876371291084,0.33633016496614077,0.04470159742418943,0.010889899489377759,0.3926563916461377,0.2681296127732217
