Category,Company,Data Shape,Timesteps,Features,Model,Cross Validation,Cross Validation Params,RMSE Train,RMSE Train,MAE Train,MAE Train,MAPE Train,MAPE Train,R2 Train,R2 Train,RMSE Test,RMSE Test,MAE Test,MAE Test,MAPE Test,MAPE Test,R2 Test,R2 Test
,,,,,,,,mean,std,mean,std,mean,std,mean,std,mean,std,mean,std,mean,std,mean,std
Local Model,partner_ii,"(1053, 19)",,Chemical + Mineralogical + Feature Engineering,Decision Tree,Blocking Time Series Split,"{""N_Splits"": 5, ""Repeats"": 1, ""train_size"": 0.8}",2.112731207813889,0.21016553190310694,1.6419469118093892,0.16257973920486338,0.03848270950533415,0.0035645001943146255,0.5353636845194553,0.08247737494367069,2.9102768539853088,0.44439952832751317,2.2292215437065597,0.2575276706043311,0.05074275095669626,0.004086472874384805,0.13645227337354127,0.13571539968170762
Local Model,partner_ii,"(1053, 19)",,Chemical + Mineralogical + Feature Engineering,Decision Tree,Out of time Split,"{""Test Size"": 0.2}",2.4384946796742133,0.0,1.9044897757078127,0.0,0.04357857916417577,0.0,0.44000799992270667,0.0,4.263132195108418,0.0,3.7623172679697006,0.0,0.09719861736901554,0.0,-1.3459495258072631,0.0
Local Model,partner_ii,"(1053, 19)",,Chemical + Mineralogical + Feature Engineering,Decision Tree,Repeated KFold,"{""N_Splits"": 5, ""Repeats"": 3}",2.704562838743349,0.105921959651646,2.109646396639703,0.06701673772060196,0.04950133723245951,0.0015564944959776028,0.41184881734945655,0.03560982350984022,2.8156937043595986,0.15473832601485576,2.1872843359076275,0.11715167797304257,0.05131165231653174,0.0031056529358485796,0.35299451358283557,0.07434287160515085
Local Model,partner_ii,"(1053, 19)",,Chemical + Mineralogical + Feature Engineering,Decision Tree,Time Series Split,"{""N_Splits"": 5, ""Repeats"": 1, ""Gap"": 0}",2.46370151165102,0.03300270853797945,1.8889984303719074,0.05006027025265142,0.04328869429906686,0.0010945079903529333,0.45962331169343934,0.04365902385735766,3.028885436405359,0.7128306869410272,2.450849278514878,0.7555935180873742,0.0582004647207934,0.022173594401354954,-0.09550666522245022,0.6912512512124668
