Category,Company,Data Shape,Timesteps,Features,Model,Cross Validation,Cross Validation Params,RMSE Train,RMSE Train,MAE Train,MAE Train,MAPE Train,MAPE Train,R2 Train,R2 Train,RMSE Test,RMSE Test,MAE Test,MAE Test,MAPE Test,MAPE Test,R2 Test,R2 Test
,,,,,,,,mean,std,mean,std,mean,std,mean,std,mean,std,mean,std,mean,std,mean,std
Local Model,partner_ii,"(1053, 17)",,Chemical + Mineralogical + CS1 + CS3 + CS7,Decision Tree,Blocking Time Series Split,"{""N_Splits"": 5, ""Repeats"": 1, ""train_size"": 0.8}",1.66339008347058,0.23728158340770195,1.3215333912868683,0.193820534633052,0.031237407804562488,0.00517974241722344,0.7002348676201795,0.10334907474915789,2.1250136524892786,0.22671364931482338,1.7251398086286005,0.19408210957863334,0.04017128539830617,0.006353615190942726,0.48650186304113185,0.23311602706325193
Local Model,partner_ii,"(1053, 17)",,Chemical + Mineralogical + CS1 + CS3 + CS7,Decision Tree,Out of time Split,"{""Test Size"": 0.2}",1.5548034258770125,0.0,1.235056267681141,0.0,0.02846593974054279,0.0,0.772338718667986,0.0,2.8354394460418058,0.0,2.331154420967642,0.0,0.06079312188723393,0.0,-0.03777168698779709,0.0
Local Model,partner_ii,"(1053, 17)",,Chemical + Mineralogical + CS1 + CS3 + CS7,Decision Tree,Repeated KFold,"{""N_Splits"": 5, ""Repeats"": 3}",1.7392019991069876,0.25309299683337566,1.372672809318604,0.19871068902144443,0.03246333685013134,0.004884368617879258,0.7506483413608683,0.0834653318758988,1.8479781681761187,0.18502074241041816,1.4600076622556353,0.13752509746785946,0.03447220710804082,0.0032387758084773165,0.7217858867966782,0.04461763899457489
Local Model,partner_ii,"(1053, 17)",,Chemical + Mineralogical + CS1 + CS3 + CS7,Decision Tree,Time Series Split,"{""N_Splits"": 5, ""Repeats"": 1, ""Gap"": 0}",1.8075867658940248,0.13923382034829854,1.4487387608716467,0.12360996328886704,0.033484258985452195,0.002868790857578058,0.7077605358317751,0.04828989543072227,2.354687110732877,0.3465131370240375,1.9176607807109352,0.32391927245213076,0.04548909847405478,0.010429927565939863,0.3705430640986896,0.25350911126146536
