Category,Company,Data Shape,Timesteps,Features,Model,Cross Validation,Cross Validation Params,RMSE Train,RMSE Train,MAE Train,MAE Train,MAPE Train,MAPE Train,R2 Train,R2 Train,RMSE Test,RMSE Test,MAE Test,MAE Test,MAPE Test,MAPE Test,R2 Test,R2 Test
,,,,,,,,mean,std,mean,std,mean,std,mean,std,mean,std,mean,std,mean,std,mean,std
Local Model,partner_ii,"(1057, 17)",,Chemical + Mineralogical + CS3 + CS7 + One-Hot,Decision Tree,Blocking Time Series Split,"{""N_Splits"": 5, ""Repeats"": 1, ""train_size"": 0.8}",1.6648355000012915,0.24075725497255265,1.321832838996136,0.19828032496970266,0.03126868777426963,0.005315770083608508,0.6970469749675785,0.10727804915377703,2.1007837519650168,0.16973467149623442,1.73321346723947,0.15357254086481892,0.040256301172142,0.005218586387981539,0.5137508315503074,0.18443895107117583
Local Model,partner_ii,"(1057, 17)",,Chemical + Mineralogical + CS3 + CS7 + One-Hot,Decision Tree,Out of time Split,"{""Test Size"": 0.2}",1.5561970005750745,0.0,1.2373763487193603,0.0,0.028514358245250962,0.0,0.7724486020911229,0.0,2.8482673990368763,0.0,2.343831880776921,0.0,0.0611507239311801,0.0,-0.045702989259769566,0.0
Local Model,partner_ii,"(1057, 17)",,Chemical + Mineralogical + CS3 + CS7 + One-Hot,Decision Tree,Repeated KFold,"{""N_Splits"": 5, ""Repeats"": 3}",1.7395153073046705,0.2528496341315712,1.3777838665780695,0.19512205559926377,0.03257538776355116,0.004797910513593205,0.7532076659468315,0.07540482442022897,1.8331435035275956,0.1982615471164421,1.4519445787402252,0.15656925261671098,0.034289153143391676,0.003808161964422342,0.7231248564173302,0.07518932332890657
Local Model,partner_ii,"(1057, 17)",,Chemical + Mineralogical + CS3 + CS7 + One-Hot,Decision Tree,Time Series Split,"{""N_Splits"": 5, ""Repeats"": 1, ""Gap"": 0}",1.8159359175418266,0.14424465659379274,1.454630880051877,0.12644211835912256,0.033590593535936436,0.002921561164980301,0.7074272294672973,0.04986661892219447,2.3571116981655527,0.34345316329480635,1.9152473727812336,0.3264702176999957,0.04545958295374898,0.010573187708537605,0.36866770384872133,0.2560605878335985
