Category,Company,Data Shape,Timesteps,Features,Model,Cross Validation,Cross Validation Params,RMSE Train,RMSE Train,MAE Train,MAE Train,MAPE Train,MAPE Train,R2 Train,R2 Train,RMSE Test,RMSE Test,MAE Test,MAE Test,MAPE Test,MAPE Test,R2 Test,R2 Test
,,,,,,,,mean,std,mean,std,mean,std,mean,std,mean,std,mean,std,mean,std,mean,std
Local Model,partner_ii,"(1053, 16)",,Chemical + Mineralogical + CS3 + CS7,Linear Regression,Blocking Time Series Split,"{""N_Splits"": 5, ""Repeats"": 1, ""train_size"": 0.8}",1.3026398523005387,0.11317376526412772,1.0254413288240607,0.08093725716761199,0.02401735805761513,0.002307575222862366,0.8178249684981773,0.051646875452336434,1.7364549414503117,0.24736412797253793,1.4136724123341922,0.2250946718358984,0.03269291023090967,0.0057376043782607624,0.6746304498984823,0.12830350636083523
Local Model,partner_ii,"(1053, 16)",,Chemical + Mineralogical + CS3 + CS7,Linear Regression,Out of time Split,"{""Test Size"": 0.2}",1.350966941240322,0.0,1.0676791575271531,0.0,0.024490118041519737,0.0,0.8281190910812141,0.0,2.160860465753657,0.0,1.7414608765000068,0.0,0.04492547276884064,0.0,0.3972815140503355,0.0
Local Model,partner_ii,"(1053, 16)",,Chemical + Mineralogical + CS3 + CS7,Linear Regression,Repeated KFold,"{""N_Splits"": 5, ""Repeats"": 3}",1.46575296171374,0.01661439853814395,1.1555984095108711,0.012020987888444754,0.02716087655890427,0.00031373206787930927,0.8272764023370816,0.004600836963349208,1.4988614514951624,0.06709149845983282,1.1803548018295926,0.0570863134136521,0.027740960184585793,0.0014903565810371652,0.8168210298186283,0.018412475840321577
Local Model,partner_ii,"(1053, 16)",,Chemical + Mineralogical + CS3 + CS7,Linear Regression,Time Series Split,"{""N_Splits"": 5, ""Repeats"": 1, ""Gap"": 0}",1.2784197246671583,0.07988957962464535,1.0147579898801278,0.05646782487790443,0.023326534695465438,0.0012479531433760747,0.8533194545089323,0.02433881700390048,1.6470679651799909,0.31116955779867517,1.3074472676609183,0.27932137117699796,0.031122325943616226,0.008583158346857068,0.6813659075556078,0.16750742319875184
