Category,Company,Data Shape,Timesteps,Features,Model,Cross Validation,Cross Validation Params,RMSE Train,RMSE Train,MAE Train,MAE Train,MAPE Train,MAPE Train,R2 Train,R2 Train,RMSE Test,RMSE Test,MAE Test,MAE Test,MAPE Test,MAPE Test,R2 Test,R2 Test
,,,,,,,,mean,std,mean,std,mean,std,mean,std,mean,std,mean,std,mean,std,mean,std
Local Model,partner_ii,"(1057, 17)",,Chemical + Mineralogical + CS3 + CS7 + One-Hot,Linear Regression,Blocking Time Series Split,"{""N_Splits"": 5, ""Repeats"": 1, ""train_size"": 0.8}",1.2921695419474866,0.11012470964242693,1.0150604489890458,0.08004785967676149,0.02381571172283578,0.0023756861084313903,0.8189530649361199,0.05324634646610776,1.7840625356811448,0.36162659364876487,1.4394318735446656,0.31921714822765074,0.03341808560089426,0.007971277157359399,0.6489089598582727,0.18280685366877994
Local Model,partner_ii,"(1057, 17)",,Chemical + Mineralogical + CS3 + CS7 + One-Hot,Linear Regression,Out of time Split,"{""Test Size"": 0.2}",1.3381277183593954,0.0,1.0526419596735852,0.0,0.024143411052730678,0.0,0.8317537110006339,0.0,2.10145325774664,0.0,1.6731347493547477,0.0,0.04308893460497121,0.0,0.4307719398699551,0.0
Local Model,partner_ii,"(1057, 17)",,Chemical + Mineralogical + CS3 + CS7 + One-Hot,Linear Regression,Repeated KFold,"{""N_Splits"": 5, ""Repeats"": 3}",1.4527634928838147,0.01563594106761145,1.1403239425947262,0.013816381654878413,0.026806601493449364,0.0003597334935335388,0.8309905843258348,0.005417091586213731,1.4834141561840368,0.06506677551221203,1.1634918870990636,0.05121479936391631,0.027354379657796555,0.00136871554985595,0.8212749849217874,0.022712479328906687
Local Model,partner_ii,"(1057, 17)",,Chemical + Mineralogical + CS3 + CS7 + One-Hot,Linear Regression,Time Series Split,"{""N_Splits"": 5, ""Repeats"": 1, ""Gap"": 0}",1.2746545620615222,0.06812909698808996,1.0129561501174336,0.041887212299201323,0.02327685957843667,0.000918111136110454,0.8555601806564213,0.022393986151564422,1.62471647545756,0.29037778792128816,1.2835056292102653,0.2534754334609462,0.030506019236850007,0.007877997453878753,0.6910488930107961,0.15526156543176364
