Category,Company,Data Shape,Timesteps,Features,Model,Cross Validation,Cross Validation Params,RMSE Train,RMSE Train,MAE Train,MAE Train,MAPE Train,MAPE Train,R2 Train,R2 Train,RMSE Test,RMSE Test,MAE Test,MAE Test,MAPE Test,MAPE Test,R2 Test,R2 Test
,,,,,,,,mean,std,mean,std,mean,std,mean,std,mean,std,mean,std,mean,std,mean,std
Local Model,partner_ii,"(1053, 15)",,Chemical + Mineralogical + CS7,Linear Regression,Blocking Time Series Split,"{""N_Splits"": 5, ""Repeats"": 1, ""train_size"": 0.8}",1.3701894300095803,0.1130207501859793,1.0884516593251532,0.08710746261828681,0.025515708504256652,0.0025814149587119464,0.7989758772162363,0.05554045250016456,1.8259431420479892,0.32895022130024565,1.4775964855501196,0.28165102322321284,0.03399497347434559,0.006093342616387905,0.6501889620871676,0.11247267071249971
Local Model,partner_ii,"(1053, 15)",,Chemical + Mineralogical + CS7,Linear Regression,Out of time Split,"{""Test Size"": 0.2}",1.4004551308076019,0.0,1.1050556114298662,0.0,0.025325494963451982,0.0,0.8152958743899206,0.0,2.134160752343228,0.0,1.7231877490088314,0.0,0.04422012020220751,0.0,0.4120839427391876,0.0
Local Model,partner_ii,"(1053, 15)",,Chemical + Mineralogical + CS7,Linear Regression,Repeated KFold,"{""N_Splits"": 5, ""Repeats"": 3}",1.5113166219804595,0.018508303186494705,1.1882359282201673,0.012323905894311097,0.02790063287254141,0.0003304915219813413,0.816360672682428,0.005420140377839143,1.5482030789390953,0.07341675619744943,1.2158661466768779,0.060546396690119304,0.028545258713933333,0.0016004693048370273,0.8044675195042902,0.02089184442179784
Local Model,partner_ii,"(1053, 15)",,Chemical + Mineralogical + CS7,Linear Regression,Time Series Split,"{""N_Splits"": 5, ""Repeats"": 1, ""Gap"": 0}",1.3295626763774107,0.07580176176352205,1.0565860077322065,0.05111626663397388,0.024272466404949417,0.001127914153918288,0.8415479503963572,0.024743776260442992,1.6595566300437412,0.2963201976565743,1.319736752321702,0.26523962411931074,0.03132226013252121,0.008170140632387421,0.6781992663872455,0.1616024850909271
