Category,Company,Data Shape,Timesteps,Features,Model,Cross Validation,Cross Validation Params,RMSE Train,RMSE Train,MAE Train,MAE Train,MAPE Train,MAPE Train,R2 Train,R2 Train,RMSE Test,RMSE Test,MAE Test,MAE Test,MAPE Test,MAPE Test,R2 Test,R2 Test
,,,,,,,,mean,std,mean,std,mean,std,mean,std,mean,std,mean,std,mean,std,mean,std
Local Model,partner_ii,"(1057, 16)",,Chemical + Mineralogical + CS1 + One-Hot,Linear Regression,Blocking Time Series Split,"{""N_Splits"": 5, ""Repeats"": 1, ""train_size"": 0.8}",1.4978885752162714,0.1479752052704508,1.1945914116524818,0.11975576021984648,0.028017082576382735,0.002567744451219214,0.757985952035486,0.0702987943750189,2.213749221208766,0.36870038232039365,1.7524022658823815,0.4012973330209732,0.040279881538272194,0.0077389633750373325,0.5019598605510809,0.08885787555228322
Local Model,partner_ii,"(1057, 16)",,Chemical + Mineralogical + CS1 + One-Hot,Linear Regression,Out of time Split,"{""Test Size"": 0.2}",1.694892177079967,0.0,1.3378986433916233,0.0,0.03071723301053747,0.0,0.730080344878484,0.0,2.9748583805373725,0.0,2.4811372250004684,0.0,0.06409683193944106,0.0,-0.1407209640318121,0.0
Local Model,partner_ii,"(1057, 16)",,Chemical + Mineralogical + CS1 + One-Hot,Linear Regression,Repeated KFold,"{""N_Splits"": 5, ""Repeats"": 3}",1.825222261847995,0.020393878011249558,1.4299337941690111,0.011985052151672244,0.03355931255004003,0.00029142769312959617,0.7332895803410058,0.006188980248094574,1.8787625908117185,0.09229275621176244,1.4607365653733642,0.04021613507468635,0.034284723408583496,0.0010452941003057407,0.7143077068274781,0.028107282225704428
Local Model,partner_ii,"(1057, 16)",,Chemical + Mineralogical + CS1 + One-Hot,Linear Regression,Time Series Split,"{""N_Splits"": 5, ""Repeats"": 1, ""Gap"": 0}",1.569794070900913,0.09924987842154802,1.247824407127459,0.07720818478831401,0.028726833048748936,0.0017031972221511627,0.7804678373142355,0.03805955954943893,2.2236021477322994,0.45012358458069684,1.793446497160258,0.41923569276015077,0.042694833163129345,0.01279221794524257,0.4071050097620465,0.33280681135887935
