Category,Company,Data Shape,Timesteps,Features,Model,Cross Validation,Cross Validation Params,RMSE Train,RMSE Train,MAE Train,MAE Train,MAPE Train,MAPE Train,R2 Train,R2 Train,RMSE Test,RMSE Test,MAE Test,MAE Test,MAPE Test,MAPE Test,R2 Test,R2 Test
,,,,,,,,mean,std,mean,std,mean,std,mean,std,mean,std,mean,std,mean,std,mean,std
Local Model,partner_ii,"(1057, 16)",,Chemical + Mineralogical + CS3 + One-Hot,Linear Regression,Blocking Time Series Split,"{""N_Splits"": 5, ""Repeats"": 1, ""train_size"": 0.8}",1.4437349448455585,0.14576510469183454,1.1390158261072707,0.10118318981075522,0.026729871380269436,0.0022674043245704957,0.7740061923732594,0.0667539480402405,2.0780612566265035,0.3740678585166351,1.6879618237266047,0.3256940319308499,0.0390877855190042,0.007399587715513456,0.5365401333409714,0.18541091979049745
Local Model,partner_ii,"(1057, 16)",,Chemical + Mineralogical + CS3 + One-Hot,Linear Regression,Out of time Split,"{""Test Size"": 0.2}",1.5670875418929566,0.0,1.238268252063528,0.0,0.02849509904352976,0.0,0.7692525681787414,0.0,2.6849942437482333,0.0,2.176742561908492,0.0,0.05645838793332795,0.0,0.07074790384849161,0.0
Local Model,partner_ii,"(1057, 16)",,Chemical + Mineralogical + CS3 + One-Hot,Linear Regression,Repeated KFold,"{""N_Splits"": 5, ""Repeats"": 3}",1.6997319445368004,0.01090885427193228,1.343595204219666,0.011271334204578461,0.031644487189625,0.0002802915476466342,0.7686958117506825,0.004821016385568443,1.7374356296275526,0.04560238834813594,1.3690812159610082,0.03605760616434756,0.032249783797645544,0.0010026427160719806,0.7556685507583153,0.019499554788645127
Local Model,partner_ii,"(1057, 16)",,Chemical + Mineralogical + CS3 + One-Hot,Linear Regression,Time Series Split,"{""N_Splits"": 5, ""Repeats"": 1, ""Gap"": 0}",1.4690761598290891,0.1083710615019801,1.1638136732614996,0.07594314234642366,0.026839527761275857,0.0016801305168388473,0.8072146947189598,0.03648770522866637,2.0019769048163503,0.3985410650433778,1.6016575718710804,0.3614027920061634,0.03824025276487282,0.011039049417174368,0.5274248847873202,0.2590410839873749
