Category,Company,Data Shape,Timesteps,Features,Model,Cross Validation,Cross Validation Params,RMSE Train,RMSE Train,MAE Train,MAE Train,MAPE Train,MAPE Train,R2 Train,R2 Train,RMSE Test,RMSE Test,MAE Test,MAE Test,MAPE Test,MAPE Test,R2 Test,R2 Test
,,,,,,,,mean,std,mean,std,mean,std,mean,std,mean,std,mean,std,mean,std,mean,std
Local Model,partner_ii,"(1053, 15)",,Chemical + Mineralogical + CS3,Linear Regression,Blocking Time Series Split,"{""N_Splits"": 5, ""Repeats"": 1, ""train_size"": 0.8}",1.4531636706842035,0.15643436075812542,1.142209687233325,0.10900265149057979,0.02678345666065173,0.0024601436547694432,0.7726638908992912,0.06837671567973905,2.031680011893421,0.2923715767468962,1.6709326131053932,0.2469700113637521,0.038549765134346804,0.005316951454630362,0.5616399965640011,0.13937599349100707
Local Model,partner_ii,"(1053, 15)",,Chemical + Mineralogical + CS3,Linear Regression,Out of time Split,"{""Test Size"": 0.2}",1.5797597232351914,0.0,1.2486641955297764,0.0,0.028738602521218303,0.0,0.7649716388820788,0.0,2.765724691079639,0.0,2.2774340216723474,0.0,0.05910911828907325,0.0,0.012632204602729957,0.0
Local Model,partner_ii,"(1053, 15)",,Chemical + Mineralogical + CS3,Linear Regression,Repeated KFold,"{""N_Splits"": 5, ""Repeats"": 3}",1.7138515302497679,0.02234710957075892,1.3586937413843576,0.015599868711795481,0.031994554139417694,0.000384182594640579,0.7638931393756415,0.005137605650372353,1.7546648721171947,0.09202470819318959,1.3889599258295628,0.06746430451379574,0.03270168431406015,0.0016450125236486587,0.7494822655908722,0.021987269066748916
Local Model,partner_ii,"(1053, 15)",,Chemical + Mineralogical + CS3,Linear Regression,Time Series Split,"{""N_Splits"": 5, ""Repeats"": 1, ""Gap"": 0}",1.474754343177842,0.11785011503315464,1.1686770129156874,0.08673056651915921,0.026963217724080574,0.0019261216829727732,0.803952360878424,0.03828935893901768,2.030383070164576,0.4260078726958394,1.6463511157661266,0.3944170569170713,0.039343456813702264,0.011996475164578347,0.510286935270859,0.28259643983178323
