Category,Company,Data Shape,Timesteps,Features,Model,Cross Validation,Cross Validation Params,RMSE Train,RMSE Train,MAE Train,MAE Train,MAPE Train,MAPE Train,R2 Train,R2 Train,RMSE Test,RMSE Test,MAE Test,MAE Test,MAPE Test,MAPE Test,R2 Test,R2 Test
,,,,,,,,mean,std,mean,std,mean,std,mean,std,mean,std,mean,std,mean,std,mean,std
Local Model,partner_ii,"(1053, 23)",,Chemical + Mineralogical + Properties CS Less,Linear Regression,Blocking Time Series Split,"{""N_Splits"": 5, ""Repeats"": 1, ""train_size"": 0.8}",1.7282411570205913,0.20089571406830362,1.3803562034726884,0.15927858381731774,0.032326228549158946,0.003129332145428873,0.6818799581617372,0.09091582057928815,3.0994394052668444,0.6694656973203271,2.488523132148984,0.6259670267713187,0.05714340966410825,0.012632317787530975,0.0051480088501118845,0.2937578952050161
Local Model,partner_ii,"(1053, 23)",,Chemical + Mineralogical + Properties CS Less,Linear Regression,Out of time Split,"{""Test Size"": 0.2}",2.0086516975401083,0.0,1.5838088547434914,0.0,0.03633049473839495,0.0,0.6200316085715575,0.0,3.591753967016116,0.0,3.1136417860796586,0.0,0.08048111275538511,0.0,-0.6652299923144112,0.0
Local Model,partner_ii,"(1053, 23)",,Chemical + Mineralogical + Properties CS Less,Linear Regression,Repeated KFold,"{""N_Splits"": 5, ""Repeats"": 3}",2.132044312099126,0.029923003624909867,1.686390814333791,0.021081947597088493,0.03948433099475291,0.0005157214628838682,0.6345888810738323,0.009345644899548302,2.512223299957023,0.5745601837245834,1.7820539555308865,0.11343002041511757,0.041736875552379,0.002604331066105429,0.4675375451163522,0.24758247416678245
Local Model,partner_ii,"(1053, 23)",,Chemical + Mineralogical + Properties CS Less,Linear Regression,Time Series Split,"{""N_Splits"": 5, ""Repeats"": 1, ""Gap"": 0}",1.879670378391642,0.15077005463627555,1.479330496084263,0.11610720005995007,0.03407481826985469,0.002542810697599317,0.6816474416401186,0.06193666746731222,2.6714782589566752,0.5617658751760419,2.1974371994249227,0.5676595987809495,0.052064565212117386,0.016887368646901716,0.1669460871779183,0.4627679176149143
