Category,Company,Data Shape,Timesteps,Features,Model,Cross Validation,Cross Validation Params,RMSE Train,RMSE Train,MAE Train,MAE Train,MAPE Train,MAPE Train,R2 Train,R2 Train,RMSE Test,RMSE Test,MAE Test,MAE Test,MAPE Test,MAPE Test,R2 Test,R2 Test
,,,,,,,,mean,std,mean,std,mean,std,mean,std,mean,std,mean,std,mean,std,mean,std
Local Model,partner_ii,"(1053, 16)",,Chemical + Mineralogical + CS1 + CS3,MLP,Blocking Time Series Split,"{""N_Splits"": 5, ""Repeats"": 3, ""train_size"": 0.8}",4.5370711202835095,0.4151696369036093,3.6096517245580277,0.35358339084622953,0.08420554219747661,0.00678066507366305,-1.1527765574047326,0.44448990746113726,9.46386643739772,3.638242111558404,7.048110013265458,2.0860500036203966,0.16546727640686862,0.05285396801326739,-9.494411007631559,7.54656293088747
Local Model,partner_ii,"(1053, 16)",,Chemical + Mineralogical + CS1 + CS3,MLP,Out of time Split,"{""Test Size"": 0.2}",1.6173809862015769,0.03569775749796919,1.2894539139748373,0.030498299295499628,0.029428030942218075,0.0006041361544318794,0.7535241477530977,0.010932690960405634,2.57093857312563,0.18918727651881956,2.101336623639292,0.18998353944089355,0.054548649500747025,0.005022057876251935,0.1421925067580666,0.12276599703802325
Local Model,partner_ii,"(1053, 16)",,Chemical + Mineralogical + CS1 + CS3,MLP,Repeated KFold,"{""N_Splits"": 5, ""Repeats"": 3}",1.7339830888897503,0.026843741385899955,1.39468947528236,0.023533528355463507,0.03245418457702611,0.0005390022306323477,0.7581716005480765,0.010288545517015867,1.8115214260129457,0.11314502630664106,1.4482560352274645,0.09181533473772344,0.03370949286734071,0.002037737095624776,0.7331226464123752,0.024737304727187073
Local Model,partner_ii,"(1053, 16)",,Chemical + Mineralogical + CS1 + CS3,MLP,Time Series Split,"{""N_Splits"": 5, ""Repeats"": 3, ""Gap"": 0}",2.3663941889220568,1.0408474914154096,1.8874794090098121,0.824422363711018,0.043249050862772705,0.019052991396839896,0.4369584443412521,0.47959852609817955,4.815811375044062,3.890514698803523,3.6124312942068917,2.8386166892018325,0.08432197602054052,0.06436503389301053,-3.143358412994523,6.444735989624091
