Category,Company,Data Shape,Timesteps,Features,Model,Cross Validation,Cross Validation Params,RMSE Train,RMSE Train,MAE Train,MAE Train,MAPE Train,MAPE Train,R2 Train,R2 Train,RMSE Test,RMSE Test,MAE Test,MAE Test,MAPE Test,MAPE Test,R2 Test,R2 Test
,,,,,,,,mean,std,mean,std,mean,std,mean,std,mean,std,mean,std,mean,std,mean,std
Local Model,partner_ii,"(1053, 21)",,Chemical + Mineralogical + Physical,MLP,Blocking Time Series Split,"{""N_Splits"": 5, ""Repeats"": 3, ""train_size"": 0.8}",4.27684887081442,0.356545082545472,3.3839296109941275,0.3079020239254943,0.07902968605526546,0.005833578081995401,-0.908547372040538,0.3599218200141942,9.24352121791304,3.9066717546212666,6.886776173848955,1.8540284039932182,0.16180161916190536,0.045309561306164224,-9.066147548422013,8.16259134615905
Local Model,partner_ii,"(1053, 21)",,Chemical + Mineralogical + Physical,MLP,Out of time Split,"{""Test Size"": 0.2}",1.4605102493964794,0.044328473848125056,1.1486833414423587,0.028753911260510388,0.026101016886659372,0.0006065093858140846,0.7989299868583513,0.012325045442910403,1.9394154872095257,0.05235237491716465,1.5314001621529576,0.04468489464445857,0.03914606263437017,0.0012881087423649686,0.5141310732898114,0.025961830719414047
Local Model,partner_ii,"(1053, 21)",,Chemical + Mineralogical + Physical,MLP,Repeated KFold,"{""N_Splits"": 5, ""Repeats"": 3}",1.5398641912622346,0.05374752791308922,1.2127938065366703,0.04441670980322611,0.02814958085784456,0.0009986027793502312,0.8090426791937897,0.01551201190925734,2.0782588092144065,1.034267395864823,1.3338156700111894,0.11976663480292501,0.030955539236102957,0.0027110711138560754,0.5705682770950976,0.5289772255271664
Local Model,partner_ii,"(1053, 21)",,Chemical + Mineralogical + Physical,MLP,Time Series Split,"{""N_Splits"": 5, ""Repeats"": 3, ""Gap"": 0}",2.401916014811394,1.0104786258048564,1.8991283382674269,0.8083408666685121,0.04362064656986576,0.019082134151067628,0.4246514461861725,0.4492393570733578,5.016183283036748,3.9008104927044895,3.723044889584495,2.963167550423502,0.08635029388923696,0.06791834076263814,-3.330433124320578,6.519944264133097
