Category,Company,Data Shape,Timesteps,Features,Model,Cross Validation,Cross Validation Params,RMSE Train,RMSE Train,MAE Train,MAE Train,MAPE Train,MAPE Train,R2 Train,R2 Train,RMSE Test,RMSE Test,MAE Test,MAE Test,MAPE Test,MAPE Test,R2 Test,R2 Test
,,,,,,,,mean,std,mean,std,mean,std,mean,std,mean,std,mean,std,mean,std,mean,std
Local Model,partner_ii,"(1053, 15)",,Chemical + Mineralogical + CS3,MLP,Blocking Time Series Split,"{""N_Splits"": 5, ""Repeats"": 3, ""train_size"": 0.8}",4.456728306516274,0.5143114652632369,3.5476693827613954,0.3935914848060544,0.08262658764666347,0.008083632255425757,-1.0810763412286166,0.5161829390585629,9.584871700470229,3.5680512992869837,7.1732957196916844,2.1927385469228002,0.16722372290085652,0.05320406223747695,-9.333605716372956,6.646600723483709
Local Model,partner_ii,"(1053, 15)",,Chemical + Mineralogical + CS3,MLP,Out of time Split,"{""Test Size"": 0.2}",1.6286131627042337,0.021414868756848462,1.2958949235688102,0.017400776520506565,0.029598195066991777,0.0003559684323697904,0.7501673687057294,0.0065524440268878775,2.592791569595132,0.12174064483118154,2.107482623782768,0.11907348161205572,0.05470877813354073,0.0031669778042372823,0.13033361976830724,0.08013618549014082
Local Model,partner_ii,"(1053, 15)",,Chemical + Mineralogical + CS3,MLP,Repeated KFold,"{""N_Splits"": 5, ""Repeats"": 3}",1.7460369146605896,0.03163218990603251,1.4030555095173534,0.028289009376170675,0.032685035472643606,0.0006691140219827448,0.754765039535965,0.011676933588662656,1.8228508915499853,0.11048426741125106,1.4555667204400948,0.09458826236426926,0.033899370636202505,0.0020306824471010374,0.7296806210348749,0.025133152940139656
Local Model,partner_ii,"(1053, 15)",,Chemical + Mineralogical + CS3,MLP,Time Series Split,"{""N_Splits"": 5, ""Repeats"": 3, ""Gap"": 0}",2.3373256642647755,1.0348026015045915,1.8494145015696022,0.8039444888946445,0.04225578646003601,0.01838241093682466,0.45023465681386626,0.4768313190566401,4.699286004217407,3.7412276760634926,3.4864825777180988,2.775563499696786,0.08119592022279838,0.06267705605135884,-2.900899735468996,6.0466485847359195
