Category,Company,Data Shape,Timesteps,Features,Model,Cross Validation,Cross Validation Params,RMSE Train,RMSE Train,MAE Train,MAE Train,MAPE Train,MAPE Train,R2 Train,R2 Train,RMSE Test,RMSE Test,MAE Test,MAE Test,MAPE Test,MAPE Test,R2 Test,R2 Test
,,,,,,,,mean,std,mean,std,mean,std,mean,std,mean,std,mean,std,mean,std,mean,std
Local Model,partner_ii,"(1053, 17)",,Chemical + Mineralogical + CS1 + CS3 + CS7,MLP,Blocking Time Series Split,"{""N_Splits"": 5, ""Repeats"": 3, ""train_size"": 0.8}",4.576187142028547,0.4774295719708938,3.63782092908829,0.39935071794844945,0.08476230750703659,0.0077250826643331305,-1.1849271557212333,0.4524288164578605,9.569199597423518,3.595315470722457,7.1345273623996315,1.8944323537874104,0.16730946037623323,0.04845318307128606,-9.657751237197472,7.569888918040046
Local Model,partner_ii,"(1053, 17)",,Chemical + Mineralogical + CS1 + CS3 + CS7,MLP,Out of time Split,"{""Test Size"": 0.2}",1.4385340003826013,0.023238692254742694,1.135987176479844,0.02438166451429911,0.025841438600736347,0.0004969358925810655,0.8050641207283427,0.006315516380561058,2.121336796481541,0.20088999152209,1.7041524885277048,0.1773912596054572,0.04396075172840371,0.004765442627971436,0.4139188914864682,0.10782026815035241
Local Model,partner_ii,"(1053, 17)",,Chemical + Mineralogical + CS1 + CS3 + CS7,MLP,Repeated KFold,"{""N_Splits"": 5, ""Repeats"": 3}",1.54284713925566,0.03954047442245507,1.2271755370144721,0.035222610136365226,0.028535986185326954,0.0008238958457479861,0.8084546302257797,0.011655491017696128,1.5968235652994305,0.08848257404013767,1.2681872506225098,0.07292622153454201,0.029506358579415522,0.0016610938835496577,0.7925016032044331,0.018931432197792215
Local Model,partner_ii,"(1053, 17)",,Chemical + Mineralogical + CS1 + CS3 + CS7,MLP,Time Series Split,"{""N_Splits"": 5, ""Repeats"": 3, ""Gap"": 0}",2.290961954365488,1.1749701397503645,1.8355680761052495,0.9621343334942551,0.04195860487918029,0.02216747892417416,0.4455277061317601,0.544246704250983,4.535532596304231,4.086715693064294,3.392467346365792,2.985777022055473,0.07894247622234982,0.06826640520029927,-3.0192704894472326,6.645598466659391
