Category,Company,Data Shape,Timesteps,Features,Model,Cross Validation,Cross Validation Params,RMSE Train,RMSE Train,MAE Train,MAE Train,MAPE Train,MAPE Train,R2 Train,R2 Train,RMSE Test,RMSE Test,MAE Test,MAE Test,MAPE Test,MAPE Test,R2 Test,R2 Test
,,,,,,,,mean,std,mean,std,mean,std,mean,std,mean,std,mean,std,mean,std,mean,std
Local Model,partner_ii,"(1057, 18)",,Chemical + Mineralogical + CS1 + CS3 + CS7 + One-Hot,MLP,Blocking Time Series Split,"{""N_Splits"": 5, ""Repeats"": 3, ""train_size"": 0.8}",4.109181719404981,0.44244804788110037,3.245270809113033,0.38408597801774896,0.07554607263844358,0.007735492742277001,-0.7698218016394869,0.35565272144576254,8.28588479196041,2.8023968191567477,6.237643515061962,1.6917283013469782,0.14609150851382158,0.04372206641711781,-6.8315021086273955,5.040885970063599
Local Model,partner_ii,"(1057, 18)",,Chemical + Mineralogical + CS1 + CS3 + CS7 + One-Hot,MLP,Out of time Split,"{""Test Size"": 0.2}",1.3966172323803676,0.015054927485992207,1.0973577397513907,0.011534406276909881,0.024958736041223447,0.0002517156855171613,0.8167028913648862,0.0039661542809994845,2.0861304658881066,0.06162682583138139,1.654180106396945,0.040943459500654776,0.042628411683243495,0.0011586974920417472,0.4385532155157397,0.03290314690586854
Local Model,partner_ii,"(1057, 18)",,Chemical + Mineralogical + CS1 + CS3 + CS7 + One-Hot,MLP,Repeated KFold,"{""N_Splits"": 5, ""Repeats"": 3}",1.57010960815525,0.08966787850506899,1.2370774251771526,0.07328674276115571,0.028752409780014167,0.0015887187449765041,0.8019301584716778,0.02392384942176518,1.7079535724580661,0.14640814725484982,1.3085980028260882,0.07660687247881791,0.03041203096854194,0.0015430217431153619,0.7612501933598548,0.04933067185943382
Local Model,partner_ii,"(1057, 18)",,Chemical + Mineralogical + CS1 + CS3 + CS7 + One-Hot,MLP,Time Series Split,"{""N_Splits"": 5, ""Repeats"": 3, ""Gap"": 0}",2.280012713499408,1.0232253558192308,1.8093513595639306,0.8373171873678763,0.041340065216438494,0.019489460547592978,0.4801461460554178,0.44310067551927174,4.221927475091191,3.2319309821584303,3.2353746092247238,2.5630136384587874,0.07510403696215803,0.058596547476404505,-2.02027748341561,4.549474662659438
