Category,Company,Data Shape,Timesteps,Features,Model,Cross Validation,Cross Validation Params,RMSE Train,RMSE Train,MAE Train,MAE Train,MAPE Train,MAPE Train,R2 Train,R2 Train,RMSE Test,RMSE Test,MAE Test,MAE Test,MAPE Test,MAPE Test,R2 Test,R2 Test
,,,,,,,,mean,std,mean,std,mean,std,mean,std,mean,std,mean,std,mean,std,mean,std
Local Model,partner_ii,"(1057, 16)",,Chemical + Mineralogical + CS3 + One-Hot,MLP,Blocking Time Series Split,"{""N_Splits"": 5, ""Repeats"": 3, ""train_size"": 0.8}",3.9750049982290556,0.4452808373716868,3.1289548450954374,0.3401592125944203,0.0729077454525359,0.006787353067854259,-0.6534264086789054,0.32560326567829145,8.683030663799828,3.2202031404339255,6.465757689719976,2.063136031443715,0.1507434158647782,0.049566714874905285,-7.407509388389591,5.25600640364469
Local Model,partner_ii,"(1057, 16)",,Chemical + Mineralogical + CS3 + One-Hot,MLP,Out of time Split,"{""Test Size"": 0.2}",1.6444183095100193,0.03113473414671963,1.3108575363610624,0.02267328183583198,0.029861114524477702,0.0004390240658098609,0.745826291386472,0.009558552627561922,2.540329431825782,0.05936034973310253,2.0452734063106512,0.059251862168309896,0.05310350166889713,0.0014633728190344842,0.16773049433556808,0.038553504307495025
Local Model,partner_ii,"(1057, 16)",,Chemical + Mineralogical + CS3 + One-Hot,MLP,Repeated KFold,"{""N_Splits"": 5, ""Repeats"": 3}",1.7678595823186498,0.07234852924963965,1.4088012992406127,0.06017397318298114,0.03278812504970946,0.0013098917190720028,0.7493549440355299,0.021409450506021856,1.9019173563480523,0.09389117919163359,1.4899709097165146,0.07465475800244248,0.03468647919572034,0.0014075095244151033,0.7057929170556877,0.041273274952068575
Local Model,partner_ii,"(1057, 16)",,Chemical + Mineralogical + CS3 + One-Hot,MLP,Time Series Split,"{""N_Splits"": 5, ""Repeats"": 3, ""Gap"": 0}",2.362062681195006,0.9586898943434107,1.8813556141455168,0.7628432842160568,0.04295538045988347,0.01756734883301023,0.4572065340514745,0.42700815004259224,4.307445756247669,3.194089331305547,3.3233613989280935,2.450043782220516,0.0771265985404064,0.05510597366380309,-2.0641629315701993,4.546762005086435
