Category,Company,Data Shape,Timesteps,Features,Model,Cross Validation,Cross Validation Params,RMSE Train,RMSE Train,MAE Train,MAE Train,MAPE Train,MAPE Train,R2 Train,R2 Train,RMSE Test,RMSE Test,MAE Test,MAE Test,MAPE Test,MAPE Test,R2 Test,R2 Test
,,,,,,,,mean,std,mean,std,mean,std,mean,std,mean,std,mean,std,mean,std,mean,std
Local Model,partner_ii,"(1057, 17)",,Chemical + Mineralogical + CS1 + CS3 + One-Hot,MLP,Blocking Time Series Split,"{""N_Splits"": 5, ""Repeats"": 3, ""train_size"": 0.8}",4.068642632520871,0.5099390977287465,3.236245828870743,0.4324265507122267,0.07549291048120761,0.008782659930179123,-0.7512679969589459,0.4612497361060354,7.993739599012747,2.8331678777965315,6.041110005578329,1.7157775846592853,0.14115510174163975,0.04150914548474284,-6.134636525906687,4.667057637435415
Local Model,partner_ii,"(1057, 17)",,Chemical + Mineralogical + CS1 + CS3 + One-Hot,MLP,Out of time Split,"{""Test Size"": 0.2}",1.575199293525112,0.01691204197423105,1.2576427859695707,0.010819703577474842,0.028677371339304782,0.00020218514927413184,0.766830664251127,0.004987684939595183,2.402343686357654,0.08112732970891677,1.9011015091902055,0.09649033202513854,0.04931216191742596,0.002565536231731916,0.25524726894827837,0.0501496299052981
Local Model,partner_ii,"(1057, 17)",,Chemical + Mineralogical + CS1 + CS3 + One-Hot,MLP,Repeated KFold,"{""N_Splits"": 5, ""Repeats"": 3}",1.7256249523345655,0.07059313303797173,1.3766095706614456,0.06199081525728925,0.032027631911160245,0.0013289894455978356,0.7611615537906978,0.020654069121252668,1.8653760809312554,0.1313698124692178,1.44752514465554,0.08916849866279207,0.033704858534004914,0.001656105519855829,0.7157769433922192,0.053576440168048654
Local Model,partner_ii,"(1057, 17)",,Chemical + Mineralogical + CS1 + CS3 + One-Hot,MLP,Time Series Split,"{""N_Splits"": 5, ""Repeats"": 3, ""Gap"": 0}",2.3348718937884523,0.949330675068041,1.8651552477537892,0.7591292525539339,0.042702800547675716,0.01768530845494655,0.4691020195680293,0.4156443061820958,4.261350954084923,3.1257100340703396,3.3278711903600984,2.4934969248167573,0.07747579596089291,0.0567122231975411,-1.987431070597292,4.431973328671807
