Category,Company,Data Shape,Timesteps,Features,Model,Cross Validation,Cross Validation Params,RMSE Train,RMSE Train,MAE Train,MAE Train,MAPE Train,MAPE Train,R2 Train,R2 Train,RMSE Test,RMSE Test,MAE Test,MAE Test,MAPE Test,MAPE Test,R2 Test,R2 Test
,,,,,,,,mean,std,mean,std,mean,std,mean,std,mean,std,mean,std,mean,std,mean,std
Local Model,partner_ii,"(1057, 17)",,Chemical + Mineralogical + CS3 + CS7 + One-Hot,Random Forest,Blocking Time Series Split,"{""N_Splits"": 5, ""Repeats"": 1, ""train_size"": 0.8}",1.2602396873854893,0.0888611316148585,1.0046483856410835,0.07668030629716281,0.023643059616234884,0.0022941534305960533,0.8286306997465926,0.04542320672601766,1.7641745162619038,0.18334562651236352,1.4013380676028486,0.15765589961157347,0.03264120601845505,0.005610049863951213,0.648076293662107,0.17264134193792377
Local Model,partner_ii,"(1057, 17)",,Chemical + Mineralogical + CS3 + CS7 + One-Hot,Random Forest,Out of time Split,"{""Test Size"": 0.2}",1.421359204987197,0.0,1.1183670650764046,0.0,0.02572526196940176,0.0,0.8101729700227495,0.0,2.4431217737325364,0.0,2.011586560058771,0.0,0.05215867652609264,0.0,0.2306267897143478,0.0
Local Model,partner_ii,"(1057, 17)",,Chemical + Mineralogical + CS3 + CS7 + One-Hot,Random Forest,Repeated KFold,"{""N_Splits"": 5, ""Repeats"": 3}",1.55612147889701,0.017177900468013572,1.224650082912759,0.016413748543295664,0.02888743133124042,0.00042410021158131454,0.8060770867044522,0.006543987373670593,1.665928512729127,0.06664582396466547,1.317601404756071,0.05662521186905136,0.031059843921951342,0.0015552833648105823,0.7748954951123314,0.025324408721823913
Local Model,partner_ii,"(1057, 17)",,Chemical + Mineralogical + CS3 + CS7 + One-Hot,Random Forest,Time Series Split,"{""N_Splits"": 5, ""Repeats"": 1, ""Gap"": 0}",1.319692376714284,0.09863422372430725,1.0420055345995565,0.06901968663532838,0.02401126719895114,0.0015390064758857634,0.844448946460042,0.029831776433095557,1.7935017694665494,0.35713615366835183,1.441608288569632,0.32934982956802317,0.034333023508157964,0.010139934116211403,0.6202458470699022,0.20948875999732763
