Category,Company,Data Shape,Timesteps,Features,Model,Cross Validation,Cross Validation Params,RMSE Train,RMSE Train,MAE Train,MAE Train,MAPE Train,MAPE Train,R2 Train,R2 Train,RMSE Test,RMSE Test,MAE Test,MAE Test,MAPE Test,MAPE Test,R2 Test,R2 Test
,,,,,,,,mean,std,mean,std,mean,std,mean,std,mean,std,mean,std,mean,std,mean,std
Local Model,partner_ii,"(1057, 16)",,Chemical + Mineralogical + CS7 + One-Hot,Random Forest,Blocking Time Series Split,"{""N_Splits"": 5, ""Repeats"": 1, ""train_size"": 0.8}",1.2999051614035486,0.10158190379123513,1.025176647607735,0.08326505456036544,0.024101172720623242,0.002504509892736222,0.816890441970323,0.05256138746276877,1.7218623598747858,0.17332014279740324,1.3711598417549562,0.13350154890549207,0.03191337534549084,0.004388821548960277,0.6685990721785846,0.13984033505978571
Local Model,partner_ii,"(1057, 16)",,Chemical + Mineralogical + CS7 + One-Hot,Random Forest,Out of time Split,"{""Test Size"": 0.2}",1.43644768600993,0.0,1.127731639566424,0.0,0.025914921825605525,0.0,0.8061213495207205,0.0,2.436856122096513,0.0,2.007743709534129,0.0,0.05205337880597869,0.0,0.23456801201234534,0.0
Local Model,partner_ii,"(1057, 16)",,Chemical + Mineralogical + CS7 + One-Hot,Random Forest,Repeated KFold,"{""N_Splits"": 5, ""Repeats"": 3}",1.5712691733383695,0.017826395182640613,1.2343141497941714,0.01564295960650105,0.02908999746574042,0.0004072242692061094,0.8022846117954203,0.0066624167349719115,1.6689714609603523,0.06438967181408942,1.314385385953939,0.054250656472365,0.03097891227131903,0.0014757405614077169,0.7739807171702807,0.026033024565802934
Local Model,partner_ii,"(1057, 16)",,Chemical + Mineralogical + CS7 + One-Hot,Random Forest,Time Series Split,"{""N_Splits"": 5, ""Repeats"": 1, ""Gap"": 0}",1.333231160820548,0.09664772269195376,1.0511542023060092,0.06924911955870387,0.024223850600762153,0.0015178383512396173,0.8413321122489202,0.029916968965816502,1.7500778823500738,0.38553701494310655,1.4007849118280828,0.35702539498943314,0.03349804659016069,0.0106998023180336,0.6337591216429732,0.21843010307352562
