Category,Company,Data Shape,Timesteps,Features,Model,Cross Validation,Cross Validation Params,RMSE Train,RMSE Train,MAE Train,MAE Train,MAPE Train,MAPE Train,R2 Train,R2 Train,RMSE Test,RMSE Test,MAE Test,MAE Test,MAPE Test,MAPE Test,R2 Test,R2 Test
,,,,,,,,mean,std,mean,std,mean,std,mean,std,mean,std,mean,std,mean,std,mean,std
Local Model,partner_ii,"(1057, 16)",,Chemical + Mineralogical + CS1 + One-Hot,Random Forest,Blocking Time Series Split,"{""N_Splits"": 5, ""Repeats"": 1, ""train_size"": 0.8}",1.4225903174591126,0.11049183518031674,1.131039757967274,0.08144084311820561,0.026654682218834873,0.0018707556146600184,0.7830826414634502,0.052117194332356474,2.1478366611306514,0.1787035356318146,1.737498034202104,0.15522041991662772,0.040282091337551715,0.005831147164205978,0.48751461655762485,0.2339552183460351
Local Model,partner_ii,"(1057, 16)",,Chemical + Mineralogical + CS1 + One-Hot,Random Forest,Out of time Split,"{""Test Size"": 0.2}",1.6916180447386617,0.0,1.349030563785057,0.0,0.031033566412308557,0.0,0.7311221799678882,0.0,3.105342671227365,0.0,2.6403241640290527,0.0,0.06831523045098406,0.0,-0.2429850169722949,0.0
Local Model,partner_ii,"(1057, 16)",,Chemical + Mineralogical + CS1 + One-Hot,Random Forest,Repeated KFold,"{""N_Splits"": 5, ""Repeats"": 3}",1.8727814507239782,0.020607424137335243,1.490112244277446,0.01687455876138803,0.03516834942312377,0.000446840050619737,0.7192202747408197,0.005927611191860153,1.987749172823385,0.08629332738943822,1.582555770913063,0.057296646678433136,0.037321445371834995,0.0016761501993252897,0.6801311646310276,0.030294286268063207
Local Model,partner_ii,"(1057, 16)",,Chemical + Mineralogical + CS1 + One-Hot,Random Forest,Time Series Split,"{""N_Splits"": 5, ""Repeats"": 1, ""Gap"": 0}",1.539305855775086,0.15016891182358755,1.2264461080614038,0.11423910718593412,0.028298986183333163,0.0025533493685024906,0.7871079751334227,0.049499136568425556,2.2124178580678584,0.4821021609028999,1.8166218377331815,0.45447211105829155,0.04333008562005054,0.013784801644611419,0.4136121045381561,0.349022509382127
