Category,Company,Data Shape,Timesteps,Features,Model,Cross Validation,Cross Validation Params,RMSE Train,RMSE Train,MAE Train,MAE Train,MAPE Train,MAPE Train,R2 Train,R2 Train,RMSE Test,RMSE Test,MAE Test,MAE Test,MAPE Test,MAPE Test,R2 Test,R2 Test
,,,,,,,,mean,std,mean,std,mean,std,mean,std,mean,std,mean,std,mean,std,mean,std
Local Model,partner_ii,"(1053, 15)",,Chemical + Mineralogical + CS1,Random Forest,Blocking Time Series Split,"{""N_Splits"": 5, ""Repeats"": 1, ""train_size"": 0.8}",1.4065446268637491,0.10769669683462715,1.1241472256829308,0.08746951172271591,0.026426078281155285,0.002054472946701006,0.7892481193862761,0.05088733632393894,2.162523496740694,0.11935620408424201,1.7330289088186757,0.10983104842842889,0.03988938845728436,0.0028097682438168086,0.5056210323374141,0.12435668885887789
Local Model,partner_ii,"(1053, 15)",,Chemical + Mineralogical + CS1,Random Forest,Out of time Split,"{""Test Size"": 0.2}",1.6936465222719563,0.0,1.3456493199971695,0.0,0.031024823477264356,0.0,0.7298632022129086,0.0,3.024517945180198,0.0,2.5753346734317795,0.0,0.06656280105329919,0.0,-0.18079198170158084,0.0
Local Model,partner_ii,"(1053, 15)",,Chemical + Mineralogical + CS1,Random Forest,Repeated KFold,"{""N_Splits"": 5, ""Repeats"": 3}",1.8740871552404608,0.02433260548014763,1.4889885545382238,0.01826120791108858,0.03514616663507409,0.00047489033970299425,0.717629473385605,0.008106994132656958,1.9664045590938977,0.08085248077168189,1.5632563190641804,0.05596697883436796,0.03688960338870694,0.0016388863569932182,0.6847314142674313,0.030555605506878195
Local Model,partner_ii,"(1053, 15)",,Chemical + Mineralogical + CS1,Random Forest,Time Series Split,"{""N_Splits"": 5, ""Repeats"": 1, ""Gap"": 0}",1.515385060368501,0.16426875637712862,1.214969270697451,0.12190871534134422,0.0280944238457289,0.002735402261867947,0.7914080230249928,0.05160083408713448,2.2137638773943924,0.45760500134351817,1.8100680607350454,0.43403807192736055,0.043149722806448444,0.013293838862854153,0.41284036958343445,0.3381742640084477
