Category,Company,Data Shape,Timesteps,Features,Model,Cross Validation,Cross Validation Params,RMSE Train,RMSE Train,MAE Train,MAE Train,MAPE Train,MAPE Train,R2 Train,R2 Train,RMSE Test,RMSE Test,MAE Test,MAE Test,MAPE Test,MAPE Test,R2 Test,R2 Test
,,,,,,,,mean,std,mean,std,mean,std,mean,std,mean,std,mean,std,mean,std,mean,std
Local Model,partner_ii,"(1053, 15)",,Chemical + Mineralogical + CS3,Random Forest,Blocking Time Series Split,"{""N_Splits"": 5, ""Repeats"": 1, ""train_size"": 0.8}",1.3793251501237827,0.10820112544366646,1.0982131746732413,0.08227161363508514,0.02590327371940492,0.0021415085160663636,0.796887142057966,0.051109655310438026,2.0914107082522078,0.24594533806977667,1.6831815396289407,0.23521876775607634,0.03896090572518472,0.006622804141912903,0.520192865248742,0.2046941634345117
Local Model,partner_ii,"(1053, 15)",,Chemical + Mineralogical + CS3,Random Forest,Out of time Split,"{""Test Size"": 0.2}",1.6171728915869366,0.0,1.2762845738550816,0.0,0.0294863941472344,0.0,0.7537075474116017,0.0,2.837722400141877,0.0,2.325451690923324,0.0,0.06045801310411392,0.0,-0.03944348351004012,0.0
Local Model,partner_ii,"(1053, 15)",,Chemical + Mineralogical + CS3,Random Forest,Repeated KFold,"{""N_Splits"": 5, ""Repeats"": 3}",1.7834741948312165,0.027800644478051653,1.4033106940581528,0.022616300434738074,0.033191510606426715,0.0005588744690574273,0.7442749102696737,0.0079954464982471,1.9000669950572586,0.10176082425000546,1.500018888884655,0.07526167423589714,0.035435571733850584,0.0019314053156836584,0.7061379054967654,0.027406840611623025
Local Model,partner_ii,"(1053, 15)",,Chemical + Mineralogical + CS3,Random Forest,Time Series Split,"{""N_Splits"": 5, ""Repeats"": 1, ""Gap"": 0}",1.4886064674934396,0.13730320446356709,1.1832450033978614,0.10936000095398697,0.02737613536484219,0.002486964748200477,0.7996066399281012,0.04355380366096991,2.0643723401782386,0.4431769614529654,1.6591718753334548,0.40894234944122004,0.039646406676808243,0.01251517256557156,0.4908916071573907,0.3019995988984035
