Category,Company,Data Shape,Timesteps,Features,Model,Cross Validation,Cross Validation Params,RMSE Train,RMSE Train,MAE Train,MAE Train,MAPE Train,MAPE Train,R2 Train,R2 Train,RMSE Test,RMSE Test,MAE Test,MAE Test,MAPE Test,MAPE Test,R2 Test,R2 Test
,,,,,,,,mean,std,mean,std,mean,std,mean,std,mean,std,mean,std,mean,std,mean,std
Local Model,partner_ii,"(1053, 15)",,Chemical + Mineralogical + CS7,Random Forest,Blocking Time Series Split,"{""N_Splits"": 5, ""Repeats"": 1, ""train_size"": 0.8}",1.2912345295205248,0.11147866777305608,1.0112688262483058,0.09239272814637017,0.023818107492551303,0.0028856728726287515,0.8205220983488178,0.05323907589966767,1.776389130669606,0.12406540867343804,1.4072339300613312,0.1432402917199044,0.032522976599196465,0.004519274772375446,0.6560774908236588,0.12276789812484373
Local Model,partner_ii,"(1053, 15)",,Chemical + Mineralogical + CS7,Random Forest,Out of time Split,"{""Test Size"": 0.2}",1.4490389552461282,0.0,1.1371508915041038,0.0,0.026178764463775397,0.0,0.8022582742628804,0.0,2.4430909298437533,0.0,1.991238973053457,0.0,0.05159687965791222,0.0,0.2295573314195526,0.0
Local Model,partner_ii,"(1053, 15)",,Chemical + Mineralogical + CS7,Random Forest,Repeated KFold,"{""N_Splits"": 5, ""Repeats"": 3}",1.5738941191681497,0.019632487124356297,1.2326935217667836,0.01450214732529126,0.02907165411310041,0.00037664080312250754,0.800836966927744,0.005972578354218619,1.6627372783589558,0.07380104567621931,1.3099488108722108,0.06309321985325225,0.03086419588922656,0.0017126684011560432,0.7740255246580523,0.02680801336863904
Local Model,partner_ii,"(1053, 15)",,Chemical + Mineralogical + CS7,Random Forest,Time Series Split,"{""N_Splits"": 5, ""Repeats"": 1, ""Gap"": 0}",1.32497152501726,0.10855139108756993,1.0417701590680573,0.07998043389052151,0.02403701583258719,0.0017826991919732797,0.8417286116342341,0.03199034627035406,1.7465726653494216,0.40068267276749764,1.4022661131609377,0.35733036327069817,0.03351676195210469,0.010715253467937004,0.6335237927954475,0.22363268992911736
