Category,Company,Data Shape,Timesteps,Features,Model,Cross Validation,Cross Validation Params,RMSE Train,RMSE Train,MAE Train,MAE Train,MAPE Train,MAPE Train,R2 Train,R2 Train,RMSE Test,RMSE Test,MAE Test,MAE Test,MAPE Test,MAPE Test,R2 Test,R2 Test
,,,,,,,,mean,std,mean,std,mean,std,mean,std,mean,std,mean,std,mean,std,mean,std
Local Model,partner_ii,"(1053, 21)",,Chemical + Mineralogical + Physical,Random Forest,Blocking Time Series Split,"{""N_Splits"": 5, ""Repeats"": 1, ""train_size"": 0.8}",1.2257714375626219,0.09884783190770968,0.969789314594762,0.0872918514368595,0.022877416897514647,0.002656384524997258,0.8387153968601359,0.045110441646670524,1.8940329096786699,0.17682739107585477,1.5489567598973037,0.18136399977347165,0.03598714721227349,0.006203542225714428,0.6032196895241965,0.1741702768827436
Local Model,partner_ii,"(1053, 21)",,Chemical + Mineralogical + Physical,Random Forest,Out of time Split,"{""Test Size"": 0.2}",1.4203283539087006,0.0,1.1207417262977366,0.0,0.025827177287756038,0.0,0.8100165754045054,0.0,2.4281621230679318,0.0,1.9760449439920886,0.0,0.051277612768919616,0.0,0.23894433215913347,0.0
Local Model,partner_ii,"(1053, 21)",,Chemical + Mineralogical + Physical,Random Forest,Repeated KFold,"{""N_Splits"": 5, ""Repeats"": 3}",1.5482648718196959,0.021399804031673998,1.215269406606801,0.013899541454326895,0.02869099959729159,0.00036542585336216945,0.807270475462163,0.005990711829908204,1.6502547463484165,0.06721070167258995,1.302047540989833,0.05245017077447278,0.030700696670289265,0.0014802108447902389,0.7778314434423599,0.022272024529957312
Local Model,partner_ii,"(1053, 21)",,Chemical + Mineralogical + Physical,Random Forest,Time Series Split,"{""N_Splits"": 5, ""Repeats"": 1, ""Gap"": 0}",1.292839812293479,0.11425694456886719,1.0240493522824339,0.08382530980498738,0.0236463259293273,0.0018872072823770739,0.8490090774189542,0.032106581326992706,1.7938861747419808,0.36274291710047724,1.445630596125476,0.33199170916325643,0.03446344512434533,0.01016894863783465,0.6202143249336218,0.21291996004448857
