Category,Company,Data Shape,Timesteps,Features,Model,Cross Validation,Cross Validation Params,RMSE Train,RMSE Train,MAE Train,MAE Train,MAPE Train,MAPE Train,R2 Train,R2 Train,RMSE Test,RMSE Test,MAE Test,MAE Test,MAPE Test,MAPE Test,R2 Test,R2 Test
,,,,,,,,mean,std,mean,std,mean,std,mean,std,mean,std,mean,std,mean,std,mean,std
Local Model,partner_ii,"(1053, 17)",,Chemical + Mineralogical + CS1 + CS3 + CS7,Random Forest,Blocking Time Series Split,"{""N_Splits"": 5, ""Repeats"": 1, ""train_size"": 0.8}",1.2440273192740114,0.1110839066298466,0.987899756629331,0.08990520542975143,0.023299576318098245,0.0027695117097358804,0.833113969882622,0.04968575591482667,1.897617032807974,0.1680706692566433,1.5543482599419476,0.17032562744742172,0.036114690361723954,0.006018156345714222,0.6024096517082015,0.17071170201196495
Local Model,partner_ii,"(1053, 17)",,Chemical + Mineralogical + CS1 + CS3 + CS7,Random Forest,Out of time Split,"{""Test Size"": 0.2}",1.4203283539087006,0.0,1.1207417262977373,0.0,0.025827177287756038,0.0,0.8100165754045054,0.0,2.4281621230679296,0.0,1.9760449439920869,0.0,0.051277612768919574,0.0,0.23894433215913502,0.0
Local Model,partner_ii,"(1053, 17)",,Chemical + Mineralogical + CS1 + CS3 + CS7,Random Forest,Repeated KFold,"{""N_Splits"": 5, ""Repeats"": 3}",1.5516610486445115,0.020588797308785645,1.2184750578368138,0.014128372998840176,0.02876860135922225,0.0003625753843553219,0.8064384277318999,0.005424621874034793,1.6478953763799462,0.06740102344817493,1.3002295012114795,0.05080826908491999,0.03065858100809413,0.0014369258411641762,0.778533046067588,0.021571005688888485
Local Model,partner_ii,"(1053, 17)",,Chemical + Mineralogical + CS1 + CS3 + CS7,Random Forest,Time Series Split,"{""N_Splits"": 5, ""Repeats"": 1, ""Gap"": 0}",1.2965427792806168,0.1094981501201675,1.0283891625492165,0.07930652430536891,0.023746474000799888,0.0017803056113899777,0.8483295528083804,0.03126945995959976,1.774025898500677,0.36782594343000746,1.4287622404392537,0.3356542181902831,0.034116115108004726,0.010250690952727133,0.6267462366849055,0.21434069795052596
