Category,Company,Data Shape,Timesteps,Features,Model,Cross Validation,Cross Validation Params,RMSE Train,RMSE Train,MAE Train,MAE Train,MAPE Train,MAPE Train,R2 Train,R2 Train,RMSE Test,RMSE Test,MAE Test,MAE Test,MAPE Test,MAPE Test,R2 Test,R2 Test
,,,,,,,,mean,std,mean,std,mean,std,mean,std,mean,std,mean,std,mean,std,mean,std
Local Model,partner_ii,"(1057, 24)",,Chemical + Mineralogical + Physical + One-Hot,XGBoost,Blocking Time Series Split,"{""N_Splits"": 5, ""Repeats"": 1, ""train_size"": 0.8}",1.2108441387533824,0.05256188738452854,0.9592534826369512,0.0326041065300278,0.022534844538869413,0.0013864786683185657,0.8437739957339169,0.033369130729633274,1.9433524214633582,0.15818825773751288,1.5265781576467112,0.14428985808391195,0.03511364790999888,0.004186289239544724,0.6014740840692852,0.10824603223170691
Local Model,partner_ii,"(1057, 24)",,Chemical + Mineralogical + Physical + One-Hot,XGBoost,Out of time Split,"{""Test Size"": 0.2}",1.4654966636537459,0.0,1.1562829788478874,0.0,0.026589117361693716,0.0,0.7982005268214545,0.0,2.759480350094158,0.0,2.287810494045042,0.0,0.05968306404061826,0.0,0.018474825086007507,0.0
Local Model,partner_ii,"(1057, 24)",,Chemical + Mineralogical + Physical + One-Hot,XGBoost,Repeated KFold,"{""N_Splits"": 5, ""Repeats"": 3}",1.5601245211340478,0.01247678422770239,1.2313379347544986,0.014280009492116295,0.028979503283727667,0.0003724938887849274,0.8051221177761019,0.004663878896898416,1.7077353306276286,0.06022520696776011,1.346473775254244,0.04935365775477862,0.031643130273820395,0.0014911093866805775,0.764099753406342,0.01896760875108262
Local Model,partner_ii,"(1057, 24)",,Chemical + Mineralogical + Physical + One-Hot,XGBoost,Time Series Split,"{""N_Splits"": 5, ""Repeats"": 1, ""Gap"": 0}",1.3436891167184064,0.10471227934806822,1.0616463025086786,0.08554431254324248,0.02443380980732667,0.0019318342049728548,0.8386012208092467,0.032059009716207405,1.8477694029043306,0.4619783346757385,1.5032276635603472,0.41975064583922544,0.03599188339604945,0.01252552511937287,0.5886312257663731,0.27276019651143646
