Category,Company,Data Shape,Timesteps,Features,Model,Cross Validation,Cross Validation Params,RMSE Train,RMSE Train,MAE Train,MAE Train,MAPE Train,MAPE Train,R2 Train,R2 Train,RMSE Test,RMSE Test,MAE Test,MAE Test,MAPE Test,MAPE Test,R2 Test,R2 Test
,,,,,,,,mean,std,mean,std,mean,std,mean,std,mean,std,mean,std,mean,std,mean,std
Local Model,partner_ii,"(1053, 15)",,Chemical + Mineralogical + CS3,XGBoost,Blocking Time Series Split,"{""N_Splits"": 5, ""Repeats"": 1, ""train_size"": 0.8}",1.3650761904500788,0.08621408570838204,1.0792273904709588,0.06572639658048428,0.025345683005130272,0.0014249480403662272,0.8025668749785486,0.0437249580270069,2.0991757970347367,0.23477329887577802,1.6584923524402435,0.22873582886085733,0.03829198896851352,0.006011629753374763,0.5219601143508547,0.17530782974191203
Local Model,partner_ii,"(1053, 15)",,Chemical + Mineralogical + CS3,XGBoost,Out of time Split,"{""Test Size"": 0.2}",1.6573329376914299,0.0,1.317818497501473,0.0,0.030363956850477162,0.0,0.7413230562180292,0.0,3.106408369444381,0.0,2.5805067545090803,0.0,0.06738883528865154,0.0,-0.24559873756187267,0.0
Local Model,partner_ii,"(1053, 15)",,Chemical + Mineralogical + CS3,XGBoost,Repeated KFold,"{""N_Splits"": 5, ""Repeats"": 3}",1.7784955102646358,0.021011360511509234,1.4066629379072724,0.01664422115906865,0.033138765062465166,0.00041848968775335895,0.7457340347607054,0.00574618016911618,1.9184264796494495,0.10519153111601028,1.5229761448426198,0.08010177543992394,0.03585557821333348,0.001962706444810323,0.7008185664600682,0.023793930970012745
Local Model,partner_ii,"(1053, 15)",,Chemical + Mineralogical + CS3,XGBoost,Time Series Split,"{""N_Splits"": 5, ""Repeats"": 1, ""Gap"": 0}",1.511209305685713,0.14914088487860072,1.1932687615417248,0.12112075428619498,0.02754753886251301,0.0027535176867658543,0.7931324303193521,0.04718656613631341,2.110211324652961,0.5751152941248115,1.7143735377720426,0.5250570671905278,0.041127732698253906,0.015536389445935413,0.45487703200424096,0.39287718210710526
