Category,Company,Data Shape,Timesteps,Features,Model,Cross Validation,Cross Validation Params,RMSE Train,RMSE Train,MAE Train,MAE Train,MAPE Train,MAPE Train,R2 Train,R2 Train,RMSE Test,RMSE Test,MAE Test,MAE Test,MAPE Test,MAPE Test,R2 Test,R2 Test
,,,,,,,,mean,std,mean,std,mean,std,mean,std,mean,std,mean,std,mean,std,mean,std
Local Model,partner_ii,"(1057, 18)",,Chemical + Mineralogical + CS1 + CS3 + CS7 + One-Hot,XGBoost,Blocking Time Series Split,"{""N_Splits"": 5, ""Repeats"": 1, ""train_size"": 0.8}",1.2242594623178835,0.04548485317573332,0.972350146157401,0.021224975550460164,0.022835736334304396,0.00111953198026997,0.8404150167158455,0.03326382927270649,1.948729365053022,0.12827200348359327,1.5521346733625543,0.1535641067423306,0.03592059850664003,0.005401865003859669,0.5895852229915169,0.15231859023817426
Local Model,partner_ii,"(1057, 18)",,Chemical + Mineralogical + CS1 + CS3 + CS7 + One-Hot,XGBoost,Out of time Split,"{""Test Size"": 0.2}",1.4654966636537459,0.0,1.1562829788478874,0.0,0.026589117361693716,0.0,0.7982005268214545,0.0,2.759480350094158,0.0,2.287810494045042,0.0,0.05968306404061826,0.0,0.018474825086007507,0.0
Local Model,partner_ii,"(1057, 18)",,Chemical + Mineralogical + CS1 + CS3 + CS7 + One-Hot,XGBoost,Repeated KFold,"{""N_Splits"": 5, ""Repeats"": 3}",1.5710411791057755,0.011191974249616307,1.240330791608078,0.012233671665537566,0.02919952652839258,0.000322072231906488,0.8023888797992302,0.004485728681612752,1.7145991335481106,0.048285197330578934,1.3525035924533144,0.04645801840424523,0.03179011144856435,0.0013903878913421566,0.76211461697719,0.018919959021156212
Local Model,partner_ii,"(1057, 18)",,Chemical + Mineralogical + CS1 + CS3 + CS7 + One-Hot,XGBoost,Time Series Split,"{""N_Splits"": 5, ""Repeats"": 1, ""Gap"": 0}",1.3494052397854488,0.10016679169146746,1.0664499152444384,0.08173979855528961,0.024552579719926252,0.0018309330466991505,0.8373740931313984,0.03127161519287896,1.87797142938918,0.4833800238567987,1.5243598298159513,0.43513529970410364,0.03650161368075782,0.012993533407162586,0.5732965029221557,0.29066800713572377
