Category,Company,Data Shape,Timesteps,Features,Model,Cross Validation,Cross Validation Params,RMSE Train,RMSE Train,MAE Train,MAE Train,MAPE Train,MAPE Train,R2 Train,R2 Train,RMSE Test,RMSE Test,MAE Test,MAE Test,MAPE Test,MAPE Test,R2 Test,R2 Test
,,,,,,,,mean,std,mean,std,mean,std,mean,std,mean,std,mean,std,mean,std,mean,std
Local Model,partner_ii,"(1053, 23)",,Chemical + Mineralogical + Properties CS Less,XGBoost,Blocking Time Series Split,"{""N_Splits"": 5, ""Repeats"": 1, ""train_size"": 0.8}",1.5132695349779113,0.10743610889398508,1.1966595502580915,0.0690449348370052,0.028162535365368824,0.0014733718953439349,0.757177194183518,0.05775361568475572,2.6647541021108707,0.6199636235006174,2.0550533280145555,0.3727862627301238,0.04649764513618492,0.005498746500350805,0.2688240739491623,0.22710664515489162
Local Model,partner_ii,"(1053, 23)",,Chemical + Mineralogical + Properties CS Less,XGBoost,Out of time Split,"{""Test Size"": 0.2}",1.930571890141884,0.0,1.5274566677573742,0.0,0.0351405401897024,0.0,0.6489975443328522,0.0,3.9431464863033137,0.0,3.382915794047134,0.0,0.08775250339923395,0.0,-1.0069977545494675,0.0
Local Model,partner_ii,"(1053, 23)",,Chemical + Mineralogical + Properties CS Less,XGBoost,Repeated KFold,"{""N_Splits"": 5, ""Repeats"": 3}",2.1102159501123525,0.0262737464084422,1.6790307965998292,0.020223428201620586,0.039461115529102586,0.000500037518477082,0.6420351846806718,0.008440248059604171,2.3002320648058574,0.11172418290478994,1.8168358155056772,0.08243497809332588,0.04264618976586141,0.00208873076143453,0.5699933748593821,0.028834243370773355
Local Model,partner_ii,"(1053, 23)",,Chemical + Mineralogical + Properties CS Less,XGBoost,Time Series Split,"{""N_Splits"": 5, ""Repeats"": 1, ""Gap"": 0}",1.7654215153547306,0.1830975715804113,1.4001396748242794,0.14673433115006546,0.03232809106123975,0.003282309461653443,0.717357661518751,0.06643643346837899,2.5992070632886075,0.7259761522353213,2.1360132099260603,0.7015207058979962,0.05114093758075683,0.020466723265696856,0.16966413198411906,0.6113759230287213
