Category,Company,Data Shape,Timesteps,Features,Model,Cross Validation,Cross Validation Params,RMSE Train,RMSE Train,MAE Train,MAE Train,MAPE Train,MAPE Train,R2 Train,R2 Train,RMSE Test,RMSE Test,MAE Test,MAE Test,MAPE Test,MAPE Test,R2 Test,R2 Test
,,,,,,,,mean,std,mean,std,mean,std,mean,std,mean,std,mean,std,mean,std,mean,std
Local Model,partner_ii,"(1053, 19)",,Chemical + Mineralogical + Feature Engineering,XGBoost,Blocking Time Series Split,"{""N_Splits"": 5, ""Repeats"": 1, ""train_size"": 0.8}",1.618517393300348,0.09114890466414302,1.2820290681748163,0.07309110860003172,0.030050068713358767,0.0009717691112535171,0.7250818438831217,0.051584272676427026,2.7577490343798514,0.3556913689553905,2.0738609960646857,0.19357158094902227,0.047112968308943834,0.0042318583133795756,0.21655281739985682,0.14144546380027148
Local Model,partner_ii,"(1053, 19)",,Chemical + Mineralogical + Feature Engineering,XGBoost,Out of time Split,"{""Test Size"": 0.2}",2.1436198272413804,0.0,1.699771937281955,0.0,0.03897819886145277,0.0,0.5672533358523857,0.0,3.921960067007835,0.0,3.3624036620804487,0.0,0.08728406660653072,0.0,-0.9854886050660785,0.0
Local Model,partner_ii,"(1053, 19)",,Chemical + Mineralogical + Feature Engineering,XGBoost,Repeated KFold,"{""N_Splits"": 5, ""Repeats"": 3}",2.307279522978045,0.02595330196911024,1.8350796886271146,0.022926546771113984,0.042982551790508985,0.0005698396723971023,0.5720517972354782,0.009784439727785912,2.5072267159571897,0.160445803009875,1.9825106858855184,0.12458073822636175,0.046399649753317875,0.003081720859359164,0.4893367282062048,0.043362606606002684
Local Model,partner_ii,"(1053, 19)",,Chemical + Mineralogical + Feature Engineering,XGBoost,Time Series Split,"{""N_Splits"": 5, ""Repeats"": 1, ""Gap"": 0}",2.0072983429540665,0.19032318607585802,1.5809878193923868,0.15105194525406454,0.03633914264435189,0.003377358567894694,0.6351744052502454,0.07857278590211646,2.790646792389171,0.6729058582139416,2.27166711164202,0.6821509688729295,0.05418183132943817,0.020076193944933828,0.06578522425460935,0.6009524337304014
