Category,Company,Data Shape,Timesteps,Features,Model,Cross Validation,Cross Validation Params,RMSE Train,RMSE Train,MAE Train,MAE Train,MAPE Train,MAPE Train,R2 Train,R2 Train,RMSE Test,RMSE Test,MAE Test,MAE Test,MAPE Test,MAPE Test,R2 Test,R2 Test
,,,,,,,,mean,std,mean,std,mean,std,mean,std,mean,std,mean,std,mean,std,mean,std
Local Model,partner_ii,"(1053, 16)",,Chemical + Mineralogical + CS3 + CS7,XGBoost,Blocking Time Series Split,"{""N_Splits"": 5, ""Repeats"": 1, ""train_size"": 0.8}",1.2481560717622266,0.05625207789260901,0.9939072243826731,0.032298929223271225,0.023336820534132233,0.0012595980070590857,0.8352407232297887,0.0352417459295325,1.9463258083416057,0.15907047969735275,1.5296738106863836,0.17852569548765124,0.03521168760117386,0.004841407066788162,0.5937301188383156,0.12613446444064652
Local Model,partner_ii,"(1053, 16)",,Chemical + Mineralogical + CS3 + CS7,XGBoost,Out of time Split,"{""Test Size"": 0.2}",1.4576798749877675,0.0,1.1528452375325906,0.0,0.026504820118542608,0.0,0.7998928927755871,0.0,2.6850520767135535,0.0,2.218208576943637,0.0,0.057778496128859665,0.0,0.06939262347311381,0.0
Local Model,partner_ii,"(1053, 16)",,Chemical + Mineralogical + CS3 + CS7,XGBoost,Repeated KFold,"{""N_Splits"": 5, ""Repeats"": 3}",1.5814983421305078,0.016736661997672878,1.2447230674936187,0.011121860917771483,0.029307417901737454,0.00029866492501490124,0.798911885852381,0.0055754138897514014,1.7124893114148192,0.08753537292375943,1.3499519157782156,0.06179618723035433,0.031745293753388144,0.001613099502386554,0.7611098308089004,0.023352348035364977
Local Model,partner_ii,"(1053, 16)",,Chemical + Mineralogical + CS3 + CS7,XGBoost,Time Series Split,"{""N_Splits"": 5, ""Repeats"": 1, ""Gap"": 0}",1.3505906240580416,0.10248775091876101,1.07166691294047,0.0772022802786807,0.024676823244761194,0.0017397822997334677,0.8358089615376739,0.03116930216006907,1.8714211432814054,0.5014605204711393,1.5103058025251115,0.45212427904908026,0.036091404035666914,0.013311534906451579,0.5767264681828147,0.2929176759069852
