Category,Company,Data Shape,Timesteps,Features,Model,Cross Validation,Cross Validation Params,RMSE Train,RMSE Train,MAE Train,MAE Train,MAPE Train,MAPE Train,R2 Train,R2 Train,RMSE Test,RMSE Test,MAE Test,MAE Test,MAPE Test,MAPE Test,R2 Test,R2 Test
,,,,,,,,mean,std,mean,std,mean,std,mean,std,mean,std,mean,std,mean,std,mean,std
Local Model,partner_ii,"(1057, 16)",,Chemical + Mineralogical + CS3 + One-Hot,XGBoost,Blocking Time Series Split,"{""N_Splits"": 5, ""Repeats"": 1, ""train_size"": 0.8}",1.3671906459571257,0.07103473279979225,1.0796706964401974,0.059372621266145946,0.02539176455698744,0.0015203109962153324,0.800344938930049,0.04291957487065986,2.1707529523931695,0.21051540928826476,1.691079132789789,0.21801607367298895,0.038975858559773355,0.005709918659416837,0.4959999679445367,0.16683444540893072
Local Model,partner_ii,"(1057, 16)",,Chemical + Mineralogical + CS3 + One-Hot,XGBoost,Out of time Split,"{""Test Size"": 0.2}",1.6453951380988054,0.0,1.3011552181808204,0.0,0.02996340153146552,0.0,0.7456154216425495,0.0,3.0795500847920843,0.0,2.5591083792920384,0.0,0.06677003921114963,0.0,-0.2224226124088089,0.0
Local Model,partner_ii,"(1057, 16)",,Chemical + Mineralogical + CS3 + One-Hot,XGBoost,Repeated KFold,"{""N_Splits"": 5, ""Repeats"": 3}",1.782755342855743,0.01532645687531931,1.410295930842019,0.013216932240486276,0.033233149326340354,0.00035434593166011385,0.7455428623441176,0.005882181368052479,1.921037225154658,0.06268545796099094,1.5134793086278924,0.05827466689272512,0.035628962122615154,0.001667982943890935,0.7015408865272,0.02248375557495374
Local Model,partner_ii,"(1057, 16)",,Chemical + Mineralogical + CS3 + One-Hot,XGBoost,Time Series Split,"{""N_Splits"": 5, ""Repeats"": 1, ""Gap"": 0}",1.5136134509941472,0.14522629991415179,1.1922947519343425,0.1161101572095751,0.02750951633663918,0.002643569521911937,0.794151403484753,0.04691027292801998,2.1192043251348425,0.5383497926285286,1.723927541559393,0.4946683613561283,0.04129417699617828,0.014764877107460028,0.45642678402021364,0.3669924016265916
