Category,Company,Data Shape,Timesteps,Features,Model,Cross Validation,Cross Validation Params,RMSE Train,RMSE Train,MAE Train,MAE Train,MAPE Train,MAPE Train,R2 Train,R2 Train,RMSE Test,RMSE Test,MAE Test,MAE Test,MAPE Test,MAPE Test,R2 Test,R2 Test
,,,,,,,,mean,std,mean,std,mean,std,mean,std,mean,std,mean,std,mean,std,mean,std
Local Model,209,"(938, 14)",,Chemical,Decision Tree,Blocking Time Series Split,"{""N_Splits"": 5, ""Repeats"": 1, ""train_size"": 0.8}",1.3614561787505448,0.11598668963950173,1.0489755469758542,0.09159527691155958,0.024054379496029087,0.002715499226336119,0.6526921571048111,0.19709466851215626,1.7153412011299412,0.18983957632369416,1.3589937351415204,0.2242973250996553,0.03100515835765686,0.005406503026637546,-0.3017425576175291,0.9351194066400559
Local Model,209,"(938, 14)",,Chemical,Decision Tree,Out of time Split,"{""Test Size"": 0.2}",1.666041154410135,0.0,1.2796108422137726,0.0,0.029154596221352528,0.0,0.7377026435017563,0.0,2.688892592627867,0.0,2.170015926707402,0.0,0.04918377918499792,0.0,-1.079340357143086,0.0
Local Model,209,"(938, 14)",,Chemical,Decision Tree,Repeated KFold,"{""N_Splits"": 5, ""Repeats"": 3}",1.7489078486945222,0.06377977463444813,1.3337252249554197,0.04729608631510238,0.03053902300997375,0.001171157623835369,0.6668845041701932,0.021387835833455555,1.8340475920567232,0.11276217109728272,1.393756075121726,0.09058951984767094,0.031860217328674084,0.002088209744914402,0.6274736857868114,0.051545330599906
Local Model,209,"(938, 14)",,Chemical,Decision Tree,Time Series Split,"{""N_Splits"": 5, ""Repeats"": 1, ""Gap"": 0}",1.4824763749320642,0.10528479653878034,1.1355787889308175,0.08455828591503659,0.025312451093056697,0.002484768427567277,0.6552463883001666,0.20173598220041666,2.859842364816605,0.5611064720894835,2.1806928113018538,0.39260626063035087,0.05131818778010635,0.008859859010643695,-0.4591385765783863,1.070182461035612
