Category,Company,Data Shape,Timesteps,Features,Model,Cross Validation,Cross Validation Params,RMSE Train,RMSE Train,MAE Train,MAE Train,MAPE Train,MAPE Train,R2 Train,R2 Train,RMSE Test,RMSE Test,MAE Test,MAE Test,MAPE Test,MAPE Test,R2 Test,R2 Test
,,,,,,,,mean,std,mean,std,mean,std,mean,std,mean,std,mean,std,mean,std,mean,std
Local Model,209,"(938, 15)",,Chemical + CS7,Decision Tree,Blocking Time Series Split,"{""N_Splits"": 5, ""Repeats"": 1, ""train_size"": 0.8}",1.3312390520438915,0.09318820842243684,1.0183211594616854,0.045998354165913136,0.023264662627179557,0.001758905752631946,0.6624503649298068,0.2064806785088005,1.3986474081373275,0.3011716952352292,1.1051650437665042,0.27622427805954636,0.025267682517754297,0.00668220839421151,0.2607672098126321,0.41796984023820255
Local Model,209,"(938, 15)",,Chemical + CS7,Decision Tree,Out of time Split,"{""Test Size"": 0.2}",1.7140120707852005,0.0,1.3174353047623295,0.0,0.030368172259068425,0.0,0.7223803415245489,0.0,2.1043810110290377,0.0,1.5763055864591269,0.0,0.036000947756122496,0.0,-0.2735834936981303,0.0
Local Model,209,"(938, 15)",,Chemical + CS7,Decision Tree,Repeated KFold,"{""N_Splits"": 5, ""Repeats"": 3}",1.4589412275892215,0.0433978592688605,1.1201858709451917,0.03378881289059229,0.025533955369297066,0.0008326995856215945,0.7681563367566429,0.01370035783622692,1.5687401163472634,0.0826845551964617,1.1914881190162057,0.06641653463474956,0.027184534499272314,0.0016001725065310508,0.7281700079511663,0.030291085904471063
Local Model,209,"(938, 15)",,Chemical + CS7,Decision Tree,Time Series Split,"{""N_Splits"": 5, ""Repeats"": 1, ""Gap"": 0}",1.4824485508995,0.15205438347911257,1.126681242775868,0.13406180279556612,0.02521636919679534,0.0037230576521972755,0.6625878575042219,0.18317840733959412,2.2543241914666043,0.47634238314854915,1.7222326963852743,0.2519244616586942,0.040425478185997406,0.005723801437730384,0.13196778393996794,0.5453872794278377
