Category,Company,Data Shape,Timesteps,Features,Model,Cross Validation,Cross Validation Params,RMSE Train,RMSE Train,MAE Train,MAE Train,MAPE Train,MAPE Train,R2 Train,R2 Train,RMSE Test,RMSE Test,MAE Test,MAE Test,MAPE Test,MAPE Test,R2 Test,R2 Test
,,,,,,,,mean,std,mean,std,mean,std,mean,std,mean,std,mean,std,mean,std,mean,std
Local Model,209,"(938, 15)",,Chemical + Feature Engineering,Decision Tree,Blocking Time Series Split,"{""N_Splits"": 5, ""Repeats"": 1, ""train_size"": 0.8}",1.357354415431172,0.11310538701819194,1.0447905048558928,0.08959935338517329,0.023955356377287948,0.0026045243702445915,0.6531786349536673,0.19789655065353132,1.7018246794415177,0.17925303133119763,1.3466261219772515,0.21828963297826864,0.03069317188869241,0.005196574770147772,-0.29542522166928775,0.9406357473351716
Local Model,209,"(938, 15)",,Chemical + Feature Engineering,Decision Tree,Out of time Split,"{""Test Size"": 0.2}",1.7557219721265336,0.0,1.3510790470370482,0.0,0.03099397431117337,0.0,0.7087043817982104,0.0,2.8949893190588254,0.0,2.349587414955997,0.0,0.0531425468952313,0.0,-1.4103083468652842,0.0
Local Model,209,"(938, 15)",,Chemical + Feature Engineering,Decision Tree,Repeated KFold,"{""N_Splits"": 5, ""Repeats"": 3}",1.7732778823448199,0.07314300016213887,1.3481066934976143,0.054914051775209284,0.0309197100911796,0.0013689728537549608,0.657286830316517,0.02710143192540724,1.9139692950076705,0.19267640775176256,1.4365216918046984,0.1386653020281345,0.032958272220750935,0.003341914065149768,0.5930080818080582,0.08172277144426184
Local Model,209,"(938, 15)",,Chemical + Feature Engineering,Decision Tree,Time Series Split,"{""N_Splits"": 5, ""Repeats"": 1, ""Gap"": 0}",1.5153179670882744,0.12461092386976433,1.1564725603347297,0.09587602976940612,0.025844611313553846,0.002822188234539399,0.6460994064707306,0.19582647261494335,2.9277467254236944,0.5590375407185345,2.259326819537713,0.3906454320884039,0.053141278754853326,0.008359687157158712,-0.5680463553867454,1.210686881081804
