Category,Company,Data Shape,Timesteps,Features,Model,Cross Validation,Cross Validation Params,RMSE Train,RMSE Train,MAE Train,MAE Train,MAPE Train,MAPE Train,R2 Train,R2 Train,RMSE Test,RMSE Test,MAE Test,MAE Test,MAPE Test,MAPE Test,R2 Test,R2 Test
,,,,,,,,mean,std,mean,std,mean,std,mean,std,mean,std,mean,std,mean,std,mean,std
Local Model,209,"(938, 15)",,Chemical + Feature Engineering,Linear Regression,Blocking Time Series Split,"{""N_Splits"": 5, ""Repeats"": 1, ""train_size"": 0.8}",1.5426501915938187,0.3940393000659816,1.2144860229192271,0.2825767436959743,0.027763454566870165,0.0066301906401565695,0.5692136946955623,0.2290374258207428,1.860637716144404,0.47513140171018564,1.5080529570965782,0.34595562316024314,0.034682305664304955,0.009888542753086402,-0.3177007409470923,0.9060313805212713
Local Model,209,"(938, 15)",,Chemical + Feature Engineering,Linear Regression,Out of time Split,"{""Test Size"": 0.2}",2.0167422045634646,0.0,1.492204077265201,0.0,0.03422546139307194,0.0,0.6156532285667569,0.0,2.2286244360415712,0.0,1.812506573044072,0.0,0.04119698695548897,0.0,-0.4284085773262898,0.0
Local Model,209,"(938, 15)",,Chemical + Feature Engineering,Linear Regression,Repeated KFold,"{""N_Splits"": 5, ""Repeats"": 3}",2.0190351609632384,0.03926419503234265,1.5101048465710647,0.03093072884164072,0.034772570527570976,0.0007491783237125745,0.5562911063841337,0.014092987583274465,2.0572323073330114,0.15653495998940212,1.5442344838242894,0.11538204117792437,0.035556630171080815,0.0027780978710902245,0.533208022771927,0.05730120973159271
Local Model,209,"(938, 15)",,Chemical + Feature Engineering,Linear Regression,Time Series Split,"{""N_Splits"": 5, ""Repeats"": 1, ""Gap"": 0}",1.926307813531637,0.27338013743488104,1.4374188522702052,0.1836500601801687,0.03240438165611046,0.004855933476671571,0.46998420770832505,0.1942127276524351,2.653401309902457,0.619970619970455,2.0661925089525077,0.3595487450363519,0.04855099984830284,0.00989051132831933,-0.08443011301535548,0.6296325045336494
