Category,Company,Data Shape,Timesteps,Features,Model,Cross Validation,Cross Validation Params,RMSE Train,RMSE Train,MAE Train,MAE Train,MAPE Train,MAPE Train,R2 Train,R2 Train,RMSE Test,RMSE Test,MAE Test,MAE Test,MAPE Test,MAPE Test,R2 Test,R2 Test
,,,,,,,,mean,std,mean,std,mean,std,mean,std,mean,std,mean,std,mean,std,mean,std
Local Model,209,"(938, 15)",,Chemical + CS3,Linear Regression,Blocking Time Series Split,"{""N_Splits"": 5, ""Repeats"": 1, ""train_size"": 0.8}",1.3613941397835438,0.2307765921141657,1.0807920252562944,0.16903565756053782,0.024656044681508265,0.003750894987181133,0.6318966002170965,0.24438062642057456,1.5683018037925414,0.1616442548434645,1.279792353613149,0.09840357248182215,0.029158002952935413,0.003198764776127206,-0.21044484431719906,1.0206730712261225
Local Model,209,"(938, 15)",,Chemical + CS3,Linear Regression,Out of time Split,"{""Test Size"": 0.2}",1.5520242585731587,0.0,1.2052058427861372,0.0,0.02734066611276182,0.0,0.7723752542558134,0.0,2.1081440452371805,0.0,1.7324802536215056,0.0,0.03945919902637762,0.0,-0.278142386041623,0.0
Local Model,209,"(938, 15)",,Chemical + CS3,Linear Regression,Repeated KFold,"{""N_Splits"": 5, ""Repeats"": 3}",1.6413290692478169,0.024835659398038373,1.2919643417769924,0.020300429650233293,0.029512700398676133,0.00048819287661978726,0.7067512473281963,0.00861368209206579,1.6785441717697294,0.09854449640807517,1.3226901256825214,0.07193267931895672,0.030216360480961355,0.0017568315005318956,0.6886336422693395,0.03834840191735338
Local Model,209,"(938, 15)",,Chemical + CS3,Linear Regression,Time Series Split,"{""N_Splits"": 5, ""Repeats"": 1, ""Gap"": 0}",1.5438121689224515,0.08402052909687104,1.1976232393539896,0.05819940005487807,0.02666544844179593,0.0018226617618424916,0.6179423803295506,0.23679201774417824,2.1000073777435966,0.5648364843665586,1.647678425444025,0.35557328457771537,0.03848804084312367,0.008902359007383709,0.21912955866959632,0.6192039498623492
