Category,Company,Data Shape,Timesteps,Features,Model,Cross Validation,Cross Validation Params,RMSE Train,RMSE Train,MAE Train,MAE Train,MAPE Train,MAPE Train,R2 Train,R2 Train,RMSE Test,RMSE Test,MAE Test,MAE Test,MAPE Test,MAPE Test,R2 Test,R2 Test
,,,,,,,,mean,std,mean,std,mean,std,mean,std,mean,std,mean,std,mean,std,mean,std
Local Model,209,"(938, 17)",,Chemical + Properties CS Less,Linear Regression,Blocking Time Series Split,"{""N_Splits"": 5, ""Repeats"": 1, ""train_size"": 0.8}",1.4898503552473144,0.28129271581930776,1.165790830469585,0.2290604480048919,0.026779004080314313,0.00580765188298345,0.6237039287064455,0.15411746447711908,1.6900550996860761,0.2764652482684636,1.3309390992103187,0.2320871590686241,0.030391808242448515,0.005929715910158708,-0.23516924417114904,0.9591403398141246
Local Model,209,"(938, 17)",,Chemical + Properties CS Less,Linear Regression,Out of time Split,"{""Test Size"": 0.2}",1.9166042751071948,0.0,1.4258847973794193,0.0,0.032701842732548045,0.0,0.6528738204370519,0.0,2.096966442449123,0.0,1.6921081602117958,0.0,0.03849636444658436,0.0,-0.264624625258032,0.0
Local Model,209,"(938, 17)",,Chemical + Properties CS Less,Linear Regression,Repeated KFold,"{""N_Splits"": 5, ""Repeats"": 3}",1.909106998255303,0.03031702104735612,1.4388469846861525,0.02562759510581095,0.033058780247387315,0.0006046633269647079,0.6032363057451732,0.012807174137022462,1.9559835399613656,0.1196914550172306,1.4758345140638058,0.09434047772139462,0.03391188589237969,0.00219292086140454,0.5770160486337854,0.052897253346432506
Local Model,209,"(938, 17)",,Chemical + Properties CS Less,Linear Regression,Time Series Split,"{""N_Splits"": 5, ""Repeats"": 1, ""Gap"": 0}",1.697995946541138,0.2332046425913443,1.27748732471989,0.17968895821255607,0.028735495416795903,0.004735266298802833,0.5886691887666129,0.15030908037514196,2.598507504592078,0.34713298780203555,2.067384545125715,0.27323214128737267,0.04804942961405599,0.006394057311247696,-0.023234784888874805,0.4734609568233517
