Category,Company,Data Shape,Timesteps,Features,Model,Cross Validation,Cross Validation Params,RMSE Train,RMSE Train,MAE Train,MAE Train,MAPE Train,MAPE Train,R2 Train,R2 Train,RMSE Test,RMSE Test,MAE Test,MAE Test,MAPE Test,MAPE Test,R2 Test,R2 Test
,,,,,,,,mean,std,mean,std,mean,std,mean,std,mean,std,mean,std,mean,std,mean,std
Local Model,209,"(938, 15)",,Chemical + CS3,MLP,Blocking Time Series Split,"{""N_Splits"": 5, ""Repeats"": 3, ""train_size"": 0.8}",4.57637330226944,0.5310422155118621,3.673190252944979,0.4731782968426025,0.08282164698541679,0.008816631122889022,-3.6033658323781936,3.6684017250940313,8.172516521906742,2.519799845441155,5.953460636373154,1.2807290478947,0.13399231926763702,0.027482410993075093,-52.65462190722157,58.03109195042331
Local Model,209,"(938, 15)",,Chemical + CS3,MLP,Out of time Split,"{""Test Size"": 0.2}",1.6900586566068976,0.06742669795507177,1.2957879666612417,0.040327240973306845,0.029268213059784467,0.0008368476135195767,0.7296560004493693,0.021551251689557852,2.038431011448721,0.12353391657856706,1.5474551104822911,0.07832029780202883,0.03545758708041624,0.0017158492882400449,-0.19939656777248946,0.1444903658980434
Local Model,209,"(938, 15)",,Chemical + CS3,MLP,Repeated KFold,"{""N_Splits"": 5, ""Repeats"": 3}",1.697845538660367,0.05722253897078492,1.2945458160017906,0.03584134467997052,0.029337129120054813,0.0008050851395179751,0.6859529743338822,0.02089664139145447,1.7545510877015036,0.11018616943229588,1.343125209090086,0.08441826522673025,0.030445984976660925,0.001890136353652712,0.6587562523776197,0.04978661765068201
Local Model,209,"(938, 15)",,Chemical + CS3,MLP,Time Series Split,"{""N_Splits"": 5, ""Repeats"": 3, ""Gap"": 0}",2.495157728890378,1.2692736904416313,1.9839473406996226,1.095672450268942,0.04356096776663178,0.02304352461882704,-1.4710569558436577,4.191511951693124,11.532190281606233,17.61154134151942,7.22749205525064,9.985031085932437,0.17209548803944233,0.24049338978258025,-52.858590673410625,106.5140909891735
