Category,Company,Data Shape,Timesteps,Features,Model,Cross Validation,Cross Validation Params,RMSE Train,RMSE Train,MAE Train,MAE Train,MAPE Train,MAPE Train,R2 Train,R2 Train,RMSE Test,RMSE Test,MAE Test,MAE Test,MAPE Test,MAPE Test,R2 Test,R2 Test
,,,,,,,,mean,std,mean,std,mean,std,mean,std,mean,std,mean,std,mean,std,mean,std
Local Model,209,"(938, 14)",,Chemical,Random Forest,Blocking Time Series Split,"{""N_Splits"": 5, ""Repeats"": 1, ""train_size"": 0.8}",1.315549397855381,0.35487558036521594,0.9721287205713104,0.2002251126110661,0.022338620339809132,0.004801303238262732,0.6882570055488701,0.16959013929973213,1.7923260626822421,0.5082399695942559,1.38224027819589,0.33816711555697376,0.03211551580488428,0.009530634555359754,-0.2542674178405663,1.0108214790133194
Local Model,209,"(938, 14)",,Chemical,Random Forest,Out of time Split,"{""Test Size"": 0.2}",1.7970071804413328,0.0,1.283991538685204,0.0,0.029400480597598293,0.0,0.6948438771309459,0.0,2.1561555133005257,0.0,1.763763774354936,0.0,0.040171393162040256,0.0,-0.3370228691069894,0.0
Local Model,209,"(938, 14)",,Chemical,Random Forest,Repeated KFold,"{""N_Splits"": 5, ""Repeats"": 3}",1.7343711691630277,0.02646497061331573,1.266915865548938,0.026655105352257777,0.02908167575122197,0.000633748654309619,0.6725585032154846,0.009865710374156124,1.864833902309354,0.1666401521134409,1.3557759332249766,0.10124161963193869,0.03114909538952494,0.002496717769544922,0.6161101396008644,0.05619600666921339
Local Model,209,"(938, 14)",,Chemical,Random Forest,Time Series Split,"{""N_Splits"": 5, ""Repeats"": 1, ""Gap"": 0}",1.6704249909801185,0.2454361260813437,1.1771057758133066,0.14702841193168834,0.02655050106904276,0.003910485211304328,0.6038975957399837,0.13950834359485134,2.4026814461656056,0.6221413505541674,1.8279280310268031,0.37988565544341496,0.04303812503975827,0.01061792380601562,0.12403168491922253,0.47486989401318264
