Category,Company,Data Shape,Timesteps,Features,Model,Cross Validation,Cross Validation Params,RMSE Train,RMSE Train,MAE Train,MAE Train,MAPE Train,MAPE Train,R2 Train,R2 Train,RMSE Test,RMSE Test,MAE Test,MAE Test,MAPE Test,MAPE Test,R2 Test,R2 Test
,,,,,,,,mean,std,mean,std,mean,std,mean,std,mean,std,mean,std,mean,std,mean,std
Local Model,209,"(938, 15)",,Chemical + Feature Engineering,Random Forest,Blocking Time Series Split,"{""N_Splits"": 5, ""Repeats"": 1, ""train_size"": 0.8}",1.3190070270342025,0.3584442821148843,0.9721323262470773,0.20199245580508618,0.022351782846542354,0.004881888728683165,0.6873931232234205,0.17024464139418827,1.7925288333401408,0.4860437563577589,1.3988213226188475,0.30961037578921496,0.03242311151817666,0.00891820222385179,-0.3103530485713867,1.047358446479338
Local Model,209,"(938, 15)",,Chemical + Feature Engineering,Random Forest,Out of time Split,"{""Test Size"": 0.2}",1.7954678716814056,0.0,1.2813310565214946,0.0,0.029333982923767113,0.0,0.6953664441123562,0.0,2.1179606057088787,0.0,1.741078303551382,0.0,0.03965621070477376,0.0,-0.2900734250806636,0.0
Local Model,209,"(938, 15)",,Chemical + Feature Engineering,Random Forest,Repeated KFold,"{""N_Splits"": 5, ""Repeats"": 3}",1.735203266838353,0.02714073850086117,1.2679739003092878,0.02713935270253867,0.029107987741582384,0.0006445370396121507,0.6722514556360253,0.009761106653004845,1.867568937174778,0.17047530963573912,1.3565967895299555,0.10295815709209734,0.031170400185439855,0.0025373853553825455,0.615232870653374,0.055439836405654815
Local Model,209,"(938, 15)",,Chemical + Feature Engineering,Random Forest,Time Series Split,"{""N_Splits"": 5, ""Repeats"": 1, ""Gap"": 0}",1.6728599404743871,0.2471672172677382,1.1772033349850695,0.1508667933182744,0.026558701564481868,0.003984932670800026,0.6023527384730587,0.14126568581975155,2.4271583419969316,0.6408901328126796,1.8401426363552502,0.39403483174216736,0.04336961896845737,0.011105074398999298,0.11023038719406182,0.47965928829865856
