Category,Company,Data Shape,Timesteps,Features,Model,Cross Validation,Cross Validation Params,RMSE Train,RMSE Train,MAE Train,MAE Train,MAPE Train,MAPE Train,R2 Train,R2 Train,RMSE Test,RMSE Test,MAE Test,MAE Test,MAPE Test,MAPE Test,R2 Test,R2 Test
,,,,,,,,mean,std,mean,std,mean,std,mean,std,mean,std,mean,std,mean,std,mean,std
Local Model,209,"(938, 16)",,Chemical + CS3 + CS7,XGBoost,Blocking Time Series Split,"{""N_Splits"": 5, ""Repeats"": 1, ""train_size"": 0.8}",1.0561147821272017,0.1595554526949269,0.8165645937106755,0.10423496165073771,0.018680209279315445,0.0025744273204938266,0.797740058936707,0.11679665665990982,1.3972228563133013,0.27999952341424206,1.0873027038574252,0.23841379380770528,0.025067537580447236,0.006847624922286363,0.27921258444916097,0.45762983996137807
Local Model,209,"(938, 16)",,Chemical + CS3 + CS7,XGBoost,Out of time Split,"{""Test Size"": 0.2}",1.3761671235934383,0.0,1.0319796108805335,0.0,0.02351328690608269,0.0,0.8210363534708315,0.0,1.5896606132987972,0.0,1.2509643627734894,0.0,0.02877596452217181,0.0,0.27324588232695657,0.0
Local Model,209,"(938, 16)",,Chemical + CS3 + CS7,XGBoost,Repeated KFold,"{""N_Splits"": 5, ""Repeats"": 3}",1.3759995739633528,0.015217889527317924,1.0427005567183427,0.014154717682638545,0.023850815027990642,0.00034148829571569817,0.7938979070787734,0.005257410242298084,1.495283086823011,0.07846058951135516,1.135238803295437,0.05975064460643858,0.02601587701870727,0.0014882496215223493,0.7536499656589933,0.021325988660574252
Local Model,209,"(938, 16)",,Chemical + CS3 + CS7,XGBoost,Time Series Split,"{""N_Splits"": 5, ""Repeats"": 1, ""Gap"": 0}",1.3169503886691691,0.15182238128555758,0.990762710311192,0.10056760192375033,0.022161922635267207,0.0027195301240640905,0.7450909925045689,0.10969201098701127,2.057998711311598,0.7021573327127238,1.5586531406109148,0.46736511238129236,0.03691977836392109,0.012212986639161634,0.36598030965628353,0.3906330976138222
