Category,Company,Data Shape,Timesteps,Features,Model,Cross Validation,Cross Validation Params,RMSE Train,RMSE Train,MAE Train,MAE Train,MAPE Train,MAPE Train,R2 Train,R2 Train,RMSE Test,RMSE Test,MAE Test,MAE Test,MAPE Test,MAPE Test,R2 Test,R2 Test
,,,,,,,,mean,std,mean,std,mean,std,mean,std,mean,std,mean,std,mean,std,mean,std
Local Model,209,"(938, 15)",,Chemical + CS7,XGBoost,Blocking Time Series Split,"{""N_Splits"": 5, ""Repeats"": 1, ""train_size"": 0.8}",1.0784769213433452,0.17809331204947135,0.8313426121244497,0.11510219949742749,0.019019497621667963,0.0028326478690027536,0.7920772806495167,0.11446191745706226,1.4492702309891816,0.3103067520938782,1.104754737452459,0.25163353293654545,0.02539738685048306,0.007169316624347882,0.24936625988435565,0.4444870974868489
Local Model,209,"(938, 15)",,Chemical + CS7,XGBoost,Out of time Split,"{""Test Size"": 0.2}",1.4004278840505595,0.0,1.058894853190104,0.0,0.024130198491655857,0.0,0.8146707524941872,0.0,1.4914746379263455,0.0,1.1888113711742645,0.0,0.02728620192864991,0.0,0.36024981721601057,0.0
Local Model,209,"(938, 15)",,Chemical + CS7,XGBoost,Repeated KFold,"{""N_Splits"": 5, ""Repeats"": 3}",1.3854717995192185,0.015246502223731237,1.0456789367377282,0.013824516482340628,0.023916468830957164,0.00033812826719740855,0.7910653006604916,0.004702583558248033,1.5156164475995222,0.08005705885964315,1.1451357541835923,0.060855355023231236,0.02624924852746615,0.0015434398260510429,0.7471193381282631,0.019405130247084606
Local Model,209,"(938, 15)",,Chemical + CS7,XGBoost,Time Series Split,"{""N_Splits"": 5, ""Repeats"": 1, ""Gap"": 0}",1.3299955085242345,0.1561862742126099,1.0018733978825591,0.10173617397562586,0.022423465657185088,0.002781734034132367,0.7412896595147357,0.10900685549841997,2.0757162920805707,0.7167033541255744,1.5712963617569358,0.4779846266333054,0.03724495743997035,0.01262328276537843,0.3652238334065908,0.37868370336277646
