Category,Company,Data Shape,Timesteps,Features,Model,Cross Validation,Cross Validation Params,RMSE Train,RMSE Train,MAE Train,MAE Train,MAPE Train,MAPE Train,R2 Train,R2 Train,RMSE Test,RMSE Test,MAE Test,MAE Test,MAPE Test,MAPE Test,R2 Test,R2 Test
,,,,,,,,mean,std,mean,std,mean,std,mean,std,mean,std,mean,std,mean,std,mean,std
Local Model,209,"(938, 19)",,Chemical + Physical,XGBoost,Blocking Time Series Split,"{""N_Splits"": 5, ""Repeats"": 1, ""train_size"": 0.8}",1.0185589392712266,0.1624208196540016,0.7691601862350574,0.10759328077683904,0.017617123817992388,0.0027989911014016425,0.8211991607578852,0.08063831975675344,1.34325661485884,0.26858849132638374,1.0563517488178475,0.20418530484414785,0.024248241791671447,0.005827398490633907,0.3396732177753074,0.39480084131650534
Local Model,209,"(938, 19)",,Chemical + Physical,XGBoost,Out of time Split,"{""Test Size"": 0.2}",1.3584846173804168,0.0,1.0260189329833986,0.0,0.02337195143974264,0.0,0.8256058495542176,0.0,1.5290970262523829,0.0,1.2320244030242262,0.0,0.028272985393955383,0.0,0.3275673993104251,0.0
Local Model,209,"(938, 19)",,Chemical + Physical,XGBoost,Repeated KFold,"{""N_Splits"": 5, ""Repeats"": 3}",1.3604151016972126,0.01955486810468963,1.0281809685394916,0.019132050029634216,0.023522623184968523,0.0004480356460446545,0.7985532222908008,0.005277442427079137,1.4755831401491837,0.08345526443578462,1.1146086458863662,0.06002379446222201,0.025548489884102667,0.001542189373906118,0.7603915152552012,0.01845358795920713
Local Model,209,"(938, 19)",,Chemical + Physical,XGBoost,Time Series Split,"{""N_Splits"": 5, ""Repeats"": 1, ""Gap"": 0}",1.2719657787950136,0.19300669368324197,0.9545527691163024,0.13134546461198407,0.02136504088989268,0.0033758977152320915,0.7724968853460016,0.07503506230681403,2.044152210384813,0.7329915135390707,1.5581803800925225,0.469110885938762,0.036971032651641575,0.012205809335697669,0.3713812179037716,0.40806964607390356
