Category,Company,Data Shape,Timesteps,Features,Model,Cross Validation,Cross Validation Params,RMSE Train,RMSE Train,MAE Train,MAE Train,MAPE Train,MAPE Train,R2 Train,R2 Train,RMSE Test,RMSE Test,MAE Test,MAE Test,MAPE Test,MAPE Test,R2 Test,R2 Test
,,,,,,,,mean,std,mean,std,mean,std,mean,std,mean,std,mean,std,mean,std,mean,std
Local Model,209,"(938, 17)",,Chemical + Properties CS Less,XGBoost,Blocking Time Series Split,"{""N_Splits"": 5, ""Repeats"": 1, ""train_size"": 0.8}",1.1024825599113415,0.1872800767147523,0.8409713518590731,0.12613307680446173,0.01929408466505909,0.003307864484052542,0.7916676671638376,0.08935395900199397,1.7223342064292086,0.2174133708845121,1.3478106480648662,0.16246850057219225,0.03096920681775242,0.0053909467713098794,-0.2884558313537514,0.9900264323300149
Local Model,209,"(938, 17)",,Chemical + Properties CS Less,XGBoost,Out of time Split,"{""Test Size"": 0.2}",1.4967152869208187,0.0,1.1230358618977863,0.0,0.025609826014495147,0.0,0.78830975171691,0.0,2.265321667072289,0.0,1.8063154504654277,0.0,0.04136860511121158,0.0,-0.4758371252844247,0.0
Local Model,209,"(938, 17)",,Chemical + Properties CS Less,XGBoost,Repeated KFold,"{""N_Splits"": 5, ""Repeats"": 3}",1.5356959415818199,0.018259768434285437,1.1600909041886245,0.017346362167492458,0.026587820652502578,0.00041630162962096685,0.7432806880205866,0.006804374271313613,1.7167634796283529,0.1082698833275076,1.2836378729095963,0.07799234580623116,0.029510765059638896,0.0019146077714228015,0.6752042506400758,0.03230402020612835
Local Model,209,"(938, 17)",,Chemical + Properties CS Less,XGBoost,Time Series Split,"{""N_Splits"": 5, ""Repeats"": 1, ""Gap"": 0}",1.3627580331680542,0.20733576779078514,1.0020123275249084,0.15330929254645537,0.022499822218619965,0.003953817171428323,0.7400711465670401,0.08230255530626863,2.7968330331059406,0.5505848239117892,2.175158399415627,0.37314532489809144,0.05165570089239748,0.01026769763613392,-0.16470675152536898,0.5633200714661588
