Category,Company,Data Shape,Timesteps,Features,Model,Cross Validation,Cross Validation Params,RMSE Train,RMSE Train,MAE Train,MAE Train,MAPE Train,MAPE Train,R2 Train,R2 Train,RMSE Test,RMSE Test,MAE Test,MAE Test,MAPE Test,MAPE Test,R2 Test,R2 Test
,,,,,,,,mean,std,mean,std,mean,std,mean,std,mean,std,mean,std,mean,std,mean,std
Local Model,209,"(938, 14)",,Chemical,XGBoost,Blocking Time Series Split,"{""N_Splits"": 5, ""Repeats"": 1, ""train_size"": 0.8}",1.1783880335517471,0.18325721569207754,0.9031866228551673,0.12276493774007408,0.02069452218116711,0.0031258245787090075,0.7465856671869817,0.14632145862719062,1.7099367634092384,0.34573494592688686,1.3431611079165826,0.2784316335687327,0.030927072633310765,0.008010215141501227,-0.14479772248628356,0.8520908814180436
Local Model,209,"(938, 14)",,Chemical,XGBoost,Out of time Split,"{""Test Size"": 0.2}",1.5136287994388677,0.0,1.1221950114746087,0.0,0.02560395376649288,0.0,0.7834983412181675,0.0,2.3518980710869166,0.0,1.8286299449839492,0.0,0.04172816564255102,0.0,-0.5908003030877349,0.0
Local Model,209,"(938, 14)",,Chemical,XGBoost,Repeated KFold,"{""N_Splits"": 5, ""Repeats"": 3}",1.6043459750933384,0.01724085168972712,1.1896855697921653,0.01606974787095787,0.027292225485224017,0.00039739053767306017,0.7198464322161351,0.00583230596334831,1.7422858483208556,0.1052275930243195,1.2936414743990383,0.08020967410125099,0.02971852176404658,0.0020165979104845096,0.6657496449096417,0.02861809944035968
Local Model,209,"(938, 14)",,Chemical,XGBoost,Time Series Split,"{""N_Splits"": 5, ""Repeats"": 1, ""Gap"": 0}",1.4202287511973382,0.15676186687980068,1.0549037955884584,0.10160452642197458,0.023656082807580487,0.0028451485769636843,0.7029378657336565,0.13034307010380566,2.919411009817133,0.5900773835231726,2.216868420801407,0.425771701231548,0.05276186314621954,0.011466476358923252,-0.27649586829429973,0.6440425845928162
