Category,Company,Data Shape,Timesteps,Features,Model,Cross Validation,Cross Validation Params,RMSE Train,RMSE Train,MAE Train,MAE Train,MAPE Train,MAPE Train,R2 Train,R2 Train,RMSE Test,RMSE Test,MAE Test,MAE Test,MAPE Test,MAPE Test,R2 Test,R2 Test
,,,,,,,,mean,std,mean,std,mean,std,mean,std,mean,std,mean,std,mean,std,mean,std
Local Model,203,"(1098, 11)",,Chemical + CS1,Decision Tree,Blocking Time Series Split,"{""N_Splits"": 5, ""Repeats"": 1, ""train_size"": 0.8}",2.018662621108059,0.3586615803236247,1.5581465548094016,0.2919120678715898,0.03627626214642038,0.006445165508729938,0.7967618625234358,0.08987715282206545,2.5866603093204077,0.22799628317190163,1.9254526142769834,0.17647984838517522,0.04541790259834057,0.0038480161070560833,0.5859212959004901,0.18151988403088487
Local Model,203,"(1098, 11)",,Chemical + CS1,Decision Tree,Out of time Split,"{""Test Size"": 0.2}",2.363916580795952,0.0,1.8617076293348775,0.0,0.04299327601972948,0.0,0.7355857252328322,0.0,4.0772292085593245,0.0,3.23896236248508,0.0,0.08341590440744753,0.0,0.34248680316429214,0.0
Local Model,203,"(1098, 11)",,Chemical + CS1,Decision Tree,Repeated KFold,"{""N_Splits"": 5, ""Repeats"": 3}",3.2327994482422677,0.2124388774028576,2.394454456832451,0.1213414399745786,0.057036035487736836,0.003089904681491768,0.5450090520210434,0.05651131967102878,3.416537154533737,0.21792705605766,2.5112391003663523,0.16061982042251566,0.06019182789438189,0.004022076300707431,0.4906851227169576,0.056185688855928874
Local Model,203,"(1098, 11)",,Chemical + CS1,Decision Tree,Time Series Split,"{""N_Splits"": 5, ""Repeats"": 1, ""Gap"": 0}",2.6559509409930238,0.15627245751990657,2.084364832475562,0.11465922098045019,0.04784093456575202,0.002490541405279214,0.6287699311924623,0.06342955688303238,3.4857548062350787,0.40794170379411004,2.6277225171200866,0.23050354038148121,0.06371111312273585,0.00846720663864187,0.42337678128443396,0.09067470791856486
