Category,Company,Data Shape,Timesteps,Features,Model,Cross Validation,Cross Validation Params,RMSE Train,RMSE Train,MAE Train,MAE Train,MAPE Train,MAPE Train,R2 Train,R2 Train,RMSE Test,RMSE Test,MAE Test,MAE Test,MAPE Test,MAPE Test,R2 Test,R2 Test
,,,,,,,,mean,std,mean,std,mean,std,mean,std,mean,std,mean,std,mean,std,mean,std
Local Model,203,"(1098, 12)",,Chemical + CS1 + CS3,Decision Tree,Blocking Time Series Split,"{""N_Splits"": 5, ""Repeats"": 1, ""train_size"": 0.8}",1.8314240400061237,0.2353093656171293,1.4109761805596395,0.16774789483307634,0.0325251005018748,0.003042083304823734,0.8339678183140837,0.06073874078885998,2.5134587368606107,0.20488268057774256,1.9038210458637699,0.0700365783248806,0.045130388396619446,0.0016072072050882116,0.6019468005547995,0.18844835858219128
Local Model,203,"(1098, 12)",,Chemical + CS1 + CS3,Decision Tree,Out of time Split,"{""Test Size"": 0.2}",2.289965712886813,0.0,1.8251152960060313,0.0,0.04205720368454256,0.0,0.7518704069216064,0.0,3.0172169036649845,0.0,2.4564793404059793,0.0,0.06170975932739633,0.0,0.6399297131696059,0.0
Local Model,203,"(1098, 12)",,Chemical + CS1 + CS3,Decision Tree,Repeated KFold,"{""N_Splits"": 5, ""Repeats"": 3}",2.3926531907842397,0.038809189426881135,1.8996055299164105,0.03935777608075224,0.044335264522085124,0.0010548885833633298,0.7517930091647909,0.009551701619697426,2.5819907264712234,0.12751216746602634,2.0341438734314905,0.09646328805294554,0.04775664085799784,0.002126477731236158,0.7083720755431276,0.03386181856720794
Local Model,203,"(1098, 12)",,Chemical + CS1 + CS3,Decision Tree,Time Series Split,"{""N_Splits"": 5, ""Repeats"": 1, ""Gap"": 0}",2.423285103945175,0.17371975217723717,1.8937435346359475,0.15827479665484426,0.043098682935699524,0.003523499227299055,0.6904315933960039,0.06018655501258611,3.0986589638351205,0.2997236042064668,2.359692607093007,0.1913898691689071,0.056589420485190424,0.007597160027661676,0.5290729869609784,0.1375550717146778
