Category,Company,Data Shape,Timesteps,Features,Model,Cross Validation,Cross Validation Params,RMSE Train,RMSE Train,MAE Train,MAE Train,MAPE Train,MAPE Train,R2 Train,R2 Train,RMSE Test,RMSE Test,MAE Test,MAE Test,MAPE Test,MAPE Test,R2 Test,R2 Test
,,,,,,,,mean,std,mean,std,mean,std,mean,std,mean,std,mean,std,mean,std,mean,std
Local Model,203,"(1098, 18)",,Chemical + Physical,Decision Tree,Blocking Time Series Split,"{""N_Splits"": 5, ""Repeats"": 1, ""train_size"": 0.8}",1.8723936582410423,0.23745298477523358,1.4484877621518728,0.18343896446060512,0.034115885711122944,0.004717192996171511,0.8315750979590966,0.05477169476205828,2.312293864630813,0.3501734206806401,1.8326545984471785,0.34468994280358534,0.0430452688520679,0.007755460335341904,0.6349667319983776,0.2104238614941784
Local Model,203,"(1098, 18)",,Chemical + Physical,Decision Tree,Out of time Split,"{""Test Size"": 0.2}",1.8549072827281143,0.0,1.4761726800444879,0.0,0.033681082447245346,0.0,0.8371960204804346,0.0,2.2883956406589587,0.0,1.8542128041246317,0.0,0.04466496572146846,0.0,0.7928731292625837,0.0
Local Model,203,"(1098, 18)",,Chemical + Physical,Decision Tree,Repeated KFold,"{""N_Splits"": 5, ""Repeats"": 3}",2.0416838844317193,0.03226260222355671,1.6183135257599444,0.02213942767112535,0.03763832912025102,0.0005007851436489382,0.8192889696363942,0.006460600808757782,2.1519890205626053,0.13182286648172967,1.689924734975936,0.08951551139292507,0.03932813394873289,0.0021257094419570074,0.7976629395858051,0.02461060342551114
Local Model,203,"(1098, 18)",,Chemical + Physical,Decision Tree,Time Series Split,"{""N_Splits"": 5, ""Repeats"": 1, ""Gap"": 0}",1.947124001866123,0.02638429579682535,1.5308276838242385,0.036784525672099784,0.034687991901549864,0.000938609314372761,0.8025134392218203,0.013476461035224142,2.2722856597365615,0.3189888431306498,1.8270693919981646,0.2514117287601187,0.042435015461681505,0.005234430086775578,0.7314064969430285,0.11853187928091638
