Category,Company,Data Shape,Timesteps,Features,Model,Cross Validation,Cross Validation Params,RMSE Train,RMSE Train,MAE Train,MAE Train,MAPE Train,MAPE Train,R2 Train,R2 Train,RMSE Test,RMSE Test,MAE Test,MAE Test,MAPE Test,MAPE Test,R2 Test,R2 Test
,,,,,,,,mean,std,mean,std,mean,std,mean,std,mean,std,mean,std,mean,std,mean,std
Local Model,203,"(1098, 12)",,Chemical + CS3 + CS7,Linear Regression,Blocking Time Series Split,"{""N_Splits"": 5, ""Repeats"": 1, ""train_size"": 0.8}",1.6792221730522268,0.08306522349249662,1.3218907885746454,0.07144843894520121,0.030703525964301637,0.0019948132807530035,0.8666377060661897,0.024392417890900263,2.0543325658429885,0.6771247764563461,1.5970186204868035,0.4927770043931954,0.036855631851349935,0.01170791471427152,0.7424302610498497,0.12925193471385685
Local Model,203,"(1098, 12)",,Chemical + CS3 + CS7,Linear Regression,Out of time Split,"{""Test Size"": 0.2}",1.7230343069785758,0.0,1.3332038014468646,0.0,0.030697660868924836,0.0,0.8595219554999556,0.0,2.2741494853491284,0.0,1.7598870659069776,0.0,0.04247264512004012,0.0,0.7954439930558324,0.0
Local Model,203,"(1098, 12)",,Chemical + CS3 + CS7,Linear Regression,Repeated KFold,"{""N_Splits"": 5, ""Repeats"": 3}",1.828569608634908,0.026333718054157417,1.4125094888001293,0.020007156779327403,0.03284157215288814,0.00044328418990191863,0.8550647662563662,0.00448263944982556,1.8607913889229235,0.10462468008229266,1.4365231625108095,0.07374118356783885,0.03339585228747065,0.0015780633719318315,0.8487207672055502,0.017126478978912476
Local Model,203,"(1098, 12)",,Chemical + CS3 + CS7,Linear Regression,Time Series Split,"{""N_Splits"": 5, ""Repeats"": 1, ""Gap"": 0}",1.7281880883165048,0.022873962957945783,1.3557781717260364,0.029485709787519885,0.030926423431588627,0.0008216301564882101,0.8445278713949265,0.008792534265631117,1.8989526654170974,0.23809082776538718,1.4563800376667853,0.16969969297393744,0.034199472570548096,0.004845705078134578,0.8274228535403697,0.03334782733033296
