Category,Company,Data Shape,Timesteps,Features,Model,Cross Validation,Cross Validation Params,RMSE Train,RMSE Train,MAE Train,MAE Train,MAPE Train,MAPE Train,R2 Train,R2 Train,RMSE Test,RMSE Test,MAE Test,MAE Test,MAPE Test,MAPE Test,R2 Test,R2 Test
,,,,,,,,mean,std,mean,std,mean,std,mean,std,mean,std,mean,std,mean,std,mean,std
Local Model,203,"(1098, 11)",,Chemical + CS1,Linear Regression,Blocking Time Series Split,"{""N_Splits"": 5, ""Repeats"": 1, ""train_size"": 0.8}",2.123265593211714,0.10946309419481978,1.6825114969183708,0.09378020708783207,0.03940628315899607,0.0029690387559745545,0.7866856178379651,0.038302137580288165,3.165542233882211,1.975068270894059,2.3755712402758595,1.3013733321275691,0.05507257232212672,0.031212091080616643,0.34570291308561374,0.6795019261677454
Local Model,203,"(1098, 11)",,Chemical + CS1,Linear Regression,Out of time Split,"{""Test Size"": 0.2}",2.244076678293636,0.0,1.756632550707543,0.0,0.04082658218837643,0.0,0.7617153928821454,0.0,3.468049205154589,0.0,2.649110988653248,0.0,0.06551954378420945,0.0,0.5242873264084015,0.0
Local Model,203,"(1098, 11)",,Chemical + CS1,Linear Regression,Repeated KFold,"{""N_Splits"": 5, ""Repeats"": 3}",2.4680765964509517,0.03595494505764155,1.9245379123834838,0.025703489335212274,0.04527508251432692,0.00063140874371282,0.735966533875175,0.008023532584727216,2.5201429858139575,0.14939960207622463,1.9609363421105241,0.1014593679774484,0.046124059171877146,0.0025572423237261058,0.7225094119577792,0.03228972390874987
Local Model,203,"(1098, 11)",,Chemical + CS1,Linear Regression,Time Series Split,"{""N_Splits"": 5, ""Repeats"": 1, ""Gap"": 0}",2.1681840092950937,0.05007647586963194,1.7206460363406133,0.04033284556319185,0.03967206999774214,0.0012639640320205158,0.7556188201130624,0.008928600940781633,2.6029871402539886,0.5588350081672814,1.9922361252043612,0.3994796151053798,0.04753706844265969,0.011241108264528189,0.6784839658113814,0.0988245962769504
