Category,Company,Data Shape,Timesteps,Features,Model,Cross Validation,Cross Validation Params,RMSE Train,RMSE Train,MAE Train,MAE Train,MAPE Train,MAPE Train,R2 Train,R2 Train,RMSE Test,RMSE Test,MAE Test,MAE Test,MAPE Test,MAPE Test,R2 Test,R2 Test
,,,,,,,,mean,std,mean,std,mean,std,mean,std,mean,std,mean,std,mean,std,mean,std
Local Model,203,"(1098, 13)",,Chemical + CS1 + CS3 + CS7,Linear Regression,Blocking Time Series Split,"{""N_Splits"": 5, ""Repeats"": 1, ""train_size"": 0.8}",1.6687852684992144,0.08350649749918324,1.315926973103974,0.07585430334684617,0.03057427242936673,0.0020647434167914234,0.8679916961364974,0.02556901026914826,2.2519349479187842,1.0472207380218588,1.6969323886893435,0.7060970643498992,0.03917668639448346,0.016702826467747154,0.6831069904818616,0.22859784941438505
Local Model,203,"(1098, 13)",,Chemical + CS1 + CS3 + CS7,Linear Regression,Out of time Split,"{""Test Size"": 0.2}",1.7228782546695494,0.0,1.332669527647702,0.0,0.030685630494780507,0.0,0.8595474000664476,0.0,2.2905291352153436,0.0,1.7684163307956071,0.0,0.0426691632385881,0.0,0.7924867362462998,0.0
Local Model,203,"(1098, 13)",,Chemical + CS1 + CS3 + CS7,Linear Regression,Repeated KFold,"{""N_Splits"": 5, ""Repeats"": 3}",1.8184704708319648,0.02365749465241028,1.4085315835232193,0.017452939777762525,0.032746617725091,0.00038613855205176076,0.8566683832216924,0.0040005161820938365,1.8544528785403003,0.09620772644472572,1.4338937271600576,0.06451659322796842,0.0333317584220317,0.001362374599270848,0.8498397631644735,0.01560507287502788
Local Model,203,"(1098, 13)",,Chemical + CS1 + CS3 + CS7,Linear Regression,Time Series Split,"{""N_Splits"": 5, ""Repeats"": 1, ""Gap"": 0}",1.7275461214089034,0.023205835792814593,1.3549817692023878,0.029770565181789856,0.03091003800603328,0.0008306306096214848,0.8446476974947628,0.008726574102822243,1.9024610464726586,0.2437255596627659,1.4579307412308815,0.1731851820183279,0.03424450119267598,0.004935584788222453,0.8269303948942692,0.03346654621756253
