Category,Company,Data Shape,Timesteps,Features,Model,Cross Validation,Cross Validation Params,RMSE Train,RMSE Train,MAE Train,MAE Train,MAPE Train,MAPE Train,R2 Train,R2 Train,RMSE Test,RMSE Test,MAE Test,MAE Test,MAPE Test,MAPE Test,R2 Test,R2 Test
,,,,,,,,mean,std,mean,std,mean,std,mean,std,mean,std,mean,std,mean,std,mean,std
Local Model,203,"(1098, 13)",,Chemical + Feature Engineering,MLP,Blocking Time Series Split,"{""N_Splits"": 5, ""Repeats"": 3, ""train_size"": 0.8}",4.9713826979338185,0.513087745446178,3.8738091160365515,0.4118882094706536,0.0902927538301117,0.010379005198782553,-0.1940848104939518,0.35271069773002944,7.286426997779194,2.558714244186435,5.4248314555486035,1.6249613070507147,0.1260665020788743,0.03726561261501115,-3.0567899892242094,3.7774278450279244
Local Model,203,"(1098, 13)",,Chemical + Feature Engineering,MLP,Out of time Split,"{""Test Size"": 0.2}",2.482369587064909,0.037480332651068246,1.9807417214233585,0.03385204707818743,0.045409795264618476,0.0006726247337197102,0.7083563792593598,0.00876347539742771,6.102447455975955,1.0557784389636355,3.3983372347282637,0.16520862787722163,0.0825074691173598,0.0037553385662987436,-0.5170186511995395,0.5201284466610593
Local Model,203,"(1098, 13)",,Chemical + Feature Engineering,MLP,Repeated KFold,"{""N_Splits"": 5, ""Repeats"": 3}",2.62208244264418,0.04756007852952495,2.055357117377515,0.03638263519416566,0.04789320241252629,0.0007502948995387998,0.7019431759990282,0.011336455974929925,2.74019644861142,0.15233203262390024,2.139936454277836,0.10054368842498841,0.04990331690733685,0.0023467734835371738,0.6724725955451463,0.03262097566379896
Local Model,203,"(1098, 13)",,Chemical + Feature Engineering,MLP,Time Series Split,"{""N_Splits"": 5, ""Repeats"": 3, ""Gap"": 0}",3.2372057088313517,1.0730691114809223,2.5588256155082365,0.8271152762835249,0.05848045610884477,0.019703008843670843,0.40039221183937074,0.42756091305996113,4.789654264340036,1.8495697505446334,3.4819552647046925,1.2217596483739501,0.0809120038904328,0.026641607594835047,-0.37085611311965183,1.1517497869882982
