Category,Company,Data Shape,Timesteps,Features,Model,Cross Validation,Cross Validation Params,RMSE Train,RMSE Train,MAE Train,MAE Train,MAPE Train,MAPE Train,R2 Train,R2 Train,RMSE Test,RMSE Test,MAE Test,MAE Test,MAPE Test,MAPE Test,R2 Test,R2 Test
,,,,,,,,mean,std,mean,std,mean,std,mean,std,mean,std,mean,std,mean,std,mean,std
Local Model,203,"(1098, 12)",,Chemical + CS3 + CS7,MLP,Blocking Time Series Split,"{""N_Splits"": 5, ""Repeats"": 3, ""train_size"": 0.8}",4.683766392437132,0.5980858908879083,3.5270090824672153,0.471383182011755,0.08254827118877216,0.010243231795973376,-0.07278649777200547,0.38552909332967167,6.864975389807212,2.4287437509476355,5.10038647514401,1.4689402024202147,0.11878699288484276,0.03286766465751855,-2.93479700296289,4.247260212926545
Local Model,203,"(1098, 12)",,Chemical + CS3 + CS7,MLP,Out of time Split,"{""Test Size"": 0.2}",1.8260252129398777,0.06699869150722833,1.447320237590584,0.05567093667362993,0.032928900209596,0.001181712396096979,0.8420140703249874,0.011727290721728378,2.371032799908756,0.11010950454621624,1.8068500050631435,0.07947147856058558,0.042697177628940965,0.0017803731929598064,0.7771642095702719,0.020470765176241867
Local Model,203,"(1098, 12)",,Chemical + CS3 + CS7,MLP,Repeated KFold,"{""N_Splits"": 5, ""Repeats"": 3}",1.9542316044982997,0.11150388190117218,1.5262580576112474,0.08336958303108001,0.03498395195588355,0.001831061864921955,0.8339469068618186,0.019710913376340896,2.0122843654765803,0.1657963887296689,1.5722317075406067,0.1165997608381116,0.036064643656834074,0.002632663482705226,0.8227665114926358,0.027248610038269405
Local Model,203,"(1098, 12)",,Chemical + CS3 + CS7,MLP,Time Series Split,"{""N_Splits"": 5, ""Repeats"": 3, ""Gap"": 0}",2.8239492867462475,1.2570727122170762,2.197725448122007,0.961044810138526,0.05013022302304939,0.022915688634478716,0.5090083425043055,0.46200967204703286,3.6413930066365086,1.98174236083498,2.8036987067050623,1.477997473486243,0.06432815106150998,0.03280154545766757,0.03291840340512222,1.176634412406502
