Category,Company,Data Shape,Timesteps,Features,Model,Cross Validation,Cross Validation Params,RMSE Train,RMSE Train,MAE Train,MAE Train,MAPE Train,MAPE Train,R2 Train,R2 Train,RMSE Test,RMSE Test,MAE Test,MAE Test,MAPE Test,MAPE Test,R2 Test,R2 Test
,,,,,,,,mean,std,mean,std,mean,std,mean,std,mean,std,mean,std,mean,std,mean,std
Local Model,203,"(1098, 10)",,Chemical,Random Forest,Blocking Time Series Split,"{""N_Splits"": 5, ""Repeats"": 1, ""train_size"": 0.8}",2.0776415749701984,0.16296608296033735,1.5803894414799566,0.1365141748856866,0.03717487592038146,0.00396249588366611,0.7987261094857105,0.02609315941221818,2.4844122110655142,0.22426212302024207,1.860236801451812,0.12292983364657216,0.04360126476840999,0.0024439504893089517,0.6308755875240338,0.1290154127381896
Local Model,203,"(1098, 10)",,Chemical,Random Forest,Out of time Split,"{""Test Size"": 0.2}",2.5390837410580733,0.0,1.9907999384140487,0.0,0.046362653037402515,0.0,0.6949474549094465,0.0,4.409644667819202,0.0,3.3233195672526707,0.0,0.08651465023104543,0.0,0.23090248054560514,0.0
Local Model,203,"(1098, 10)",,Chemical,Random Forest,Repeated KFold,"{""N_Splits"": 5, ""Repeats"": 3}",2.792141989974885,0.03503738910971939,2.1232769315100044,0.025523496078784565,0.050342502552636254,0.0006203729828449996,0.6620625148056587,0.010103648184082867,2.9945438467044085,0.184265904232581,2.264328037277151,0.11873646063580522,0.053932996894164635,0.0030143619605397885,0.6094984286516166,0.03501874578586413
Local Model,203,"(1098, 10)",,Chemical,Random Forest,Time Series Split,"{""N_Splits"": 5, ""Repeats"": 1, ""Gap"": 0}",2.2839130940501575,0.19107821697464877,1.8168912532285373,0.13076514017639676,0.04192158031186498,0.0032336951495023363,0.7275751532624516,0.040778861685684745,3.472189499803563,0.7742200271526489,2.6411184881618306,0.4964755751128685,0.06472487142368924,0.01597784736632012,0.4162871770937106,0.21072626718133808
