Category,Company,Data Shape,Timesteps,Features,Model,Cross Validation,Cross Validation Params,RMSE Train,RMSE Train,MAE Train,MAE Train,MAPE Train,MAPE Train,R2 Train,R2 Train,RMSE Test,RMSE Test,MAE Test,MAE Test,MAPE Test,MAPE Test,R2 Test,R2 Test
,,,,,,,,mean,std,mean,std,mean,std,mean,std,mean,std,mean,std,mean,std,mean,std
Local Model,203,"(1098, 11)",,Chemical + CS7,Random Forest,Blocking Time Series Split,"{""N_Splits"": 5, ""Repeats"": 1, ""train_size"": 0.8}",1.5361616280734025,0.14960309457529988,1.1805674176606575,0.10714024559985909,0.027235644401684644,0.0019190449220445483,0.88434597198756,0.03662719153046084,1.9932986523881335,0.2644339767321832,1.5080761353945231,0.10268603146289168,0.034882705016459514,0.0028408637862154277,0.7573415332274449,0.09358172854362529
Local Model,203,"(1098, 11)",,Chemical + CS7,Random Forest,Out of time Split,"{""Test Size"": 0.2}",1.8262871916616927,0.0,1.423717666129817,0.0,0.03246330321988718,0.0,0.8421811951139028,0.0,2.3782921061134457,0.0,1.9372414935913722,0.0,0.046822049063462906,0.0,0.7762801038008033,0.0
Local Model,203,"(1098, 11)",,Chemical + CS7,Random Forest,Repeated KFold,"{""N_Splits"": 5, ""Repeats"": 3}",1.867561523607462,0.023967033129727682,1.4479304435116478,0.019991386091953195,0.03340878125393894,0.0004645396006732521,0.8487952751312192,0.005126282238856357,1.9750756358141774,0.1405899764574324,1.5352166363502702,0.10077776832871962,0.035504273336687604,0.0021517153209363983,0.8293251229681613,0.02339315162402842
Local Model,203,"(1098, 11)",,Chemical + CS7,Random Forest,Time Series Split,"{""N_Splits"": 5, ""Repeats"": 1, ""Gap"": 0}",1.7887084002587972,0.044603213244193037,1.3809946386998386,0.04068100163151178,0.03130612855526488,0.0008901018770363254,0.833104356411474,0.0152074181952704,2.11344469049856,0.3033941361611877,1.6641418014873985,0.22171931611955,0.03856213067564018,0.004885914407839488,0.7701348594048335,0.09594058582609181
