Category,Company,Data Shape,Timesteps,Features,Model,Cross Validation,Cross Validation Params,RMSE Train,RMSE Train,MAE Train,MAE Train,MAPE Train,MAPE Train,R2 Train,R2 Train,RMSE Test,RMSE Test,MAE Test,MAE Test,MAPE Test,MAPE Test,R2 Test,R2 Test
,,,,,,,,mean,std,mean,std,mean,std,mean,std,mean,std,mean,std,mean,std,mean,std
Local Model,203,"(1098, 18)",,Chemical + Physical,Random Forest,Blocking Time Series Split,"{""N_Splits"": 5, ""Repeats"": 1, ""train_size"": 0.8}",1.4784006328801569,0.1530126074611806,1.1423246412739676,0.11055789810244261,0.02634751648032873,0.0020456932448233984,0.8928274669461924,0.0346858742463391,1.907779947231825,0.22241491188654447,1.5002877312036997,0.19678003346917625,0.03470756458380874,0.004265323105854827,0.7593237645011096,0.13134090853902383
Local Model,203,"(1098, 18)",,Chemical + Physical,Random Forest,Out of time Split,"{""Test Size"": 0.2}",1.7603207319126597,0.0,1.3846672751678133,0.0,0.03162547591669738,0.0,0.8533762875685816,0.0,2.267151545850005,0.0,1.8132500834275282,0.0,0.04389509679319738,0.0,0.796700962426095,0.0
Local Model,203,"(1098, 18)",,Chemical + Physical,Random Forest,Repeated KFold,"{""N_Splits"": 5, ""Repeats"": 3}",1.7784696033185157,0.029205618845125406,1.3964574214392125,0.02604163481021905,0.03220367285030184,0.0005938690849403778,0.8628683169539191,0.005340562463870624,1.8960851619847843,0.09495048613649976,1.4883088517793275,0.06992351984286063,0.03436696420388261,0.0014834403695560894,0.8428900979708922,0.01723551624376752
Local Model,203,"(1098, 18)",,Chemical + Physical,Random Forest,Time Series Split,"{""N_Splits"": 5, ""Repeats"": 1, ""Gap"": 0}",1.7270529922803128,0.031244723705816834,1.3397049987188037,0.038366009357149816,0.030352971427843635,0.0008616253097962085,0.8445186864564084,0.012444034600096429,2.0396040539502636,0.24531970234638076,1.6070327716530202,0.18198654795927743,0.03727555779646838,0.003676807221762304,0.7862413090506768,0.086624608893713
