Category,Company,Data Shape,Timesteps,Features,Model,Cross Validation,Cross Validation Params,RMSE Train,RMSE Train,MAE Train,MAE Train,MAPE Train,MAPE Train,R2 Train,R2 Train,RMSE Test,RMSE Test,MAE Test,MAE Test,MAPE Test,MAPE Test,R2 Test,R2 Test
,,,,,,,,mean,std,mean,std,mean,std,mean,std,mean,std,mean,std,mean,std,mean,std
Local Model,203,"(1098, 18)",,Chemical + Physical,XGBoost,Blocking Time Series Split,"{""N_Splits"": 5, ""Repeats"": 1, ""train_size"": 0.8}",1.5588513918798648,0.07871033577827262,1.226086909702846,0.10023513621933731,0.028789913848482424,0.0022306642695369056,0.8841863859463206,0.025305547340695546,2.013502904380413,0.14950578602202536,1.6033259755914862,0.12021971687887602,0.03772690578454574,0.003418474106092961,0.7456029180067166,0.10371393279738231
Local Model,203,"(1098, 18)",,Chemical + Physical,XGBoost,Out of time Split,"{""Test Size"": 0.2}",1.7905506763240477,0.0,1.4171202066547506,0.0,0.03285401394397691,0.0,0.8482971158335504,0.0,2.3176649515024508,0.0,1.9636132500388406,0.0,0.049459214520863014,0.0,0.7875408072990278,0.0
Local Model,203,"(1098, 18)",,Chemical + Physical,XGBoost,Repeated KFold,"{""N_Splits"": 5, ""Repeats"": 3}",1.83263575659657,0.022883831890781196,1.4607765927219118,0.02221117713973133,0.034228522595110916,0.000498499788886002,0.8544236204309054,0.004087020590522522,1.9638720661050033,0.0799844098702307,1.5684165118322904,0.06225466026641825,0.036778504591018994,0.00143784810995731,0.8318883973420678,0.012786647831564402
Local Model,203,"(1098, 18)",,Chemical + Physical,XGBoost,Time Series Split,"{""N_Splits"": 5, ""Repeats"": 1, ""Gap"": 0}",1.7468555239555692,0.04155597878668636,1.400084719520666,0.019350142749268197,0.03219202389904184,0.00063888052973314,0.8411084006446231,0.010887250358514549,2.1460865916873044,0.23662859745074202,1.7271886231469324,0.20799253411354648,0.04094809357408241,0.005568082779624168,0.7709234038479238,0.07539938909624203
