Category,Company,Data Shape,Timesteps,Features,Model,Cross Validation,Cross Validation Params,RMSE Train,RMSE Train,MAE Train,MAE Train,MAPE Train,MAPE Train,R2 Train,R2 Train,RMSE Test,RMSE Test,MAE Test,MAE Test,MAPE Test,MAPE Test,R2 Test,R2 Test
,,,,,,,,mean,std,mean,std,mean,std,mean,std,mean,std,mean,std,mean,std,mean,std
Local Model,203,"(1098, 12)",,Chemical + CS3 + CS7,XGBoost,Blocking Time Series Split,"{""N_Splits"": 5, ""Repeats"": 1, ""train_size"": 0.8}",1.5844450248120776,0.08005044790017635,1.2490913739885603,0.09652418328174762,0.02937471355088846,0.002019309875915567,0.8799443817723793,0.027685921179043393,2.0704242538743793,0.27550996342176,1.6032694313742897,0.18002937013406176,0.03786733667330224,0.005297829407699667,0.7408257897107426,0.09153904297860575
Local Model,203,"(1098, 12)",,Chemical + CS3 + CS7,XGBoost,Out of time Split,"{""Test Size"": 0.2}",1.8246632851543794,0.0,1.4470741480521023,0.0,0.03355343385217388,0.0,0.8424617304469597,0.0,2.4854111245720043,0.0,2.12764706698331,0.0,0.05364544488812905,0.0,0.7556734311284132,0.0
Local Model,203,"(1098, 12)",,Chemical + CS3 + CS7,XGBoost,Repeated KFold,"{""N_Splits"": 5, ""Repeats"": 3}",1.9030126541065944,0.018774502316028067,1.5175162085660143,0.017246864547276235,0.035537864844785466,0.00038845319545925114,0.8430416215971397,0.0035182577781798473,2.035121827043457,0.10562050420255831,1.616181663109914,0.08256686638860569,0.03787235973771788,0.0017920829975467867,0.8193352974731495,0.017239747952270065
Local Model,203,"(1098, 12)",,Chemical + CS3 + CS7,XGBoost,Time Series Split,"{""N_Splits"": 5, ""Repeats"": 1, ""Gap"": 0}",1.7834686937282054,0.0463905834158167,1.4352048071077828,0.02686598188008417,0.03300606408524141,0.000630357782276262,0.8342461772834021,0.013255204504218248,2.2346278036627805,0.16843143819099257,1.7839219098534091,0.18282638588472871,0.04248088358982681,0.005238636065068555,0.7524492847518545,0.07005608318228418
