Category,Company,Data Shape,Timesteps,Features,Model,Cross Validation,Cross Validation Params,RMSE Train,RMSE Train,MAE Train,MAE Train,MAPE Train,MAPE Train,R2 Train,R2 Train,RMSE Test,RMSE Test,MAE Test,MAE Test,MAPE Test,MAPE Test,R2 Test,R2 Test
,,,,,,,,mean,std,mean,std,mean,std,mean,std,mean,std,mean,std,mean,std,mean,std
Local Model,203,"(1098, 11)",,Chemical + CS3,XGBoost,Blocking Time Series Split,"{""N_Splits"": 5, ""Repeats"": 1, ""train_size"": 0.8}",1.7207378987406532,0.06748634714382684,1.3522566380092074,0.08023044561102372,0.03186303141355791,0.0018156636201588727,0.8591590760460683,0.029067198535101237,2.3117628401166135,0.3932214170877971,1.8385657813332301,0.2711782427657322,0.04361856673098331,0.007531554607133617,0.6742242013096813,0.13412484224110482
Local Model,203,"(1098, 11)",,Chemical + CS3,XGBoost,Out of time Split,"{""Test Size"": 0.2}",2.051120134606205,0.0,1.6346174765827985,0.0,0.038028412696936,0.0,0.8009313829307201,0.0,2.8587022592851175,0.0,2.3930840821699664,0.0,0.061368466465016994,0.0,0.6767696963728269,0.0
Local Model,203,"(1098, 11)",,Chemical + CS3,XGBoost,Repeated KFold,"{""N_Splits"": 5, ""Repeats"": 3}",2.104842229409805,0.027378208507301015,1.6762486113199415,0.025878914894422084,0.03952365280579185,0.0005632363969624392,0.8079451402374048,0.006124793766915249,2.2918612516898085,0.11747884910112204,1.8153320852585546,0.09162333879774232,0.04293534311838614,0.0022406761735961813,0.7708980565414849,0.02159981860519429
Local Model,203,"(1098, 11)",,Chemical + CS3,XGBoost,Time Series Split,"{""N_Splits"": 5, ""Repeats"": 1, ""Gap"": 0}",1.9513881482160869,0.08310342110968398,1.5651462668052354,0.053169351911342214,0.03615538931272513,0.001303960714340607,0.8013988371336996,0.02025453105341992,2.6251175103040167,0.18710061878731143,2.095216798209102,0.19719437053966496,0.05059615323065988,0.007585654499912598,0.6695006622931052,0.050271281635579305
