Category,Company,Data Shape,Timesteps,Features,Model,Cross Validation,Cross Validation Params,RMSE Train,RMSE Train,MAE Train,MAE Train,MAPE Train,MAPE Train,R2 Train,R2 Train,RMSE Test,RMSE Test,MAE Test,MAE Test,MAPE Test,MAPE Test,R2 Test,R2 Test
,,,,,,,,mean,std,mean,std,mean,std,mean,std,mean,std,mean,std,mean,std,mean,std
Local Model,203,"(1098, 13)",,Chemical + CS1 + CS3 + CS7,XGBoost,Blocking Time Series Split,"{""N_Splits"": 5, ""Repeats"": 1, ""train_size"": 0.8}",1.5808873095779816,0.07979008436749657,1.2479429521833147,0.09584078113068806,0.029343333276814015,0.00197050528131696,0.8804943983523648,0.027567447257464312,2.08908143348218,0.2774920881664186,1.623594121066007,0.17444287706928616,0.038306942533442426,0.005248372950533622,0.7354469670963016,0.09426264573108267
Local Model,203,"(1098, 13)",,Chemical + CS1 + CS3 + CS7,XGBoost,Out of time Split,"{""Test Size"": 0.2}",1.823758947445988,0.0,1.4466511754620317,0.0,0.0335428948776859,0.0,0.8426178496542238,0.0,2.477657455856872,0.0,2.120861317027699,0.0,0.05343999608032444,0.0,0.7571954910068047,0.0
Local Model,203,"(1098, 13)",,Chemical + CS1 + CS3 + CS7,XGBoost,Repeated KFold,"{""N_Splits"": 5, ""Repeats"": 3}",1.9029708571276442,0.0187562857103954,1.517501017033801,0.017236996780547364,0.03553752932517127,0.000388293888431816,0.8430486030613483,0.0035129771519689405,2.0351788924125565,0.10560058636734569,1.6162393020296288,0.08255563629008669,0.037873573884650416,0.0017921209997213887,0.8193256692951266,0.017232993413253274
Local Model,203,"(1098, 13)",,Chemical + CS1 + CS3 + CS7,XGBoost,Time Series Split,"{""N_Splits"": 5, ""Repeats"": 1, ""Gap"": 0}",1.7827037691457668,0.04681572493813953,1.4347352833287528,0.027127036394770543,0.032995000238470205,0.0006366045907841902,0.8343888381878821,0.013272458527254746,2.2352423259208236,0.16888871602021402,1.7849737415417948,0.18339019524607703,0.04250903799714152,0.005231898623677657,0.7522765400082342,0.0702640677810317
