Category,Company,Data Shape,Timesteps,Features,Model,Cross Validation,Cross Validation Params,RMSE Train,RMSE Train,MAE Train,MAE Train,MAPE Train,MAPE Train,R2 Train,R2 Train,RMSE Test,RMSE Test,MAE Test,MAE Test,MAPE Test,MAPE Test,R2 Test,R2 Test
,,,,,,,,mean,std,mean,std,mean,std,mean,std,mean,std,mean,std,mean,std,mean,std
Local Model,203,"(1886, 13)",,Chemical + CS1 + CS3 + CS7,Decision Tree,Blocking Time Series Split,"{""N_Splits"": 5, ""Repeats"": 1, ""train_size"": 0.8}",1.5004122509520657,0.13953711781571834,1.152981448940194,0.09881404523589539,0.027762626808273662,0.0025197507995026046,0.9551619739939528,0.022747650889208895,2.326763526175233,0.6433847506287592,1.693942860408173,0.40501481093756786,0.0415106020315155,0.0100292130440299,0.8641048345557139,0.07914629659733131
Local Model,203,"(1886, 13)",,Chemical + CS1 + CS3 + CS7,Decision Tree,Out of time Split,"{""Test Size"": 0.2}",1.9109166728325495,0.0,1.496703616121501,0.0,0.03575848825444668,0.0,0.9385993498990919,0.0,1.9945435719469022,0.0,1.4369597441186557,0.0,0.03560869367170315,0.0,0.9435767871042358,0.0
Local Model,203,"(1886, 13)",,Chemical + CS1 + CS3 + CS7,Decision Tree,Repeated KFold,"{""N_Splits"": 5, ""Repeats"": 3}",1.86920258248816,0.01630691801112415,1.4461434337452952,0.015111424004955137,0.03474948295731018,0.0003052179448792377,0.944068629685366,0.0008986592092648333,1.9829617579271788,0.07022373887631495,1.5210711078253643,0.05727945401492049,0.03643354943614177,0.001327049619115903,0.9367459242904504,0.004421281607737043
Local Model,203,"(1886, 13)",,Chemical + CS1 + CS3 + CS7,Decision Tree,Time Series Split,"{""N_Splits"": 5, ""Repeats"": 1, ""Gap"": 0}",1.7996658304416524,0.17182775248028523,1.398357777514038,0.14936643736427707,0.032426462140922444,0.004425286201791123,0.9514634916454121,0.014931346392426438,2.676566511121102,0.6830054340661447,2.033861207103498,0.5002074714971592,0.04890872415423252,0.01093167576012009,0.8313370260168513,0.09863431411959225
