Category,Company,Data Shape,Timesteps,Features,Model,Cross Validation,Cross Validation Params,RMSE Train,RMSE Train,MAE Train,MAE Train,MAPE Train,MAPE Train,R2 Train,R2 Train,RMSE Test,RMSE Test,MAE Test,MAE Test,MAPE Test,MAPE Test,R2 Test,R2 Test
,,,,,,,,mean,std,mean,std,mean,std,mean,std,mean,std,mean,std,mean,std,mean,std
Local Model,203,"(1886, 13)",,Chemical + Feature Engineering,Decision Tree,Blocking Time Series Split,"{""N_Splits"": 5, ""Repeats"": 1, ""train_size"": 0.8}",1.744251777152949,0.09901920441656566,1.3539359130105244,0.08052705005907036,0.03264251598711806,0.001629359550692227,0.9420415389904264,0.02366958105286473,3.589715096605366,1.2003590995722373,2.6102182953776287,0.9267129139034166,0.0629722450735287,0.0201429361236052,0.6360246548337647,0.2982041201363611
Local Model,203,"(1886, 13)",,Chemical + Feature Engineering,Decision Tree,Out of time Split,"{""Test Size"": 0.2}",2.467779853869746,0.0,1.9211927705693563,0.0,0.04553369002929227,0.0,0.8975994477083385,0.0,2.517137231270983,0.0,2.007610219260141,0.0,0.04961511516862233,0.0,0.9101362489084093,0.0
Local Model,203,"(1886, 13)",,Chemical + Feature Engineering,Decision Tree,Repeated KFold,"{""N_Splits"": 5, ""Repeats"": 3}",2.423552629421429,0.018087409840935622,1.9102523688623234,0.01901421315758833,0.045640306450324825,0.0005366916448695019,0.9059699715159221,0.001644707170851367,2.6085599915491455,0.1399903021330537,2.0103800245996237,0.09186955180141333,0.047921954338811426,0.002480282118922856,0.8901067078630444,0.014427775488151611
Local Model,203,"(1886, 13)",,Chemical + Feature Engineering,Decision Tree,Time Series Split,"{""N_Splits"": 5, ""Repeats"": 1, ""Gap"": 0}",2.2491419125677043,0.22757384464148403,1.7582807467422519,0.16809182245834411,0.040277274482653155,0.005034414350443494,0.9239912184802115,0.024202275395326923,3.5883042909403216,0.6654405994949395,2.744402120590027,0.45628586040742974,0.06666824155885437,0.008844385970764777,0.7103387572910703,0.13877567763073206
