Category,Company,Data Shape,Timesteps,Features,Model,Cross Validation,Cross Validation Params,RMSE Train,RMSE Train,MAE Train,MAE Train,MAPE Train,MAPE Train,R2 Train,R2 Train,RMSE Test,RMSE Test,MAE Test,MAE Test,MAPE Test,MAPE Test,R2 Test,R2 Test
,,,,,,,,mean,std,mean,std,mean,std,mean,std,mean,std,mean,std,mean,std,mean,std
Local Model,203,"(1886, 15)",,Chemical + Properties CS Less,Decision Tree,Blocking Time Series Split,"{""N_Splits"": 5, ""Repeats"": 1, ""train_size"": 0.8}",1.7565377797578923,0.13747829215728066,1.3558141684398264,0.10341021800780788,0.032580763406463244,0.0021129290328785982,0.9413218869931459,0.023235673267019925,3.7330800249148828,1.3975889997069908,2.656113487123627,1.034561965738164,0.06375571957471063,0.022683756190364245,0.5937925261349914,0.34424612202352767
Local Model,203,"(1886, 15)",,Chemical + Properties CS Less,Decision Tree,Out of time Split,"{""Test Size"": 0.2}",2.4069832012572796,0.0,1.8932446116966746,0.0,0.04534924614189269,0.0,0.9025828121534493,0.0,2.403510544412612,0.0,1.8852547536539184,0.0,0.04658299992348305,0.0,0.918066252403993,0.0
Local Model,203,"(1886, 15)",,Chemical + Properties CS Less,Decision Tree,Repeated KFold,"{""N_Splits"": 5, ""Repeats"": 3}",2.4173359672775754,0.019608039395201057,1.8973293664714412,0.021329259842887128,0.04540481739803495,0.0005706254015766702,0.9064533656543801,0.0015973862088347812,2.6196488762465666,0.1253717165949021,2.0094792071566423,0.0809172674111387,0.047989039318421925,0.0023953795594121286,0.8892630920210715,0.01297692685521829
Local Model,203,"(1886, 15)",,Chemical + Properties CS Less,Decision Tree,Time Series Split,"{""N_Splits"": 5, ""Repeats"": 1, ""Gap"": 0}",2.1990773513182944,0.20917848970839575,1.7089687631615842,0.15439250603881274,0.03951157264977034,0.004851273894037758,0.9275692172089848,0.022580754978221405,3.4212898655798005,0.7045645212077805,2.5816528357098156,0.46414813007471417,0.0631155302463606,0.010407047513806392,0.7400558112137782,0.10478364010897083
