Category,Company,Data Shape,Timesteps,Features,Model,Cross Validation,Cross Validation Params,RMSE Train,RMSE Train,MAE Train,MAE Train,MAPE Train,MAPE Train,R2 Train,R2 Train,RMSE Test,RMSE Test,MAE Test,MAE Test,MAPE Test,MAPE Test,R2 Test,R2 Test
,,,,,,,,mean,std,mean,std,mean,std,mean,std,mean,std,mean,std,mean,std,mean,std
Local Model,203,"(1886, 15)",,Chemical + Properties CS Less,Linear Regression,Blocking Time Series Split,"{""N_Splits"": 5, ""Repeats"": 1, ""train_size"": 0.8}",1.7313546373006587,0.0361146859607989,1.3724889445931545,0.042759724288327736,0.03274751588491618,0.0020364355149307097,0.9437362428052631,0.01926376752602776,2.438777923988752,0.402162637756004,2.0030484496272707,0.41996244985161907,0.04707981430569752,0.009303975617469025,0.8527486512104554,0.09288858185373808
Local Model,203,"(1886, 15)",,Chemical + Properties CS Less,Linear Regression,Out of time Split,"{""Test Size"": 0.2}",2.1704354307726867,0.0,1.719546919182034,0.0,0.04064360749256573,0.0,0.9207894168206476,0.0,2.221439813125442,0.0,1.7241134280343031,0.0,0.043340208329264836,0.0,0.9300093771421574,0.0
Local Model,203,"(1886, 15)",,Chemical + Properties CS Less,Linear Regression,Repeated KFold,"{""N_Splits"": 5, ""Repeats"": 3}",2.1492971703315167,0.01896421707165873,1.685786427331151,0.017823172675186672,0.040239001382168495,0.0004198102829107152,0.9260447901565709,0.0015163071505817035,2.173979046327561,0.07859018941783717,1.7062204518288009,0.06714185870574504,0.040734782009874265,0.001596199083161242,0.9238986407509268,0.0062217481208074335
Local Model,203,"(1886, 15)",,Chemical + Properties CS Less,Linear Regression,Time Series Split,"{""N_Splits"": 5, ""Repeats"": 1, ""Gap"": 0}",2.0225396281934875,0.14426872134815205,1.57804745590229,0.12450578373038265,0.0361880734234767,0.0038490764391435005,0.9393292834943191,0.01680159777810237,2.7014999686200656,0.5273657437156465,2.151442354809877,0.4301586048200014,0.05228646197023552,0.01054232701552631,0.839551934167616,0.07412588934328053
