Category,Company,Data Shape,Timesteps,Features,Model,Cross Validation,Cross Validation Params,RMSE Train,RMSE Train,MAE Train,MAE Train,MAPE Train,MAPE Train,R2 Train,R2 Train,RMSE Test,RMSE Test,MAE Test,MAE Test,MAPE Test,MAPE Test,R2 Test,R2 Test
,,,,,,,,mean,std,mean,std,mean,std,mean,std,mean,std,mean,std,mean,std,mean,std
Local Model,203,"(1886, 12)",,Chemical + CS1 + CS3,Linear Regression,Blocking Time Series Split,"{""N_Splits"": 5, ""Repeats"": 1, ""train_size"": 0.8}",1.5973528244628425,0.13820397167198348,1.2593166289610054,0.12335667300549807,0.03018413259957886,0.003241950136003934,0.949164445883552,0.025297862492945924,2.4865871056592406,0.515985272072542,2.078768093351749,0.4829937150050446,0.04908874863183857,0.00988146846848952,0.844121784804962,0.10818849550548164
Local Model,203,"(1886, 12)",,Chemical + CS1 + CS3,Linear Regression,Out of time Split,"{""Test Size"": 0.2}",2.2301232460236595,0.0,1.7664340719219471,0.0,0.042307890765586185,0.0,0.9163728686762895,0.0,1.6383491373987629,0.0,1.3089079529046506,0.0,0.03273698549228514,0.0,0.9619299304887652,0.0
Local Model,203,"(1886, 12)",,Chemical + CS1 + CS3,Linear Regression,Repeated KFold,"{""N_Splits"": 5, ""Repeats"": 3}",2.110242791908814,0.017946259199324684,1.6540884558147093,0.013370949471057256,0.03987157600968231,0.00035909874872551846,0.9287083913324341,0.001415938680952787,2.1306905566174175,0.07301782153865599,1.6721050774439266,0.05296752792685974,0.04031637006654381,0.0015205132923750827,0.9269264897201909,0.005629839688218471
Local Model,203,"(1886, 12)",,Chemical + CS1 + CS3,Linear Regression,Time Series Split,"{""N_Splits"": 5, ""Repeats"": 1, ""Gap"": 0}",1.9761251762167462,0.23341833376524682,1.5616301829033667,0.18965452793155815,0.036329417415459496,0.005297463094038662,0.9407902637574251,0.020752657813888516,2.7192115861480755,0.8093820428775725,2.1437557524166895,0.6175657294142569,0.05303141625837389,0.01597387037008933,0.8302501317261504,0.08608031630800503
