Category,Company,Data Shape,Timesteps,Features,Model,Cross Validation,Cross Validation Params,RMSE Train,RMSE Train,MAE Train,MAE Train,MAPE Train,MAPE Train,R2 Train,R2 Train,RMSE Test,RMSE Test,MAE Test,MAE Test,MAPE Test,MAPE Test,R2 Test,R2 Test
,,,,,,,,mean,std,mean,std,mean,std,mean,std,mean,std,mean,std,mean,std,mean,std
Local Model,203,"(1886, 18)",,Chemical + Physical,Linear Regression,Blocking Time Series Split,"{""N_Splits"": 5, ""Repeats"": 1, ""train_size"": 0.8}",1.3938828892759472,0.09036539716896205,1.1047043605284628,0.07608354315075692,0.02636774582189346,0.0021880088547898266,0.9618157383920998,0.01807985234470682,1.982019650411413,0.3017981772916182,1.6059121213770724,0.2961644950533708,0.03789595942884112,0.006424599470154823,0.9016758124424937,0.05212463040747226
Local Model,203,"(1886, 18)",,Chemical + Physical,Linear Regression,Out of time Split,"{""Test Size"": 0.2}",1.7784004044590735,0.0,1.41736832716244,0.0,0.03374911449438443,0.0,0.9468199713496542,0.0,1.5977767122666207,0.0,1.2899730163358682,0.0,0.03232478792808006,0.0,0.9637921339358021,0.0
Local Model,203,"(1886, 18)",,Chemical + Physical,Linear Regression,Repeated KFold,"{""N_Splits"": 5, ""Repeats"": 3}",1.727066602829032,0.014767809890204748,1.378474422137685,0.01127946457038233,0.03311845684487929,0.00028648066795880603,0.9522453912617158,0.0010737114862605442,1.7496734395629594,0.059697002544926464,1.3996383480325767,0.048201332427829056,0.03363504773560203,0.001296340177025674,0.9506834961210553,0.004272763016404305
Local Model,203,"(1886, 18)",,Chemical + Physical,Linear Regression,Time Series Split,"{""N_Splits"": 5, ""Repeats"": 1, ""Gap"": 0}",1.6016093225073977,0.14102999994358548,1.2674628830644696,0.12665347570520016,0.0292703745959352,0.003775748306859313,0.9615973119752417,0.012102380242058798,2.2211625744408954,0.41010838869672395,1.7484833110384048,0.2864064717966393,0.04281940778552275,0.007412944242828699,0.8901898772887759,0.0440009024935308
