Category,Company,Data Shape,Timesteps,Features,Model,Cross Validation,Cross Validation Params,RMSE Train,RMSE Train,MAE Train,MAE Train,MAPE Train,MAPE Train,R2 Train,R2 Train,RMSE Test,RMSE Test,MAE Test,MAE Test,MAPE Test,MAPE Test,R2 Test,R2 Test
,,,,,,,,mean,std,mean,std,mean,std,mean,std,mean,std,mean,std,mean,std,mean,std
Local Model,203,"(1886, 12)",,Chemical + CS3 + CS7,Linear Regression,Blocking Time Series Split,"{""N_Splits"": 5, ""Repeats"": 1, ""train_size"": 0.8}",1.4421351239384257,0.10933532104122874,1.143651617006182,0.09154712189159493,0.027364714629311837,0.0028293682890840645,0.9588392149090945,0.01987891499917631,2.0128585580214042,0.30139742490900795,1.6290180255907156,0.27770388245768196,0.03845751236385427,0.005649849984353236,0.8994346577880741,0.05352417185132771
Local Model,203,"(1886, 12)",,Chemical + CS3 + CS7,Linear Regression,Out of time Split,"{""Test Size"": 0.2}",1.9170430922657697,0.0,1.522853193728184,0.0,0.03655275263221828,0.0,0.9382050165012115,0.0,1.4489465265813888,0.0,1.1765101855008326,0.0,0.029599782007765377,0.0,0.970223374943972,0.0
Local Model,203,"(1886, 12)",,Chemical + CS3 + CS7,Linear Regression,Repeated KFold,"{""N_Splits"": 5, ""Repeats"": 3}",1.8264071339566923,0.014901293067306299,1.4460733680916271,0.012605090323569925,0.0349290058916916,0.00033710345722813117,0.9465942325424603,0.0011618237766402959,1.840986814785242,0.06038848922644767,1.4588741727797911,0.05199434414907077,0.035248634219491405,0.0014576178960786224,0.9454142681788695,0.004533363544485638
Local Model,203,"(1886, 12)",,Chemical + CS3 + CS7,Linear Regression,Time Series Split,"{""N_Splits"": 5, ""Repeats"": 1, ""Gap"": 0}",1.6799593503162964,0.1729505845329614,1.3291118334757521,0.14568700670561088,0.030855520349748377,0.004343954753141379,0.9574555035608844,0.014523069096099251,2.358514505288095,0.5972342138700353,1.8243762791322777,0.411086806536078,0.04521301806698118,0.010974921123559635,0.8759001803204141,0.052505953369126904
