Category,Company,Data Shape,Timesteps,Features,Model,Cross Validation,Cross Validation Params,RMSE Train,RMSE Train,MAE Train,MAE Train,MAPE Train,MAPE Train,R2 Train,R2 Train,RMSE Test,RMSE Test,MAE Test,MAE Test,MAPE Test,MAPE Test,R2 Test,R2 Test
,,,,,,,,mean,std,mean,std,mean,std,mean,std,mean,std,mean,std,mean,std,mean,std
Local Model,203,"(1886, 11)",,Chemical + CS7,Linear Regression,Blocking Time Series Split,"{""N_Splits"": 5, ""Repeats"": 1, ""train_size"": 0.8}",1.453078118230375,0.10167489102535798,1.1577153373589395,0.08383156067083608,0.02769889778884486,0.0026806224965537227,0.9582919021193685,0.02006875564063549,1.9756132776198214,0.29950386564882703,1.5799389950631837,0.27917302046237247,0.03739818402592622,0.0058169512414912635,0.9029144683161464,0.05043835382045343
Local Model,203,"(1886, 11)",,Chemical + CS7,Linear Regression,Out of time Split,"{""Test Size"": 0.2}",1.917965975359941,0.0,1.5236866054712528,0.0,0.03655780708249246,0.0,0.9381455047739131,0.0,1.4590481710291283,0.0,1.1841355468067558,0.0,0.029856605352545685,0.0,0.9698067392780232,0.0
Local Model,203,"(1886, 11)",,Chemical + CS7,Linear Regression,Repeated KFold,"{""N_Splits"": 5, ""Repeats"": 3}",1.8289224246017974,0.014691131658479586,1.4482042129805166,0.012399649459157794,0.034969129227363435,0.0003367241148394943,0.9464470301805709,0.0011603997407917243,1.8420863364950142,0.05993739333121196,1.4597650321299367,0.05240473954625586,0.03526040740412975,0.0014824248301137791,0.9453478744469426,0.004538562773858874
Local Model,203,"(1886, 11)",,Chemical + CS7,Linear Regression,Time Series Split,"{""N_Splits"": 5, ""Repeats"": 1, ""Gap"": 0}",1.6820181453344247,0.1709554175514298,1.33155616972704,0.14300648829866103,0.030899818403733813,0.004304593842675373,0.9573800196893563,0.014461907929432685,2.3418330802626888,0.5791996788637073,1.814023281808097,0.40344403821212305,0.04499400225023155,0.010840539495870794,0.8779369989295687,0.05140296281767809
