Category,Company,Data Shape,Timesteps,Features,Model,Cross Validation,Cross Validation Params,RMSE Train,RMSE Train,MAE Train,MAE Train,MAPE Train,MAPE Train,R2 Train,R2 Train,RMSE Test,RMSE Test,MAE Test,MAE Test,MAPE Test,MAPE Test,R2 Test,R2 Test
,,,,,,,,mean,std,mean,std,mean,std,mean,std,mean,std,mean,std,mean,std,mean,std
Local Model,203,"(1886, 15)",,Chemical + Properties CS Less,MLP,Blocking Time Series Split,"{""N_Splits"": 5, ""Repeats"": 3, ""train_size"": 0.8}",4.104467336638136,0.5150314326815534,3.116160427917278,0.4057173019916242,0.07369171394967244,0.007918790172435268,0.6781441814287702,0.15637548573920076,6.074604133345994,1.6225948530435261,4.886807718912761,1.4356410235553203,0.1153914392053737,0.034385159435011727,0.016504886788753444,0.7289417230333292
Local Model,203,"(1886, 15)",,Chemical + Properties CS Less,MLP,Out of time Split,"{""Test Size"": 0.2}",2.0992661358830857,0.027846506695545812,1.6554491695737965,0.023952954733239423,0.038641588463142494,0.0005881005455508654,0.9258858929336798,0.0019612105544154273,2.2434788572585904,0.0036947130473284546,1.7565827372044691,0.006544555066273874,0.044033379924297865,0.00031635502151656467,0.9286135317841827,0.00023518907746912702
Local Model,203,"(1886, 15)",,Chemical + Properties CS Less,MLP,Repeated KFold,"{""N_Splits"": 5, ""Repeats"": 3}",2.061633634998904,0.030014982846671114,1.6058630950969068,0.021407177785911648,0.037843517081461685,0.0005012617202201312,0.931953224534951,0.0018340894277824888,2.122236713755302,0.07775926682314686,1.6529601265726228,0.0727304462108776,0.03896494917498491,0.0016420159741557991,0.9274832066988411,0.005916086625740339
Local Model,203,"(1886, 15)",,Chemical + Properties CS Less,MLP,Time Series Split,"{""N_Splits"": 5, ""Repeats"": 3, ""Gap"": 0}",2.5162367428835646,0.915237035505414,1.9290326631306567,0.6407516171308085,0.043563211493341865,0.013284617503022048,0.9062631954997903,0.05831042513021959,3.3257943288874636,1.6353304089531793,2.6518413958944334,1.331665245154443,0.06515955297339428,0.03375855572383645,0.7373045985659403,0.2288939781633443
