Category,Company,Data Shape,Timesteps,Features,Model,Cross Validation,Cross Validation Params,RMSE Train,RMSE Train,MAE Train,MAE Train,MAPE Train,MAPE Train,R2 Train,R2 Train,RMSE Test,RMSE Test,MAE Test,MAE Test,MAPE Test,MAPE Test,R2 Test,R2 Test
,,,,,,,,mean,std,mean,std,mean,std,mean,std,mean,std,mean,std,mean,std,mean,std
Local Model,203,"(1886, 12)",,Chemical + CS1 + CS3,MLP,Blocking Time Series Split,"{""N_Splits"": 5, ""Repeats"": 3, ""train_size"": 0.8}",4.10993075425444,0.6157736713890972,3.1223167502571183,0.49752324030236134,0.07411818662917138,0.011195028017459674,0.6589201200771744,0.21291520510948417,6.034791294582676,2.407130639985813,4.924728328169437,2.19313434495222,0.11821001447472884,0.053317774459504766,-0.08167472448083982,0.9834468725564075
Local Model,203,"(1886, 12)",,Chemical + CS1 + CS3,MLP,Out of time Split,"{""Test Size"": 0.2}",2.008143763659781,0.020291872531371956,1.5665250399764084,0.01541051194355572,0.03665112860490279,0.00034639925341596936,0.9321853672875474,0.001375038769733884,1.9370396192792798,0.04443664594876135,1.5479330514305694,0.04434322662902655,0.038022626549000994,0.0012954429040268492,0.946755315511499,0.0024484890100250002
Local Model,203,"(1886, 12)",,Chemical + CS1 + CS3,MLP,Repeated KFold,"{""N_Splits"": 5, ""Repeats"": 3}",1.9289441347480343,0.03645731469819352,1.5036803851398277,0.028762486781244396,0.035621842242090244,0.0006053506517954214,0.9404204534215578,0.002225059598066273,1.972047562092469,0.04833112870287235,1.5382601500171524,0.0458135689726059,0.03646409247273111,0.0011733778103408111,0.9374471481928085,0.0036519400307509983
Local Model,203,"(1886, 12)",,Chemical + CS1 + CS3,MLP,Time Series Split,"{""N_Splits"": 5, ""Repeats"": 3, ""Gap"": 0}",2.389019593323874,0.8008785598653296,1.8352750845355665,0.5635032401618429,0.041796692728449034,0.011908061868570647,0.9166055896070028,0.04646659389124115,3.0786496451541496,1.4642193139819655,2.4332204951551564,1.1556875350230082,0.06044808112404894,0.029566572795703638,0.770510938688251,0.18734314064347268
