Category,Company,Data Shape,Timesteps,Features,Model,Cross Validation,Cross Validation Params,RMSE Train,RMSE Train,MAE Train,MAE Train,MAPE Train,MAPE Train,R2 Train,R2 Train,RMSE Test,RMSE Test,MAE Test,MAE Test,MAPE Test,MAPE Test,R2 Test,R2 Test
,,,,,,,,mean,std,mean,std,mean,std,mean,std,mean,std,mean,std,mean,std,mean,std
Local Model,203,"(1886, 11)",,Chemical + CS1,MLP,Blocking Time Series Split,"{""N_Splits"": 5, ""Repeats"": 3, ""train_size"": 0.8}",4.041728516953593,0.6052461549462362,3.069965168324552,0.4824122666044107,0.07249514969536065,0.01031068464086576,0.6722801704081323,0.20245228613235478,5.607771514342243,2.151219173321477,4.580945438652708,1.9631064786943675,0.10986621864399047,0.047546901456387486,0.08293961676467264,0.8349708075980014
Local Model,203,"(1886, 11)",,Chemical + CS1,MLP,Out of time Split,"{""Test Size"": 0.2}",2.250487050411371,0.028275612230729687,1.7580668248548432,0.02149837767050628,0.04078762559826502,0.0005478215063090233,0.9148252124909558,0.002149470619570935,1.8033408335620489,0.01695024278631339,1.4204854019945472,0.023759751967554355,0.035385343609523445,0.0006266027870179562,0.9538719860098008,0.0008690268551278926
Local Model,203,"(1886, 11)",,Chemical + CS1,MLP,Repeated KFold,"{""N_Splits"": 5, ""Repeats"": 3}",2.1594164132110927,0.03052438100336853,1.6802178551906266,0.023779476664594918,0.0394770329267561,0.0005803067828570274,0.9253451819854043,0.0019807855849370446,2.203436038591934,0.06492198816278674,1.7141105315096932,0.0537767728185746,0.04028193885304829,0.001449358388331332,0.9219290651955313,0.004478295582809652
Local Model,203,"(1886, 11)",,Chemical + CS1,MLP,Time Series Split,"{""N_Splits"": 5, ""Repeats"": 3, ""Gap"": 0}",2.583382804293755,0.7055377408337413,1.9914450050762262,0.48877470857769156,0.0450552967979518,0.010204907385543449,0.9038938501895003,0.040755639832602684,3.2142056634774296,1.2033157981989442,2.6064761596971255,0.9764188597923932,0.06402396245995229,0.024289315507126538,0.7530776906451205,0.15241560489818556
