Category,Company,Data Shape,Timesteps,Features,Model,Cross Validation,Cross Validation Params,RMSE Train,RMSE Train,MAE Train,MAE Train,MAPE Train,MAPE Train,R2 Train,R2 Train,RMSE Test,RMSE Test,MAE Test,MAE Test,MAPE Test,MAPE Test,R2 Test,R2 Test
,,,,,,,,mean,std,mean,std,mean,std,mean,std,mean,std,mean,std,mean,std,mean,std
Local Model,203,"(1886, 18)",,Chemical + Physical,MLP,Blocking Time Series Split,"{""N_Splits"": 5, ""Repeats"": 3, ""train_size"": 0.8}",4.135850486701165,0.5287282045490104,3.129669748367529,0.4350122691737068,0.07453163194495384,0.00874084349464934,0.6597397416485056,0.2032296916598782,6.126227712710099,2.3418842598559606,5.000955809743781,2.0867118908689886,0.12004340772534759,0.05062110509717609,-0.091059872086265,0.988865340997455
Local Model,203,"(1886, 18)",,Chemical + Physical,MLP,Out of time Split,"{""Test Size"": 0.2}",1.707754299823386,0.04412631483578342,1.3359622750421416,0.03462488669850355,0.03130415378352737,0.0008497427886877297,0.9509284131597141,0.002557169666955981,1.8529572926282787,0.08209061430491583,1.473919777441277,0.062358416630788505,0.036071471009960804,0.0016651040769973867,0.9512074928532429,0.00426938558896338
Local Model,203,"(1886, 18)",,Chemical + Physical,MLP,Repeated KFold,"{""N_Splits"": 5, ""Repeats"": 3}",1.6550974270160672,0.03983221658781779,1.2990679288189635,0.032653852207358405,0.030760982156613003,0.0006787654580112865,0.95612769765857,0.0020491320579926016,1.6994398999771219,0.05284303935142089,1.339215280482271,0.0454527256280515,0.03177747116671356,0.0011841501067470588,0.9534933978289285,0.003682130300893045
Local Model,203,"(1886, 18)",,Chemical + Physical,MLP,Time Series Split,"{""N_Splits"": 5, ""Repeats"": 3, ""Gap"": 0}",2.200806285856219,0.9757525643481595,1.674585483857795,0.6712716924910721,0.03813838567609485,0.014236401967478345,0.9263737255464971,0.05786630411242881,2.9144191596538094,1.634918779846921,2.288817759033981,1.2364877456746517,0.05600136271396823,0.030304236783577507,0.7853600084287378,0.20904035401141668
