Category,Company,Data Shape,Timesteps,Features,Model,Cross Validation,Cross Validation Params,RMSE Train,RMSE Train,MAE Train,MAE Train,MAPE Train,MAPE Train,R2 Train,R2 Train,RMSE Test,RMSE Test,MAE Test,MAE Test,MAPE Test,MAPE Test,R2 Test,R2 Test
,,,,,,,,mean,std,mean,std,mean,std,mean,std,mean,std,mean,std,mean,std,mean,std
Local Model,203,"(1886, 13)",,Chemical + CS1 + CS3 + CS7,Random Forest,Blocking Time Series Split,"{""N_Splits"": 5, ""Repeats"": 1, ""train_size"": 0.8}",1.3796460160993875,0.09909839229178868,1.0649714243608615,0.06266574465340818,0.02568741896792324,0.0021299495412878235,0.962643720824728,0.01748939820947416,2.1010603463329955,0.490783179125605,1.6055123103336832,0.42839244618173233,0.038851000748688636,0.009482022121731866,0.8849750617259472,0.07383190255394935
Local Model,203,"(1886, 13)",,Chemical + CS1 + CS3 + CS7,Random Forest,Out of time Split,"{""Test Size"": 0.2}",1.883497881722445,0.0,1.4685007936107906,0.0,0.0351021499682203,0.0,0.9403487234274163,0.0,1.8977121780981034,0.0,1.3884377007773867,0.0,0.03446351607627498,0.0,0.948922286791035,0.0
Local Model,203,"(1886, 13)",,Chemical + CS1 + CS3 + CS7,Random Forest,Repeated KFold,"{""N_Splits"": 5, ""Repeats"": 3}",1.7790489360296842,0.01535845114701888,1.3803696085784827,0.013158133403069152,0.033256904325306334,0.00030241182907396057,0.9493272639571209,0.0011496256890977205,1.8626272686278469,0.08257524217406037,1.4392985882366427,0.06752744288890723,0.0345823859452828,0.001613741676588912,0.944190560289231,0.004492409924872269
Local Model,203,"(1886, 13)",,Chemical + CS1 + CS3 + CS7,Random Forest,Time Series Split,"{""N_Splits"": 5, ""Repeats"": 1, ""Gap"": 0}",1.7172908848137667,0.18217790083554938,1.3283768388570931,0.15435742260992266,0.03081398503420692,0.004513572356534784,0.9555408222359484,0.01463424065339257,2.5768310573662667,0.6161092643701264,1.934657527543435,0.4105892463964615,0.04688071406853368,0.008950185233387174,0.8478472407848793,0.0806000227977717
