Category,Company,Data Shape,Timesteps,Features,Model,Cross Validation,Cross Validation Params,RMSE Train,RMSE Train,MAE Train,MAE Train,MAPE Train,MAPE Train,R2 Train,R2 Train,RMSE Test,RMSE Test,MAE Test,MAE Test,MAPE Test,MAPE Test,R2 Test,R2 Test
,,,,,,,,mean,std,mean,std,mean,std,mean,std,mean,std,mean,std,mean,std,mean,std
Local Model,203,"(1886, 12)",,Chemical + CS1 + CS3,Random Forest,Blocking Time Series Split,"{""N_Splits"": 5, ""Repeats"": 1, ""train_size"": 0.8}",1.5213720370933526,0.1298169589950929,1.1782829782080964,0.09543057002061173,0.028422821934559157,0.0024228981650507484,0.9545513481022649,0.021198744550185642,2.7534845500093716,0.6149803898401871,2.1489165210520396,0.5523771473408096,0.05106300644842121,0.012371016336987398,0.8027491272966805,0.11842524921540894
Local Model,203,"(1886, 12)",,Chemical + CS1 + CS3,Random Forest,Out of time Split,"{""Test Size"": 0.2}",2.1339635756558404,0.0,1.6620673603985467,0.0,0.03992308351173985,0.0,0.9234291488774029,0.0,1.9409564535513255,0.0,1.530966473786685,0.0,0.03824717714031108,0.0,0.9465678881145483,0.0
Local Model,203,"(1886, 12)",,Chemical + CS1 + CS3,Random Forest,Repeated KFold,"{""N_Splits"": 5, ""Repeats"": 3}",2.0826880480271357,0.025487605041217592,1.6330439879945744,0.017690307646804907,0.03967179384722754,0.0004451585435908356,0.9305467853489195,0.002068867545513415,2.1904852950619924,0.08614573466264337,1.7044739760761913,0.06891578098469076,0.04138636170010549,0.0021701554297732712,0.9227688487654436,0.006296600035595415
Local Model,203,"(1886, 12)",,Chemical + CS1 + CS3,Random Forest,Time Series Split,"{""N_Splits"": 5, ""Repeats"": 1, ""Gap"": 0}",1.9298301407646723,0.21703204656382638,1.5005407223579232,0.16797612991109023,0.03490185027911324,0.005106598205767409,0.9438339559240083,0.018695659280005317,3.256859210497054,0.9049714370160198,2.40480012677596,0.5543772484157121,0.05872135501848513,0.011431032069370737,0.751657430822029,0.1366208255746331
