Category,Company,Data Shape,Timesteps,Features,Model,Cross Validation,Cross Validation Params,RMSE Train,RMSE Train,MAE Train,MAE Train,MAPE Train,MAPE Train,R2 Train,R2 Train,RMSE Test,RMSE Test,MAE Test,MAE Test,MAPE Test,MAPE Test,R2 Test,R2 Test
,,,,,,,,mean,std,mean,std,mean,std,mean,std,mean,std,mean,std,mean,std,mean,std
Local Model,203,"(1886, 12)",,Chemical + CS3 + CS7,Random Forest,Blocking Time Series Split,"{""N_Splits"": 5, ""Repeats"": 1, ""train_size"": 0.8}",1.3800944773586425,0.09944165297427782,1.064259394266196,0.06606000098768715,0.0256738478255907,0.002209429795000565,0.9625947051445725,0.01752644467365269,2.0225242195721775,0.4819588198588442,1.5316598662681116,0.3954489627518496,0.03699436813503372,0.008838838038122538,0.8957071797426988,0.06982992046859003
Local Model,203,"(1886, 12)",,Chemical + CS3 + CS7,Random Forest,Out of time Split,"{""Test Size"": 0.2}",1.8834978817224448,0.0,1.4685007936107897,0.0,0.035102149968220274,0.0,0.9403487234274163,0.0,1.8977121780981037,0.0,1.388437700777386,0.0,0.03446351607627496,0.0,0.948922286791035,0.0
Local Model,203,"(1886, 12)",,Chemical + CS3 + CS7,Random Forest,Repeated KFold,"{""N_Splits"": 5, ""Repeats"": 3}",1.778364479522827,0.015100419334945566,1.380147153424953,0.013017299983707202,0.03324911852283245,0.00029638362958051484,0.9493661565536868,0.0011481782549692587,1.8621031715986953,0.08275961356521144,1.4384181685282047,0.06773890274040867,0.0345605139066296,0.0016264859294177595,0.9442217806149966,0.0045006699063591124
Local Model,203,"(1886, 12)",,Chemical + CS3 + CS7,Random Forest,Time Series Split,"{""N_Splits"": 5, ""Repeats"": 1, ""Gap"": 0}",1.7223992880674917,0.1728085660792493,1.3311244170243548,0.14919578892674643,0.030868522115732554,0.0044107906035957935,0.9553834270972764,0.01438412886143768,2.5956681752031847,0.6255891198514535,1.9515339541356211,0.42440336618264585,0.04725788184484033,0.0091485747377922,0.8442775753410808,0.08577668993392001
