Category,Company,Data Shape,Timesteps,Features,Model,Cross Validation,Cross Validation Params,RMSE Train,RMSE Train,MAE Train,MAE Train,MAPE Train,MAPE Train,R2 Train,R2 Train,RMSE Test,RMSE Test,MAE Test,MAE Test,MAPE Test,MAPE Test,R2 Test,R2 Test
,,,,,,,,mean,std,mean,std,mean,std,mean,std,mean,std,mean,std,mean,std,mean,std
Local Model,203,"(1886, 11)",,Chemical + CS7,Random Forest,Blocking Time Series Split,"{""N_Splits"": 5, ""Repeats"": 1, ""train_size"": 0.8}",1.3830017545634015,0.09946741137274959,1.0664171445130943,0.06442164325312374,0.025697686885124093,0.0021118175900009446,0.9625344216020467,0.017398130101502356,2.025978584234858,0.4331098013223801,1.544200410278035,0.3843912889035128,0.03736289344868507,0.008470042540089536,0.8964180142597172,0.06411877470418599
Local Model,203,"(1886, 11)",,Chemical + CS7,Random Forest,Out of time Split,"{""Test Size"": 0.2}",1.8834978817224448,0.0,1.46850079361079,0.0,0.03510214996822028,0.0,0.9403487234274163,0.0,1.8977121780981037,0.0,1.3884377007773863,0.0,0.034463516076274965,0.0,0.948922286791035,0.0
Local Model,203,"(1886, 11)",,Chemical + CS7,Random Forest,Repeated KFold,"{""N_Splits"": 5, ""Repeats"": 3}",1.780957728475067,0.014743486429835573,1.3824639159183658,0.013173333863710323,0.03329159095432992,0.00029670861343839103,0.949219300753838,0.0011002133107272246,1.8692022529994896,0.08165006385755977,1.4422990926341488,0.0670540043057864,0.03464376793392969,0.001628995809114716,0.9437978777838981,0.00444803522251257
Local Model,203,"(1886, 11)",,Chemical + CS7,Random Forest,Time Series Split,"{""N_Splits"": 5, ""Repeats"": 1, ""Gap"": 0}",1.7191303326041063,0.17827157105758276,1.3301206115742994,0.1512622216345291,0.030845650799402834,0.0044572247927949305,0.9554879167697635,0.014537651688861977,2.5769744070249807,0.6128307340157536,1.9325689411778455,0.4073871975312044,0.04684922562227615,0.00888087772320682,0.8475801044463566,0.0812985287839471
