Category,Company,Data Shape,Timesteps,Features,Model,Cross Validation,Cross Validation Params,RMSE Train,RMSE Train,MAE Train,MAE Train,MAPE Train,MAPE Train,R2 Train,R2 Train,RMSE Test,RMSE Test,MAE Test,MAE Test,MAPE Test,MAPE Test,R2 Test,R2 Test
,,,,,,,,mean,std,mean,std,mean,std,mean,std,mean,std,mean,std,mean,std,mean,std
Local Model,203,"(1886, 18)",,Chemical + Physical,XGBoost,Blocking Time Series Split,"{""N_Splits"": 5, ""Repeats"": 1, ""train_size"": 0.8}",1.8385489719534356,0.1437104571502684,1.515438473419494,0.14395245396645007,0.036548276762655665,0.0032406293369177013,0.9387083951800796,0.014501162997585727,2.440304457735421,0.29213032782703946,1.9410154302496658,0.31009858346153457,0.04682920989234439,0.004812167849388185,0.8591935158855536,0.07181986764169332
Local Model,203,"(1886, 18)",,Chemical + Physical,XGBoost,Out of time Split,"{""Test Size"": 0.2}",2.138946915771522,0.0,1.7341078967188017,0.0,0.04178715185803733,0.0,0.9230711070257941,0.0,2.250252618039906,0.0,1.8623734771889988,0.0,0.04576648922099326,0.0,0.9281819998686375,0.0
Local Model,203,"(1886, 18)",,Chemical + Physical,XGBoost,Repeated KFold,"{""N_Splits"": 5, ""Repeats"": 3}",2.121417439862304,0.014426609715447477,1.7332836758580707,0.009933262435594883,0.04193434808515669,0.00026536036393166667,0.9279592419734806,0.0007949233443166965,2.2016055972149577,0.08778908273988885,1.792225420351096,0.06842182050735758,0.0433214776215868,0.0020308831773959346,0.9221187204652429,0.004501415341891104
Local Model,203,"(1886, 18)",,Chemical + Physical,XGBoost,Time Series Split,"{""N_Splits"": 5, ""Repeats"": 1, ""Gap"": 0}",2.129323937316729,0.015148069766123737,1.7311580230707393,0.01915189685961287,0.041001100318094084,0.0005649199249326931,0.9344045446822274,0.010752778930513034,2.84990946949278,0.30152464583428445,2.2754907142007426,0.20146266150504774,0.05649013638538995,0.006398187989659005,0.8275062153816533,0.055260349432980915
