Category,Company,Data Shape,Timesteps,Features,Model,Cross Validation,Cross Validation Params,RMSE Train,RMSE Train,MAE Train,MAE Train,MAPE Train,MAPE Train,R2 Train,R2 Train,RMSE Test,RMSE Test,MAE Test,MAE Test,MAPE Test,MAPE Test,R2 Test,R2 Test
,,,,,,,,mean,std,mean,std,mean,std,mean,std,mean,std,mean,std,mean,std,mean,std
Local Model,203,"(1886, 12)",,Chemical + CS3 + CS7,XGBoost,Blocking Time Series Split,"{""N_Splits"": 5, ""Repeats"": 1, ""train_size"": 0.8}",1.8609513491891434,0.1488749602932598,1.5331688433168735,0.14237553985101656,0.03700375143783759,0.003279406409210967,0.9372882774910467,0.01443601845888466,2.3491999563466304,0.20763812326403056,1.8482783520347195,0.17974721722608397,0.04465943219136052,0.0027519207060289447,0.8724162096685764,0.05254177979951379
Local Model,203,"(1886, 12)",,Chemical + CS3 + CS7,XGBoost,Out of time Split,"{""Test Size"": 0.2}",2.1396765042695858,0.0,1.7327685657167304,0.0,0.04176289786995823,0.0,0.923018617637348,0.0,2.2672191264055788,0.0,1.872110042269268,0.0,0.046085249093437385,0.0,0.9270949269502006,0.0
Local Model,203,"(1886, 12)",,Chemical + CS3 + CS7,XGBoost,Repeated KFold,"{""N_Splits"": 5, ""Repeats"": 3}",2.125133215818205,0.013718079293594615,1.7341288958238372,0.010513742187570108,0.04195249559026353,0.00028167461268750017,0.9277057292112396,0.0008506139825728056,2.201031315622376,0.08626749909732503,1.7901508607686503,0.0691587471644619,0.04327149477985158,0.0020979658127464303,0.9221563385838621,0.0044947819153067095
Local Model,203,"(1886, 12)",,Chemical + CS3 + CS7,XGBoost,Time Series Split,"{""N_Splits"": 5, ""Repeats"": 1, ""Gap"": 0}",2.1357998467117794,0.01080440741767275,1.734608190948105,0.019004742708018,0.04108342599416714,0.0004300127456141529,0.9340445262354777,0.010587396191612058,2.7134187871680493,0.3907324078373196,2.153446786576775,0.2656137031903748,0.05381814073883808,0.0083832710627051,0.8471249187134614,0.0426932088589872
