Category,Company,Data Shape,Timesteps,Features,Model,Cross Validation,Cross Validation Params,RMSE Train,RMSE Train,MAE Train,MAE Train,MAPE Train,MAPE Train,R2 Train,R2 Train,RMSE Test,RMSE Test,MAE Test,MAE Test,MAPE Test,MAPE Test,R2 Test,R2 Test
,,,,,,,,mean,std,mean,std,mean,std,mean,std,mean,std,mean,std,mean,std,mean,std
Local Model,203,"(1886, 15)",,Chemical + Properties CS Less,XGBoost,Blocking Time Series Split,"{""N_Splits"": 5, ""Repeats"": 1, ""train_size"": 0.8}",1.9972847887281824,0.17132508469543478,1.624790374553085,0.1506260573643864,0.039314727821845356,0.0035655048752961543,0.9282481313690238,0.01433884545974789,3.2634258892704424,0.9497485073222857,2.617947838231137,0.7372785904206309,0.06185112892602124,0.012931935072944054,0.7159981051303894,0.24860475090580214
Local Model,203,"(1886, 15)",,Chemical + Properties CS Less,XGBoost,Out of time Split,"{""Test Size"": 0.2}",2.475204147564955,0.0,1.9879520603453134,0.0,0.04812457293152677,0.0,0.8969823785812727,0.0,3.0540275158373444,0.0,2.427576987856911,0.0,0.060747285233136925,0.0,0.867713158488769,0.0
Local Model,203,"(1886, 15)",,Chemical + Properties CS Less,XGBoost,Repeated KFold,"{""N_Splits"": 5, ""Repeats"": 3}",2.4743405535728584,0.014724757132848735,1.9980025129576997,0.016511662646888144,0.048545853768436495,0.0004711169344393409,0.9019924733237034,0.0012669631950463067,2.631116930500864,0.09455516720085833,2.105955759628209,0.09282401309267647,0.05107448903902385,0.0027247190178250748,0.8887541493212819,0.006126131195077992
Local Model,203,"(1886, 15)",,Chemical + Properties CS Less,XGBoost,Time Series Split,"{""N_Splits"": 5, ""Repeats"": 1, ""Gap"": 0}",2.392253306267252,0.0696051386821177,1.9163299241450331,0.05483188289726093,0.04533353225967324,0.0019850728012565655,0.9166310827534675,0.017052644405956878,3.1986518954520227,0.6314126257435696,2.528962889750292,0.5125364551351036,0.06336482150747011,0.014272751848663062,0.7934440325990023,0.05834116623105343
