Category,Company,Data Shape,Timesteps,Features,Model,Cross Validation,Cross Validation Params,RMSE Train,RMSE Train,MAE Train,MAE Train,MAPE Train,MAPE Train,R2 Train,R2 Train,RMSE Test,RMSE Test,MAE Test,MAE Test,MAPE Test,MAPE Test,R2 Test,R2 Test
,,,,,,,,mean,std,mean,std,mean,std,mean,std,mean,std,mean,std,mean,std,mean,std
Local Model,209,"(484, 12)",,Chemical + CS3,Decision Tree,Blocking Time Series Split,"{""N_Splits"": 5, ""Repeats"": 1, ""train_size"": 0.8}",0.6221267131351146,0.21994628727562163,0.47818092225979514,0.17571359236734305,0.012818057904367686,0.0040596924140941645,0.8275687219843089,0.12472663706632534,1.30397200958414,0.8130474461589486,0.948411245135293,0.5533572325588465,0.026159210490844232,0.015421767679836655,0.209978151431189,0.4506422414585071
Local Model,209,"(484, 12)",,Chemical + CS3,Decision Tree,Out of time Split,"{""Test Size"": 0.2}",0.9995233941009762,0.0,0.7426668152548194,0.0,0.01969133189009034,0.0,0.9370338445004612,0.0,0.778892980661696,0.0,0.6020405331814861,0.0,0.017145303558487097,0.0,0.30369147963581133,0.0
Local Model,209,"(484, 12)",,Chemical + CS3,Decision Tree,Repeated KFold,"{""N_Splits"": 5, ""Repeats"": 3}",0.9395867341859971,0.022490204522644986,0.6957494868313743,0.01685978546655924,0.018715106985127503,0.00047560253314472844,0.9349139484240369,0.005479139664968645,1.1668191268607386,0.20201231192061875,0.812131693689641,0.06985546566594669,0.0216231899496094,0.0018281470487129662,0.8887223543835094,0.052869794175250166
Local Model,209,"(484, 12)",,Chemical + CS3,Decision Tree,Time Series Split,"{""N_Splits"": 5, ""Repeats"": 1, ""Gap"": 0}",1.0845417658316783,0.07601246821308218,0.8266091613358307,0.06712362149023252,0.021299583663018783,0.0013823809681770874,0.9371721520596286,0.004496637418010581,1.2788645386362243,0.36528119404616405,0.9170053617549229,0.2386462270457198,0.0249867405471008,0.005112757957160915,-0.8066043799120056,2.3632665617757795
