Category,Company,Data Shape,Timesteps,Features,Model,Cross Validation,Cross Validation Params,RMSE Train,RMSE Train,MAE Train,MAE Train,MAPE Train,MAPE Train,R2 Train,R2 Train,RMSE Test,RMSE Test,MAE Test,MAE Test,MAPE Test,MAPE Test,R2 Test,R2 Test
,,,,,,,,mean,std,mean,std,mean,std,mean,std,mean,std,mean,std,mean,std,mean,std
Local Model,209,"(484, 15)",,Chemical + Properties CS Less,Decision Tree,Blocking Time Series Split,"{""N_Splits"": 5, ""Repeats"": 1, ""train_size"": 0.8}",1.264564859849761,1.1400689468742755,0.9861519190603264,0.914686114506951,0.025685737644835394,0.02235206563485497,0.6616517893726532,0.17544025483325426,1.52129630983283,1.3793855620845743,1.2785274628111245,1.2753126586524122,0.03381140466144335,0.03156235028555628,0.23746557785220448,0.35037610518005985
Local Model,209,"(484, 15)",,Chemical + Properties CS Less,Decision Tree,Out of time Split,"{""Test Size"": 0.2}",3.0459942879147617,0.0,2.0578956378255393,0.0,0.052707654497271134,0.0,0.4152376267343142,0.0,1.4079606446593318,0.0,1.2581166176567427,0.0,0.03645975534876741,0.0,-1.2752397185718825,0.0
Local Model,209,"(484, 15)",,Chemical + Properties CS Less,Decision Tree,Repeated KFold,"{""N_Splits"": 5, ""Repeats"": 3}",1.8657831328166234,0.6606861974653417,1.3028864722028202,0.39978964510323606,0.03444428558531619,0.009787341282489197,0.7129515647542608,0.21302086757558938,1.937942424781935,0.5590180721413504,1.3400371148220664,0.3327587085265069,0.03536203629382931,0.008261255804812018,0.6840685780441969,0.198492540422707
Local Model,209,"(484, 15)",,Chemical + Properties CS Less,Decision Tree,Time Series Split,"{""N_Splits"": 5, ""Repeats"": 1, ""Gap"": 0}",3.0929296152553456,0.9892048216484196,2.3833210688518824,0.8872864279615245,0.06036714235542714,0.02209021430903564,0.4300656126550284,0.2769307685891551,2.231751856860842,1.3707619990277409,2.0462433135233953,1.3225818708815518,0.055686780266248403,0.032256417819589774,-5.320533884038225,9.46913430483379
