Category,Company,Data Shape,Timesteps,Features,Model,Cross Validation,Cross Validation Params,RMSE Train,RMSE Train,MAE Train,MAE Train,MAPE Train,MAPE Train,R2 Train,R2 Train,RMSE Test,RMSE Test,MAE Test,MAE Test,MAPE Test,MAPE Test,R2 Test,R2 Test
,,,,,,,,mean,std,mean,std,mean,std,mean,std,mean,std,mean,std,mean,std,mean,std
Local Model,209,"(484, 17)",,Chemical + Physical,Decision Tree,Blocking Time Series Split,"{""N_Splits"": 5, ""Repeats"": 1, ""train_size"": 0.8}",1.9028523281196847,1.7990737311183944,1.5538730253106379,1.5278669092106747,0.039835473244959854,0.03807071452934743,0.5518889654329133,0.26959698773787116,1.8199031592341115,1.358818950981464,1.489216709844587,1.1926813028769483,0.04045636891042694,0.03165551493526105,0.18199722952434244,0.123001932782672
Local Model,209,"(484, 17)",,Chemical + Physical,Decision Tree,Out of time Split,"{""Test Size"": 0.2}",3.0459942814391456,0.0,2.0635803863493543,0.0,0.052846879579502,0.0,0.4152376292206593,0.0,1.4079606446593318,0.0,1.2581166176567427,0.0,0.03645975534876741,0.0,-1.2752397185718825,0.0
Local Model,209,"(484, 17)",,Chemical + Physical,Decision Tree,Repeated KFold,"{""N_Splits"": 5, ""Repeats"": 3}",1.5949825194283032,0.4984732726969112,1.1431802608229185,0.2824131045554147,0.03040158468994734,0.0069035651344056415,0.796010642637964,0.1495459953909767,1.6190715256375832,0.45384459167164515,1.1622319945426818,0.26506806687873263,0.030886352958913937,0.006668603908962342,0.7698051439294936,0.17237624641425714
Local Model,209,"(484, 17)",,Chemical + Physical,Decision Tree,Time Series Split,"{""N_Splits"": 5, ""Repeats"": 1, ""Gap"": 0}",3.6112926563329766,0.43962746122229623,2.8085469212993233,0.5809857826353426,0.07125664663674608,0.01438522898943705,0.3038448101956031,0.11020365170457959,2.7468966524434286,1.3567104981784022,2.47378056138839,1.2447803677402873,0.06730641798523493,0.030214598850875504,-5.5841818671702885,9.321454189766344
