Category,Company,Data Shape,Timesteps,Features,Model,Cross Validation,Cross Validation Params,RMSE Train,RMSE Train,MAE Train,MAE Train,MAPE Train,MAPE Train,R2 Train,R2 Train,RMSE Test,RMSE Test,MAE Test,MAE Test,MAPE Test,MAPE Test,R2 Test,R2 Test
,,,,,,,,mean,std,mean,std,mean,std,mean,std,mean,std,mean,std,mean,std,mean,std
Local Model,209,"(484, 13)",,Chemical + CS3 + CS7,Decision Tree,Blocking Time Series Split,"{""N_Splits"": 5, ""Repeats"": 1, ""train_size"": 0.8}",0.6100482692995111,0.22826986309553846,0.4515011884380953,0.17499345407603792,0.012155248208495808,0.004128125707862812,0.83897145696061,0.11944661101624719,1.0945822297704733,0.4571632532482137,0.8177763323186614,0.37139642838863357,0.02168183343670162,0.008738574311518199,0.3401840110417337,0.46051785178948684
Local Model,209,"(484, 13)",,Chemical + CS3 + CS7,Decision Tree,Out of time Split,"{""Test Size"": 0.2}",0.9143420319396184,0.0,0.6697599818765042,0.0,0.01769696603836085,0.0,0.9473087356227394,0.0,0.771323577361937,0.0,0.5330004028589016,0.0,0.015122016124091087,0.0,0.317159387786601,0.0
Local Model,209,"(484, 13)",,Chemical + CS3 + CS7,Decision Tree,Repeated KFold,"{""N_Splits"": 5, ""Repeats"": 3}",0.8719665990817383,0.02599237060884495,0.6399240357467832,0.02163999775596538,0.0171584617961996,0.0005988408380974928,0.9438962405806722,0.0054300065235109015,1.0954582514210232,0.09907048845470356,0.7625320108851759,0.03560690031717712,0.02022516333146423,0.0010000448098999627,0.9068034487060689,0.022349978184140994
Local Model,209,"(484, 13)",,Chemical + CS3 + CS7,Decision Tree,Time Series Split,"{""N_Splits"": 5, ""Repeats"": 1, ""Gap"": 0}",1.033992899361385,0.08062269854170011,0.7703080960324791,0.07732246436371212,0.019828923560980604,0.00168839092012355,0.9429696528479121,0.004002066773511109,1.133904053024239,0.34506527177020985,0.7835661947684087,0.23091590057563247,0.021344620912903626,0.005203681785543671,-0.5286527537106804,2.1567394021891624
