Category,Company,Data Shape,Timesteps,Features,Model,Cross Validation,Cross Validation Params,RMSE Train,RMSE Train,MAE Train,MAE Train,MAPE Train,MAPE Train,R2 Train,R2 Train,RMSE Test,RMSE Test,MAE Test,MAE Test,MAPE Test,MAPE Test,R2 Test,R2 Test
,,,,,,,,mean,std,mean,std,mean,std,mean,std,mean,std,mean,std,mean,std,mean,std
Local Model,209,"(484, 17)",,Chemical + Physical,Linear Regression,Blocking Time Series Split,"{""N_Splits"": 5, ""Repeats"": 1, ""train_size"": 0.8}",0.7215425037493599,0.18912225657777093,0.5512931999611881,0.1558010065583076,0.014805382278737563,0.0034422289623229022,0.7423735002965698,0.190401302946416,1.0619787131958844,0.46641709098088135,0.8500727206395459,0.40392262176643257,0.022878676301907812,0.010168374321772622,0.3780487046928,0.4730204296227521
Local Model,209,"(484, 17)",,Chemical + Physical,Linear Regression,Out of time Split,"{""Test Size"": 0.2}",0.9324808999922956,0.0,0.7029815080331212,0.0,0.018669854467663404,0.0,0.9451974028401543,0.0,0.7625051425716616,0.0,0.5368310903655892,0.0,0.01522809547391621,0.0,0.33268377628956924,0.0
Local Model,209,"(484, 17)",,Chemical + Physical,Linear Regression,Repeated KFold,"{""N_Splits"": 5, ""Repeats"": 3}",0.8858368967983368,0.025826262345634874,0.6615600251076577,0.014517737254871611,0.017748184143638417,0.00037926485675594026,0.9421899091582363,0.004457803672673678,0.9348008121759476,0.10110614665551486,0.6993191269729432,0.057255149222081456,0.0187504566256006,0.0014060652128007171,0.931683504154617,0.019765593604991256
Local Model,209,"(484, 17)",,Chemical + Physical,Linear Regression,Time Series Split,"{""N_Splits"": 5, ""Repeats"": 1, ""Gap"": 0}",0.9980971850751935,0.05264470604370747,0.7686257418423643,0.04319590814057455,0.019845964834408928,0.0007990105432615455,0.9466917087831043,0.0036108765778331453,1.0080239433050022,0.3706861358393349,0.7857018175936001,0.3037399789556973,0.021609786641576395,0.007947478825422953,0.3011219250969176,0.5442353180942788
