Category,Company,Data Shape,Timesteps,Features,Model,Cross Validation,Cross Validation Params,RMSE Train,RMSE Train,MAE Train,MAE Train,MAPE Train,MAPE Train,R2 Train,R2 Train,RMSE Test,RMSE Test,MAE Test,MAE Test,MAPE Test,MAPE Test,R2 Test,R2 Test
,,,,,,,,mean,std,mean,std,mean,std,mean,std,mean,std,mean,std,mean,std,mean,std
Local Model,209,"(484, 12)",,Chemical + CS7,Linear Regression,Blocking Time Series Split,"{""N_Splits"": 5, ""Repeats"": 1, ""train_size"": 0.8}",0.7736367863235172,0.19897002800661673,0.580020372716092,0.17648748093160738,0.01553750691226669,0.00396409938760726,0.7002312812425837,0.22104194475577427,1.0253398784899432,0.478895641589817,0.8099250584383346,0.39950536142514165,0.021747212323841386,0.010035412681888041,0.4518878516888208,0.4114758432891703
Local Model,209,"(484, 12)",,Chemical + CS7,Linear Regression,Out of time Split,"{""Test Size"": 0.2}",0.969594276623532,0.0,0.7166287822603935,0.0,0.018989700784897864,0.0,0.9407482287693216,0.0,0.8584117509637452,0.0,0.6144512661570195,0.0,0.017442654546180606,0.0,0.1542588972455099,0.0
Local Model,209,"(484, 12)",,Chemical + CS7,Linear Regression,Repeated KFold,"{""N_Splits"": 5, ""Repeats"": 3}",0.9337924985328274,0.027874419343251675,0.6885040597814991,0.014972106668965448,0.01847934001802954,0.00039974342464985774,0.9357236240666534,0.005483779372481765,0.9671780551632959,0.1083219419352622,0.7133866368009368,0.06344184831334782,0.0191310373255736,0.00161174693877021,0.9263477013403812,0.02293206140371995
Local Model,209,"(484, 12)",,Chemical + CS7,Linear Regression,Time Series Split,"{""N_Splits"": 5, ""Repeats"": 1, ""Gap"": 0}",1.0491484502196986,0.05708228244884932,0.8028246099635027,0.05499843775066734,0.02070821054543246,0.0010727750586581896,0.9411581403033408,0.003228185936581233,1.0734588589700276,0.38874146540355586,0.8232416319407141,0.32343229626333203,0.022740662137471872,0.008750165311108334,0.2039389139512459,0.5561136385401353
