Category,Company,Data Shape,Timesteps,Features,Model,Cross Validation,Cross Validation Params,RMSE Train,RMSE Train,MAE Train,MAE Train,MAPE Train,MAPE Train,R2 Train,R2 Train,RMSE Test,RMSE Test,MAE Test,MAE Test,MAPE Test,MAPE Test,R2 Test,R2 Test
,,,,,,,,mean,std,mean,std,mean,std,mean,std,mean,std,mean,std,mean,std,mean,std
Local Model,209,"(484, 14)",,Chemical + Feature Engineering,Linear Regression,Blocking Time Series Split,"{""N_Splits"": 5, ""Repeats"": 1, ""train_size"": 0.8}",0.9499716558779607,0.25116469058438806,0.7194327535754051,0.212604982127347,0.019142408800828827,0.004485929285289506,0.5673632337175436,0.2974062400948442,1.079400552900874,0.39458034488576194,0.8635149641913908,0.3690073700161651,0.023432113087529204,0.009422999363247232,0.23664364730075355,0.6196961945965546
Local Model,209,"(484, 14)",,Chemical + Feature Engineering,Linear Regression,Out of time Split,"{""Test Size"": 0.2}",1.1952246503947468,0.0,0.9180521674798992,0.0,0.0243650144722143,0.0,0.9099631414329856,0.0,1.0965391580121926,0.0,0.8804585957905885,0.0,0.02518494567032596,0.0,-0.3800487236711443,0.0
Local Model,209,"(484, 14)",,Chemical + Feature Engineering,Linear Regression,Repeated KFold,"{""N_Splits"": 5, ""Repeats"": 3}",1.157818832763117,0.041498223103917535,0.893418407679448,0.026557151337411617,0.024051914509284657,0.0007139313233922643,0.9010918199739516,0.009893799286497239,1.2173982613848742,0.17174324197306123,0.9397152364695245,0.0967495679915613,0.02525688893945611,0.0025810709684575485,0.8807138157375201,0.04789763068228716
Local Model,209,"(484, 14)",,Chemical + Feature Engineering,Linear Regression,Time Series Split,"{""N_Splits"": 5, ""Repeats"": 1, ""Gap"": 0}",1.2690302049042121,0.05689897220829694,0.9861106062161055,0.053228170342578596,0.02534389916795764,0.0008686573041188803,0.9138522616107585,0.004378192711721313,1.4545706601665565,0.5207864350868879,1.1908376207918008,0.4714519830701974,0.033175115825944464,0.013140589877433731,-0.5161032317359326,1.0672840275605633
