Category,Company,Data Shape,Timesteps,Features,Model,Cross Validation,Cross Validation Params,RMSE Train,RMSE Train,MAE Train,MAE Train,MAPE Train,MAPE Train,R2 Train,R2 Train,RMSE Test,RMSE Test,MAE Test,MAE Test,MAPE Test,MAPE Test,R2 Test,R2 Test
,,,,,,,,mean,std,mean,std,mean,std,mean,std,mean,std,mean,std,mean,std,mean,std
Local Model,209,"(484, 12)",,Chemical + CS3,Linear Regression,Blocking Time Series Split,"{""N_Splits"": 5, ""Repeats"": 1, ""train_size"": 0.8}",0.8134204675320568,0.24118623257995647,0.6199911843518577,0.1937716872195444,0.01649112645665974,0.004168735742971484,0.696350720271458,0.21273825104361144,1.013241918179425,0.37715923840920557,0.8175521774241863,0.3139307083297811,0.021913762774905303,0.007007511727752632,0.2668397881913097,0.6890850854344893
Local Model,209,"(484, 12)",,Chemical + CS3,Linear Regression,Out of time Split,"{""Test Size"": 0.2}",1.0344038268733193,0.0,0.7853094227150368,0.0,0.020752873259391208,0.0,0.9325624959602712,0.0,0.8230736169971492,0.0,0.6394708144088765,0.0,0.018183346056551686,0.0,0.22245865541978893,0.0
Local Model,209,"(484, 12)",,Chemical + CS3,Linear Regression,Repeated KFold,"{""N_Splits"": 5, ""Repeats"": 3}",0.9829380311025802,0.028920912054637867,0.7462577075323841,0.014134397860486658,0.019977241861858737,0.00035340833451968874,0.928816662781874,0.005602633380510592,1.0208283793939035,0.11124806683456238,0.775618268024171,0.05604919169818379,0.020745171038152353,0.0013375111146919992,0.9185479925711466,0.02420999555778579
Local Model,209,"(484, 12)",,Chemical + CS3,Linear Regression,Time Series Split,"{""N_Splits"": 5, ""Repeats"": 1, ""Gap"": 0}",1.109698447487559,0.07312300489014997,0.8603728854707796,0.057612798234993025,0.022019518606184476,0.0010363120261574173,0.9341640832710102,0.00496256631154218,1.1188590208310878,0.3789249305821881,0.8688114413892162,0.3035752040811267,0.023891183792113017,0.00798251896451702,0.10418705655828245,0.6930749411508859
