Category,Company,Data Shape,Timesteps,Features,Model,Cross Validation,Cross Validation Params,RMSE Train,RMSE Train,MAE Train,MAE Train,MAPE Train,MAPE Train,R2 Train,R2 Train,RMSE Test,RMSE Test,MAE Test,MAE Test,MAPE Test,MAPE Test,R2 Test,R2 Test
,,,,,,,,mean,std,mean,std,mean,std,mean,std,mean,std,mean,std,mean,std,mean,std
Local Model,209,"(484, 17)",,Chemical + Physical,MLP,Blocking Time Series Split,"{""N_Splits"": 5, ""Repeats"": 3, ""train_size"": 0.8}",6.308672515930417,0.8837871006723942,4.8228541491324455,0.8080058473016318,0.13362324468430806,0.026327773583542297,-30.103102413471746,28.217570946697037,9.243055736221343,2.806128143380907,7.807790314356484,2.7160759678337403,0.2199243061341075,0.08195824341099185,-150.7359817890426,159.88385395958886
Local Model,209,"(484, 17)",,Chemical + Physical,MLP,Out of time Split,"{""Test Size"": 0.2}",1.9499303837772881,0.15702832815290335,1.4286720676734281,0.11317147387230354,0.03812425233740748,0.003119585739040927,0.7588058216725844,0.03946474008154769,2.1716523982116165,0.17371357648708535,1.7184494844416947,0.10553754988082156,0.04897065163984236,0.002896744730585402,-4.447494362143728,0.8515797562278151
Local Model,209,"(484, 17)",,Chemical + Physical,MLP,Repeated KFold,"{""N_Splits"": 5, ""Repeats"": 3}",1.5861682799655878,0.21135792272159554,1.1226112568487592,0.13976858294557484,0.02988747550346481,0.0038006198543558156,0.8118772740689255,0.05037591488239783,1.8483919532675699,0.3886911289229352,1.2888220120404879,0.23501018893022488,0.03419618492980082,0.006117130846705304,0.7232439839062416,0.13223137648484276
Local Model,209,"(484, 17)",,Chemical + Physical,MLP,Time Series Split,"{""N_Splits"": 5, ""Repeats"": 3, ""Gap"": 0}",3.439996476366067,1.4949676433580925,2.498319523374649,0.9587184257736086,0.06512655613953086,0.02436702794055881,0.2789656341607578,0.6099720420091936,3.680365306444235,1.1173754461802903,3.0724471998214713,0.9436324780507169,0.08582255190459692,0.025778940192519716,-17.19732636915885,24.804644060835248
