Category,Company,Data Shape,Timesteps,Features,Model,Cross Validation,Cross Validation Params,RMSE Train,RMSE Train,MAE Train,MAE Train,MAPE Train,MAPE Train,R2 Train,R2 Train,RMSE Test,RMSE Test,MAE Test,MAE Test,MAPE Test,MAPE Test,R2 Test,R2 Test
,,,,,,,,mean,std,mean,std,mean,std,mean,std,mean,std,mean,std,mean,std,mean,std
Local Model,209,"(484, 17)",,Chemical + Physical,XGBoost,Blocking Time Series Split,"{""N_Splits"": 5, ""Repeats"": 1, ""train_size"": 0.8}",0.7026336342161782,0.3498585220294834,0.5661173368755161,0.30116624114368856,0.014933586453358108,0.007142944869638329,0.8472122395228471,0.09181764456028207,1.1243450226758847,0.8065860513133368,0.8805995559692338,0.6079812029081239,0.024221313859002315,0.016594770936273307,0.5409699214581913,0.29078399431520696
Local Model,209,"(484, 17)",,Chemical + Physical,XGBoost,Out of time Split,"{""Test Size"": 0.2}",1.084091748045178,0.0,0.8335855074939182,0.0,0.021872844848302767,0.0,0.9259281267124431,0.0,0.8236015225572554,0.0,0.6568973187318733,0.0,0.01893707305709549,0.0,0.2214609317063878,0.0
Local Model,209,"(484, 17)",,Chemical + Physical,XGBoost,Repeated KFold,"{""N_Splits"": 5, ""Repeats"": 3}",1.0191563675518716,0.018171894260732343,0.7709670456400602,0.012245524496189066,0.020407976048024943,0.0003104032574845803,0.9235605096572302,0.004010276387764898,1.1647342236147291,0.16356853917932057,0.8601546909391261,0.09236991942582122,0.022675384376284906,0.0020838577017288622,0.8958594146089502,0.02474214179193583
Local Model,209,"(484, 17)",,Chemical + Physical,XGBoost,Time Series Split,"{""N_Splits"": 5, ""Repeats"": 1, ""Gap"": 0}",1.1593148917699216,0.05968292933063099,0.9243237259946289,0.07013496830639376,0.02375722371107261,0.0015573258390050892,0.928154699511666,0.003468679513550314,1.1866100546081615,0.3347743551991805,0.9826430225372285,0.27659535256394246,0.027057782012070892,0.006537207453342644,-0.7804841340153906,2.472278558650833
