Category,Company,Data Shape,Timesteps,Features,Model,Cross Validation,Cross Validation Params,RMSE Train,RMSE Train,MAE Train,MAE Train,MAPE Train,MAPE Train,R2 Train,R2 Train,RMSE Test,RMSE Test,MAE Test,MAE Test,MAPE Test,MAPE Test,R2 Test,R2 Test
,,,,,,,,mean,std,mean,std,mean,std,mean,std,mean,std,mean,std,mean,std,mean,std
Local Model,209,"(484, 13)",,Chemical + CS3 + CS7,XGBoost,Blocking Time Series Split,"{""N_Splits"": 5, ""Repeats"": 1, ""train_size"": 0.8}",0.7130061936274859,0.3529396751560559,0.5707837857698155,0.30070694931686,0.01505375663993882,0.0071236414071088406,0.841622141963944,0.09497384067914273,1.1744652360732493,0.7983072386469877,0.9195775604248002,0.6166719486036178,0.025180425107756654,0.016675398853817327,0.4655258818718318,0.37405774651264706
Local Model,209,"(484, 13)",,Chemical + CS3 + CS7,XGBoost,Out of time Split,"{""Test Size"": 0.2}",1.08509247998669,0.0,0.8330029825215496,0.0,0.02185076728278223,0.0,0.9257913111655467,0.0,0.8057883007561033,0.0,0.6419522393610021,0.0,0.01846044659957433,0.0,0.25477392094056484,0.0
Local Model,209,"(484, 13)",,Chemical + CS3 + CS7,XGBoost,Repeated KFold,"{""N_Splits"": 5, ""Repeats"": 3}",1.0233381767318899,0.01957821121907588,0.7721038618050252,0.013152846165909358,0.020440479727227477,0.0003430408634119172,0.9229286147261229,0.004165221438243512,1.1648126088151836,0.1573152078007282,0.8593734354770742,0.09050496867596512,0.022668573119790557,0.002029773239039336,0.89573991679842,0.024740435867537575
Local Model,209,"(484, 13)",,Chemical + CS3 + CS7,XGBoost,Time Series Split,"{""N_Splits"": 5, ""Repeats"": 1, ""Gap"": 0}",1.1701281806959647,0.05875411871687223,0.9260763895163885,0.07016530796057552,0.02377925019906955,0.0015199137237327947,0.9268565786337042,0.0021416485827533906,1.115056566993713,0.23329327931813373,0.9277316379547089,0.2110012745137909,0.025882119981747925,0.005579833640217058,-0.7640098203642565,2.4694799687898144
