Category,Company,Data Shape,Timesteps,Features,Model,Cross Validation,Cross Validation Params,RMSE Train,RMSE Train,MAE Train,MAE Train,MAPE Train,MAPE Train,R2 Train,R2 Train,RMSE Test,RMSE Test,MAE Test,MAE Test,MAPE Test,MAPE Test,R2 Test,R2 Test
,,,,,,,,mean,std,mean,std,mean,std,mean,std,mean,std,mean,std,mean,std,mean,std
Local Model,partner_i,"(230, 33)",,Chemical + Mineralogical + CS3 + CS7,Decision Tree,Blocking Time Series Split,"{""N_Splits"": 5, ""Repeats"": 1, ""train_size"": 0.8}",0.6203339269548633,0.03918490266242672,0.4677420541538875,0.021570646714500746,0.010234435256230532,0.0006174380196768163,0.7663595135036404,0.07484591182278824,1.0527694747818073,0.34222364594891197,0.8603664640751955,0.25999361615997196,0.018771931053258573,0.005486177504274402,-0.5351397702142082,0.9094399824662146
Local Model,partner_i,"(230, 33)",,Chemical + Mineralogical + CS3 + CS7,Decision Tree,Out of time Split,"{""Test Size"": 0.2}",1.1525290391619862,0.0,0.9162688158277751,0.0,0.02019830658023678,0.0,0.4262921604133696,0.0,1.5227553530257651,0.0,1.2738625505643095,0.0,0.026881720243701574,0.0,-1.1578142407285403,0.0
Local Model,partner_i,"(230, 33)",,Chemical + Mineralogical + CS3 + CS7,Decision Tree,Repeated KFold,"{""N_Splits"": 5, ""Repeats"": 3}",0.9521924820124285,0.07906012904285219,0.735002425755728,0.06483710280910208,0.016098327845370727,0.0014125799342397775,0.643361907975749,0.05242539621031675,1.1526051006042686,0.11668586159295484,0.879689830130523,0.10204594200082384,0.019295483543270566,0.002268041248223015,0.4469315094595238,0.11360708309987019
Local Model,partner_i,"(230, 33)",,Chemical + Mineralogical + CS3 + CS7,Decision Tree,Time Series Split,"{""N_Splits"": 5, ""Repeats"": 1, ""Gap"": 0}",0.9408068249016601,0.223454178554467,0.692151131032499,0.18170768892081157,0.01527785129818406,0.003998368237927369,0.6082404458411566,0.19096055476586846,1.5792309964906432,0.4387640747053871,1.2420425140836724,0.40923912020071634,0.026747712165672878,0.008621665975076735,-1.445093023756519,1.6048529669548772
