Category,Company,Data Shape,Timesteps,Features,Model,Cross Validation,Cross Validation Params,RMSE Train,RMSE Train,MAE Train,MAE Train,MAPE Train,MAPE Train,R2 Train,R2 Train,RMSE Test,RMSE Test,MAE Test,MAE Test,MAPE Test,MAPE Test,R2 Test,R2 Test
,,,,,,,,mean,std,mean,std,mean,std,mean,std,mean,std,mean,std,mean,std,mean,std
Local Model,partner_i,"(230, 39)",,Chemical + Mineralogical + Feature Engineering,Decision Tree,Blocking Time Series Split,"{""N_Splits"": 5, ""Repeats"": 1, ""train_size"": 0.8}",0.6759872610882658,0.08077954134660636,0.49224881657045183,0.03442919935940227,0.010785957846443203,0.0008175628089340933,0.732699251326473,0.05923520116975038,0.996580898090623,0.3436237623315355,0.8054287813745301,0.2662199004914966,0.01757962233613976,0.005662498052590403,-0.3423268308740516,0.8556620353977563
Local Model,partner_i,"(230, 39)",,Chemical + Mineralogical + Feature Engineering,Decision Tree,Out of time Split,"{""Test Size"": 0.2}",1.106940046316806,0.0,0.8418449459810944,0.0,0.018531908416168582,0.0,0.47078124118631204,0.0,1.4913864640347847,0.0,1.1233003715281396,0.0,0.023795029253091227,0.0,-1.0698276267761542,0.0
Local Model,partner_i,"(230, 39)",,Chemical + Mineralogical + Feature Engineering,Decision Tree,Repeated KFold,"{""N_Splits"": 5, ""Repeats"": 3}",1.204002514240726,0.23769568999341759,0.9069482712527628,0.19668725011167976,0.019910053275086454,0.0045095876943496765,0.4150241262512291,0.2636606204253879,1.3659707496831153,0.24767827171690882,1.0531354604437424,0.22203031791189384,0.023115990731912915,0.005142109297091437,0.17720206555892243,0.4801548161441085
Local Model,partner_i,"(230, 39)",,Chemical + Mineralogical + Feature Engineering,Decision Tree,Time Series Split,"{""N_Splits"": 5, ""Repeats"": 1, ""Gap"": 0}",0.8888093218681703,0.2369899054481101,0.6754856745351892,0.1873998288631537,0.01491621338659239,0.004148418648577879,0.6435548490673383,0.2001370752198868,1.6363539721697937,0.3697161365720168,1.273018339328522,0.3541642966561107,0.027525850930850564,0.007530799733730211,-1.523427429040107,1.3330864519697179
