Category,Company,Data Shape,Timesteps,Features,Model,Cross Validation,Cross Validation Params,RMSE Train,RMSE Train,MAE Train,MAE Train,MAPE Train,MAPE Train,R2 Train,R2 Train,RMSE Test,RMSE Test,MAE Test,MAE Test,MAPE Test,MAPE Test,R2 Test,R2 Test
,,,,,,,,mean,std,mean,std,mean,std,mean,std,mean,std,mean,std,mean,std,mean,std
Local Model,partner_i,"(230, 33)",,Chemical + Mineralogical + CS1 + CS3,Decision Tree,Blocking Time Series Split,"{""N_Splits"": 5, ""Repeats"": 1, ""train_size"": 0.8}",0.620547997516083,0.039070886208459735,0.46294407820913824,0.028677565673203273,0.010127194823034225,0.0007937399046623704,0.7661488472009049,0.07501821690912185,1.0449878789129485,0.3412757224091347,0.8413534773594572,0.2618773201011894,0.01836768328633969,0.005540691092092671,-0.5044437919007245,0.8878606509130668
Local Model,partner_i,"(230, 33)",,Chemical + Mineralogical + CS1 + CS3,Decision Tree,Out of time Split,"{""Test Size"": 0.2}",1.2488646016964404,0.0,1.0034098044515256,0.0,0.022164035487687715,0.0,0.32637570357597046,0.0,2.231755334487933,0.0,1.956228550053924,0.0,0.04142506462500237,0.0,-3.634970221367092,0.0
Local Model,partner_i,"(230, 33)",,Chemical + Mineralogical + CS1 + CS3,Decision Tree,Repeated KFold,"{""N_Splits"": 5, ""Repeats"": 3}",1.2332320062160804,0.16822482667884947,0.9949542178683388,0.14946243813022847,0.021843531976595346,0.0032958541442218727,0.39662298114101263,0.1509440833259482,1.4132058422068672,0.1184678875213356,1.164590271503451,0.11106184762985008,0.025517668873627032,0.002383671301870031,0.165166883190233,0.16203820961649706
Local Model,partner_i,"(230, 33)",,Chemical + Mineralogical + CS1 + CS3,Decision Tree,Time Series Split,"{""N_Splits"": 5, ""Repeats"": 1, ""Gap"": 0}",0.991288240965978,0.2827013782644744,0.7510932893867729,0.22599411841696143,0.01654303219342492,0.004976783318312514,0.545118831472335,0.25064440865262344,1.7569669349604085,0.4959243743938509,1.4095899988224876,0.4592671348366094,0.030346025418842276,0.009395937640111872,-2.0025424230428195,1.7465965914054127
