Category,Company,Data Shape,Timesteps,Features,Model,Cross Validation,Cross Validation Params,RMSE Train,RMSE Train,MAE Train,MAE Train,MAPE Train,MAPE Train,R2 Train,R2 Train,RMSE Test,RMSE Test,MAE Test,MAE Test,MAPE Test,MAPE Test,R2 Test,R2 Test
,,,,,,,,mean,std,mean,std,mean,std,mean,std,mean,std,mean,std,mean,std,mean,std
Local Model,partner_i,"(230, 31)",,Chemical + Mineralogical,Decision Tree,Blocking Time Series Split,"{""N_Splits"": 5, ""Repeats"": 1, ""train_size"": 0.8}",0.6380252519485742,0.1146278796258485,0.462887143863974,0.07032756864992719,0.010153846895708874,0.0015437554624715742,0.7472875839260492,0.08866192081326596,0.9900861957777589,0.344800381798754,0.7953383764915595,0.26793756351522774,0.017363107694094885,0.00570259593656795,-0.3293199562007904,0.87966158888786
Local Model,partner_i,"(230, 31)",,Chemical + Mineralogical,Decision Tree,Out of time Split,"{""Test Size"": 0.2}",1.258175038783025,0.0,1.0230603195391035,0.0,0.022595025607196905,0.0,0.31629436264924427,0.0,2.205247655373374,0.0,1.91990856001881,0.0,0.0406491159575524,0.0,-3.5255203611596775,0.0
Local Model,partner_i,"(230, 31)",,Chemical + Mineralogical,Decision Tree,Repeated KFold,"{""N_Splits"": 5, ""Repeats"": 3}",1.1576813330557327,0.11916820881662989,0.8794222214555824,0.09664453254230637,0.019236109416040825,0.002057001229717295,0.4684533977818717,0.1327164947119037,1.3519121790736088,0.285142525976423,1.0498296258310567,0.24292745504386096,0.022963824917036087,0.005130247279226177,0.23294912337373444,0.305066773506878
Local Model,partner_i,"(230, 31)",,Chemical + Mineralogical,Decision Tree,Time Series Split,"{""N_Splits"": 5, ""Repeats"": 1, ""Gap"": 0}",0.8396619642118155,0.23977924569150977,0.627515423821526,0.17674979209124347,0.013862916837384123,0.0038853865874512073,0.6737817982919986,0.17748673848801977,1.61951998912862,0.3515420540810564,1.2246892333834978,0.3655357108421902,0.026457495423755733,0.0077501310611440815,-1.4005923233385154,1.0444569159169483
