Category,Company,Data Shape,Timesteps,Features,Model,Cross Validation,Cross Validation Params,RMSE Train,RMSE Train,MAE Train,MAE Train,MAPE Train,MAPE Train,R2 Train,R2 Train,RMSE Test,RMSE Test,MAE Test,MAE Test,MAPE Test,MAPE Test,R2 Test,R2 Test
,,,,,,,,mean,std,mean,std,mean,std,mean,std,mean,std,mean,std,mean,std,mean,std
Local Model,partner_i,"(230, 41)",,Chemical + Mineralogical + Physical,Linear Regression,Blocking Time Series Split,"{""N_Splits"": 5, ""Repeats"": 1, ""train_size"": 0.8}",7.108286491447159e-15,1.8988553120260326e-15,5.486968903925218e-15,1.5103869933288325e-15,1.2037401078972684e-16,3.281058433342766e-17,1.0,0.0,6.592336054705093,4.861965211613231,5.386617266435734,3.7903576655266886,0.11687744622782739,0.08162370205786552,-85.91997726100472,97.98116460561475
Local Model,partner_i,"(230, 41)",,Chemical + Mineralogical + Physical,Linear Regression,Out of time Split,"{""Test Size"": 0.2}",0.7626752257683315,0.0,0.5982274830823789,0.0,0.013202536613327065,0.0,0.7487730015410655,0.0,1.1135418423239543,0.0,0.8998930846131228,0.0,0.019183247726875123,0.0,-0.15389652789062502,0.0
Local Model,partner_i,"(230, 41)",,Chemical + Mineralogical + Physical,Linear Regression,Repeated KFold,"{""N_Splits"": 5, ""Repeats"": 3}",0.7863587922681072,0.019701480347422633,0.6051714555940675,0.01576429308110662,0.013263506942289123,0.0003447742380226274,0.7576888916485323,0.01067350647957821,1.026172134569457,0.11286935463551293,0.804142804809311,0.07456016381618283,0.017631705161237802,0.001667357400311355,0.5613204043188583,0.09230565872293162
Local Model,partner_i,"(230, 41)",,Chemical + Mineralogical + Physical,Linear Regression,Time Series Split,"{""N_Splits"": 5, ""Repeats"": 1, ""Gap"": 0}",0.48686583946102135,0.2831029992822169,0.3847309893710412,0.2226372804714145,0.008525903228782893,0.004920488821893688,0.8633030357764365,0.10264194031974444,4.8093030970312585,4.400031157553192,2.37717445698957,1.2692036406300855,0.05182039198074355,0.027868480778000713,-76.47602341787263,143.95406464865812
