Category,Company,Data Shape,Timesteps,Features,Model,Cross Validation,Cross Validation Params,RMSE Train,RMSE Train,MAE Train,MAE Train,MAPE Train,MAPE Train,R2 Train,R2 Train,RMSE Test,RMSE Test,MAE Test,MAE Test,MAPE Test,MAPE Test,R2 Test,R2 Test
,,,,,,,,mean,std,mean,std,mean,std,mean,std,mean,std,mean,std,mean,std,mean,std
Local Model,partner_i,"(230, 39)",,Chemical + Mineralogical + Feature Engineering,Linear Regression,Blocking Time Series Split,"{""N_Splits"": 5, ""Repeats"": 1, ""train_size"": 0.8}",0.009308178764879781,0.01861635752900072,0.007651879630769898,0.015303759260932281,0.0001631732072624821,0.00032634641451163924,0.9996444954027697,0.0007110091944606989,18.164329468790452,15.199652335423984,10.059770915285345,5.150911978878283,0.2220955913276347,0.1180646414724788,-547.6332075811226,803.912579965847
Local Model,partner_i,"(230, 39)",,Chemical + Mineralogical + Feature Engineering,Linear Regression,Out of time Split,"{""Test Size"": 0.2}",0.958758686228751,0.0,0.7652214678904797,0.0,0.01687552215289011,0.0,0.6029861529846434,0.0,1.2213734017498685,0.0,0.9564820723336647,0.0,0.02023315273052224,0.0,-0.38819572029813276,0.0
Local Model,partner_i,"(230, 39)",,Chemical + Mineralogical + Feature Engineering,Linear Regression,Repeated KFold,"{""N_Splits"": 5, ""Repeats"": 3}",0.9661033602724359,0.020900833200918238,0.7693428255306997,0.020853625643388274,0.016860638021241176,0.00045212955047943646,0.6341593084481469,0.016915679603985358,2.493634222799241,4.402100888564158,1.3453691317317726,1.1878303838937188,0.029375990953563802,0.02559906225632018,-9.606280410155993,36.96967229952969
Local Model,partner_i,"(230, 39)",,Chemical + Mineralogical + Feature Engineering,Linear Regression,Time Series Split,"{""N_Splits"": 5, ""Repeats"": 1, ""Gap"": 0}",0.6971779167262032,0.3031169601869544,0.5524494119845454,0.2467351501885141,0.012250530053768726,0.005438297529174141,0.7533739754959805,0.1427083859652479,2.6468310608425094,1.4905949424293623,2.0369388089277427,1.0337988555916533,0.04472839386607083,0.023154761178882977,-4.695374254165537,3.516049445552768
