Category,Company,Data Shape,Timesteps,Features,Model,Cross Validation,Cross Validation Params,RMSE Train,RMSE Train,MAE Train,MAE Train,MAPE Train,MAPE Train,R2 Train,R2 Train,RMSE Test,RMSE Test,MAE Test,MAE Test,MAPE Test,MAPE Test,R2 Test,R2 Test
,,,,,,,,mean,std,mean,std,mean,std,mean,std,mean,std,mean,std,mean,std,mean,std
Local Model,partner_i,"(230, 32)",,Chemical + Mineralogical + CS7,Linear Regression,Blocking Time Series Split,"{""N_Splits"": 5, ""Repeats"": 1, ""train_size"": 0.8}",0.17066712977083948,0.04673589345640109,0.13312327541715835,0.036837218581668954,0.0029079601577054813,0.0007831741979503821,0.9794641871722813,0.01339292642490647,6.718230285111012,5.523018692479702,4.430804527140742,3.0089481566088887,0.09729286838727835,0.06564829366230124,-77.93429668315842,90.48962640913967
Local Model,partner_i,"(230, 32)",,Chemical + Mineralogical + CS7,Linear Regression,Out of time Split,"{""Test Size"": 0.2}",0.8027423321537409,0.0,0.6231363483660838,0.0,0.013735890217494372,0.0,0.7216832382107266,0.0,1.0852315001909039,0.0,0.8706329199632818,0.0,0.018547118005256283,0.0,-0.0959697507926045,0.0
Local Model,partner_i,"(230, 32)",,Chemical + Mineralogical + CS7,Linear Regression,Repeated KFold,"{""N_Splits"": 5, ""Repeats"": 3}",0.8243186006029204,0.020344031665912463,0.6380126303602789,0.018957603334488423,0.01396905561998859,0.000408194373360103,0.7336034781149112,0.014339590334488606,1.0079698725818305,0.10613006291856264,0.784778030669664,0.07203924054546028,0.017192431034605417,0.0015538036528743842,0.5726614081512567,0.1092305306432921
Local Model,partner_i,"(230, 32)",,Chemical + Mineralogical + CS7,Linear Regression,Time Series Split,"{""N_Splits"": 5, ""Repeats"": 1, ""Gap"": 0}",0.5951494944374657,0.21162044510864209,0.4605504559293855,0.16323426532000337,0.010210086051989784,0.003575624539330172,0.8296631577052143,0.10072649850838104,1.5995866709423656,0.5177427071068981,1.2601944572380335,0.3794780607727228,0.027650126775110657,0.008757119986711531,-1.191128142534943,1.011738777008979
