Category,Company,Data Shape,Timesteps,Features,Model,Cross Validation,Cross Validation Params,RMSE Train,RMSE Train,MAE Train,MAE Train,MAPE Train,MAPE Train,R2 Train,R2 Train,RMSE Test,RMSE Test,MAE Test,MAE Test,MAPE Test,MAPE Test,R2 Test,R2 Test
,,,,,,,,mean,std,mean,std,mean,std,mean,std,mean,std,mean,std,mean,std,mean,std
Local Model,partner_i,"(230, 33)",,Chemical + Mineralogical + CS1 + CS3 + CS7,Linear Regression,Blocking Time Series Split,"{""N_Splits"": 5, ""Repeats"": 3, ""train_size"": 0.8}",11.922261150952432,4.044854889036918,10.068566783379623,3.801016925003193,0.22130101491028814,0.08406994881103554,-103.6860430977943,91.19236169426934,18.918647886687577,7.1733914550769216,16.552192964553836,6.305834873389946,0.3638315383872027,0.13988498381517592,-437.057787901345,358.6374433850095
Local Model,partner_i,"(230, 33)",,Chemical + Mineralogical + CS1 + CS3 + CS7,Linear Regression,Out of time Split,"{""Test Size"": 0.2}",4.598641861483329,0.44803079560592923,3.4799794632455563,0.2909686700049717,0.07728285852028552,0.006432540263996887,-8.220385485691502,1.7814322223631485,10.654756339049385,2.2709607766303366,9.171404396278263,2.12349237369472,0.19520446180675252,0.04540277110916649,-109.44227183395945,41.65208821130348
Local Model,partner_i,"(230, 33)",,Chemical + Mineralogical + CS1 + CS3 + CS7,Linear Regression,Repeated KFold,"{""N_Splits"": 5, ""Repeats"": 3}",4.57715123841351,0.366076915589873,3.511604884050894,0.27186374134677044,0.07739952549280217,0.005916393972878335,-7.2708417413485105,1.4018992645324369,6.910016188445474,1.229678556377726,5.360632592353267,0.8535531487994121,0.11806306316896666,0.019310809592535717,-20.01688647451717,9.884033701406015
Local Model,partner_i,"(230, 33)",,Chemical + Mineralogical + CS1 + CS3 + CS7,Linear Regression,Time Series Split,"{""N_Splits"": 5, ""Repeats"": 3, ""Gap"": 0}",6.4978153542067405,2.0828989675565794,5.158421209920621,1.856259402628214,0.11550714484288326,0.04156170308254495,-16.862963827512747,10.399521150805992,12.160325497768193,6.850447071562794,9.687011014160355,5.624649484349557,0.21381894295309015,0.1270531145349285,-151.74670423501047,116.95122811204239
