Category,Company,Plant,Features,Data Shape,Timesteps,Model,Model Params,Scaler,Scaler Params,Imputer,Imputer Params,Cross Validation,Cross Validation Params,RMSE Train,MAE Train,MAPE Train,R2 Train,RMSE Test,MAE Test,MAPE Test,R2 Test
Global Model,209,AM,Chemical + Properties CS Less,"(367, 16)",7,LSTM,,Standard Scaler,,Median,,Out of time Split,"{""Test Size"": 0.2}",0.9912652747495697,0.7667495265151536,0.017335968997562106,0.9646223864267285,2.4671282707167195,1.9648717167865761,0.044694321795935237,0.7380514014718537
Global Model,209,AM,Chemical + Properties CS Less,"(367, 16)",7,LSTM,,Standard Scaler,,Median,,Out of time Split,"{""Test Size"": 0.2}",1.3049194140445366,1.0523139491225746,0.023276880218098695,0.938692143306046,2.2899417672909506,1.7588386535644511,0.04014956696726903,0.7743260157366041
Global Model,209,AM,Chemical + Properties CS Less,"(367, 16)",7,LSTM,,Standard Scaler,,Median,,Out of time Split,"{""Test Size"": 0.2}",1.2601406802182742,1.0326866843483717,0.02368086683035549,0.9428275488168273,2.7914760072611555,2.3003839010215645,0.05236954114432209,0.6646483724988347
