Category,Company,Data Shape,Timesteps,Features,Model,Cross Validation,Cross Validation Params,RMSE Train,RMSE Train,MAE Train,MAE Train,MAPE Train,MAPE Train,R2 Train,R2 Train,RMSE Test,RMSE Test,MAE Test,MAE Test,MAPE Test,MAPE Test,R2 Test,R2 Test
,,,,,,,,mean,std,mean,std,mean,std,mean,std,mean,std,mean,std,mean,std,mean,std
Global Model,206,"(1169, 4)",14,Chemical,BidirectionalLSTM,Blocking Time Series Split,"{""N_Splits"": 5, ""Repeats"": 3, ""train_size"": 0.8}",2.256956337130778,0.32034211759488446,1.765219310875591,0.25754864083116946,0.03882579763199361,0.005003084980812107,0.16749145845777533,0.36852398717120405,3.7569897040467666,1.3904746346153245,3.1707065753954575,1.2400271380424077,0.07092078585298416,0.027778457568806886,-2.9023931556310396,4.203489632793512
Global Model,206,"(1169, 4)",14,Chemical,BidirectionalLSTM,Out of time Split,"{""Test Size"": 0.2}",3.2612230498872528,1.0270508761775008,2.691795486965672,0.8744752204296874,0.058597300922859565,0.018425763254529607,-0.5824215414530252,1.0028525507921973,3.0985379197497913,0.5429201248246324,2.446518812375191,0.49023683900123805,0.055646534415539343,0.009925149652379298,-0.011266388883606426,0.3584089070511236
Global Model,206,"(1169, 4)",14,Chemical,BidirectionalLSTM,Repeated KFold,"{""N_Splits"": 5, ""Repeats"": 3}",2.5127461183191255,0.5626512622503599,2.0158651521878026,0.5171095538306056,0.04477081604984119,0.011157415227938674,0.2172168167695872,0.43882733319735634,2.7297625962572423,0.5589269339262061,2.197649585664571,0.5184404297131792,0.04851664682383048,0.011143718902296023,0.008840009729913575,0.5773342758997059
Global Model,206,"(1169, 4)",14,Chemical,BidirectionalLSTM,Time Series Split,"{""N_Splits"": 5, ""Repeats"": 3, ""Gap"": 0}",2.5897547773617906,1.2728637551740538,1.811256462666637,0.17487977200852384,0.04020387152683382,0.0035273151065026353,0.0836246450930708,1.1746519324701854,3.9612348064832377,1.1734045705742535,3.073193871791779,0.9149335597487074,0.06738695727088942,0.019117534518831934,-1.889461574100424,1.8615334834356865
