Category,Company,Data Shape,Timesteps,Features,Model,Cross Validation,Cross Validation Params,RMSE Train,RMSE Train,MAE Train,MAE Train,MAPE Train,MAPE Train,R2 Train,R2 Train,RMSE Test,RMSE Test,MAE Test,MAE Test,MAPE Test,MAPE Test,R2 Test,R2 Test
,,,,,,,,mean,std,mean,std,mean,std,mean,std,mean,std,mean,std,mean,std,mean,std
Global Model,206,"(1169, 12)",1,Chemical + Physical,BidirectionalLSTM,Blocking Time Series Split,"{""N_Splits"": 5, ""Repeats"": 3, ""train_size"": 0.8}",0.9836002909752319,0.14857853062550552,0.7657472628174294,0.1154327166891393,0.017106859488744814,0.00271779268637129,0.861760158754861,0.03760288619544121,1.8639053781987571,0.6925665608891973,1.3796707591821118,0.4359461065280693,0.03113497145148731,0.00946320122498485,-0.5598808531214584,2.3461483194927726
Global Model,206,"(1169, 12)",1,Chemical + Physical,BidirectionalLSTM,Out of time Split,"{""Test Size"": 0.2}",0.9761981613321927,0.0054632396468667485,0.7559280546444627,0.005261393645576922,0.016764382486459974,9.921387557884273e-05,0.8729663748568233,0.0014246143370361397,1.8496930386477695,0.010353664312173837,1.3596930135525873,0.0019860594235208947,0.03140918903165036,6.661576785200802e-05,0.6670387208617057,0.0037312844773691096
Global Model,206,"(1169, 12)",1,Chemical + Physical,BidirectionalLSTM,Repeated KFold,"{""N_Splits"": 5, ""Repeats"": 3}",1.0778353005714971,0.0228209187747822,0.8221218253809626,0.015117377008524027,0.018416898596650785,0.0003567485150542197,0.8636628566336447,0.004985352602519455,1.3510672930133956,0.10350632297816771,1.003495149350266,0.06015290680681109,0.02262570194416686,0.001488201947736271,0.78465349687003,0.02597215531662568
Global Model,206,"(1169, 12)",1,Chemical + Physical,BidirectionalLSTM,Time Series Split,"{""N_Splits"": 5, ""Repeats"": 3, ""Gap"": 0}",0.9482444437115226,0.021241006115827275,0.7397335209112341,0.01866476320674792,0.016547486303797168,0.0005003100416583772,0.8984435467189101,0.015693251900216316,1.5346634772735364,0.23783727553073547,1.1719623439618403,0.1629781156306181,0.0261873883765711,0.003982023317569395,0.6510911958082731,0.07694569207677683
