Category,Company,Data Shape,Timesteps,Features,Model,Cross Validation,Cross Validation Params,RMSE Train,RMSE Train,MAE Train,MAE Train,MAPE Train,MAPE Train,R2 Train,R2 Train,RMSE Test,RMSE Test,MAE Test,MAE Test,MAPE Test,MAPE Test,R2 Test,R2 Test
,,,,,,,,mean,std,mean,std,mean,std,mean,std,mean,std,mean,std,mean,std,mean,std
Global Model,206,"(1169, 4)",14,Chemical,Conv1D,Blocking Time Series Split,"{""N_Splits"": 5, ""Repeats"": 3, ""train_size"": 0.8}",0.8977766576882485,0.21895648428985856,0.6869993119344618,0.15826078263034185,0.015404325458364595,0.003713337340005751,0.8783945943652529,0.04833624560087048,3.0752194874722614,0.6050047170084804,2.508058423581021,0.5978418636377382,0.05756775056404172,0.014411858060496014,-1.4734635591942575,2.1330713368551297
Global Model,206,"(1169, 4)",14,Chemical,Conv1D,Out of time Split,"{""Test Size"": 0.2}",0.6892886465396986,0.014194864703628024,0.5362123536334008,0.012278678076721047,0.011899546812121358,0.00024656186259774943,0.9356603250665007,0.0026297113916872307,2.779125059226494,0.029335711691469018,2.1572976446885335,0.026795072925953053,0.05059974018305704,0.0007632456634558104,0.21062450066878904,0.016724742528384823
Global Model,206,"(1169, 4)",14,Chemical,Conv1D,Repeated KFold,"{""N_Splits"": 5, ""Repeats"": 3}",0.8497161058606977,0.04120425638636286,0.6264375769910068,0.025025491626098167,0.014158315212186004,0.000566207796667292,0.914560168389683,0.007362086913841112,2.3014637163281146,0.23867003750479807,1.762611026663851,0.17565832679095778,0.03963778092234229,0.004096696738470708,0.33375157265075944,0.12399570590145091
Global Model,206,"(1169, 4)",14,Chemical,Conv1D,Time Series Split,"{""N_Splits"": 5, ""Repeats"": 3, ""Gap"": 0}",0.762530319202817,0.07948369924900504,0.5856516977851637,0.05992490196887389,0.013301855305586946,0.0015907915810142777,0.9344147266247079,0.004826825830147939,2.451849578679274,0.5763460769106606,1.9486509236290341,0.5463117529061398,0.043775516780034954,0.012333488192913867,0.043042767842109184,0.3767291702087419
