Category,Company,Data Shape,Timesteps,Features,Model,Cross Validation,Cross Validation Params,RMSE Train,RMSE Train,MAE Train,MAE Train,MAPE Train,MAPE Train,R2 Train,R2 Train,RMSE Test,RMSE Test,MAE Test,MAE Test,MAPE Test,MAPE Test,R2 Test,R2 Test
,,,,,,,,mean,std,mean,std,mean,std,mean,std,mean,std,mean,std,mean,std,mean,std
Global Model,206,"(1169, 12)",1,Chemical + Physical,Conv1D,Blocking Time Series Split,"{""N_Splits"": 5, ""Repeats"": 3, ""train_size"": 0.8}",1.5764383846632053,0.26846542885930585,1.2355037085147471,0.16859220378959186,0.027503332433082346,0.004149040240442171,0.6426584499279087,0.10801389459548842,2.329108037835739,0.8385528028708152,1.8793252350502825,0.7274169327980319,0.04283906126598881,0.016048137109761877,-1.3147276014357059,3.3882515418082217
Global Model,206,"(1169, 12)",1,Chemical + Physical,Conv1D,Out of time Split,"{""Test Size"": 0.2}",1.1642580015815887,0.0013267113399730408,0.9152617010868537,0.0018459156036062909,0.020423960649047623,3.501021585641614e-05,0.8193124847126945,0.0004119501784631412,1.9274731134680936,0.0046494894265925015,1.3960237197223895,0.004380650779716039,0.03292494563302682,9.974735597699794e-05,0.6384569773723204,0.0017451931933682567
Global Model,206,"(1169, 12)",1,Chemical + Physical,Conv1D,Repeated KFold,"{""N_Splits"": 5, ""Repeats"": 3}",1.284468971075242,0.026321248873043906,0.9736779823136428,0.014036688710844866,0.021920221969477675,0.00035669998553075367,0.8064249663487415,0.005452985751470608,1.3370221091762262,0.09408610990588503,1.015088878955496,0.043530809896612344,0.02286162392756644,0.0011069127093417102,0.7894108586602401,0.020958908465894755
Global Model,206,"(1169, 12)",1,Chemical + Physical,Conv1D,Time Series Split,"{""N_Splits"": 5, ""Repeats"": 3, ""Gap"": 0}",1.2600488047283156,0.11812380788730044,1.0008039824359214,0.09584561883906494,0.022416668941073026,0.0022511518014674907,0.8236651141504977,0.013682091565473068,1.7143836459243433,0.4445340835725569,1.3386638058062685,0.36435897538603756,0.029881493069250493,0.008124815933777101,0.5642167825390889,0.16235991507096878
