Category,Company,Data Shape,Timesteps,Features,Model,Cross Validation,Cross Validation Params,RMSE Train,RMSE Train,MAE Train,MAE Train,MAPE Train,MAPE Train,R2 Train,R2 Train,RMSE Test,RMSE Test,MAE Test,MAE Test,MAPE Test,MAPE Test,R2 Test,R2 Test
,,,,,,,,mean,std,mean,std,mean,std,mean,std,mean,std,mean,std,mean,std,mean,std
Global Model,206,"(1169, 4)",14,Chemical,LSTM,Blocking Time Series Split,"{""N_Splits"": 5, ""Repeats"": 3, ""train_size"": 0.8}",1.277237900295966,0.3986159108865682,0.9716665220452035,0.29453090987589814,0.021873064913112843,0.006771656340204549,0.7433885306419357,0.14267653790121712,2.416250927157635,0.6537143790675587,1.9842615758502296,0.5309389188551954,0.04543914145829727,0.01351212963301354,-0.08887946726768309,0.5568547306788271
Global Model,206,"(1169, 4)",14,Chemical,LSTM,Out of time Split,"{""Test Size"": 0.2}",1.316711464854248,0.10892630747243572,0.9691670053088872,0.07736711814299752,0.02179192412847938,0.0017886572404865917,0.7637152373106518,0.03819253027353194,2.540109038299371,0.04122458654093715,1.9311610866937885,0.033697239720507755,0.04566492032471239,0.0008119189999627713,0.34046451049311327,0.021284970232341303
Global Model,206,"(1169, 4)",14,Chemical,LSTM,Repeated KFold,"{""N_Splits"": 5, ""Repeats"": 3}",1.5815655589557542,0.05796180625530468,1.1315631805991617,0.03970221849918796,0.025854482514069015,0.0009418795042252096,0.7041590893349263,0.019947094672568073,1.953686288590126,0.13739986315334213,1.431762272972322,0.08508124120939903,0.032415293307737646,0.0019476981443120975,0.5227400063338484,0.054430543528682374
Global Model,206,"(1169, 4)",14,Chemical,LSTM,Time Series Split,"{""N_Splits"": 5, ""Repeats"": 3, ""Gap"": 0}",1.276164266878535,0.11975270914966345,0.948207602156403,0.07224850856564355,0.021606244363478303,0.0016285767551088134,0.8080565409760246,0.05732916966268922,2.1315656380660557,0.3669829606182831,1.629181663367862,0.26818681170707703,0.03674771172219974,0.0067926963673146,0.2665536767210106,0.2931201079539984
