Category,Company,Data Shape,Timesteps,Features,Model,Cross Validation,Cross Validation Params,RMSE Train,RMSE Train,MAE Train,MAE Train,MAPE Train,MAPE Train,R2 Train,R2 Train,RMSE Test,RMSE Test,MAE Test,MAE Test,MAPE Test,MAPE Test,R2 Test,R2 Test
,,,,,,,,mean,std,mean,std,mean,std,mean,std,mean,std,mean,std,mean,std,mean,std
Global Model,206,"(1169, 9)",,Chemical + Properties CS Less,MLP,Blocking Time Series Split,"{""N_Splits"": 5, ""Repeats"": 3, ""train_size"": 0.8}",1.1588238764879966,0.3556563592029411,0.8891875099791853,0.2597609981388535,0.01990424262817752,0.006070061702095516,0.7975893209423945,0.11092498016926237,2.0436936741440537,0.8261298773735403,1.5955845494047123,0.6339257119313526,0.03722352496021432,0.017670988749414532,-0.17579850376282688,1.1021266914863397
Global Model,206,"(1169, 9)",,Chemical + Properties CS Less,MLP,Out of time Split,"{""Test Size"": 0.2}",1.1250706735267486,0.0,0.8463164914000849,0.0,0.018868343863395105,0.0,0.8312713903894083,0.0,2.5665295940882142,0.0,1.9008993084247299,0.0,0.04542867741906017,6.938893903907228e-18,0.35897738315466937,5.551115123125783e-17
Global Model,206,"(1169, 9)",,Chemical + Properties CS Less,MLP,Repeated KFold,"{""N_Splits"": 5, ""Repeats"": 3}",1.350081124002025,0.05081503701849142,0.9859100441665104,0.03066966799515862,0.02230390377321435,0.0007129988377870512,0.7859031624337446,0.015370309644631654,1.6183701828195607,0.11487404636004421,1.1766492876017223,0.05000465388846821,0.02670565941034085,0.0012556753383618524,0.6913628910697859,0.03240357904012028
Global Model,206,"(1169, 9)",,Chemical + Properties CS Less,MLP,Time Series Split,"{""N_Splits"": 5, ""Repeats"": 3, ""Gap"": 0}",1.0397411040143711,0.05598501805471972,0.8169273861444937,0.02167578492564996,0.01829860349287653,0.0005061264260757926,0.8764281911374439,0.027835043080255473,1.858426566969977,0.417326359334259,1.4159202800947368,0.29802319389319193,0.032038617683563315,0.007376984795563653,0.4972325077722586,0.12002717115274833
