Category,Company,Data Shape,Timesteps,Features,Model,Cross Validation,Cross Validation Params,RMSE Train,RMSE Train,MAE Train,MAE Train,MAPE Train,MAPE Train,R2 Train,R2 Train,RMSE Test,RMSE Test,MAE Test,MAE Test,MAPE Test,MAPE Test,R2 Test,R2 Test
,,,,,,,,mean,std,mean,std,mean,std,mean,std,mean,std,mean,std,mean,std,mean,std
Global Model,206,"(1169, 12)",,Chemical + Physical,MLP,Blocking Time Series Split,"{""N_Splits"": 5, ""Repeats"": 3, ""train_size"": 0.8}",1.2212140807428058,0.22561102915358971,0.8740989621344163,0.12333832947992471,0.019513518364152795,0.0029591285050462593,0.7800823321057703,0.07994328883979296,1.9474708086808021,0.7140700203864211,1.3891900512695312,0.3826743621941498,0.03122614510548424,0.008119126592423751,-0.025926211100217162,1.1152817953583274
Global Model,206,"(1169, 12)",,Chemical + Physical,MLP,Out of time Split,"{""Test Size"": 0.2}",1.0226471822230263,0.0,0.8051451942757218,1.1102230246251565e-16,0.017964716230191396,0.0,0.8605942230777375,0.0,1.855445879305714,0.0,1.3966298868554274,0.0,0.0328295477115617,0.0,0.6649748716486379,0.0
Global Model,206,"(1169, 12)",,Chemical + Physical,MLP,Repeated KFold,"{""N_Splits"": 5, ""Repeats"": 3}",1.1465176662898842,0.022046617627007107,0.8784644032088001,0.008795220318251733,0.019823291018258714,0.0002276171131575232,0.845759756993241,0.004528214114228256,1.3181463557367132,0.09606470213198812,0.9992209230430066,0.04541302863688754,0.022579233911591095,0.0011652822780716756,0.7954213158358885,0.01968809358361023
Global Model,206,"(1169, 12)",,Chemical + Physical,MLP,Time Series Split,"{""N_Splits"": 5, ""Repeats"": 3, ""Gap"": 0}",1.0101997413417303,0.031525292008383866,0.8012249191177645,0.023928100712147196,0.018010777070749176,0.0006309658009809687,0.8851642855743229,0.015125815258721266,2.098764621712574,0.8066136899858588,1.3554037491631263,0.2626692872861968,0.029949226321582898,0.00531123080334878,0.2520136531820221,0.5465449572986998
