Category,Company,Data Shape,Timesteps,Features,Model,Cross Validation,Cross Validation Params,RMSE Train,RMSE Train,MAE Train,MAE Train,MAPE Train,MAPE Train,R2 Train,R2 Train,RMSE Test,RMSE Test,MAE Test,MAE Test,MAPE Test,MAPE Test,R2 Test,R2 Test
,,,,,,,,mean,std,mean,std,mean,std,mean,std,mean,std,mean,std,mean,std,mean,std
Global Model,206,"(1169, 4)",7,Chemical,Transformer,Blocking Time Series Split,"{""N_Splits"": 5, ""Repeats"": 3, ""train_size"": 0.8}",1.5147952917524379,0.44603438090606623,1.1926103904461662,0.3162666869489103,0.0270678257797692,0.007665390902939995,0.6515753264174591,0.17313158331788953,2.429834945134241,1.1890711336283608,1.9943036348852847,1.0566177291713714,0.047005718174280606,0.028879482326541195,-0.4328045371696317,1.324846303618686
Global Model,206,"(1169, 4)",7,Chemical,Transformer,Out of time Split,"{""Test Size"": 0.2}",1.3644063016975434,0.0018503555907266448,1.0279677252585797,0.0037402088717101893,0.023057848740712678,8.939057399554441e-05,0.74968444537322,0.0006792423728568304,2.5121500889649226,0.008806746224075762,1.9289352542544986,0.0059331229810533365,0.04594675620976709,0.00015703354120007914,0.36096155080827524,0.004475133955671876
Global Model,206,"(1169, 4)",7,Chemical,Transformer,Repeated KFold,"{""N_Splits"": 5, ""Repeats"": 3}",1.6441692529758238,0.0408282430464449,1.1975669222158805,0.02469583747057894,0.027348693465518777,0.0006238125602257296,0.6807873018978307,0.012150499146567309,1.7607788433886367,0.14783038813005753,1.2699629250535058,0.09001803749320708,0.02911919146647564,0.0022690020003965938,0.6323858200536596,0.042092529355173935
Global Model,206,"(1169, 4)",7,Chemical,Transformer,Time Series Split,"{""N_Splits"": 5, ""Repeats"": 3, ""Gap"": 0}",1.3094724844508066,0.08655868930811053,1.0178022444906054,0.06896970827247664,0.023045467202250994,0.0017106610313055496,0.803564602761662,0.04063973677981847,2.0083909968268174,0.588145180777895,1.5521163742680253,0.4654692321993024,0.035101773048164295,0.010808804939874713,0.396141089422928,0.2185482538646609
