Category,Company,Data Shape,Timesteps,Features,Model,Cross Validation,Cross Validation Params,RMSE Train,RMSE Train,MAE Train,MAE Train,MAPE Train,MAPE Train,R2 Train,R2 Train,RMSE Test,RMSE Test,MAE Test,MAE Test,MAPE Test,MAPE Test,R2 Test,R2 Test
,,,,,,,,mean,std,mean,std,mean,std,mean,std,mean,std,mean,std,mean,std,mean,std
Global Model,206,"(1169, 12)",1,Chemical + Physical,Transformer,Blocking Time Series Split,"{""N_Splits"": 5, ""Repeats"": 3, ""train_size"": 0.8}",1.4002678800580004,0.34137050640840133,1.0776289356792856,0.23504213691309309,0.024305728788704243,0.005695576282506176,0.7210990678977393,0.10589082759685413,1.8343070686766096,0.5586442290819382,1.4001751775214013,0.39268948689786626,0.03224629034680893,0.010356258036856235,-0.10329202639103237,1.3141208808777918
Global Model,206,"(1169, 12)",1,Chemical + Physical,Transformer,Out of time Split,"{""Test Size"": 0.2}",1.225657099155512,0.0030952793933903657,0.9628546360662432,0.0025287158514850686,0.021528733191647567,6.468364010840879e-05,0.7997512291966036,0.0010120188841064844,2.147280500825931,0.008404833150089096,1.571260006635617,0.010252017431749675,0.037334392493197074,0.0002734426973148018,0.5512907583646781,0.0035167958536820245
Global Model,206,"(1169, 12)",1,Chemical + Physical,Transformer,Repeated KFold,"{""N_Splits"": 5, ""Repeats"": 3}",1.3802788928147094,0.018868332811912518,1.0480176413995188,0.009204525871787194,0.02372333700966895,0.00024104038247726913,0.7764527769371445,0.004939737088620959,1.4255856331986687,0.07361321336269647,1.0787129004331213,0.04190725611984775,0.02443655932533485,0.0009692226393019285,0.760196993004285,0.022204877351601825
Global Model,206,"(1169, 12)",1,Chemical + Physical,Transformer,Time Series Split,"{""N_Splits"": 5, ""Repeats"": 3, ""Gap"": 0}",1.330848439682364,0.1162925872931854,1.0497917779538015,0.09853114128576235,0.0237472028289236,0.0024422780493498983,0.8034483449135802,0.010592727189129014,1.7226195297666265,0.2555701483900724,1.2901349798038655,0.2424362686265626,0.02898966659974127,0.0056627403479078495,0.561525047283229,0.08719185450213301
