Category,Company,Data Shape,Timesteps,Features,Model,Cross Validation,Cross Validation Params,RMSE Train,RMSE Train,MAE Train,MAE Train,MAPE Train,MAPE Train,R2 Train,R2 Train,RMSE Test,RMSE Test,MAE Test,MAE Test,MAPE Test,MAPE Test,R2 Test,R2 Test
,,,,,,,,mean,std,mean,std,mean,std,mean,std,mean,std,mean,std,mean,std,mean,std
Local Model,partner_ii,"(244, 14)",,Chemical + Mineralogical + CS1,Decision Tree,Blocking Time Series Split,"{""N_Splits"": 5, ""Repeats"": 1, ""train_size"": 0.8}",1.2294841757682866,0.5210812255158109,0.889834874675287,0.35249669590340815,0.018861218056442898,0.008235636803379475,0.6487624469752136,0.19571157370220596,2.604295916753733,0.5177106527108463,2.077393543528934,0.34041082549550306,0.04509801291573538,0.007749924998508965,-0.6588702642593812,0.6669290806456001
Local Model,partner_ii,"(244, 14)",,Chemical + Mineralogical + CS1,Decision Tree,Out of time Split,"{""Test Size"": 0.2}",1.5540873400448096,0.0,1.2364618982623963,0.0,0.025683550649163132,0.0,0.4915715541454114,0.0,2.964615666593951,0.0,2.293636267693893,0.0,0.05268561500872293,0.0,-0.3236392762591589,0.0
Local Model,partner_ii,"(244, 14)",,Chemical + Mineralogical + CS1,Decision Tree,Repeated KFold,"{""N_Splits"": 5, ""Repeats"": 3}",1.7187986136901248,0.11511009219340532,1.3462530507032207,0.09487752065791498,0.028533541409563188,0.0021430099029034087,0.5783646147495561,0.06373980283770485,2.0055402753283746,0.1889508493256235,1.5666306586361252,0.1523956239503525,0.03334915031805224,0.0033897031648260855,0.4067469526911626,0.1114689733048411
Local Model,partner_ii,"(244, 14)",,Chemical + Mineralogical + CS1,Decision Tree,Time Series Split,"{""N_Splits"": 5, ""Repeats"": 1, ""Gap"": 0}",1.2637701821830003,0.2653578018385391,0.9663635592773947,0.2261172266214246,0.020028474393820384,0.004719108612331414,0.602807046384378,0.10173380021464491,2.24888252191277,0.47551236481152764,1.8102926139562334,0.42080735601669084,0.03911058806397896,0.010949011847760244,-0.1276821003056451,0.49515305820975275
