Category,Company,Data Shape,Timesteps,Features,Model,Cross Validation,Cross Validation Params,RMSE Train,RMSE Train,MAE Train,MAE Train,MAPE Train,MAPE Train,R2 Train,R2 Train,RMSE Test,RMSE Test,MAE Test,MAE Test,MAPE Test,MAPE Test,R2 Test,R2 Test
,,,,,,,,mean,std,mean,std,mean,std,mean,std,mean,std,mean,std,mean,std,mean,std
Local Model,partner_ii,"(244, 14)",,Chemical + Mineralogical + CS7,Decision Tree,Blocking Time Series Split,"{""N_Splits"": 5, ""Repeats"": 1, ""train_size"": 0.8}",0.9916410087689664,0.28521171143879437,0.7872873678448999,0.2575841844534124,0.016523017244446554,0.0052846169092573,0.7665480106683422,0.11486544844106729,2.269080106387068,0.29470411378335754,1.9843076491516176,0.25043466783622786,0.04310079877428533,0.005980833282136696,-0.5316313869436976,1.1774991741173533
Local Model,partner_ii,"(244, 14)",,Chemical + Mineralogical + CS7,Decision Tree,Out of time Split,"{""Test Size"": 0.2}",1.4570262056731131,0.0,1.1675096222601378,0.0,0.024275467188219168,0.0,0.5530965355065376,0.0,2.1034440231311655,0.0,1.6914972064427152,0.0,0.038998349041762505,0.0,0.3336617177248574,0.0
Local Model,partner_ii,"(244, 14)",,Chemical + Mineralogical + CS7,Decision Tree,Repeated KFold,"{""N_Splits"": 5, ""Repeats"": 3}",1.515112410577721,0.04079198069789293,1.2116221942827907,0.03596984220868577,0.02570183157590572,0.0007888320929197569,0.6741779932792625,0.013933893865592555,1.7424172978046488,0.25433947299450504,1.3920832713809839,0.19500270502609324,0.029577682918428473,0.00421864523487467,0.5536669000876,0.10959505494510423
Local Model,partner_ii,"(244, 14)",,Chemical + Mineralogical + CS7,Decision Tree,Time Series Split,"{""N_Splits"": 5, ""Repeats"": 1, ""Gap"": 0}",1.2767979223611028,0.24215902573480924,0.9831094011319861,0.21185920433346997,0.020434517059632576,0.004478534148942639,0.596181564835667,0.09107181550707602,2.1592515720733756,0.6018183719755684,1.7387044113544845,0.5017405993781949,0.03787629419241822,0.01309310344097309,-0.05362324527013642,0.5948900282087942
