Category,Company,Data Shape,Timesteps,Features,Model,Cross Validation,Cross Validation Params,RMSE Train,RMSE Train,MAE Train,MAE Train,MAPE Train,MAPE Train,R2 Train,R2 Train,RMSE Test,RMSE Test,MAE Test,MAE Test,MAPE Test,MAPE Test,R2 Test,R2 Test
,,,,,,,,mean,std,mean,std,mean,std,mean,std,mean,std,mean,std,mean,std,mean,std
Local Model,partner_ii,"(244, 14)",,Chemical + Mineralogical + CS1,Linear Regression,Blocking Time Series Split,"{""N_Splits"": 5, ""Repeats"": 1, ""train_size"": 0.8}",1.2263115093270818,0.1416042356693067,0.9769698768393006,0.0732115073828399,0.020444695658730336,0.001801515118731619,0.6442398092478692,0.07181226639360941,2.1933191644427548,0.5499705057796015,1.8030598137871003,0.372365852408791,0.038503676686249634,0.0077751293468967956,-1.132351686852617,2.8706789512407958
Local Model,partner_ii,"(244, 14)",,Chemical + Mineralogical + CS1,Linear Regression,Out of time Split,"{""Test Size"": 0.2}",1.5454922361031604,0.0,1.276781484915207,0.0,0.026438538395096262,0.0,0.4971798758687809,0.0,2.737331389903643,0.0,2.1419904343674827,0.0,0.04957675262114207,0.0,-0.12846372259983685,0.0
Local Model,partner_ii,"(244, 14)",,Chemical + Mineralogical + CS1,Linear Regression,Repeated KFold,"{""N_Splits"": 5, ""Repeats"": 3}",1.6477586951327199,0.03956295371340916,1.33280006364314,0.03479764931025678,0.028142719106173126,0.0007477008414078871,0.6145838653244008,0.016292912223120574,1.7717519462426197,0.18026154992318844,1.438568957964015,0.153635615943775,0.030388353460150414,0.003315936923818312,0.5396208053403948,0.07530836925845315
Local Model,partner_ii,"(244, 14)",,Chemical + Mineralogical + CS1,Linear Regression,Time Series Split,"{""N_Splits"": 5, ""Repeats"": 1, ""Gap"": 0}",1.4755332080743007,0.08367657631667258,1.1937987711457116,0.08756882394263639,0.024738421257804726,0.0018511243409814237,0.4548432337774454,0.039152592469289565,2.1697119063606762,0.3312225979103665,1.7160034839181244,0.25999715280545743,0.03698425244520583,0.0075596839783891,-0.06533451080070345,0.4274077224186848
