Category,Company,Data Shape,Timesteps,Features,Model,Cross Validation,Cross Validation Params,RMSE Train,RMSE Train,MAE Train,MAE Train,MAPE Train,MAPE Train,R2 Train,R2 Train,RMSE Test,RMSE Test,MAE Test,MAE Test,MAPE Test,MAPE Test,R2 Test,R2 Test
,,,,,,,,mean,std,mean,std,mean,std,mean,std,mean,std,mean,std,mean,std,mean,std
Local Model,partner_ii,"(244, 15)",,Chemical + Mineralogical + CS1 + CS3,Linear Regression,Blocking Time Series Split,"{""N_Splits"": 5, ""Repeats"": 1, ""train_size"": 0.8}",1.1123650976685406,0.12166071015746574,0.8930110472836648,0.09552589889634171,0.01871646138447461,0.002236795002972051,0.7072914101254996,0.05440889993465899,2.082223426264342,0.41388552835500336,1.8035669831534853,0.3989387972355221,0.03870714050759179,0.008104921258371253,-0.6567298126948999,1.994053410402427
Local Model,partner_ii,"(244, 15)",,Chemical + Mineralogical + CS1 + CS3,Linear Regression,Out of time Split,"{""Test Size"": 0.2}",1.3904307171978925,0.0,1.1155045379824842,0.0,0.023063716334983806,0.0,0.593015656253256,0.0,2.131673662273985,0.0,1.6274794754607838,0.0,0.037638785426287735,0.0,0.3156562811349266,0.0
Local Model,partner_ii,"(244, 15)",,Chemical + Mineralogical + CS1 + CS3,Linear Regression,Repeated KFold,"{""N_Splits"": 5, ""Repeats"": 3}",1.4643671040320403,0.044851117336754676,1.1431106973817167,0.03765181375562492,0.02414559266127044,0.0008250292877557094,0.6955052381843637,0.01700691068057953,1.5818783832292094,0.18694528070122793,1.2440369245313014,0.15890813085224528,0.026276790034128042,0.0034976081521242842,0.6315633335416185,0.07619840825245709
Local Model,partner_ii,"(244, 15)",,Chemical + Mineralogical + CS1 + CS3,Linear Regression,Time Series Split,"{""N_Splits"": 5, ""Repeats"": 1, ""Gap"": 0}",1.31673370231456,0.08682397798595437,1.0625020590482084,0.07169322244913084,0.021970132811817252,0.0015203165670033337,0.5662923358665103,0.03287255727738028,1.9892086909552318,0.37907037664433585,1.570188195772299,0.3454479063078444,0.03361410972007693,0.0075882445873322185,0.012662166864957313,0.7187109924606108
