Category,Company,Data Shape,Timesteps,Features,Model,Cross Validation,Cross Validation Params,RMSE Train,RMSE Train,MAE Train,MAE Train,MAPE Train,MAPE Train,R2 Train,R2 Train,RMSE Test,RMSE Test,MAE Test,MAE Test,MAPE Test,MAPE Test,R2 Test,R2 Test
,,,,,,,,mean,std,mean,std,mean,std,mean,std,mean,std,mean,std,mean,std,mean,std
Local Model,partner_ii,"(244, 18)",,Chemical + Mineralogical + Feature Engineering,Linear Regression,Blocking Time Series Split,"{""N_Splits"": 5, ""Repeats"": 1, ""train_size"": 0.8}",1.3376265846083724,0.16883932094732215,1.0641085969972108,0.1399490636377419,0.02224476901975624,0.0026780395961198905,0.5536065196539957,0.17667389873485298,4.685180168711115,1.6067934296367636,3.5800963934776773,1.1524393227646594,0.07652544096392652,0.022228059688155777,-7.667119736695009,9.872093685220056
Local Model,partner_ii,"(244, 18)",,Chemical + Mineralogical + Feature Engineering,Linear Regression,Out of time Split,"{""Test Size"": 0.2}",2.0753814780867645,0.0,1.6499667776146092,0.0,0.034465924705034255,0.0,0.09327650652854524,0.0,4.162334016361689,0.0,3.3615059813079027,0.0,0.07823435453836274,0.0,-1.609195995779591,0.0
Local Model,partner_ii,"(244, 18)",,Chemical + Mineralogical + Feature Engineering,Linear Regression,Repeated KFold,"{""N_Splits"": 5, ""Repeats"": 3}",2.2755587404707946,0.05129517068967893,1.8370533070182333,0.036044032232307156,0.03909560656890375,0.0007672309973270397,0.2650821512908676,0.026392440952841902,2.484471740123877,0.20390638532130292,2.0093731986250973,0.1562576599357491,0.042756592947500886,0.003207738670840405,0.0962032914966973,0.11970278833033773
Local Model,partner_ii,"(244, 18)",,Chemical + Mineralogical + Feature Engineering,Linear Regression,Time Series Split,"{""N_Splits"": 5, ""Repeats"": 1, ""Gap"": 0}",1.8594794520917415,0.2339068067433567,1.4707067456109422,0.1737271115089612,0.030624107660427204,0.0037395858192087513,0.143421009979727,0.0820418960425222,3.7760705728228956,0.8498150196451629,3.083969158281994,0.7438206525142177,0.06683900901967828,0.018153858545724676,-2.6749049385424017,2.5237252216051753
