Category,Company,Data Shape,Timesteps,Features,Model,Cross Validation,Cross Validation Params,RMSE Train,RMSE Train,MAE Train,MAE Train,MAPE Train,MAPE Train,R2 Train,R2 Train,RMSE Test,RMSE Test,MAE Test,MAE Test,MAPE Test,MAPE Test,R2 Test,R2 Test
,,,,,,,,mean,std,mean,std,mean,std,mean,std,mean,std,mean,std,mean,std,mean,std
Local Model,partner_ii,"(244, 15)",,Chemical + Mineralogical + CS1 + CS3,MLP,Blocking Time Series Split,"{""N_Splits"": 5, ""Repeats"": 3, ""train_size"": 0.8}",17.617183364290995,2.9433123210915846,15.0514198755967,2.894621325743779,0.3146023124126488,0.06219288791755919,-76.2148314474699,33.80119746161995,23.571523490872288,4.174671081452258,22.067689315160116,4.7429473054466,0.47096067712373896,0.09745806881792551,-174.93959757629688,148.49743877584973
Local Model,partner_ii,"(244, 15)",,Chemical + Mineralogical + CS1 + CS3,MLP,Out of time Split,"{""Test Size"": 0.2}",5.226457413175762,0.5738951033567827,4.248282602945963,0.43827583238050644,0.08800891768504937,0.009084995828485728,-4.819677664310466,1.269791008582851,9.81454875464886,0.828899254550885,8.126967770323462,0.8312068439382964,0.18080122290033,0.01919514106893052,-13.61033857306706,2.379931542029837
Local Model,partner_ii,"(244, 15)",,Chemical + Mineralogical + CS1 + CS3,MLP,Repeated KFold,"{""N_Splits"": 5, ""Repeats"": 3}",5.080382401707095,0.40353903630928656,4.125744164856745,0.33856842663349224,0.08676944066932217,0.007241591553962806,-2.6949413571485037,0.6486440512092374,6.179177848002206,0.6005729136499354,5.043133847024706,0.4881915141924421,0.10591690046064126,0.010229565958206501,-4.743372372589202,1.5862938672685556
Local Model,partner_ii,"(244, 15)",,Chemical + Mineralogical + CS1 + CS3,MLP,Time Series Split,"{""N_Splits"": 5, ""Repeats"": 3, ""Gap"": 0}",8.403936511623998,4.204104365339985,6.886481129464996,3.6775506775369085,0.14193828623134622,0.07499922810056031,-23.80231710172393,29.495173142658917,14.874137322049915,5.974686846684344,12.887535836410523,5.852978930664172,0.2706468126750304,0.11917223533858708,-65.98608047049419,76.57151965288368
