Category,Company,Data Shape,Timesteps,Features,Model,Cross Validation,Cross Validation Params,RMSE Train,RMSE Train,MAE Train,MAE Train,MAPE Train,MAPE Train,R2 Train,R2 Train,RMSE Test,RMSE Test,MAE Test,MAE Test,MAPE Test,MAPE Test,R2 Test,R2 Test
,,,,,,,,mean,std,mean,std,mean,std,mean,std,mean,std,mean,std,mean,std,mean,std
Local Model,partner_ii,"(244, 14)",,Chemical + Mineralogical + CS7,MLP,Blocking Time Series Split,"{""N_Splits"": 5, ""Repeats"": 3, ""train_size"": 0.8}",17.907916488383297,3.078290603681551,15.38255751516108,3.0702516671324425,0.3215236924249771,0.06623317875915344,-78.74102783066658,35.641173900444585,22.616915522081666,4.302714059679048,21.16057022145589,4.804979476332506,0.4505149353937624,0.09844917204691087,-152.76402743512864,113.99281753696901
Local Model,partner_ii,"(244, 14)",,Chemical + Mineralogical + CS7,MLP,Out of time Split,"{""Test Size"": 0.2}",5.179755748035284,0.35037223038705856,4.130180307763254,0.27299890967309415,0.08545398621255378,0.005626529273701994,-4.673880046146987,0.7500580521238426,10.123179876849091,1.1083195369502241,8.406164261694668,0.9365600420249027,0.18641622130230362,0.0204363612468644,-14.618578943686003,3.440471089561397
Local Model,partner_ii,"(244, 14)",,Chemical + Mineralogical + CS7,MLP,Repeated KFold,"{""N_Splits"": 5, ""Repeats"": 3}",5.03154037453846,0.4279788753825646,4.0354741094227595,0.3638333650035671,0.08472090124453818,0.0077573731903073356,-2.625182491756647,0.644001102028967,6.0615213860205,0.4836764545589389,4.9014138272949355,0.4397013461451888,0.10266013597363365,0.009311098408702572,-4.522383671284725,1.5338174804257463
Local Model,partner_ii,"(244, 14)",,Chemical + Mineralogical + CS7,MLP,Time Series Split,"{""N_Splits"": 5, ""Repeats"": 3, ""Gap"": 0}",8.395307913284343,4.349550573961742,6.91798529295562,3.769300529176502,0.1424370085196422,0.0767595618263347,-24.18177169020064,30.60023196143011,14.398611122785729,6.107244151167789,12.626742414283752,5.920535951282331,0.26502024750154995,0.12097620976413238,-63.912889303289056,76.45497259562485
