Category,Company,Data Shape,Timesteps,Features,Model,Cross Validation,Cross Validation Params,RMSE Train,RMSE Train,MAE Train,MAE Train,MAPE Train,MAPE Train,R2 Train,R2 Train,RMSE Test,RMSE Test,MAE Test,MAE Test,MAPE Test,MAPE Test,R2 Test,R2 Test
,,,,,,,,mean,std,mean,std,mean,std,mean,std,mean,std,mean,std,mean,std,mean,std
Local Model,209,"(1238, 19)",,Chemical + Mineralogical,Decision Tree,Blocking Time Series Split,"{""N_Splits"": 5, ""Repeats"": 1, ""train_size"": 0.8}",1.705915146979739,0.449358352949904,1.379360007653477,0.38301259439905777,0.026897192679548133,0.0072886685717484575,0.45415634405166666,0.18114001093248572,1.953042527163633,0.3834692572932258,1.598540506103251,0.3436570674789133,0.031057059935965536,0.005982059297754575,0.04773731207882048,0.08887330229499928
Local Model,209,"(1238, 19)",,Chemical + Mineralogical,Decision Tree,Out of time Split,"{""Test Size"": 0.2}",2.217331107693967,0.0,1.8023433552017776,0.0,0.03503111406736672,0.0,0.3772829265410741,0.0,2.834741761499664,0.0,2.5750722553192316,0.0,0.0526199315270802,0.0,-3.3667365438995134,0.0
Local Model,209,"(1238, 19)",,Chemical + Mineralogical,Decision Tree,Repeated KFold,"{""N_Splits"": 5, ""Repeats"": 3}",1.9080814332536766,0.045056753339680206,1.5199398564871665,0.0393026263332694,0.02970082660293246,0.0008481482590656081,0.49968360833078124,0.02459120792570866,2.0662754331435753,0.15312872967817026,1.6073992125818148,0.06311524671843168,0.03157172046153736,0.0014558665008883981,0.4079088520142196,0.06379005798364804
Local Model,209,"(1238, 19)",,Chemical + Mineralogical,Decision Tree,Time Series Split,"{""N_Splits"": 5, ""Repeats"": 1, ""Gap"": 0}",2.1819383960357364,0.054474073463104664,1.7653350585650198,0.0535272242762354,0.03420665610688155,0.0010763768554260063,0.5306543906116624,0.13283761166345176,2.5535633185000655,0.2739001504373326,2.120154711978939,0.24422500883282833,0.04221361027618784,0.0056316639208738315,-0.9625773951413665,1.1092380962056934
