Category,Company,Data Shape,Timesteps,Features,Model,Cross Validation,Cross Validation Params,RMSE Train,RMSE Train,MAE Train,MAE Train,MAPE Train,MAPE Train,R2 Train,R2 Train,RMSE Test,RMSE Test,MAE Test,MAE Test,MAPE Test,MAPE Test,R2 Test,R2 Test
,,,,,,,,mean,std,mean,std,mean,std,mean,std,mean,std,mean,std,mean,std,mean,std
Local Model,209,"(1238, 24)",,Chemical + Mineralogical + Properties CS Less,Decision Tree,Blocking Time Series Split,"{""N_Splits"": 5, ""Repeats"": 1, ""train_size"": 0.8}",1.7778015582663411,0.5317402469096925,1.4298254298614905,0.44543229480942853,0.027899360354322604,0.008523578167649941,0.43494179692745316,0.15570523357276522,2.008027589991706,0.41907843076463885,1.6703238403984932,0.3899730998464181,0.03237229246107032,0.006678885813937211,-0.006945217264343562,0.1389879611428435
Local Model,209,"(1238, 24)",,Chemical + Mineralogical + Properties CS Less,Decision Tree,Out of time Split,"{""Test Size"": 0.2}",1.9953079345694351,0.0,1.6183932771267522,0.0,0.03130503771484565,0.0,0.4957457902681546,0.0,2.25370375748532,0.0,1.86478591130027,0.0,0.03811699342572735,0.0,-1.760092548386583,0.0
Local Model,209,"(1238, 24)",,Chemical + Mineralogical + Properties CS Less,Decision Tree,Repeated KFold,"{""N_Splits"": 5, ""Repeats"": 3}",1.9789029952412496,0.04528800974431158,1.6101434117552882,0.04662232235250894,0.03131070263225868,0.0009205713532087393,0.4618616508276823,0.02604134516117319,2.045841655581407,0.0477857214537723,1.6745866267637624,0.05207699272111953,0.03265824433046936,0.0009794603668074867,0.4162307064125878,0.07008518915826127
Local Model,209,"(1238, 24)",,Chemical + Mineralogical + Properties CS Less,Decision Tree,Time Series Split,"{""N_Splits"": 5, ""Repeats"": 1, ""Gap"": 0}",2.133802303064622,0.14036065965241862,1.7346876277373156,0.10395485517739118,0.033545323381435524,0.00213937235561706,0.5649241302494976,0.08821393257330172,2.491711734022515,0.24437081599897223,2.1059783793800775,0.2612686333839552,0.04185904720159796,0.006026407248989614,-0.9200478319724283,1.1885808402239615
