Category,Company,Data Shape,Timesteps,Features,Model,Cross Validation,Cross Validation Params,RMSE Train,RMSE Train,MAE Train,MAE Train,MAPE Train,MAPE Train,R2 Train,R2 Train,RMSE Test,RMSE Test,MAE Test,MAE Test,MAPE Test,MAPE Test,R2 Test,R2 Test
,,,,,,,,mean,std,mean,std,mean,std,mean,std,mean,std,mean,std,mean,std,mean,std
Local Model,209,"(1238, 23)",,Chemical + Mineralogical + Feature Engineering,Decision Tree,Blocking Time Series Split,"{""N_Splits"": 5, ""Repeats"": 1, ""train_size"": 0.8}",1.734563425910034,0.486674131330999,1.3968415954219366,0.4125424266790821,0.027234925682116856,0.007857959480115981,0.4446219120182306,0.17512620913006838,1.9747397871915897,0.4199931217780027,1.6468210819790676,0.38689635961751384,0.03187204425208915,0.006640720703650593,0.025591897465084855,0.143941940049041
Local Model,209,"(1238, 23)",,Chemical + Mineralogical + Feature Engineering,Decision Tree,Out of time Split,"{""Test Size"": 0.2}",2.2175280081531414,0.0,1.810124779316186,0.0,0.03516709222857139,0.0,0.37717232626009267,0.0,2.834741761499727,0.0,2.575072255319294,0.0,0.05261993152708148,0.0,-3.366736543899707,0.0
Local Model,209,"(1238, 23)",,Chemical + Mineralogical + Feature Engineering,Decision Tree,Repeated KFold,"{""N_Splits"": 5, ""Repeats"": 3}",2.099556767312115,0.023933964366011893,1.7007410346873566,0.017021637981991793,0.03316638072867269,0.0003549892951249823,0.3945033864171285,0.015638031205550844,2.1489020672170316,0.08264038120567789,1.7333957941919091,0.04036500380237786,0.03386580874293905,0.0008991185554438876,0.3591933938246965,0.05013669434068787
Local Model,209,"(1238, 23)",,Chemical + Mineralogical + Feature Engineering,Decision Tree,Time Series Split,"{""N_Splits"": 5, ""Repeats"": 1, ""Gap"": 0}",2.2108052608339994,0.029706465908422602,1.7981679287918229,0.023041766825350574,0.0348694030750317,0.0004763681369641969,0.5216393785826231,0.12581185459833116,2.5041698843866227,0.28730189990151905,2.077876362662886,0.2585477081057002,0.041363233150507925,0.005964699777358322,-0.8936462724119693,1.1022186375576835
