Category,Company,Data Shape,Timesteps,Features,Model,Cross Validation,Cross Validation Params,RMSE Train,RMSE Train,MAE Train,MAE Train,MAPE Train,MAPE Train,R2 Train,R2 Train,RMSE Test,RMSE Test,MAE Test,MAE Test,MAPE Test,MAPE Test,R2 Test,R2 Test
,,,,,,,,mean,std,mean,std,mean,std,mean,std,mean,std,mean,std,mean,std,mean,std
Local Model,209,"(1238, 20)",,Chemical + Mineralogical + CS3,Linear Regression,Blocking Time Series Split,"{""N_Splits"": 5, ""Repeats"": 1, ""train_size"": 0.8}",1.4803538611229443,0.34998667270729444,1.1878969057374877,0.29044999636702723,0.023227075928368847,0.005529267201887757,0.5730434936892165,0.15590931949568992,1.6224250493876577,0.27456274989557317,1.2482486597702305,0.21243802412091634,0.02430599258243262,0.0036360973979662568,0.33248783254073383,0.08727523129620313
Local Model,209,"(1238, 20)",,Chemical + Mineralogical + CS3,Linear Regression,Out of time Split,"{""Test Size"": 0.2}",1.8353913203493168,0.0,1.4278683279550437,0.0,0.027972688166252674,0.0,0.5733349979299702,0.0,1.7951008754559312,0.0,1.443354935705283,0.0,0.02945532109576991,0.0,-0.7510869219289091,0.0
Local Model,209,"(1238, 20)",,Chemical + Mineralogical + CS3,Linear Regression,Repeated KFold,"{""N_Splits"": 5, ""Repeats"": 3}",1.761555526591112,0.02482258829752841,1.363637109138458,0.016318061844721073,0.026820965817150707,0.0003340192523597326,0.5738175808593603,0.010089713245205523,1.804253865678929,0.10069777650403619,1.3948419401867698,0.06930524329806664,0.02744189708330152,0.0014789604643906601,0.5485229326542681,0.040993229919708926
Local Model,209,"(1238, 20)",,Chemical + Mineralogical + CS3,Linear Regression,Time Series Split,"{""N_Splits"": 5, ""Repeats"": 1, ""Gap"": 0}",1.8823858865767966,0.06285753357302991,1.486325945931381,0.05602293413177985,0.028981409877250525,0.0010484702570102045,0.6534928319519655,0.08749832073642919,1.998159430406672,0.27822944776530767,1.5628436789349747,0.24131834402978913,0.030744152252898012,0.00437237481077806,-0.06907114930705241,0.3600227801423052
