Category,Company,Data Shape,Timesteps,Features,Model,Cross Validation,Cross Validation Params,RMSE Train,RMSE Train,MAE Train,MAE Train,MAPE Train,MAPE Train,R2 Train,R2 Train,RMSE Test,RMSE Test,MAE Test,MAE Test,MAPE Test,MAPE Test,R2 Test,R2 Test
,,,,,,,,mean,std,mean,std,mean,std,mean,std,mean,std,mean,std,mean,std,mean,std
Local Model,209,"(1238, 21)",,Chemical + Mineralogical + CS3 + CS7,Linear Regression,Blocking Time Series Split,"{""N_Splits"": 5, ""Repeats"": 1, ""train_size"": 0.8}",1.3423238565822202,0.3024241106562197,1.058744288974146,0.24956720179070693,0.02068706165330894,0.0047056226948971,0.6490926126021179,0.11818569494138693,1.5097597901167672,0.40152170683833827,1.155321026716677,0.30571054685197946,0.022434933723838264,0.005504086842760966,0.4336366210049647,0.13816398428352053
Local Model,209,"(1238, 21)",,Chemical + Mineralogical + CS3 + CS7,Linear Regression,Out of time Split,"{""Test Size"": 0.2}",1.6395375320513226,0.0,1.2918943999557273,0.0,0.0252297035634456,0.0,0.6595350576587856,0.0,1.354230565758957,0.0,1.0642808084948658,0.0,0.021638389735460496,0.0,0.0034130159763707812,0.0
Local Model,209,"(1238, 21)",,Chemical + Mineralogical + CS3 + CS7,Linear Regression,Repeated KFold,"{""N_Splits"": 5, ""Repeats"": 3}",1.5572804986724218,0.015080323495753787,1.2235889302644158,0.01184830546243081,0.02400755628823898,0.00023877041214900234,0.6668875335393395,0.00819348988194951,1.5907541412768489,0.05779603327535495,1.2497012021850893,0.046869529225462815,0.024526594168360966,0.0009904983368028677,0.6484391837676102,0.03148587455503486
Local Model,209,"(1238, 21)",,Chemical + Mineralogical + CS3 + CS7,Linear Regression,Time Series Split,"{""N_Splits"": 5, ""Repeats"": 1, ""Gap"": 0}",1.6899453488054756,0.05779119124958075,1.3385535013879806,0.052308358741994625,0.02601695271930777,0.0009809608322257433,0.7214694281921326,0.06809656211833964,1.7323514041209602,0.32240789952555704,1.3961604583973315,0.3097161598556579,0.027371319168138276,0.0055269944789664485,0.22545278842168504,0.15464596624748642
