Category,Company,Data Shape,Timesteps,Features,Model,Cross Validation,Cross Validation Params,RMSE Train,RMSE Train,MAE Train,MAE Train,MAPE Train,MAPE Train,R2 Train,R2 Train,RMSE Test,RMSE Test,MAE Test,MAE Test,MAPE Test,MAPE Test,R2 Test,R2 Test
,,,,,,,,mean,std,mean,std,mean,std,mean,std,mean,std,mean,std,mean,std,mean,std
Local Model,209,"(1238, 19)",,Chemical + Mineralogical,Linear Regression,Blocking Time Series Split,"{""N_Splits"": 5, ""Repeats"": 1, ""train_size"": 0.8}",1.6843165089853926,0.48167560021870753,1.348480447240426,0.39144221236180066,0.026472715066543657,0.007659468952335752,0.48160907501383077,0.15016710441568715,1.8658483323916102,0.34718924029664966,1.463171356155377,0.31464113951795275,0.02844067849881038,0.005479816448515722,0.10436025751325802,0.20941319178509407
Local Model,209,"(1238, 19)",,Chemical + Mineralogical,Linear Regression,Out of time Split,"{""Test Size"": 0.2}",2.2563364860268775,0.0,1.7538249453833532,0.0,0.034613566832611,0.0,0.3551816234830276,0.0,2.2463555570871,0.0,1.9039309813987133,0.0,0.03888409658071043,0.0,-1.7421233287531637,0.0
Local Model,209,"(1238, 19)",,Chemical + Mineralogical,Linear Regression,Repeated KFold,"{""N_Splits"": 5, ""Repeats"": 3}",2.1733391736706698,0.030187496941736724,1.666734905662822,0.02825588054140582,0.03297778262154636,0.0005914755742163955,0.3513546778041566,0.01155998401755116,2.2223716749182425,0.11765512568132241,1.702354221932084,0.09620814300809997,0.033692186516203294,0.00209040434915824,0.31512990568089266,0.059740589905212325
Local Model,209,"(1238, 19)",,Chemical + Mineralogical,Linear Regression,Time Series Split,"{""N_Splits"": 5, ""Repeats"": 1, ""Gap"": 0}",2.3832108397885454,0.10371258208126952,1.8812723951895507,0.10350362447072864,0.03710146296160567,0.0020402171136992,0.4528378654384528,0.1127666597920627,2.613584151932273,0.4955701588677996,2.1534040406112003,0.4043269874408782,0.042480297765682906,0.007540384400659561,-0.8624478794481003,0.671369949435222
