Category,Company,Data Shape,Timesteps,Features,Model,Cross Validation,Cross Validation Params,RMSE Train,RMSE Train,MAE Train,MAE Train,MAPE Train,MAPE Train,R2 Train,R2 Train,RMSE Test,RMSE Test,MAE Test,MAE Test,MAPE Test,MAPE Test,R2 Test,R2 Test
,,,,,,,,mean,std,mean,std,mean,std,mean,std,mean,std,mean,std,mean,std,mean,std
Local Model,209,"(1238, 24)",,Chemical + Mineralogical + Properties CS Less,MLP,Blocking Time Series Split,"{""N_Splits"": 5, ""Repeats"": 3, ""train_size"": 0.8}",5.258217713093472,0.4800600419597216,4.209306262253505,0.39879811790370906,0.08247512495296826,0.007994229829936242,-6.333459499159799,5.600065566854828,9.5260424150334,1.363666928817201,7.6543147064209,1.2278218240669838,0.14908720856745106,0.022182989380340405,-22.86048575250013,7.139815503356891
Local Model,209,"(1238, 24)",,Chemical + Mineralogical + Properties CS Less,MLP,Out of time Split,"{""Test Size"": 0.2}",1.930510209714732,0.0077518227939954755,1.552388414582019,0.002057667183865404,0.02997222915092056,7.540853633146373e-05,0.527957739601709,0.0037881273215130988,1.6967346820196563,0.008095069030029845,1.3679300410773176,0.02456754768585521,0.02783570071340934,0.0004906760001725077,-0.564471826452346,0.01493016068982455
Local Model,209,"(1238, 24)",,Chemical + Mineralogical + Properties CS Less,MLP,Repeated KFold,"{""N_Splits"": 5, ""Repeats"": 3}",1.87445978700796,0.045592848664164444,1.4806161514692984,0.03371675049763761,0.028734033980175686,0.000634259783110605,0.5169262929196919,0.0291139534707169,1.9622896918508337,0.07776585099289675,1.5522654968021925,0.07139648114853478,0.030164903018109732,0.0013957083326122622,0.4625228261329376,0.07225546335611832
Local Model,209,"(1238, 24)",,Chemical + Mineralogical + Properties CS Less,MLP,Time Series Split,"{""N_Splits"": 5, ""Repeats"": 3, ""Gap"": 0}",2.6522038640508137,1.042076489673002,2.1243430961373013,0.8309032538972848,0.04127687284722441,0.01658604369857034,0.3610499552500543,0.3128029657383049,4.646494896975721,3.4632060615695828,3.6988828335610804,2.889737358445529,0.07161481054071217,0.05493649356300789,-5.134752716207118,7.110428289875061
