Category,Company,Data Shape,Timesteps,Features,Model,Cross Validation,Cross Validation Params,RMSE Train,RMSE Train,MAE Train,MAE Train,MAPE Train,MAPE Train,R2 Train,R2 Train,RMSE Test,RMSE Test,MAE Test,MAE Test,MAPE Test,MAPE Test,R2 Test,R2 Test
,,,,,,,,mean,std,mean,std,mean,std,mean,std,mean,std,mean,std,mean,std,mean,std
Local Model,209,"(1238, 21)",,Chemical + Mineralogical + CS3 + CS7,MLP,Blocking Time Series Split,"{""N_Splits"": 5, ""Repeats"": 3, ""train_size"": 0.8}",5.097268778605486,0.55633488757013,4.026000161211301,0.4396834039484082,0.07885752404620688,0.008381991712692495,-5.1874770630180445,3.9841564753110497,9.78233167549932,2.9431323751216345,7.564929838562012,2.239815148165224,0.14734336611878096,0.0415178851835533,-23.0157307547074,8.611030811276644
Local Model,209,"(1238, 21)",,Chemical + Mineralogical + CS3 + CS7,MLP,Out of time Split,"{""Test Size"": 0.2}",1.6403237435081006,0.011387752312673874,1.3087968740238491,0.0111599939419592,0.025319954298197448,0.00022934210840270578,0.6591920263774359,0.004720928221873927,1.309497215403323,0.06261486720922409,1.000042173939366,0.021847320298222055,0.02022848497200903,0.00043870713164370975,0.06603421114318231,0.08816819731452394
Local Model,209,"(1238, 21)",,Chemical + Mineralogical + CS3 + CS7,MLP,Repeated KFold,"{""N_Splits"": 5, ""Repeats"": 3}",1.5752567730357332,0.041710644424392304,1.242755783636812,0.034511345110649155,0.02415799171470446,0.0006596730513418965,0.6587864175448916,0.021864426121049947,1.6331604856140056,0.07338180488836056,1.294170714775213,0.06840146037275481,0.02518652049332928,0.001378100912640388,0.6288986365337498,0.04096043909778108
Local Model,209,"(1238, 21)",,Chemical + Mineralogical + CS3 + CS7,MLP,Time Series Split,"{""N_Splits"": 5, ""Repeats"": 3, ""Gap"": 0}",2.45958437470346,1.363666321495242,1.9630801441886803,1.0537096727038944,0.03814776106887936,0.020950742201055667,0.4241437780327089,0.4801508763935986,4.907149772293191,5.238180880133603,3.6948611818085215,4.430639789541715,0.0714791284502341,0.08494141042451309,-7.839157973325988,14.385977574064775
