Category,Company,Data Shape,Timesteps,Features,Model,Cross Validation,Cross Validation Params,RMSE Train,RMSE Train,MAE Train,MAE Train,MAPE Train,MAPE Train,R2 Train,R2 Train,RMSE Test,RMSE Test,MAE Test,MAE Test,MAPE Test,MAPE Test,R2 Test,R2 Test
,,,,,,,,mean,std,mean,std,mean,std,mean,std,mean,std,mean,std,mean,std,mean,std
Local Model,209,"(1238, 23)",,Chemical + Mineralogical + Feature Engineering,MLP,Blocking Time Series Split,"{""N_Splits"": 5, ""Repeats"": 3, ""train_size"": 0.8}",5.334823142525062,0.7081138591678413,4.173230868370199,0.5288515828173065,0.08152533267731428,0.009945727800688791,-5.530132374273525,4.004987813947131,10.01611197114485,3.8315486053155423,7.805412803141277,2.983415349133382,0.15174043268734236,0.05562925249209494,-24.242742573619058,12.702593351492737
Local Model,209,"(1238, 23)",,Chemical + Mineralogical + Feature Engineering,MLP,Out of time Split,"{""Test Size"": 0.2}",2.040902009821532,0.07166018056868576,1.6169713261151557,0.03863019285727374,0.0314373110339311,0.0008497279883363437,0.4717870166487457,0.03723646224126329,1.5883642130628992,0.045412019279380184,1.2985188402155405,0.04637693731338269,0.02641250740954838,0.0009434913062834384,-0.37209767052578835,0.07793610780838957
Local Model,209,"(1238, 23)",,Chemical + Mineralogical + Feature Engineering,MLP,Repeated KFold,"{""N_Splits"": 5, ""Repeats"": 3}",2.000059194955655,0.08236963583448803,1.5654398120118727,0.050126760990244906,0.0305696929008759,0.0010185257431696028,0.4492797345220421,0.05038807954691795,2.1671917597844885,0.14444562068985303,1.655237259004794,0.10965055359823055,0.032395682273857314,0.002281058069309358,0.34690686643235213,0.08423810876404776
Local Model,209,"(1238, 23)",,Chemical + Mineralogical + Feature Engineering,MLP,Time Series Split,"{""N_Splits"": 5, ""Repeats"": 3, ""Gap"": 0}",3.004699053161754,1.5364693253725312,2.363064619016386,1.124256983802962,0.045903565263205784,0.02194836074071513,0.1533195619378032,0.6341700879532824,6.68271121964745,6.192908772941818,4.741839745592531,4.942936238708896,0.09206074290209432,0.09441052818981259,-13.395340494756491,19.34621345108805
