Category,Company,Data Shape,Timesteps,Features,Model,Cross Validation,Cross Validation Params,RMSE Train,RMSE Train,MAE Train,MAE Train,MAPE Train,MAPE Train,R2 Train,R2 Train,RMSE Test,RMSE Test,MAE Test,MAE Test,MAPE Test,MAPE Test,R2 Test,R2 Test
,,,,,,,,mean,std,mean,std,mean,std,mean,std,mean,std,mean,std,mean,std,mean,std
Local Model,209,"(1238, 20)",,Chemical + Mineralogical + CS3,MLP,Blocking Time Series Split,"{""N_Splits"": 5, ""Repeats"": 3, ""train_size"": 0.8}",5.105862404052946,0.5519696890603977,4.023383999742227,0.4301343620454062,0.07874369397075377,0.008084386516460916,-5.0948136405095985,3.760194086328448,9.829176053510487,2.793942391406143,7.648338793436688,1.9595041613455255,0.14905457840554287,0.03587915953046319,-23.234458804269593,7.90044786254443
Local Model,209,"(1238, 20)",,Chemical + Mineralogical + CS3,MLP,Out of time Split,"{""Test Size"": 0.2}",1.7783486413442144,0.013049797883661066,1.4140994971689567,0.010779320047076659,0.027383617811869793,0.0002195511090242816,0.5994222029720637,0.005867543550641031,1.451255191963815,0.00914075177905927,1.1329618618052493,0.012211331252966121,0.023044348961942674,0.00023633857934696992,-0.1445500499652288,0.014443072320547048
Local Model,209,"(1238, 20)",,Chemical + Mineralogical + CS3,MLP,Repeated KFold,"{""N_Splits"": 5, ""Repeats"": 3}",1.7250729852311697,0.04340454466915194,1.3471912415822287,0.03312348491311015,0.026204412054488993,0.0006779892215453154,0.5909471800095777,0.023197204085873516,1.8118054362729334,0.10964409272662307,1.4016627442607907,0.08037773612733436,0.02729725453296832,0.0016142168140835115,0.5436671050381445,0.054550621186475065
Local Model,209,"(1238, 20)",,Chemical + Mineralogical + CS3,MLP,Time Series Split,"{""N_Splits"": 5, ""Repeats"": 3, ""Gap"": 0}",2.621446620525207,1.412417209964173,2.0785843693223973,1.1012027260390782,0.04037584385452844,0.02183652557406378,0.34924840064374957,0.525931636804787,5.124083032797723,5.275194514581307,3.8922453831546138,4.459213741639605,0.07536992576098527,0.0854271371706168,-8.365686616206506,15.047698235526097
