Category,Company,Data Shape,Timesteps,Features,Model,Cross Validation,Cross Validation Params,RMSE Train,RMSE Train,MAE Train,MAE Train,MAPE Train,MAPE Train,R2 Train,R2 Train,RMSE Test,RMSE Test,MAE Test,MAE Test,MAPE Test,MAPE Test,R2 Test,R2 Test
,,,,,,,,mean,std,mean,std,mean,std,mean,std,mean,std,mean,std,mean,std,mean,std
Local Model,209,"(1238, 26)",,Chemical + Mineralogical + Physical,MLP,Blocking Time Series Split,"{""N_Splits"": 5, ""Repeats"": 3, ""train_size"": 0.8}",5.168942656064053,0.4388324438409205,4.102264781635626,0.3787454626936488,0.08042547731608352,0.007658148393933357,-6.118089897081673,5.447864729926657,9.787594647441463,1.687843220826116,7.8187408289591485,1.592128045624206,0.15249438521398548,0.029855452243575206,-24.70326852337439,10.391558038992004
Local Model,209,"(1238, 26)",,Chemical + Mineralogical + Physical,MLP,Out of time Split,"{""Test Size"": 0.2}",1.6404615685791528,0.004429645110887933,1.308058121806444,0.005017437773466823,0.02528636024364504,0.0001126333872609156,0.6591486950295965,0.0018408464896774383,1.291702814839466,0.031163315196554672,0.9877310219631393,0.013747249106777375,0.01996186376505056,0.00027803199827408333,0.09278983517181649,0.043860655311650426
Local Model,209,"(1238, 26)",,Chemical + Mineralogical + Physical,MLP,Repeated KFold,"{""N_Splits"": 5, ""Repeats"": 3}",1.5776203909078947,0.0468738019071664,1.2409042015859943,0.037962652814656835,0.024150251997854824,0.0007252450579782949,0.6576325907380117,0.024806834234413346,1.6431657138985223,0.07597346603722073,1.296858442899457,0.07100459593470998,0.025252978481287162,0.0014374809587104724,0.6237854548706702,0.04629912282869714
Local Model,209,"(1238, 26)",,Chemical + Mineralogical + Physical,MLP,Time Series Split,"{""N_Splits"": 5, ""Repeats"": 3, ""Gap"": 0}",2.456913602064186,1.1098526742389714,1.9578243436661327,0.8709164426084212,0.03807547134866854,0.017336272663336993,0.44599050676327906,0.3419749927701621,4.516306420280838,3.905036282023128,3.5646276959169265,3.2507930527084814,0.06882542701249478,0.062249475313940164,-5.249448323046837,8.287992679803505
