Category,Company,Data Shape,Timesteps,Features,Model,Cross Validation,Cross Validation Params,RMSE Train,RMSE Train,MAE Train,MAE Train,MAPE Train,MAPE Train,R2 Train,R2 Train,RMSE Test,RMSE Test,MAE Test,MAE Test,MAPE Test,MAPE Test,R2 Test,R2 Test
,,,,,,,,mean,std,mean,std,mean,std,mean,std,mean,std,mean,std,mean,std,mean,std
Local Model,209,"(1238, 24)",,Chemical + Mineralogical + Properties CS Less,Random Forest,Blocking Time Series Split,"{""N_Splits"": 5, ""Repeats"": 1, ""train_size"": 0.8}",1.4563995398146588,0.34180075183403397,1.173912902930822,0.2969588731333574,0.022858479066682,0.0055682187279077755,0.5943954763964315,0.12786770950956347,1.9153132992819155,0.29194396731397254,1.5220781651879147,0.24194172254146137,0.029604858642916947,0.0038874204419267456,0.07155862177927926,0.031446861150356116
Local Model,209,"(1238, 24)",,Chemical + Mineralogical + Properties CS Less,Random Forest,Out of time Split,"{""Test Size"": 0.2}",1.9681145781468592,0.0,1.6268015168064296,0.0,0.03153660804837029,0.0,0.5093967397771171,0.0,2.5060382806356323,0.0,2.29156433473208,0.0,0.04667830378588492,0.0,-2.412757175670668,0.0
Local Model,209,"(1238, 24)",,Chemical + Mineralogical + Properties CS Less,Random Forest,Repeated KFold,"{""N_Splits"": 5, ""Repeats"": 3}",1.9225312285312923,0.020871639642847762,1.5894732453214293,0.01771085390342962,0.030902967399396457,0.0003553558397142004,0.49227123018226426,0.014216065192208254,2.007535278855995,0.06428354103441793,1.6608936220033894,0.06058737538071191,0.032365897721874315,0.001157347936645959,0.4375601351784439,0.0737909582054474
Local Model,209,"(1238, 24)",,Chemical + Mineralogical + Properties CS Less,Random Forest,Time Series Split,"{""N_Splits"": 5, ""Repeats"": 1, ""Gap"": 0}",1.9476554214871045,0.008362024682310206,1.5993703944104305,0.022596671553058868,0.03082939757319945,0.0004757682125551206,0.6290557634512902,0.097393568683693,2.2423899027271696,0.15342880942775217,1.892928600786043,0.14162977832096188,0.03744576347012814,0.003539265400622539,-0.4805700334378241,0.7502708801273402
