Category,Company,Data Shape,Timesteps,Features,Model,Cross Validation,Cross Validation Params,RMSE Train,RMSE Train,MAE Train,MAE Train,MAPE Train,MAPE Train,R2 Train,R2 Train,RMSE Test,RMSE Test,MAE Test,MAE Test,MAPE Test,MAPE Test,R2 Test,R2 Test
,,,,,,,,mean,std,mean,std,mean,std,mean,std,mean,std,mean,std,mean,std,mean,std
Local Model,209,"(1238, 23)",,Chemical + Mineralogical + Feature Engineering,Random Forest,Blocking Time Series Split,"{""N_Splits"": 5, ""Repeats"": 1, ""train_size"": 0.8}",1.4742281482549566,0.36556302440210775,1.1796147518561064,0.3211423485668424,0.023045100499762043,0.006162715484714255,0.5906203935722628,0.12390684377641892,1.871209332761414,0.35969919764502495,1.4758836909561173,0.3203819399222418,0.028662035331170226,0.005612000978888198,0.12127437471273558,0.10177127579251243
Local Model,209,"(1238, 23)",,Chemical + Mineralogical + Feature Engineering,Random Forest,Out of time Split,"{""Test Size"": 0.2}",1.9786965008247737,0.0,1.6218522089821936,0.0,0.03158103326650177,0.0,0.5041069234118525,0.0,2.6026622208708794,0.0,2.3346361294642692,0.0,0.047601785085370336,0.0,-2.680998184354012,0.0
Local Model,209,"(1238, 23)",,Chemical + Mineralogical + Feature Engineering,Random Forest,Repeated KFold,"{""N_Splits"": 5, ""Repeats"": 3}",1.934948895642911,0.04055279375272101,1.5835105069580957,0.03440179093086825,0.030967851835652527,0.000701852242708839,0.48561268185629713,0.02135830476151361,2.092974985101523,0.11605462583190555,1.6748424258123373,0.0637924668093791,0.032884887651151204,0.0013626924857071338,0.3924889663781292,0.05451756477916432
Local Model,209,"(1238, 23)",,Chemical + Mineralogical + Feature Engineering,Random Forest,Time Series Split,"{""N_Splits"": 5, ""Repeats"": 1, ""Gap"": 0}",1.9647074139852119,0.017740617684906475,1.6161511032637244,0.013401710254314402,0.03139711954239662,0.0002434900680444457,0.6226596319000732,0.09883322671167907,2.320517116337979,0.1729105956627828,1.931657629565332,0.13151909423524571,0.03818503929050286,0.0031943717331749176,-0.566766983771218,0.7570522992952419
