Category,Company,Data Shape,Timesteps,Features,Model,Cross Validation,Cross Validation Params,RMSE Train,RMSE Train,MAE Train,MAE Train,MAPE Train,MAPE Train,R2 Train,R2 Train,RMSE Test,RMSE Test,MAE Test,MAE Test,MAPE Test,MAPE Test,R2 Test,R2 Test
,,,,,,,,mean,std,mean,std,mean,std,mean,std,mean,std,mean,std,mean,std,mean,std
Local Model,209,"(1238, 26)",,Chemical + Mineralogical + Physical,Random Forest,Blocking Time Series Split,"{""N_Splits"": 5, ""Repeats"": 1, ""train_size"": 0.8}",1.3081701504208294,0.3346722425366469,1.0331197431946173,0.2737226282163019,0.02011696528806596,0.005127648414063171,0.681909743121189,0.08855662588755057,1.5913513999154871,0.3259095094021672,1.289230525022178,0.32041076207150804,0.02511121963899552,0.005676549463181609,0.3490144876468701,0.1716032720471685
Local Model,209,"(1238, 26)",,Chemical + Mineralogical + Physical,Random Forest,Out of time Split,"{""Test Size"": 0.2}",1.720851403162283,0.0,1.3984923726260985,0.0,0.02712109955617701,0.0,0.6249264715989427,0.0,1.9506094267267755,0.0,1.6779549477438327,0.0,0.03431460781285026,0.0,-1.0676195240615365,0.0
Local Model,209,"(1238, 26)",,Chemical + Mineralogical + Physical,Random Forest,Repeated KFold,"{""N_Splits"": 5, ""Repeats"": 3}",1.5817976618865417,0.024327531065806155,1.2493744858529985,0.02136240714205411,0.024354748649853767,0.00041804250745290216,0.6562631305813433,0.011925099710469242,1.6567004229180662,0.061640042753582355,1.3038714909323053,0.045546624992847506,0.025464445707708283,0.0008853851140117334,0.6166516342582182,0.052573832512838946
Local Model,209,"(1238, 26)",,Chemical + Mineralogical + Physical,Random Forest,Time Series Split,"{""N_Splits"": 5, ""Repeats"": 1, ""Gap"": 0}",1.7612345834490124,0.026574544642951923,1.4262487153833048,0.03369464374736155,0.02751527031138139,0.0006367531252473021,0.696893301206744,0.07741497588487196,1.8536470090288746,0.15881807303418713,1.514206798780656,0.11184514468672625,0.029924879677125864,0.0016188596203467003,0.06322905781386105,0.30094611823561757
