Category,Company,Data Shape,Timesteps,Features,Model,Cross Validation,Cross Validation Params,RMSE Train,RMSE Train,MAE Train,MAE Train,MAPE Train,MAPE Train,R2 Train,R2 Train,RMSE Test,RMSE Test,MAE Test,MAE Test,MAPE Test,MAPE Test,R2 Test,R2 Test
,,,,,,,,mean,std,mean,std,mean,std,mean,std,mean,std,mean,std,mean,std,mean,std
Local Model,209,"(1238, 23)",,Chemical + Mineralogical + Feature Engineering,XGBoost,Blocking Time Series Split,"{""N_Splits"": 5, ""Repeats"": 1, ""train_size"": 0.8}",1.3244285389903898,0.347147859900804,1.0795597002833022,0.3106230474152491,0.021143386151081276,0.006064423825267901,0.6740214046275408,0.0995434445497885,1.755175884401297,0.3983417246996144,1.4322377349853528,0.3746458941385633,0.027670360436115742,0.006496153318089944,0.2216405323221598,0.1871557301823777
Local Model,209,"(1238, 23)",,Chemical + Mineralogical + Feature Engineering,XGBoost,Out of time Split,"{""Test Size"": 0.2}",1.8535141987022101,0.0,1.514251038522431,0.0,0.02958897656521694,0.0,0.5648675140041306,0.0,2.0455607517478467,0.0,1.8185102770405432,0.0,0.037019969245838315,0.0,-1.2738130338544646,0.0
Local Model,209,"(1238, 23)",,Chemical + Mineralogical + Feature Engineering,XGBoost,Repeated KFold,"{""N_Splits"": 5, ""Repeats"": 3}",1.786760577987289,0.016644220251865766,1.460704712699484,0.01180446866326765,0.028584231379102553,0.00022793078269176786,0.5615129101058746,0.009123361893227473,1.9623902718679156,0.09942557029652463,1.5751775020685557,0.051746388449626764,0.030921009783469445,0.0010938136737799493,0.4650864959405786,0.054257329516988875
Local Model,209,"(1238, 23)",,Chemical + Mineralogical + Feature Engineering,XGBoost,Time Series Split,"{""N_Splits"": 5, ""Repeats"": 1, ""Gap"": 0}",1.8541436582850703,0.02341440373721323,1.531584636402434,0.027627830890493567,0.02990924341704663,0.0004275908702020512,0.6635697168712056,0.08768137703625722,2.137319078909937,0.193212265829595,1.7820930680950866,0.12371716128666548,0.035255071146225905,0.0026850789144785975,-0.29610573679279273,0.5480976931022568
