Category,Company,Data Shape,Timesteps,Features,Model,Cross Validation,Cross Validation Params,RMSE Train,RMSE Train,MAE Train,MAE Train,MAPE Train,MAPE Train,R2 Train,R2 Train,RMSE Test,RMSE Test,MAE Test,MAE Test,MAPE Test,MAPE Test,R2 Test,R2 Test
,,,,,,,,mean,std,mean,std,mean,std,mean,std,mean,std,mean,std,mean,std,mean,std
Local Model,209,"(1238, 19)",,Chemical + Mineralogical,XGBoost,Blocking Time Series Split,"{""N_Splits"": 5, ""Repeats"": 1, ""train_size"": 0.8}",1.3340202860575985,0.34486308593282566,1.0928692247419793,0.3041069499557283,0.02140935363560035,0.005936214040073911,0.6684744756944441,0.10151495947397551,1.7696877896109018,0.38998664333633787,1.4224594360351577,0.3648088003812969,0.027503308596596682,0.006346915597472129,0.20014405883042938,0.21740999601914016
Local Model,209,"(1238, 19)",,Chemical + Mineralogical,XGBoost,Out of time Split,"{""Test Size"": 0.2}",1.8673985212275306,0.0,1.5349153530236448,0.0,0.029964134267617994,0.0,0.5583241082733728,0.0,1.971061599950872,0.0,1.740342678562287,0.0,0.035342071205538915,0.0,-1.1112048812157864,0.0
Local Model,209,"(1238, 19)",,Chemical + Mineralogical,XGBoost,Repeated KFold,"{""N_Splits"": 5, ""Repeats"": 3}",1.7923676101259827,0.015090212653824698,1.4633577706923584,0.011440484809958993,0.028653516108800896,0.0002120668383347783,0.558618926106608,0.014101176558067453,1.9842432436673512,0.11372978826199345,1.5847815908673055,0.060384724072897404,0.031144747609691256,0.0013301120735011718,0.4535542066190012,0.05467740344059314
Local Model,209,"(1238, 19)",,Chemical + Mineralogical,XGBoost,Time Series Split,"{""N_Splits"": 5, ""Repeats"": 1, ""Gap"": 0}",1.8592271355070715,0.027700285281012704,1.5350062747792779,0.02596428549787366,0.029981583781723463,0.00036759893695742756,0.6614952767402953,0.08863921346527612,2.1316284554116027,0.20083948163234033,1.788965546691302,0.10464014968212182,0.03533625297044317,0.002160761318985198,-0.2631893871977066,0.47772265987605655
