Category,Company,Data Shape,Timesteps,Features,Model,Cross Validation,Cross Validation Params,RMSE Train,RMSE Train,MAE Train,MAE Train,MAPE Train,MAPE Train,R2 Train,R2 Train,RMSE Test,RMSE Test,MAE Test,MAE Test,MAPE Test,MAPE Test,R2 Test,R2 Test
,,,,,,,,mean,std,mean,std,mean,std,mean,std,mean,std,mean,std,mean,std,mean,std
Local Model,209,"(1238, 21)",,Chemical + Mineralogical + CS3 + CS7,XGBoost,Blocking Time Series Split,"{""N_Splits"": 5, ""Repeats"": 1, ""train_size"": 0.8}",1.199673096305117,0.3457582348494012,0.9635027688892958,0.28693818522624587,0.018927015844835575,0.005611394060089449,0.7416351875583123,0.0661119218969185,1.538577464482646,0.5095113212646853,1.2316807525634792,0.43676659127885376,0.023847543260524726,0.008005093612716074,0.3866917358458609,0.3020652259198467
Local Model,209,"(1238, 21)",,Chemical + Mineralogical + CS3 + CS7,XGBoost,Out of time Split,"{""Test Size"": 0.2}",1.5970236156631692,0.0,1.3032381323612097,0.0,0.025428305575467276,0.0,0.6769629393860168,0.0,1.7353769812054203,0.0,1.40782766957437,0.0,0.028729364505568105,0.0,-0.6365061887756878,0.0
Local Model,209,"(1238, 21)",,Chemical + Mineralogical + CS3 + CS7,XGBoost,Repeated KFold,"{""N_Splits"": 5, ""Repeats"": 3}",1.5191354675570294,0.01507419341291652,1.2113210265238388,0.014202881782588985,0.02370863358501229,0.0002771677185523381,0.6829832856277538,0.00875027391111203,1.6562174333529838,0.0656927354533402,1.299617530753339,0.044697901683439456,0.025499316147465746,0.0009345994157235081,0.6182183360881176,0.04247761959911183
Local Model,209,"(1238, 21)",,Chemical + Mineralogical + CS3 + CS7,XGBoost,Time Series Split,"{""N_Splits"": 5, ""Repeats"": 1, ""Gap"": 0}",1.6671247245601166,0.04376421476618304,1.358989055516511,0.038510059242058,0.026562134527567414,0.0007504519175692743,0.7310767902499502,0.0598615935100182,1.799691691670048,0.16332336022624905,1.4647375051257687,0.13295017023842207,0.0289264140217655,0.0023820826472999495,0.0849464518871113,0.3830777269827618
