Category,Company,Data Shape,Timesteps,Features,Model,Cross Validation,Cross Validation Params,RMSE Train,RMSE Train,MAE Train,MAE Train,MAPE Train,MAPE Train,R2 Train,R2 Train,RMSE Test,RMSE Test,MAE Test,MAE Test,MAPE Test,MAPE Test,R2 Test,R2 Test
,,,,,,,,mean,std,mean,std,mean,std,mean,std,mean,std,mean,std,mean,std,mean,std
Local Model,209,"(1238, 20)",,Chemical + Mineralogical + CS3,XGBoost,Blocking Time Series Split,"{""N_Splits"": 5, ""Repeats"": 1, ""train_size"": 0.8}",1.2955438990034822,0.3686707013651401,1.057737052646385,0.3134490735932154,0.020736699642608606,0.006116313632818218,0.696550890965088,0.07869221800319638,1.6902010451933585,0.5443879382468776,1.3534986602783228,0.45737328967576824,0.026227069172706518,0.008367127645119068,0.2587150887435396,0.36442504075586235
Local Model,209,"(1238, 20)",,Chemical + Mineralogical + CS3,XGBoost,Out of time Split,"{""Test Size"": 0.2}",1.7439128666673431,0.0,1.419260693945066,0.0,0.027666232383361876,0.0,0.6148062451541619,0.0,1.741639164429076,0.0,1.4727810582807008,0.0,0.03003864193876347,0.0,-0.6483383060295851,0.0
Local Model,209,"(1238, 20)",,Chemical + Mineralogical + CS3,XGBoost,Repeated KFold,"{""N_Splits"": 5, ""Repeats"": 3}",1.6421635749167374,0.02038791316330775,1.3290746893877878,0.0208115013584458,0.025990953620272133,0.00040349760264580967,0.6295730819064135,0.01034876813863104,1.7740731677334105,0.06815485724034193,1.4251105710959948,0.06185840236873148,0.02792125840937722,0.0012936306467391297,0.5627012657879195,0.04135878832807192
Local Model,209,"(1238, 20)",,Chemical + Mineralogical + CS3,XGBoost,Time Series Split,"{""N_Splits"": 5, ""Repeats"": 1, ""Gap"": 0}",1.7840355553744864,0.037557819684462944,1.4693934517908764,0.03993468017536148,0.028690840630155496,0.0007476384485964061,0.6907083608445015,0.07325655191585335,1.8908851838235001,0.18666533892645132,1.5559373844480056,0.16019875607669196,0.030669594559127107,0.0028025717655652603,0.02421253208061973,0.3223423829492626
