Category,Company,Data Shape,Timesteps,Features,Model,Cross Validation,Cross Validation Params,RMSE Train,RMSE Train,MAE Train,MAE Train,MAPE Train,MAPE Train,R2 Train,R2 Train,RMSE Test,RMSE Test,MAE Test,MAE Test,MAPE Test,MAPE Test,R2 Test,R2 Test
,,,,,,,,mean,std,mean,std,mean,std,mean,std,mean,std,mean,std,mean,std,mean,std
Global Model,204,"(2313, 5)",,Chemical,MLP,Blocking Time Series Split,"{""N_Splits"": 5, ""Repeats"": 3, ""train_size"": 0.8}",1.296304626191645,0.2923424541826039,0.995250371834773,0.2283688665915312,0.023114994382239826,0.004866272588087995,0.960081670710093,0.01372179845921543,1.896281256816516,0.3526910092167188,1.4864085420998192,0.2540127012568771,0.034657789494800126,0.006470493739448808,0.8734288066159175,0.10989854786768492
Global Model,204,"(2313, 5)",,Chemical,MLP,Time Series Split,"{""N_Splits"": 5, ""Repeats"": 3, ""Gap"": 0}",1.6674988070193542,0.11419673962744228,1.2909363672916423,0.09745865409926006,0.02963368525138982,0.002163260765331196,0.941966094155285,0.007788749409391223,2.0070841092482907,0.4461855117994971,1.6119236037217177,0.3427761689487138,0.0365673287464943,0.007388036451177613,0.8977222114074285,0.03167523253955583
