Category,Company,Data Shape,Timesteps,Features,Model,Cross Validation,Cross Validation Params,RMSE Train,RMSE Train,MAE Train,MAE Train,MAPE Train,MAPE Train,R2 Train,R2 Train,RMSE Test,RMSE Test,MAE Test,MAE Test,MAPE Test,MAPE Test,R2 Test,R2 Test
,,,,,,,,mean,std,mean,std,mean,std,mean,std,mean,std,mean,std,mean,std,mean,std
Local Model,209,"(1581, 10)",,Chemical,Decision Tree,Blocking Time Series Split,"{""N_Splits"": 5, ""Repeats"": 1, ""train_size"": 0.8}",1.4093459987756738,0.2584440816288589,1.076786229566026,0.21052772490926866,0.027746072084421584,0.0057961129758586725,0.685107789608248,0.10829123182590386,1.9176804654306217,0.7105266408766926,1.44858960429864,0.5541528637864392,0.037664845093723,0.014879383069357799,0.3688740898755626,0.3619264014533786
Local Model,209,"(1581, 10)",,Chemical,Decision Tree,Out of time Split,"{""Test Size"": 0.2}",2.0904906052602987,0.0,1.5989293291232762,0.0,0.04119864023092472,0.0,0.47757452271649414,0.0,1.6095169188040495,0.0,1.2904029076596737,0.0,0.033683343405360694,0.0,0.32707782382102657,0.0
Local Model,209,"(1581, 10)",,Chemical,Decision Tree,Repeated KFold,"{""N_Splits"": 5, ""Repeats"": 3}",1.9926344061051289,0.0252140645628647,1.5233215965802287,0.020801272418421453,0.039221558819379235,0.0005534970908866233,0.47122440049006165,0.008791752052441832,2.0414277101756153,0.10693473641259482,1.553650059225649,0.06749531643226758,0.040112165657567984,0.0018488029850755607,0.4423863939105615,0.04053817645877037
Local Model,209,"(1581, 10)",,Chemical,Decision Tree,Time Series Split,"{""N_Splits"": 5, ""Repeats"": 1, ""Gap"": 0}",1.6724871176075677,0.329335144392595,1.306832779882191,0.2699972667612834,0.032986038925762004,0.007076865999427845,0.656922879521382,0.14055128921437604,2.1679365102529067,0.5533068889239853,1.6552213439799122,0.36701814446319064,0.043724822950978015,0.01132036889009896,0.2488105405246158,0.2234871571183188
