Category,Company,Data Shape,Timesteps,Features,Model,Cross Validation,Cross Validation Params,RMSE Train,RMSE Train,MAE Train,MAE Train,MAPE Train,MAPE Train,R2 Train,R2 Train,RMSE Test,RMSE Test,MAE Test,MAE Test,MAPE Test,MAPE Test,R2 Test,R2 Test
,,,,,,,,mean,std,mean,std,mean,std,mean,std,mean,std,mean,std,mean,std,mean,std
Local Model,209,"(1581, 13)",,Chemical + Feature Engineering,Linear Regression,Blocking Time Series Split,"{""N_Splits"": 5, ""Repeats"": 1, ""train_size"": 0.8}",1.411087098157431,0.24046117189956911,1.0984183226564876,0.1565594553789889,0.02849910803975727,0.005233406275557699,0.6807181469591063,0.1271786311442688,1.7355753618875855,0.5125575521467896,1.3795080654420424,0.38562280045457736,0.03566296087067544,0.010007243653049079,0.4672441230891833,0.23498542887686816
Local Model,209,"(1581, 13)",,Chemical + Feature Engineering,Linear Regression,Out of time Split,"{""Test Size"": 0.2}",1.9151236817573054,0.0,1.4018393625583982,0.0,0.03653424133772166,0.0,0.5615484990526576,0.0,2.386029178195705,0.0,1.7067907435425336,0.0,0.0447061191151192,0.0,-0.47885382437978663,0.0
Local Model,209,"(1581, 13)",,Chemical + Feature Engineering,Linear Regression,Repeated KFold,"{""N_Splits"": 5, ""Repeats"": 3}",1.8733510421279413,0.02651658376049769,1.4001401134463232,0.016624522863254908,0.03632287930417333,0.00045477707805824423,0.5326159647977378,0.009901142233576302,2.184567059914945,0.35652162778118573,1.4625555724589494,0.0853129051020913,0.03796614185816267,0.0022651382921416354,0.34446678608823894,0.22244959343574033
Local Model,209,"(1581, 13)",,Chemical + Feature Engineering,Linear Regression,Time Series Split,"{""N_Splits"": 5, ""Repeats"": 1, ""Gap"": 0}",1.4842454521873265,0.22669755940678413,1.1436363502848732,0.14439756489277494,0.029075451947145014,0.004104745748309699,0.7352358215917082,0.10099862140439479,2.756530373995013,1.0233886452572403,1.761552141431131,0.5231517028253762,0.04642738036856695,0.015543801013197677,-0.3293664591693724,0.7158569655025673
