Category,Company,Data Shape,Timesteps,Features,Model,Cross Validation,Cross Validation Params,RMSE Train,RMSE Train,MAE Train,MAE Train,MAPE Train,MAPE Train,R2 Train,R2 Train,RMSE Test,RMSE Test,MAE Test,MAE Test,MAPE Test,MAPE Test,R2 Test,R2 Test
,,,,,,,,mean,std,mean,std,mean,std,mean,std,mean,std,mean,std,mean,std,mean,std
Local Model,209,"(1581, 12)",,Chemical + CS3 + CS7,Linear Regression,Blocking Time Series Split,"{""N_Splits"": 5, ""Repeats"": 1, ""train_size"": 0.8}",1.2861944028497305,0.26119419128165666,0.9997985615029015,0.17393855787756782,0.025930015476260254,0.005572322005626657,0.7297559696307414,0.12100748226180014,1.5374702407017273,0.4386224676018802,1.1185221331931392,0.3490152537761077,0.028948268625685912,0.00937167170242989,0.5484103567821229,0.25704870719107764
Local Model,209,"(1581, 12)",,Chemical + CS3 + CS7,Linear Regression,Out of time Split,"{""Test Size"": 0.2}",1.590836289571285,0.0,1.180148183265593,0.0,0.030736467140505794,0.0,0.6974627279204306,0.0,2.1986558392987403,0.0,1.3142662375941583,0.0,0.03452821482072817,0.0,-0.2557068268933089,0.0
Local Model,209,"(1581, 12)",,Chemical + CS3 + CS7,Linear Regression,Repeated KFold,"{""N_Splits"": 5, ""Repeats"": 3}",1.5512682566639782,0.02217245792202559,1.1593994032622645,0.012683572952247346,0.030118176110024396,0.00035518201570803926,0.6794951601373757,0.007667063420633923,1.631448468683305,0.10849592562815664,1.1868999380610417,0.0457361666995208,0.030851355437054598,0.0012655062948244069,0.6428965659826245,0.04195091652744576
Local Model,209,"(1581, 12)",,Chemical + CS3 + CS7,Linear Regression,Time Series Split,"{""N_Splits"": 5, ""Repeats"": 1, ""Gap"": 0}",1.2570474843594905,0.1883407651254079,0.9731003118156085,0.12838089699411181,0.02468641799627789,0.0036450115928435252,0.8098055564857983,0.07058457334955372,2.0329074363233905,0.7869926113379319,1.3570769689627806,0.4305122872301916,0.03578942480443734,0.012857974296669015,0.23330086261871746,0.5317942928082239
