Category,Company,Data Shape,Timesteps,Features,Model,Cross Validation,Cross Validation Params,RMSE Train,RMSE Train,MAE Train,MAE Train,MAPE Train,MAPE Train,R2 Train,R2 Train,RMSE Test,RMSE Test,MAE Test,MAE Test,MAPE Test,MAPE Test,R2 Test,R2 Test
,,,,,,,,mean,std,mean,std,mean,std,mean,std,mean,std,mean,std,mean,std,mean,std
Local Model,209,"(1581, 12)",,Chemical + Properties CS Less,Linear Regression,Blocking Time Series Split,"{""N_Splits"": 5, ""Repeats"": 1, ""train_size"": 0.8}",1.403895533177384,0.23839077013601126,1.08942819901117,0.14044909897447838,0.028266314733504116,0.004795290078448519,0.6841912833220676,0.12690481337926587,2.302137691748025,1.1514346443192365,1.4051197171262062,0.3579360479338249,0.03662919627814079,0.009763582025044364,-0.6327311658552649,2.306407686305547
Local Model,209,"(1581, 12)",,Chemical + Properties CS Less,Linear Regression,Out of time Split,"{""Test Size"": 0.2}",1.9141973085236414,0.0,1.398759477244485,0.0,0.03645092763969629,0.0,0.561972567224855,0.0,2.850555503032645,0.0,1.7560244843937671,0.0,0.04610287916934417,0.0,-1.1107303329985863,0.0
Local Model,209,"(1581, 12)",,Chemical + Properties CS Less,Linear Regression,Repeated KFold,"{""N_Splits"": 5, ""Repeats"": 3}",1.8794661659045364,0.02662996828920472,1.4051280821211825,0.016528480191708637,0.03645183080606691,0.0004490248042640568,0.5295598977225906,0.0099653000829164,2.143073113998484,0.3019335478565622,1.4574203991145325,0.07446479108784061,0.03783204947242437,0.001968380328311123,0.37324872745284166,0.18414356907661597
Local Model,209,"(1581, 12)",,Chemical + Properties CS Less,Linear Regression,Time Series Split,"{""N_Splits"": 5, ""Repeats"": 1, ""Gap"": 0}",1.4886900922460784,0.2226465058245333,1.1505878057161538,0.1374674494117378,0.02925752257987363,0.003922308735988995,0.7341850022744822,0.09980778645324118,2.439545081601714,0.8973143038933568,1.7009318048854056,0.5494185659662808,0.044946188100163764,0.016312605861718125,-0.1652722968054626,0.8962991814143201
