Category,Company,Data Shape,Timesteps,Features,Model,Cross Validation,Cross Validation Params,RMSE Train,RMSE Train,MAE Train,MAE Train,MAPE Train,MAPE Train,R2 Train,R2 Train,RMSE Test,RMSE Test,MAE Test,MAE Test,MAPE Test,MAPE Test,R2 Test,R2 Test
,,,,,,,,mean,std,mean,std,mean,std,mean,std,mean,std,mean,std,mean,std,mean,std
Local Model,209,"(1581, 10)",,Chemical,Linear Regression,Blocking Time Series Split,"{""N_Splits"": 5, ""Repeats"": 1, ""train_size"": 0.8}",1.4240040564104135,0.23768999846711789,1.1099598645920803,0.1454226769719,0.02879207569327069,0.004938868916222334,0.6752618757583153,0.12767534556460658,2.324606050359331,1.1027343745867109,1.4428902020535213,0.3250639242778873,0.037612387460530396,0.008903692654007124,-0.6161725198794025,2.224095962857081
Local Model,209,"(1581, 10)",,Chemical,Linear Regression,Out of time Split,"{""Test Size"": 0.2}",1.917019734964551,0.0,1.4030080180525462,0.0,0.03657174056705369,0.0,0.5606798983381502,0.0,2.846426666474951,0.0,1.7427149001189683,0.0,0.04577961515939828,0.0,-1.1046202613929283,0.0
Local Model,209,"(1581, 10)",,Chemical,Linear Regression,Repeated KFold,"{""N_Splits"": 5, ""Repeats"": 3}",1.8806380488997396,0.026286090580925896,1.4056875600792234,0.016294102728845856,0.03646353828011627,0.0004465789746706515,0.5289742458475771,0.009800091855565421,2.138573851366185,0.299118605019312,1.4545909597402016,0.07307805527406586,0.03775692449360406,0.0019289152145559904,0.37594116800660077,0.1820708579414487
Local Model,209,"(1581, 10)",,Chemical,Linear Regression,Time Series Split,"{""N_Splits"": 5, ""Repeats"": 1, ""Gap"": 0}",1.4953188836526745,0.22072179489913937,1.1563741933603433,0.13642677315386723,0.0294117446731271,0.0038965530985923284,0.731911271959474,0.09947167306373125,2.416211681127879,0.8963629089931028,1.6859042539840803,0.5409069838266556,0.044540054222159106,0.01611538486560658,-0.15029265826556357,0.899922468606546
