Category,Company,Data Shape,Timesteps,Features,Model,Cross Validation,Cross Validation Params,RMSE Train,RMSE Train,MAE Train,MAE Train,MAPE Train,MAPE Train,R2 Train,R2 Train,RMSE Test,RMSE Test,MAE Test,MAE Test,MAPE Test,MAPE Test,R2 Test,R2 Test
,,,,,,,,mean,std,mean,std,mean,std,mean,std,mean,std,mean,std,mean,std,mean,std
Local Model,209,"(1581, 14)",,Chemical + Physical,Linear Regression,Blocking Time Series Split,"{""N_Splits"": 5, ""Repeats"": 1, ""train_size"": 0.8}",1.2683187886234877,0.25747818378380705,0.9816305681669155,0.16713687211502665,0.025471083429623183,0.0054074954300355575,0.7372442676534409,0.11881535894449671,1.5231416617737958,0.4594037404585988,1.0948439526429445,0.371456755483655,0.028291328690982102,0.009927707452307408,0.5494266430802138,0.27650895708036566
Local Model,209,"(1581, 14)",,Chemical + Physical,Linear Regression,Out of time Split,"{""Test Size"": 0.2}",1.5877557516912013,0.0,1.1749295301878842,0.0,0.03059693399867951,0.0,0.6986332759897633,0.0,2.200724693894776,0.0,1.339132518061089,0.0,0.035164488567905036,0.0,-0.2580710869527152,0.0
Local Model,209,"(1581, 14)",,Chemical + Physical,Linear Regression,Repeated KFold,"{""N_Splits"": 5, ""Repeats"": 3}",1.5506201449465888,0.022214791290631544,1.159304134809722,0.012839005699555794,0.030114204429782167,0.00035777384172097984,0.6797625387095343,0.007689114188906929,1.632823962790683,0.10787956000379648,1.1889804639572608,0.046345583899570574,0.030902681934105777,0.0012823746854137134,0.6423514524455298,0.04134160866950376
Local Model,209,"(1581, 14)",,Chemical + Physical,Linear Regression,Time Series Split,"{""N_Splits"": 5, ""Repeats"": 1, ""Gap"": 0}",1.252621820562538,0.18907618618611308,0.969999764076331,0.1280950578915402,0.024602033608079648,0.003636786900459844,0.8111049413774463,0.07064824579349423,2.046634728134443,0.7831973335000482,1.3701782775085298,0.4379963299696507,0.03613576823165403,0.013048824817128471,0.22749266498537873,0.5277400220138614
