Category,Company,Data Shape,Timesteps,Features,Model,Cross Validation,Cross Validation Params,RMSE Train,RMSE Train,MAE Train,MAE Train,MAPE Train,MAPE Train,R2 Train,R2 Train,RMSE Test,RMSE Test,MAE Test,MAE Test,MAPE Test,MAPE Test,R2 Test,R2 Test
,,,,,,,,mean,std,mean,std,mean,std,mean,std,mean,std,mean,std,mean,std,mean,std
Local Model,209,"(1581, 11)",,Chemical + CS3,Linear Regression,Blocking Time Series Split,"{""N_Splits"": 5, ""Repeats"": 1, ""train_size"": 0.8}",1.3154608363737301,0.25856384108256203,1.0232509923722566,0.16523790606659014,0.026543018338347518,0.005351157875254937,0.7186650642730832,0.12200309835955345,1.6987805935833495,0.5165512307514095,1.1969049616783682,0.3603555607450176,0.031073125364541643,0.009714639895959363,0.391684992490872,0.46495740221423976
Local Model,209,"(1581, 11)",,Chemical + CS3,Linear Regression,Out of time Split,"{""Test Size"": 0.2}",1.6901976514372181,0.0,1.2525224174409861,0.0,0.03262790658289637,0.0,0.6584904163206304,0.0,2.4383129749533996,0.0,1.480202253784475,0.0,0.03886233004004734,0.0,-0.5443745905746722,0.0
Local Model,209,"(1581, 11)",,Chemical + CS3,Linear Regression,Repeated KFold,"{""N_Splits"": 5, ""Repeats"": 3}",1.6589177637276549,0.023293573443229278,1.243422749873878,0.013666771438816701,0.03228040588156964,0.0003870944628231339,0.63348657562448,0.007892622838647691,1.768899851366906,0.1358926251390293,1.2788522184934097,0.05633511137930681,0.03322211576345397,0.001529657823149359,0.5796979176137519,0.05835261658682514
Local Model,209,"(1581, 11)",,Chemical + CS3,Linear Regression,Time Series Split,"{""N_Splits"": 5, ""Repeats"": 1, ""Gap"": 0}",1.3153523871142674,0.21176203770311738,1.0222034461106868,0.14147515588018222,0.02594911947783011,0.003991192276631417,0.7909258839525585,0.08232785020274595,2.1720812540781855,0.8851634660650205,1.459593127808271,0.4930225911414751,0.03849733857807361,0.014614659547424002,0.10837610897158631,0.6502931128145124
