Category,Company,Data Shape,Timesteps,Features,Model,Cross Validation,Cross Validation Params,RMSE Train,RMSE Train,MAE Train,MAE Train,MAPE Train,MAPE Train,R2 Train,R2 Train,RMSE Test,RMSE Test,MAE Test,MAE Test,MAPE Test,MAPE Test,R2 Test,R2 Test
,,,,,,,,mean,std,mean,std,mean,std,mean,std,mean,std,mean,std,mean,std,mean,std
Local Model,209,"(1581, 11)",,Chemical + CS7,MLP,Blocking Time Series Split,"{""N_Splits"": 5, ""Repeats"": 3, ""train_size"": 0.8}",3.0607892853280263,0.5522445245402821,2.344318390296249,0.4152019912876724,0.0608934179052686,0.011061639473695416,-0.6802514182789074,1.1894080879732825,6.086946098775898,4.984335551385059,3.4178357589244857,1.4079300926332217,0.09062105640801775,0.039410334713008706,-16.726528210441618,32.97392709594093
Local Model,209,"(1581, 11)",,Chemical + CS7,MLP,Out of time Split,"{""Test Size"": 0.2}",1.6162410614564928,0.016145922339691456,1.2200105972933855,0.020463434759008872,0.03148616130934637,0.00040451775342831536,0.6876917055083451,0.0062611666926299814,1.4152802887710978,0.0505513215696487,1.0723414504314972,0.04296011166864072,0.02801399655062271,0.0011308828487018236,0.4790304008469673,0.03682260777422343
Local Model,209,"(1581, 11)",,Chemical + CS7,MLP,Repeated KFold,"{""N_Splits"": 5, ""Repeats"": 3}",1.5841644278488356,0.02315078209599585,1.1961302851609517,0.021643606730560917,0.030852471520868716,0.0005186754934503889,0.6657080550113531,0.009992791875879696,1.946984954066631,0.7346956063715931,1.2674305729167292,0.1146750799724669,0.03268457963070496,0.0028325947694933648,0.4216212314208532,0.585060002471641
Local Model,209,"(1581, 11)",,Chemical + CS7,MLP,Time Series Split,"{""N_Splits"": 5, ""Repeats"": 3, ""Gap"": 0}",1.7092289353100454,0.5911009885370191,1.2925959675434604,0.4263728312563266,0.03271792317386441,0.01103080261177028,0.6467897615386898,0.2269498266626627,9.094073735555327,11.940008861515452,2.6289525429226455,2.3026909326482645,0.06760977929581832,0.05791955307008599,-28.301633430318372,54.87585537841137
