Category,Company,Data Shape,Timesteps,Features,Model,Cross Validation,Cross Validation Params,RMSE Train,RMSE Train,MAE Train,MAE Train,MAPE Train,MAPE Train,R2 Train,R2 Train,RMSE Test,RMSE Test,MAE Test,MAE Test,MAPE Test,MAPE Test,R2 Test,R2 Test
,,,,,,,,mean,std,mean,std,mean,std,mean,std,mean,std,mean,std,mean,std,mean,std
Local Model,209,"(1581, 11)",,Chemical + CS7,Random Forest,Blocking Time Series Split,"{""N_Splits"": 5, ""Repeats"": 1, ""train_size"": 0.8}",1.162331499085877,0.13633024391519172,0.9115093117664893,0.09972115952991449,0.023455495952068927,0.0033515838677718205,0.7831269490790733,0.07654651717444816,1.5943981003999355,0.6696308958663271,1.2170054451193215,0.5190764023461268,0.0314861800869533,0.013786788121875294,0.5428446088912815,0.29649495313118446
Local Model,209,"(1581, 11)",,Chemical + CS7,Random Forest,Out of time Split,"{""Test Size"": 0.2}",1.5445020686005264,0.0,1.157810915611072,0.0,0.029989954181111996,0.0,0.714829303433715,0.0,1.4560099067198218,0.0,1.1234386389501796,0.0,0.0291936231282169,0.0,0.4493160636484552,0.0
Local Model,209,"(1581, 11)",,Chemical + CS7,Random Forest,Repeated KFold,"{""N_Splits"": 5, ""Repeats"": 3}",1.5078836334323236,0.022125549270627085,1.1253557034878756,0.014054857288604141,0.02912010311866105,0.0003945904672864795,0.6971552306216137,0.007993862763222658,1.5826969062959777,0.08547392216570358,1.1772117846663117,0.05459081931190118,0.030509202115921622,0.0014459708092900395,0.6643226284434339,0.03128907167039631
Local Model,209,"(1581, 11)",,Chemical + CS7,Random Forest,Time Series Split,"{""N_Splits"": 5, ""Repeats"": 1, ""Gap"": 0}",1.2527063640062854,0.17151768258827685,0.9745792624470923,0.11577273610060068,0.02467720090694091,0.003274709537076009,0.8119149182746037,0.0651189855863449,1.7605820650443722,0.49911269662346264,1.36540147514391,0.372470465625418,0.03605199562915799,0.011276248465439016,0.48525681299252454,0.21499495677526337
