Category,Company,Data Shape,Timesteps,Features,Model,Cross Validation,Cross Validation Params,RMSE Train,RMSE Train,MAE Train,MAE Train,MAPE Train,MAPE Train,R2 Train,R2 Train,RMSE Test,RMSE Test,MAE Test,MAE Test,MAPE Test,MAPE Test,R2 Test,R2 Test
,,,,,,,,mean,std,mean,std,mean,std,mean,std,mean,std,mean,std,mean,std,mean,std
Local Model,209,"(1581, 12)",,Chemical + Properties CS Less,Random Forest,Blocking Time Series Split,"{""N_Splits"": 5, ""Repeats"": 1, ""train_size"": 0.8}",1.2216131698759103,0.12555126743072698,0.9564653201489598,0.08473320055556793,0.024639887987372454,0.0029668537784838973,0.7632151340158423,0.07675220098259417,1.7444230609085374,0.6691867267454731,1.3356233586558546,0.5065665502898197,0.03449836139373042,0.01318736274622116,0.4822165082211355,0.2958866470286727
Local Model,209,"(1581, 12)",,Chemical + Properties CS Less,Random Forest,Out of time Split,"{""Test Size"": 0.2}",1.7332477078000712,0.0,1.3044517506791815,0.0,0.03377100887842457,0.0,0.6408720744527137,0.0,2.1115890902323846,0.0,1.7092634729563798,0.0,0.0443436776759956,0.0,-0.1582240197417375,0.0
Local Model,209,"(1581, 12)",,Chemical + Properties CS Less,Random Forest,Repeated KFold,"{""N_Splits"": 5, ""Repeats"": 3}",1.7162726577735903,0.025963184384627816,1.3017496803993513,0.02115980146233615,0.03366021782798504,0.0005583898110309944,0.6076755623329968,0.010211388907697084,1.8081623650103826,0.11131523916166873,1.3530218428761518,0.06790039831375817,0.0351034010671737,0.0018740647239012564,0.562229785812487,0.04143992073938903
Local Model,209,"(1581, 12)",,Chemical + Properties CS Less,Random Forest,Time Series Split,"{""N_Splits"": 5, ""Repeats"": 1, ""Gap"": 0}",1.3734930388983788,0.20695325838420223,1.0614681178095695,0.1479212013828914,0.02690541374047925,0.00411336486267842,0.7730777026213963,0.0853413527592868,2.0363329091577715,0.6354389910470953,1.6053559595257827,0.47882676202938695,0.042335354812601665,0.014460857698464759,0.2869861305593109,0.3652992685587047
