Category,Company,Data Shape,Timesteps,Features,Model,Cross Validation,Cross Validation Params,RMSE Train,RMSE Train,MAE Train,MAE Train,MAPE Train,MAPE Train,R2 Train,R2 Train,RMSE Test,RMSE Test,MAE Test,MAE Test,MAPE Test,MAPE Test,R2 Test,R2 Test
,,,,,,,,mean,std,mean,std,mean,std,mean,std,mean,std,mean,std,mean,std,mean,std
Local Model,209,"(1581, 12)",,Chemical + CS3 + CS7,Random Forest,Blocking Time Series Split,"{""N_Splits"": 5, ""Repeats"": 1, ""train_size"": 0.8}",1.1402733436121362,0.14843101474423068,0.8994531511005732,0.11639075811111031,0.0231302403542803,0.0036592503522581087,0.7947550368022313,0.0652246854762057,1.6093062336690855,0.6999837003689793,1.2419251646889211,0.5470224909280758,0.03223744062070026,0.014783036606023063,0.5242439086118015,0.3250748812777328
Local Model,209,"(1581, 12)",,Chemical + CS3 + CS7,Random Forest,Out of time Split,"{""Test Size"": 0.2}",1.5366912733827591,0.0,1.1505654999755823,0.0,0.029803401635295247,0.0,0.7177063183282604,0.0,1.4527310599005658,0.0,1.1238205609880718,0.0,0.0291878519647138,0.0,0.4517934852705625,0.0
Local Model,209,"(1581, 12)",,Chemical + CS3 + CS7,Random Forest,Repeated KFold,"{""N_Splits"": 5, ""Repeats"": 3}",1.5001660896600515,0.020049401023317464,1.1184390566725126,0.01043791920646607,0.02893674507985294,0.0003031647249656586,0.7002593185278704,0.006985616555765357,1.582141203301108,0.08812792846305198,1.1763234821525475,0.05667019328024177,0.030480549060188933,0.0015169937665024374,0.6645753344445235,0.0315910796182648
Local Model,209,"(1581, 12)",,Chemical + CS3 + CS7,Random Forest,Time Series Split,"{""N_Splits"": 5, ""Repeats"": 1, ""Gap"": 0}",1.2279967715085025,0.17737459740044237,0.9499980503874731,0.12327720271259412,0.024017793482741495,0.0034865354316211605,0.8188005072442495,0.06548731775160782,1.7312296392163922,0.5060960063267065,1.3483451031935443,0.3769472946596083,0.03556763743859432,0.011403057188877245,0.4991545343924388,0.22050328811054234
