Category,Company,Data Shape,Timesteps,Features,Model,Cross Validation,Cross Validation Params,RMSE Train,RMSE Train,MAE Train,MAE Train,MAPE Train,MAPE Train,R2 Train,R2 Train,RMSE Test,RMSE Test,MAE Test,MAE Test,MAPE Test,MAPE Test,R2 Test,R2 Test
,,,,,,,,mean,std,mean,std,mean,std,mean,std,mean,std,mean,std,mean,std,mean,std
Local Model,209,"(1581, 11)",,Chemical + CS7,XGBoost,Blocking Time Series Split,"{""N_Splits"": 5, ""Repeats"": 1, ""train_size"": 0.8}",1.1717526565011267,0.10987827618396206,0.9205394890194848,0.07833197653928302,0.023798864413571062,0.0026412428074657894,0.7842350593366586,0.06153338468047247,1.5272686689506387,0.688029317150993,1.1993458962440484,0.5211447368401046,0.031063702632377316,0.013574975137135138,0.58181301994829,0.3018923661614975
Local Model,209,"(1581, 11)",,Chemical + CS7,XGBoost,Out of time Split,"{""Test Size"": 0.2}",1.5469077284114416,0.0,1.1609339532972887,0.0,0.030210968599013108,0.0,0.7139402687595499,0.0,1.3803663329340663,0.0,1.129086980007428,0.0,0.029508473707927342,0.0,0.5050487049555485,0.0
Local Model,209,"(1581, 11)",,Chemical + CS7,XGBoost,Repeated KFold,"{""N_Splits"": 5, ""Repeats"": 3}",1.5133812507709388,0.021100183109399318,1.1475501690537862,0.013166154303002608,0.029782298371190667,0.00035105832174316457,0.6949593420120918,0.00719380477982854,1.5929819496029163,0.0826469816367649,1.2020912431105764,0.04686880039499776,0.031221629251973127,0.0012388616448696626,0.6602594516906433,0.027005789951145488
Local Model,209,"(1581, 11)",,Chemical + CS7,XGBoost,Time Series Split,"{""N_Splits"": 5, ""Repeats"": 1, ""Gap"": 0}",1.286133876993846,0.15277795641766279,1.0087074261576678,0.09998840687249543,0.025735380957570702,0.00282262629033302,0.803308480914842,0.06129967286802833,1.7155851429319882,0.5302117207112229,1.3347619089336906,0.3543307240060388,0.035496723330891565,0.011000134622445855,0.5166466514091488,0.21688812023285298
