Category,Company,Data Shape,Timesteps,Features,Model,Cross Validation,Cross Validation Params,RMSE Train,RMSE Train,MAE Train,MAE Train,MAPE Train,MAPE Train,R2 Train,R2 Train,RMSE Test,RMSE Test,MAE Test,MAE Test,MAPE Test,MAPE Test,R2 Test,R2 Test
,,,,,,,,mean,std,mean,std,mean,std,mean,std,mean,std,mean,std,mean,std,mean,std
Local Model,209,"(1581, 11)",,Chemical + CS3,XGBoost,Blocking Time Series Split,"{""N_Splits"": 5, ""Repeats"": 1, ""train_size"": 0.8}",1.1403723092164264,0.11758678513364186,0.9048720408242843,0.08675268551651914,0.023398623182576052,0.00265413931085788,0.7984732521632502,0.04901817688152591,1.5609952112011622,0.585785717530948,1.239826967716216,0.4477658845057391,0.032307832792444605,0.011889765000675187,0.568371754250369,0.24990552230325644
Local Model,209,"(1581, 11)",,Chemical + CS3,XGBoost,Out of time Split,"{""Test Size"": 0.2}",1.6044649555434294,0.0,1.2272033160245865,0.0,0.03191568616376368,0.0,0.6922568609754164,0.0,1.4319468193474232,0.0,1.1631701135484969,0.0,0.03038154082538869,0.0,0.4673676668094593,0.0
Local Model,209,"(1581, 11)",,Chemical + CS3,XGBoost,Repeated KFold,"{""N_Splits"": 5, ""Repeats"": 3}",1.559259208040951,0.01848270120725177,1.188686842556321,0.013651358054905305,0.030836999381520847,0.0003635627633184372,0.6761865592326244,0.006747185820058826,1.6432424811338235,0.08943457261956592,1.244747576281528,0.05368069656639831,0.03232263187526061,0.0014907990035005177,0.638591492256639,0.028623340825376223
Local Model,209,"(1581, 11)",,Chemical + CS3,XGBoost,Time Series Split,"{""N_Splits"": 5, ""Repeats"": 1, ""Gap"": 0}",1.3026990584139693,0.17269917773872176,1.0266947274475586,0.11274817861231717,0.02618553179919756,0.003166173892942326,0.797201232365387,0.06858069461465494,1.7090561785884515,0.5466958473441028,1.3479403402234211,0.36850187619734354,0.03576914063867377,0.011411800776693504,0.5145366772709156,0.23346251291236775
