Category,Company,Data Shape,Timesteps,Features,Model,Cross Validation,Cross Validation Params,RMSE Train,RMSE Train,MAE Train,MAE Train,MAPE Train,MAPE Train,R2 Train,R2 Train,RMSE Test,RMSE Test,MAE Test,MAE Test,MAPE Test,MAPE Test,R2 Test,R2 Test
,,,,,,,,mean,std,mean,std,mean,std,mean,std,mean,std,mean,std,mean,std,mean,std
Local Model,204,"(1295, 10)",,Chemical + CS3 + CS7,Decision Tree,Blocking Time Series Split,"{""N_Splits"": 5, ""Repeats"": 1, ""train_size"": 0.8}",1.4664377784746214,0.07484956856789154,1.1614234555852818,0.04418261992770073,0.026327868161978456,0.001131324465625477,0.9432903949770731,0.007386674999260043,1.5816468324723592,0.1975026771674133,1.2697461803011745,0.16577021037473327,0.029013285213741462,0.0029504612542019977,0.9314682475584843,0.015056906670047361
Local Model,204,"(1295, 10)",,Chemical + CS3 + CS7,Decision Tree,Out of time Split,"{""Test Size"": 0.2}",1.4881200699626667,0.0,1.199626716142205,0.0,0.027486908393327604,0.0,0.9403325215962807,0.0,2.1637368858922907,0.0,1.6079398110630967,0.0,0.03396031725309027,0.0,0.8906278156430353,0.0
Local Model,204,"(1295, 10)",,Chemical + CS3 + CS7,Decision Tree,Repeated KFold,"{""N_Splits"": 5, ""Repeats"": 3}",1.5214999176542578,0.02234636471314119,1.2257868904068578,0.021860122183976958,0.027786391504217915,0.0005308556840735222,0.9403475421805406,0.0019334701961529774,1.5519691844964532,0.08192427063836238,1.2518982122655558,0.07313694756393806,0.02845148170467128,0.0016487985348155444,0.9375618795659368,0.007287261287644111
Local Model,204,"(1295, 10)",,Chemical + CS3 + CS7,Decision Tree,Time Series Split,"{""N_Splits"": 5, ""Repeats"": 1, ""Gap"": 0}",1.5520976118159724,0.07443961578292814,1.2474664170742762,0.05464415838466127,0.028481249663374363,0.0012788892444759936,0.9352062650734384,0.006711220341063199,1.7825422848549255,0.33544636009269,1.4328425516290233,0.20502383525218387,0.03218781475320288,0.004105644908104014,0.9139175362863223,0.027500098080915934
