Category,Company,Data Shape,Timesteps,Features,Model,Cross Validation,Cross Validation Params,RMSE Train,RMSE Train,MAE Train,MAE Train,MAPE Train,MAPE Train,R2 Train,R2 Train,RMSE Test,RMSE Test,MAE Test,MAE Test,MAPE Test,MAPE Test,R2 Test,R2 Test
,,,,,,,,mean,std,mean,std,mean,std,mean,std,mean,std,mean,std,mean,std,mean,std
Local Model,204,"(1295, 9)",,Chemical + CS7,Decision Tree,Blocking Time Series Split,"{""N_Splits"": 5, ""Repeats"": 1, ""train_size"": 0.8}",1.546583568483496,0.25984185370663593,1.2729268249325216,0.22520338048908725,0.028745666889634695,0.005230885223691857,0.9358727608408607,0.022027780600901586,1.730291483515612,0.42765675334330705,1.3131433159845336,0.21002826748002848,0.029845367736580954,0.0037274057193658005,0.9134591715544055,0.04747733799669095
Local Model,204,"(1295, 9)",,Chemical + CS7,Decision Tree,Out of time Split,"{""Test Size"": 0.2}",1.4948326648109809,0.0,1.2104431740922141,0.0,0.027787256198702245,0.0,0.9397930127825989,0.0,2.1388364250957017,0.0,1.5624878935515796,0.0,0.03280102711753693,0.0,0.8931306588947302,0.0
Local Model,204,"(1295, 9)",,Chemical + CS7,Decision Tree,Repeated KFold,"{""N_Splits"": 5, ""Repeats"": 3}",1.529422075458449,0.03624644412888061,1.2319688460234337,0.03285537880438876,0.027919647147497242,0.0007539263047175022,0.9396986835394012,0.0031435597410661527,1.570609757449477,0.08354264535904346,1.2626216542553064,0.07161586797106713,0.028685352113195586,0.0015879761012531106,0.9360763510234482,0.007228861724670559
Local Model,204,"(1295, 9)",,Chemical + CS7,Decision Tree,Time Series Split,"{""N_Splits"": 5, ""Repeats"": 1, ""Gap"": 0}",1.5638573793706214,0.076162333594282,1.259385827165507,0.05696010665753164,0.0287564356079566,0.0013327195492921985,0.9342073399715364,0.006995986098700953,1.7822627853827673,0.3306810340233824,1.425290960176441,0.1927157521400915,0.032008288528298255,0.003921046261263245,0.9139580395001404,0.027151610822385038
