Category,Company,Data Shape,Timesteps,Features,Model,Cross Validation,Cross Validation Params,RMSE Train,RMSE Train,MAE Train,MAE Train,MAPE Train,MAPE Train,R2 Train,R2 Train,RMSE Test,RMSE Test,MAE Test,MAE Test,MAPE Test,MAPE Test,R2 Test,R2 Test
,,,,,,,,mean,std,mean,std,mean,std,mean,std,mean,std,mean,std,mean,std,mean,std
Local Model,204,"(1295, 11)",,Chemical + Feature Engineering,Decision Tree,Blocking Time Series Split,"{""N_Splits"": 5, ""Repeats"": 1, ""train_size"": 0.8}",1.7967134621932057,0.19915264717994252,1.3861706960362874,0.1974313915261575,0.03159545198009642,0.004569232245740755,0.9150033304556946,0.01581102681759685,2.095851963235636,0.707822118195366,1.442649301770115,0.34072810540646564,0.0331007847126268,0.007470991454914598,0.8677959299991775,0.08170407321661734
Local Model,204,"(1295, 11)",,Chemical + Feature Engineering,Decision Tree,Out of time Split,"{""Test Size"": 0.2}",1.9920267586573979,0.0,1.463664976273648,0.0,0.03415282767797788,0.0,0.8930816931783528,0.0,2.934800147234359,0.0,2.1100585947249897,0.0,0.04418566322600711,0.0,0.7987874556301642,0.0
Local Model,204,"(1295, 11)",,Chemical + Feature Engineering,Decision Tree,Repeated KFold,"{""N_Splits"": 5, ""Repeats"": 3}",2.1975323900836727,0.037208981520421874,1.5821921567271895,0.019805460706762403,0.03602899118705557,0.00047829397415409585,0.8755609868353422,0.004299537078332181,2.2707258428609487,0.15384219454389117,1.6134990949898744,0.08114165979413383,0.036806413246920223,0.001990913812979476,0.8661305148630917,0.01897077172355136
Local Model,204,"(1295, 11)",,Chemical + Feature Engineering,Decision Tree,Time Series Split,"{""N_Splits"": 5, ""Repeats"": 1, ""Gap"": 0}",1.8689718091341523,0.10288236403886478,1.4110032440745628,0.07568631714560417,0.03270475637980743,0.0019169552331986613,0.9061074940746183,0.009582596941827396,2.4248627714592534,0.5243517579205682,1.7309618575174484,0.3571739392599732,0.039292256808539726,0.007300147003533005,0.840204084776212,0.05475393656932061
