Category,Company,Data Shape,Timesteps,Features,Model,Cross Validation,Cross Validation Params,RMSE Train,RMSE Train,MAE Train,MAE Train,MAPE Train,MAPE Train,R2 Train,R2 Train,RMSE Test,RMSE Test,MAE Test,MAE Test,MAPE Test,MAPE Test,R2 Test,R2 Test
,,,,,,,,mean,std,mean,std,mean,std,mean,std,mean,std,mean,std,mean,std,mean,std
Local Model,204,"(1295, 15)",,Chemical + Physical,MLP,Blocking Time Series Split,"{""N_Splits"": 5, ""Repeats"": 3, ""train_size"": 0.8}",4.519666031357742,0.5061360966542887,3.547955687346282,0.40345692476359585,0.08160322778683127,0.00960779931732874,0.45474437832955805,0.13398468451616796,9.050314048682983,6.721847643279847,5.408256431481777,1.4953570476849503,0.12271167654131658,0.03376278954149083,-2.753786038328022,7.205842106992688
Local Model,204,"(1295, 15)",,Chemical + Physical,MLP,Out of time Split,"{""Test Size"": 0.2}",1.569457961767349,0.007960735793575214,1.2724087348898712,0.004711077760324537,0.02885687070953113,0.00012271063432640618,0.9336299285561509,0.0006734157069418142,2.9725347668021507,0.5762102439201011,2.051268371621308,0.2921892614525129,0.042518122595781895,0.005496475370058036,0.7858235569117048,0.08551122737367305
Local Model,204,"(1295, 15)",,Chemical + Physical,MLP,Repeated KFold,"{""N_Splits"": 5, ""Repeats"": 3}",1.605595576248916,0.04554946679259137,1.2875491958578889,0.03957267217916899,0.028993109159230066,0.0009347785179187482,0.9335329718188988,0.003919238662348624,1.7159295796129315,0.09720733224089755,1.341707050377491,0.06695698600081865,0.03023832992927825,0.0015098454468525486,0.9237084131468615,0.008904759325737428
Local Model,204,"(1295, 15)",,Chemical + Physical,MLP,Time Series Split,"{""N_Splits"": 5, ""Repeats"": 3, ""Gap"": 0}",2.173756305702244,0.9285295911895821,1.7111241200010605,0.7045031955795795,0.03974702737397335,0.016729044530260626,0.8541517096224965,0.1291574003122223,7.265824435415718,4.990709923450271,3.5554199283570282,1.6264610147298655,0.08123714021166518,0.037313562628420754,-1.0936639519388462,3.0698136218040775
