Category,Company,Data Shape,Timesteps,Features,Model,Cross Validation,Cross Validation Params,RMSE Train,RMSE Train,MAE Train,MAE Train,MAPE Train,MAPE Train,R2 Train,R2 Train,RMSE Test,RMSE Test,MAE Test,MAE Test,MAPE Test,MAPE Test,R2 Test,R2 Test
,,,,,,,,mean,std,mean,std,mean,std,mean,std,mean,std,mean,std,mean,std,mean,std
Local Model,204,"(1295, 11)",,Chemical + Feature Engineering,MLP,Blocking Time Series Split,"{""N_Splits"": 5, ""Repeats"": 3, ""train_size"": 0.8}",4.194839725232096,0.7845888829524558,3.327996735208852,0.640530795488855,0.0756444952156899,0.014341016231638781,0.5227343222542339,0.19318193645570078,10.6745832336417,7.984518566502255,6.219787278786684,1.7494572466815124,0.14189520734510233,0.04335254420874793,-4.265799166675736,8.694461690319535
Local Model,204,"(1295, 11)",,Chemical + Feature Engineering,MLP,Out of time Split,"{""Test Size"": 0.2}",2.464764340347019,0.05696459995726665,1.9546276315421516,0.04310715198422267,0.04490599399811653,0.0009562878703611795,0.8362261889785286,0.0076268032021289045,3.656955323117755,0.5039855844887174,2.99442971031945,0.4095150771390676,0.06437745223010709,0.007857302103963532,0.6816472829770017,0.08849833434031862
Local Model,204,"(1295, 11)",,Chemical + Feature Engineering,MLP,Repeated KFold,"{""N_Splits"": 5, ""Repeats"": 3}",2.4403592465014157,0.06167122382749352,1.9327112208529635,0.05100643142568036,0.044282210798982785,0.0010795920763334947,0.846476281734477,0.008107275665755424,2.975070052045021,0.8654668965654844,2.034637125435023,0.15184142761423328,0.046875405417882786,0.003915656900993832,0.7514420101280744,0.1616606110185491
Local Model,204,"(1295, 11)",,Chemical + Feature Engineering,MLP,Time Series Split,"{""N_Splits"": 5, ""Repeats"": 3, ""Gap"": 0}",2.4144074921709437,0.4267973050090465,1.9013813626590905,0.3349711368868959,0.04393554361245932,0.007912336442655054,0.8405928836252918,0.055746266343612634,7.640145021381807,5.698488730346808,5.734571396276193,4.735661175490005,0.12951888813529203,0.10876300208198676,-1.6606800495568443,4.911387535743377
