Category,Company,Data Shape,Timesteps,Features,Model,Cross Validation,Cross Validation Params,RMSE Train,RMSE Train,MAE Train,MAE Train,MAPE Train,MAPE Train,R2 Train,R2 Train,RMSE Test,RMSE Test,MAE Test,MAE Test,MAPE Test,MAPE Test,R2 Test,R2 Test
,,,,,,,,mean,std,mean,std,mean,std,mean,std,mean,std,mean,std,mean,std,mean,std
Local Model,204,"(1295, 10)",,Chemical + CS3 + CS7,Random Forest,Blocking Time Series Split,"{""N_Splits"": 5, ""Repeats"": 1, ""train_size"": 0.8}",1.2678375730378917,0.18845571138357387,1.0071385218051483,0.11014109067939631,0.022851898697293795,0.0023932115251122086,0.9575640189091947,0.010662347027500935,1.6443933509032693,0.2515661129873934,1.3167450519573172,0.13831055007972815,0.030136854148656533,0.002615811261706424,0.9247842115409979,0.022809862035413225
Local Model,204,"(1295, 10)",,Chemical + CS3 + CS7,Random Forest,Out of time Split,"{""Test Size"": 0.2}",1.411557904256471,0.0,1.1544420336524994,0.0,0.026522371970051896,0.0,0.946314236582602,0.0,2.2086127840156182,0.0,1.64758167297111,0.0,0.034699259088307025,0.0,0.8860440117579192,0.0
Local Model,204,"(1295, 10)",,Chemical + CS3 + CS7,Random Forest,Repeated KFold,"{""N_Splits"": 5, ""Repeats"": 3}",1.4881322982282148,0.01978045581322768,1.2036552851828481,0.020299550207595204,0.027280312034442707,0.0004803183208708177,0.9429388965409145,0.001667225915683049,1.5504839274006632,0.08179324959982029,1.2529079066402886,0.07289031233613039,0.02840168804870659,0.0016316436048499094,0.9376636988523669,0.00743952531244526
Local Model,204,"(1295, 10)",,Chemical + CS3 + CS7,Random Forest,Time Series Split,"{""N_Splits"": 5, ""Repeats"": 1, ""Gap"": 0}",1.3307416314647709,0.09275612907898377,1.0860924755837078,0.07789654539145235,0.024964343013583093,0.00178946458053628,0.9521476525647049,0.007351187622278559,1.7668608777963104,0.41472472754683926,1.4184090872759494,0.2873691725629587,0.0319965752244948,0.006391058709399453,0.9140068780687839,0.035495746584314945
