Category,Company,Data Shape,Timesteps,Features,Model,Cross Validation,Cross Validation Params,RMSE Train,RMSE Train,MAE Train,MAE Train,MAPE Train,MAPE Train,R2 Train,R2 Train,RMSE Test,RMSE Test,MAE Test,MAE Test,MAPE Test,MAPE Test,R2 Test,R2 Test
,,,,,,,,mean,std,mean,std,mean,std,mean,std,mean,std,mean,std,mean,std,mean,std
Local Model,204,"(1295, 9)",,Chemical + CS3,Random Forest,Blocking Time Series Split,"{""N_Splits"": 5, ""Repeats"": 1, ""train_size"": 0.8}",1.3199893737801145,0.1859177820976524,1.0408306947241088,0.1125459755148078,0.02367309452614355,0.0024833353619996986,0.9541118643613989,0.01039963256075475,1.6932499526951337,0.1864074003950612,1.3512154076547132,0.1424285311100654,0.03090147071840532,0.0026177754700309566,0.9216147890743995,0.014642652954880906
Local Model,204,"(1295, 9)",,Chemical + CS3,Random Forest,Out of time Split,"{""Test Size"": 0.2}",1.468101848114609,0.0,1.1875332985639286,0.0,0.027287631572512835,0.0,0.9419270206550457,0.0,2.9842206689172546,0.0,2.114244646002195,0.0,0.04372626488405393,0.0,0.7919537670862462,0.0
Local Model,204,"(1295, 9)",,Chemical + CS3,Random Forest,Repeated KFold,"{""N_Splits"": 5, ""Repeats"": 3}",1.5408012587274378,0.019349440829231457,1.2587956213470999,0.018535415975462075,0.028606097705752086,0.0004250940003919353,0.9388334489449969,0.0015515938775451264,1.607581557449239,0.07564113065971048,1.3150216025727277,0.06405809505197987,0.029924010465905194,0.0014358445050404113,0.9330616912949526,0.007077563390433343
Local Model,204,"(1295, 9)",,Chemical + CS3,Random Forest,Time Series Split,"{""N_Splits"": 5, ""Repeats"": 1, ""Gap"": 0}",1.388953471987853,0.09867319814613856,1.1320362819292247,0.08629662533777196,0.025981575374552056,0.0020614083295882944,0.9478533698831824,0.008160095631524322,2.066827930329109,0.6575755642282255,1.6151257572454718,0.4126315886654607,0.03623479083440576,0.00803298140908712,0.8793625043222283,0.068443609593858
