Category,Company,Data Shape,Timesteps,Features,Model,Cross Validation,Cross Validation Params,RMSE Train,RMSE Train,MAE Train,MAE Train,MAPE Train,MAPE Train,R2 Train,R2 Train,RMSE Test,RMSE Test,MAE Test,MAE Test,MAPE Test,MAPE Test,R2 Test,R2 Test
,,,,,,,,mean,std,mean,std,mean,std,mean,std,mean,std,mean,std,mean,std,mean,std
Local Model,204,"(1295, 9)",,Chemical + CS7,XGBoost,Blocking Time Series Split,"{""N_Splits"": 5, ""Repeats"": 1, ""train_size"": 0.8}",1.6021538208469686,0.12182519472903189,1.2879130787135324,0.09155747630009706,0.029951456393843067,0.0019705189103106607,0.932911563391591,0.005241894516069866,2.2484070489374903,0.42900569346682815,1.7216146762554463,0.19853585939296148,0.04096055098222181,0.007493435208148447,0.8531589084077238,0.07085586796595933
Local Model,204,"(1295, 9)",,Chemical + CS7,XGBoost,Out of time Split,"{""Test Size"": 0.2}",1.706644117004116,0.0,1.393927548088162,0.0,0.032513522786789234,0.0,0.9215220458769683,0.0,3.2120530968976735,0.0,2.2131193683874657,0.0,0.045788564908210795,0.0,0.7589742627232112,0.0
Local Model,204,"(1295, 9)",,Chemical + CS7,XGBoost,Repeated KFold,"{""N_Splits"": 5, ""Repeats"": 3}",1.7701158952998604,0.015176059410381661,1.4398112864942318,0.01045363053205082,0.033246935994065065,0.00022228461280907467,0.9192779199620854,0.0014679130003641082,1.8587750963536547,0.044565177373735804,1.503219479751096,0.03993441555581384,0.034742196730584936,0.0011315312877951836,0.9107252420315526,0.004775402351451182
Local Model,204,"(1295, 9)",,Chemical + CS7,XGBoost,Time Series Split,"{""N_Splits"": 5, ""Repeats"": 1, ""Gap"": 0}",1.6526251657779063,0.06181841236019866,1.3407248014782618,0.05806246143710785,0.03133570161774642,0.0013152388588778185,0.9265622701514491,0.006539762483913703,2.223102625356262,0.663893316183483,1.7353520902411887,0.3971361855351247,0.03905925714696637,0.007498527364573468,0.8621454525447145,0.0753761366120543
