Category,Company,Data Shape,Timesteps,Features,Model,Cross Validation,Cross Validation Params,RMSE Train,RMSE Train,MAE Train,MAE Train,MAPE Train,MAPE Train,R2 Train,R2 Train,RMSE Test,RMSE Test,MAE Test,MAE Test,MAPE Test,MAPE Test,R2 Test,R2 Test
,,,,,,,,mean,std,mean,std,mean,std,mean,std,mean,std,mean,std,mean,std,mean,std
Local Model,204,"(1295, 8)",,Chemical,XGBoost,Blocking Time Series Split,"{""N_Splits"": 5, ""Repeats"": 1, ""train_size"": 0.8}",1.7367101439808756,0.17043797532204355,1.3682893980459316,0.11958433364221857,0.03187204109716167,0.0025822270049767056,0.9211761775918047,0.009225162358385082,2.466395941203151,0.4310491694384098,1.7985670001690206,0.16809679054815485,0.042579951864794116,0.005814024212862621,0.8258980534538727,0.07080190365237572
Local Model,204,"(1295, 8)",,Chemical,XGBoost,Out of time Split,"{""Test Size"": 0.2}",2.0018952612147785,0.0,1.542297870385601,0.0,0.036179728564430136,0.0,0.8920197223776596,0.0,3.786061052119039,0.0,2.5889585458173716,0.0,0.053362614227870066,0.0,0.665132334701062,0.0
Local Model,204,"(1295, 8)",,Chemical,XGBoost,Repeated KFold,"{""N_Splits"": 5, ""Repeats"": 3}",2.0496346186284287,0.026660212815205326,1.5929250239564954,0.016105835255443485,0.03697934620373874,0.00039297190656736484,0.8917643558062439,0.002776711809896966,2.1869245821407,0.11629694636509054,1.6702883164492968,0.05867445836033787,0.0387979352368778,0.0018674805488057623,0.8761854284017079,0.013054320735501801
Local Model,204,"(1295, 8)",,Chemical,XGBoost,Time Series Split,"{""N_Splits"": 5, ""Repeats"": 1, ""Gap"": 0}",1.8359541803216017,0.10858472433988683,1.443987736344517,0.07819525793486347,0.03381819789290842,0.001868271695436666,0.9092000453453079,0.011408623209002005,2.8706742888511476,0.9761715009652031,2.079227597684638,0.641612742032036,0.0474606692169806,0.01509922585106044,0.7621524796519605,0.1425535047438303
