Category,Company,Data Shape,Timesteps,Features,Model,Cross Validation,Cross Validation Params,RMSE Train,RMSE Train,MAE Train,MAE Train,MAPE Train,MAPE Train,R2 Train,R2 Train,RMSE Test,RMSE Test,MAE Test,MAE Test,MAPE Test,MAPE Test,R2 Test,R2 Test
,,,,,,,,mean,std,mean,std,mean,std,mean,std,mean,std,mean,std,mean,std,mean,std
Local Model,204,"(1295, 9)",,Chemical + CS3,XGBoost,Blocking Time Series Split,"{""N_Splits"": 5, ""Repeats"": 1, ""train_size"": 0.8}",1.6291523839191222,0.12094244556841474,1.2992205555496585,0.08967442879052957,0.0302328509125128,0.0019896212290125377,0.9306536289573029,0.004872555223996665,2.1950786834916753,0.3986864577609688,1.6796779691256014,0.16644466755141119,0.03965019805441021,0.00594746222088502,0.861370705102547,0.06303281969236402
Local Model,204,"(1295, 9)",,Chemical + CS3,XGBoost,Out of time Split,"{""Test Size"": 0.2}",1.7518384833377958,0.0,1.4086304060004395,0.0,0.03284359932295171,0.0,0.9173105960285444,0.0,3.536700291523705,0.0,2.410023277606743,0.0,0.04963184406038972,0.0,0.7077903831013919,0.0
Local Model,204,"(1295, 9)",,Chemical + CS3,XGBoost,Repeated KFold,"{""N_Splits"": 5, ""Repeats"": 3}",1.8179026104207487,0.014950658905462386,1.4638169331200797,0.014117771598000333,0.033806344538558,0.00029734170110234356,0.9148623964110167,0.0014195694183275606,1.9006458452500798,0.06231797318806253,1.5236923722864888,0.049991730820941195,0.03522907851192133,0.0013010124758132313,0.9066634920450071,0.005783586437617049
Local Model,204,"(1295, 9)",,Chemical + CS3,XGBoost,Time Series Split,"{""N_Splits"": 5, ""Repeats"": 1, ""Gap"": 0}",1.6827449363017934,0.06730840538949054,1.3595358498537067,0.056541914193847395,0.03173651391669603,0.0012831255826140926,0.9238262127217682,0.007288060064075627,2.351539317466522,0.8355098163307377,1.8087661895042246,0.5176721155357612,0.04024923214943282,0.01040264063806827,0.8414350460790795,0.10389817173056426
