Category,Company,Data Shape,Timesteps,Features,Model,Cross Validation,Cross Validation Params,RMSE Train,RMSE Train,MAE Train,MAE Train,MAPE Train,MAPE Train,R2 Train,R2 Train,RMSE Test,RMSE Test,MAE Test,MAE Test,MAPE Test,MAPE Test,R2 Test,R2 Test
,,,,,,,,mean,std,mean,std,mean,std,mean,std,mean,std,mean,std,mean,std,mean,std
Local Model,204,"(2514, 9)",,Chemical,Decision Tree,Blocking Time Series Split,"{""N_Splits"": 5, ""Repeats"": 1, ""train_size"": 0.8}",1.2487426940434427,0.214915194544768,0.9478293774727462,0.12567667959125883,0.021878733036818976,0.0028840427108077858,0.9665572042151103,0.0127980312095031,2.379424413009338,1.6920543976944928,1.541789307198904,0.7743135841682178,0.03487884121633825,0.016337677113971206,0.8258519059188337,0.24036574047255796
Local Model,204,"(2514, 9)",,Chemical,Decision Tree,Out of time Split,"{""Test Size"": 0.2}",1.5630262885309203,0.0,1.1402208257267639,0.0,0.02632824848862253,0.0,0.9498079303678552,0.0,1.6496596079441197,0.0,1.108012268074355,0.0,0.026403052300434608,0.0,0.9396815304083792,0.0
Local Model,204,"(2514, 9)",,Chemical,Decision Tree,Repeated KFold,"{""N_Splits"": 5, ""Repeats"": 3}",1.5288938653337987,0.0331128250212131,1.129863125427582,0.02302707704654298,0.026139175124346308,0.00045997989451792545,0.9513500484491362,0.0019989252075912375,1.6801476867767242,0.15229711239742147,1.1707462201425032,0.04583739239274105,0.027121986113008225,0.0011748215705415152,0.9407562334057368,0.010209041521230268
Local Model,204,"(2514, 9)",,Chemical,Decision Tree,Time Series Split,"{""N_Splits"": 5, ""Repeats"": 1, ""Gap"": 0}",1.3813845609078796,0.19660298349518862,1.0199361874342718,0.1319941208610704,0.023846970511140327,0.0029100771725019407,0.959715041946429,0.011229285343679165,2.321814110932354,0.9851164565030105,1.4821742940264866,0.4097259212029324,0.0340016748293329,0.00881907553201962,0.8634909177230451,0.12812491077371657
