Category,Company,Data Shape,Timesteps,Features,Model,Cross Validation,Cross Validation Params,RMSE Train,RMSE Train,MAE Train,MAE Train,MAPE Train,MAPE Train,R2 Train,R2 Train,RMSE Test,RMSE Test,MAE Test,MAE Test,MAPE Test,MAPE Test,R2 Test,R2 Test
,,,,,,,,mean,std,mean,std,mean,std,mean,std,mean,std,mean,std,mean,std,mean,std
Local Model,204,"(2514, 14)",,Chemical + Properties CS Less,Decision Tree,Blocking Time Series Split,"{""N_Splits"": 5, ""Repeats"": 1, ""train_size"": 0.8}",1.1648290918912108,0.10525795208832028,0.9195502297250874,0.09272812147863105,0.021013739632156008,0.0017987418563777497,0.971622983371193,0.0051154892336028775,1.583785170900476,0.6765328376179351,1.2053503567029105,0.3946898521712591,0.027589723693312994,0.008863551835152925,0.9361156292889197,0.054638001637228074
Local Model,204,"(2514, 14)",,Chemical + Properties CS Less,Decision Tree,Out of time Split,"{""Test Size"": 0.2}",1.4039263128648174,0.0,1.1211141407189527,0.0,0.025848447487172323,0.0,0.9595059544990463,0.0,1.3058202271857147,0.0,1.0366212084239406,0.0,0.024296864574514642,0.0,0.962205516422042,0.0
Local Model,204,"(2514, 14)",,Chemical + Properties CS Less,Decision Tree,Repeated KFold,"{""N_Splits"": 5, ""Repeats"": 3}",1.3582483136482297,0.017371159794298225,1.0724027766635826,0.01501617638931404,0.024632177919648217,0.00037442274567479043,0.9616102726670709,0.0010540626410661437,1.5320303983422374,0.12029989750518164,1.1200329658323875,0.040599873546640644,0.025779708909055003,0.0010995315362582149,0.950811360855036,0.007572856877855112
Local Model,204,"(2514, 14)",,Chemical + Properties CS Less,Decision Tree,Time Series Split,"{""N_Splits"": 5, ""Repeats"": 1, ""Gap"": 0}",1.2599334667579205,0.14509994732112844,0.99242477569364,0.12377679157420642,0.023147091392802376,0.0027040179959587785,0.9667538414348573,0.007842150280748614,2.027537258198274,1.123127096154991,1.3890745197609025,0.5544764082230844,0.0313994125034491,0.011924732523186205,0.8841584075975536,0.1397456681615173
