Category,Company,Data Shape,Timesteps,Features,Model,Cross Validation,Cross Validation Params,RMSE Train,RMSE Train,MAE Train,MAE Train,MAPE Train,MAPE Train,R2 Train,R2 Train,RMSE Test,RMSE Test,MAE Test,MAE Test,MAPE Test,MAPE Test,R2 Test,R2 Test
,,,,,,,,mean,std,mean,std,mean,std,mean,std,mean,std,mean,std,mean,std,mean,std
Local Model,204,"(2514, 12)",,Chemical + Feature Engineering,Decision Tree,Blocking Time Series Split,"{""N_Splits"": 5, ""Repeats"": 1, ""train_size"": 0.8}",1.2470997754829223,0.2152123505864701,0.9431654046512549,0.126544281552453,0.02178473676980851,0.002910166077301286,0.9666329440823256,0.012828395778334436,2.446210577992539,1.638695553043393,1.564615047276508,0.7499233318280993,0.035448491165510986,0.015636781677450907,0.8222668329819198,0.23125558556899073
Local Model,204,"(2514, 12)",,Chemical + Feature Engineering,Decision Tree,Out of time Split,"{""Test Size"": 0.2}",1.5623197813446228,0.0,1.1384495706907138,0.0,0.026277045530279708,0.0,0.9498532949835783,0.0,1.527125632551214,0.0,1.0807661728206306,0.0,0.025578377525966395,0.0,0.9483094484774528,0.0
Local Model,204,"(2514, 12)",,Chemical + Feature Engineering,Decision Tree,Repeated KFold,"{""N_Splits"": 5, ""Repeats"": 3}",1.5280000763187112,0.03338440971983362,1.1265634434284142,0.02241226649835317,0.0260732415781129,0.0004707324393810241,0.9514065460833554,0.002015216308952912,1.6870284289701505,0.16498740106477422,1.169884751252548,0.04722916654161631,0.027133092573060454,0.0012185191397853816,0.9401897233823858,0.0112853299876277
Local Model,204,"(2514, 12)",,Chemical + Feature Engineering,Decision Tree,Time Series Split,"{""N_Splits"": 5, ""Repeats"": 1, ""Gap"": 0}",1.3805268175617982,0.19731239175937373,1.0189512413359014,0.13170962639959524,0.02381950985148247,0.0029009676002273717,0.9597573183291285,0.01125199091844446,2.3359462808361418,1.062530918356928,1.5017040277632048,0.4535997622825118,0.034286531622524034,0.009698164049395967,0.8584314686930737,0.1424284767443448
