Category,Company,Data Shape,Timesteps,Features,Model,Cross Validation,Cross Validation Params,RMSE Train,RMSE Train,MAE Train,MAE Train,MAPE Train,MAPE Train,R2 Train,R2 Train,RMSE Test,RMSE Test,MAE Test,MAE Test,MAPE Test,MAPE Test,R2 Test,R2 Test
,,,,,,,,mean,std,mean,std,mean,std,mean,std,mean,std,mean,std,mean,std,mean,std
Local Model,204,"(2514, 12)",,Chemical + Feature Engineering,Linear Regression,Blocking Time Series Split,"{""N_Splits"": 5, ""Repeats"": 1, ""train_size"": 0.8}",1.5693704107316317,0.22223654176504526,1.1877464499892731,0.15442889942677812,0.027628121388160138,0.00342282941517654,0.9478048580892391,0.014806496578884113,9.56168880637063,14.021071325802557,2.3557282116523406,1.3974535528905154,0.058805837097113324,0.03978750517386604,-5.408542540461951,12.501641972740211
Local Model,204,"(2514, 12)",,Chemical + Feature Engineering,Linear Regression,Out of time Split,"{""Test Size"": 0.2}",1.7700893212853344,0.0,1.3581876729788915,0.0,0.031159934614015197,0.0,0.9356286076503594,0.0,1.7824841500354007,0.0,1.306899454858914,0.0,0.030995740393702405,0.0,0.9295772490669598,0.0
Local Model,204,"(2514, 12)",,Chemical + Feature Engineering,Linear Regression,Repeated KFold,"{""N_Splits"": 5, ""Repeats"": 3}",1.7585942346855286,0.02016423204514589,1.3341604145190624,0.013046074030930532,0.030895569258279996,0.0003379061018657892,0.9356544045441699,0.001227771446004984,1.9852899896696088,0.4150975802270076,1.3666488994948194,0.05302901803414724,0.031757064580965555,0.0014103613171672872,0.9138601479049525,0.04304653090379844
Local Model,204,"(2514, 12)",,Chemical + Feature Engineering,Linear Regression,Time Series Split,"{""N_Splits"": 5, ""Repeats"": 1, ""Gap"": 0}",1.5943448133183469,0.2021713838318869,1.2262981270160762,0.14442278893261862,0.028415074402942976,0.003037258822739988,0.946584081820588,0.013576066616626605,2.0723909831364353,0.248102161865319,1.5726850721326135,0.2106217758977454,0.0366973805101785,0.005016586321330112,0.9073384161178144,0.02253185571160525
