Category,Company,Data Shape,Timesteps,Features,Model,Cross Validation,Cross Validation Params,RMSE Train,RMSE Train,MAE Train,MAE Train,MAPE Train,MAPE Train,R2 Train,R2 Train,RMSE Test,RMSE Test,MAE Test,MAE Test,MAPE Test,MAPE Test,R2 Test,R2 Test
,,,,,,,,mean,std,mean,std,mean,std,mean,std,mean,std,mean,std,mean,std,mean,std
Local Model,204,"(2514, 17)",,Chemical + Physical,Linear Regression,Blocking Time Series Split,"{""N_Splits"": 5, ""Repeats"": 1, ""train_size"": 0.8}",1.0090093027760187,0.10174244577485901,0.7918226277765467,0.08769948070598194,0.018277320490881602,0.001985775118803857,0.9786388506819301,0.004550064559561763,1.2509064959863085,0.22968441230215458,0.9597102688572651,0.2006040167115997,0.022080425257545,0.0044906595621534455,0.9649745470633905,0.012055448837025454
Local Model,204,"(2514, 17)",,Chemical + Physical,Linear Regression,Out of time Split,"{""Test Size"": 0.2}",1.1507730149770325,0.0,0.8955935718820667,0.0,0.020515992796367434,0.0,0.972792923508258,0.0,0.9872600769559647,0.0,0.7923243876333009,0.0,0.01866014942525839,0.0,0.9783964668836516,0.0
Local Model,204,"(2514, 17)",,Chemical + Physical,Linear Regression,Repeated KFold,"{""N_Splits"": 5, ""Repeats"": 3}",1.1157237124375172,0.008729838492444979,0.8703322053179431,0.006583492006748947,0.019993633844459947,0.00017525800020994095,0.9740986516291049,0.0004617386353725842,1.1241123651512719,0.03465439671157099,0.8766315593023111,0.02725925460602589,0.020149007332638736,0.0007206176734676275,0.9736199398192515,0.0018983442422658592
Local Model,204,"(2514, 17)",,Chemical + Physical,Linear Regression,Time Series Split,"{""N_Splits"": 5, ""Repeats"": 1, ""Gap"": 0}",1.0731851104708952,0.09424118792977303,0.830587836378432,0.07369052228038857,0.019185040156400865,0.001498024029794288,0.9760262499001151,0.004465376072250862,1.2284071802586911,0.1735096644097134,0.9714783838750438,0.13453439063562364,0.022353817350631442,0.002871434102930637,0.967249900313605,0.009585588056636715
