Category,Company,Data Shape,Timesteps,Features,Model,Cross Validation,Cross Validation Params,RMSE Train,RMSE Train,MAE Train,MAE Train,MAPE Train,MAPE Train,R2 Train,R2 Train,RMSE Test,RMSE Test,MAE Test,MAE Test,MAPE Test,MAPE Test,R2 Test,R2 Test
,,,,,,,,mean,std,mean,std,mean,std,mean,std,mean,std,mean,std,mean,std,mean,std
Local Model,204,"(2514, 9)",,Chemical,Linear Regression,Blocking Time Series Split,"{""N_Splits"": 5, ""Repeats"": 1, ""train_size"": 0.8}",1.6097552693224035,0.2197311202673317,1.213561937520145,0.16568407735861415,0.028151801098952618,0.0036352001904463548,0.9451449992356457,0.014991932042405634,2.079839391536638,0.5320217029607037,1.611977736197209,0.3104760854547966,0.03782801199636761,0.008673187293265204,0.9022321917222982,0.0452463283872943
Local Model,204,"(2514, 9)",,Chemical,Linear Regression,Out of time Split,"{""Test Size"": 0.2}",1.8329935842609482,0.0,1.3933321220234287,0.0,0.03202639008330278,0.0,0.9309721369742884,0.0,1.8070947876486099,0.0,1.319281761460544,0.0,0.031391154768545135,0.0,0.9276191800015864,0.0
Local Model,204,"(2514, 9)",,Chemical,Linear Regression,Repeated KFold,"{""N_Splits"": 5, ""Repeats"": 3}",1.8121013924447786,0.024877373944165605,1.3602569745523176,0.012021865733029578,0.03156150527604739,0.0003045929287840026,0.9316746243328144,0.00169290121499212,1.8302855471680994,0.09925414161897822,1.367953378179122,0.053015454957575425,0.03175274437968528,0.0013426149001565092,0.9300356494036539,0.006841338677529973
Local Model,204,"(2514, 9)",,Chemical,Linear Regression,Time Series Split,"{""N_Splits"": 5, ""Repeats"": 1, ""Gap"": 0}",1.6394032231122342,0.21603663282916064,1.2539243885923947,0.15097014334323827,0.029034770115487045,0.0032189852736828678,0.9434469345572511,0.014935806723263615,2.1807545801308414,0.34935972432679674,1.6210181335560083,0.22545841287292484,0.03809584510626499,0.005585090912992048,0.8962070480392477,0.0327378482473563
