Category,Company,Data Shape,Timesteps,Features,Model,Cross Validation,Cross Validation Params,RMSE Train,RMSE Train,MAE Train,MAE Train,MAPE Train,MAPE Train,R2 Train,R2 Train,RMSE Test,RMSE Test,MAE Test,MAE Test,MAPE Test,MAPE Test,R2 Test,R2 Test
,,,,,,,,mean,std,mean,std,mean,std,mean,std,mean,std,mean,std,mean,std,mean,std
Local Model,204,"(2514, 11)",,Chemical + CS3 + CS7,Linear Regression,Blocking Time Series Split,"{""N_Splits"": 5, ""Repeats"": 1, ""train_size"": 0.8}",1.0858186243616146,0.12547547167738418,0.8563809134077186,0.10452468862920442,0.019775457397649125,0.0023184894729786827,0.975160953865576,0.0062722387178516,1.2288630341857294,0.2623629824718745,0.9562368270808822,0.20846114752863307,0.02178585737294957,0.004769374115485768,0.9658946969403646,0.013689275212568843
Local Model,204,"(2514, 11)",,Chemical + CS3 + CS7,Linear Regression,Out of time Split,"{""Test Size"": 0.2}",1.1959539835439619,0.0,0.9269268874107124,0.0,0.021200498624189615,0.0,0.9706146086912066,0.0,1.0768604215043727,0.0,0.847305609946089,0.0,0.020011917245662904,0.0,0.9742971984441203,0.0
Local Model,204,"(2514, 11)",,Chemical + CS3 + CS7,Linear Regression,Repeated KFold,"{""N_Splits"": 5, ""Repeats"": 3}",1.167795388253795,0.008556286092197373,0.9076564790168903,0.006579348506536978,0.020868649047660726,0.0001733206399899147,0.9716249917077134,0.0004686507075416504,1.1759190152053014,0.034514022630784735,0.913731877410205,0.02616519265831714,0.021018116513225767,0.0006817096644589215,0.9711356220682137,0.001994096148722152
Local Model,204,"(2514, 11)",,Chemical + CS3 + CS7,Linear Regression,Time Series Split,"{""N_Splits"": 5, ""Repeats"": 1, ""Gap"": 0}",1.1138448895968145,0.09507329461356279,0.8606576799486317,0.06796483302416989,0.01987702078036726,0.001359092649100485,0.9741913971484856,0.0046959106785641235,1.2383937694252467,0.15718015921357928,0.9682126922797394,0.1251954443661021,0.022179336292487743,0.002796239099136943,0.9668983915286044,0.0090500580458282
