Category,Company,Data Shape,Timesteps,Features,Model,Cross Validation,Cross Validation Params,RMSE Train,RMSE Train,MAE Train,MAE Train,MAPE Train,MAPE Train,R2 Train,R2 Train,RMSE Test,RMSE Test,MAE Test,MAE Test,MAPE Test,MAPE Test,R2 Test,R2 Test
,,,,,,,,mean,std,mean,std,mean,std,mean,std,mean,std,mean,std,mean,std,mean,std
Local Model,204,"(2514, 10)",,Chemical + CS3,Linear Regression,Blocking Time Series Split,"{""N_Splits"": 5, ""Repeats"": 1, ""train_size"": 0.8}",1.194077737044487,0.15712654125492528,0.9461965904500872,0.11759210395001646,0.021853224034117564,0.002574858635671846,0.9698602499196166,0.008453521013878121,1.4376162787188342,0.30371173283665903,1.1123330051776403,0.2278508224097083,0.02560660158254078,0.005102022260446884,0.953460206097293,0.018128848451584176
Local Model,204,"(2514, 10)",,Chemical + CS3,Linear Regression,Out of time Split,"{""Test Size"": 0.2}",1.3172253142383077,0.0,1.0165417278100914,0.0,0.023282739285509325,0.0,0.9643530254920737,0.0,1.223865088459667,0.0,0.9511469697675297,0.0,0.022545350318928105,0.0,0.9668007154034195,0.0
Local Model,204,"(2514, 10)",,Chemical + CS3,Linear Regression,Repeated KFold,"{""N_Splits"": 5, ""Repeats"": 3}",1.2926664379507369,0.009837832611558264,1.0021559433696006,0.0064450288932511755,0.023101965513625995,0.00016305056649593396,0.9652325877836871,0.000567855898193403,1.3020779062962287,0.040190643592540355,1.008726171900844,0.027432540085426536,0.02326264152045493,0.0006646534650182321,0.9646132031985215,0.0024507637785297458
Local Model,204,"(2514, 10)",,Chemical + CS3,Linear Regression,Time Series Split,"{""N_Splits"": 5, ""Repeats"": 1, ""Gap"": 0}",1.2080424173604816,0.12032496680808243,0.9406564035358983,0.07798587580572348,0.02175925784781616,0.0015717982013150535,0.9695495963993179,0.00632422171180595,1.3856448151326466,0.17652002129461322,1.0759470765902,0.14239937002592024,0.02477144081386388,0.0031384598088507994,0.9586385924134623,0.010785989744440588
