Category,Company,Data Shape,Timesteps,Features,Model,Cross Validation,Cross Validation Params,RMSE Train,RMSE Train,MAE Train,MAE Train,MAPE Train,MAPE Train,R2 Train,R2 Train,RMSE Test,RMSE Test,MAE Test,MAE Test,MAPE Test,MAPE Test,R2 Test,R2 Test
,,,,,,,,mean,std,mean,std,mean,std,mean,std,mean,std,mean,std,mean,std,mean,std
Local Model,204,"(2514, 11)",,Chemical + CS1 + CS3,MLP,Blocking Time Series Split,"{""N_Splits"": 5, ""Repeats"": 3, ""train_size"": 0.8}",3.130279836828198,0.17000174365681575,2.425452287681878,0.11741369398648471,0.05567285210216328,0.0024300698530025262,0.7952032332768444,0.028564496581221586,4.392867674981823,0.5093468287104389,3.432547821044922,0.44782750167425983,0.07884334671217778,0.010469075043472132,0.574805652479327,0.0887909040001248
Local Model,204,"(2514, 11)",,Chemical + CS1 + CS3,MLP,Out of time Split,"{""Test Size"": 0.2}",1.2516406495193433,0.009702386562762969,0.9742926308663353,0.010372934939626124,0.022129207306919457,0.0001777873369808455,0.9678124476168968,0.0005003391030615464,1.1287229157311776,0.03047624380971375,0.8818498488843952,0.02282112076946663,0.020587111688639904,0.0006218661475106538,0.9717412584476778,0.0015372861506907185
Local Model,204,"(2514, 11)",,Chemical + CS1 + CS3,MLP,Repeated KFold,"{""N_Splits"": 5, ""Repeats"": 3}",1.209063602171423,0.022444789809125038,0.9496170734248722,0.01838934811389384,0.021666972992227477,0.00037489487455373056,0.9695750581404725,0.0011553941086518145,1.2526940586843125,0.06301902374882208,0.9731105290913208,0.03971169088046393,0.022257197199957002,0.0009330092572012,0.96717245934729,0.003695168760779955
Local Model,204,"(2514, 11)",,Chemical + CS1 + CS3,MLP,Time Series Split,"{""N_Splits"": 5, ""Repeats"": 3, ""Gap"": 0}",1.619701592789652,0.6566889539121141,1.259970165765965,0.5100101410774849,0.029113422255135548,0.012261721214260758,0.9382284729597031,0.053739366392561154,2.1685034470152336,1.3564669360754507,1.6620495114686853,1.0352116022101674,0.038460691753301184,0.024155303819928534,0.8589255504733527,0.18020753282026566
