Category,Company,Data Shape,Timesteps,Features,Model,Cross Validation,Cross Validation Params,RMSE Train,RMSE Train,MAE Train,MAE Train,MAPE Train,MAPE Train,R2 Train,R2 Train,RMSE Test,RMSE Test,MAE Test,MAE Test,MAPE Test,MAPE Test,R2 Test,R2 Test
,,,,,,,,mean,std,mean,std,mean,std,mean,std,mean,std,mean,std,mean,std,mean,std
Local Model,204,"(2514, 10)",,Chemical + CS3,MLP,Blocking Time Series Split,"{""N_Splits"": 5, ""Repeats"": 3, ""train_size"": 0.8}",3.0361985608755035,0.1676321127540995,2.341921585006904,0.1394823765191685,0.053870414423146225,0.003519625046451057,0.8074142096626865,0.025553534214973014,4.10419229344505,0.8109443431229535,3.200702110038732,0.6094287251344014,0.07422106033476436,0.014844297176182639,0.6227395168129818,0.1382681304030795
Local Model,204,"(2514, 10)",,Chemical + CS3,MLP,Out of time Split,"{""Test Size"": 0.2}",1.2609764106703703,0.014788997821872518,0.976777941771611,0.012884190662769572,0.02226299796732614,0.0002387499574557731,0.9673279641574902,0.000769027780843407,1.197394834016771,0.033180410563604906,0.9191082491157383,0.025521248371897905,0.021577713734728794,0.000736281006969087,0.9681968785878441,0.0017782414248818505
Local Model,204,"(2514, 10)",,Chemical + CS3,MLP,Repeated KFold,"{""N_Splits"": 5, ""Repeats"": 3}",1.2160679794044857,0.020351970857089074,0.9461834131026711,0.013850708024068488,0.02165840205005942,0.00029343470604467414,0.9692230651208279,0.001075927999965904,1.2642843521201064,0.0677210687566552,0.9723766427723316,0.04015227125548277,0.022321919231871486,0.0010020495013193062,0.9665617428141158,0.003876622373473648
Local Model,204,"(2514, 10)",,Chemical + CS3,MLP,Time Series Split,"{""N_Splits"": 5, ""Repeats"": 3, ""Gap"": 0}",1.6114564925678236,0.7021479784643964,1.2451334154232714,0.5486696451268693,0.028885594425118486,0.013202084066944562,0.937598592085251,0.05874124010671267,2.164775623084802,1.3649500956172695,1.646303571204866,1.060868300353654,0.03826498663077582,0.025169775826984764,0.8588278043352099,0.1851938977035567
