Category,Company,Data Shape,Timesteps,Features,Model,Cross Validation,Cross Validation Params,RMSE Train,RMSE Train,MAE Train,MAE Train,MAPE Train,MAPE Train,R2 Train,R2 Train,RMSE Test,RMSE Test,MAE Test,MAE Test,MAPE Test,MAPE Test,R2 Test,R2 Test
,,,,,,,,mean,std,mean,std,mean,std,mean,std,mean,std,mean,std,mean,std,mean,std
Local Model,204,"(2514, 10)",,Chemical + CS7,MLP,Blocking Time Series Split,"{""N_Splits"": 5, ""Repeats"": 3, ""train_size"": 0.8}",3.069476123248249,0.20327648158071168,2.3747436107657696,0.16919228725042623,0.05458598972569049,0.003989527436452808,0.8027663990654622,0.030617180375085838,4.061340577670269,0.8416345509953694,3.1960562761766287,0.6149186497583461,0.07430994820532266,0.015305925055836849,0.630392909945203,0.13871533296854463
Local Model,204,"(2514, 10)",,Chemical + CS7,MLP,Out of time Split,"{""Test Size"": 0.2}",1.1908101669298423,0.015057552131081443,0.9389712167035164,0.012237664537681369,0.02142677189343532,0.00020461296264415304,0.9708621810187109,0.0007397625357994039,1.1049899065134483,0.01778922298239404,0.867054794544096,0.016934465152478366,0.020255173878864316,0.0005043028653651288,0.9729298414647299,0.0008741743322520516
Local Model,204,"(2514, 10)",,Chemical + CS7,MLP,Repeated KFold,"{""N_Splits"": 5, ""Repeats"": 3}",1.1548355387532443,0.02399435983818987,0.9070708517352124,0.019124037804095145,0.020750165965539902,0.0004545522227990338,0.9722402734632625,0.0011978143809122028,1.1902708796403267,0.053010051597363446,0.9283510696571753,0.041717250219748904,0.02127928501875789,0.0010557570251677254,0.9703978597413566,0.002787172844953849
Local Model,204,"(2514, 10)",,Chemical + CS7,MLP,Time Series Split,"{""N_Splits"": 5, ""Repeats"": 3, ""Gap"": 0}",1.5765729731052083,0.7382901420989654,1.2350814060187916,0.580826929809462,0.028637098212520744,0.013908033956914092,0.9388712427052562,0.061625150733546075,2.138317053589745,1.459520363110584,1.6384918864818443,1.1564542904156014,0.03824326648765527,0.02743375084599348,0.855340302871427,0.20220261854324678
