Category,Company,Data Shape,Timesteps,Features,Model,Cross Validation,Cross Validation Params,RMSE Train,RMSE Train,MAE Train,MAE Train,MAPE Train,MAPE Train,R2 Train,R2 Train,RMSE Test,RMSE Test,MAE Test,MAE Test,MAPE Test,MAPE Test,R2 Test,R2 Test
,,,,,,,,mean,std,mean,std,mean,std,mean,std,mean,std,mean,std,mean,std,mean,std
Local Model,204,"(2514, 14)",,Chemical + Properties CS Less,MLP,Blocking Time Series Split,"{""N_Splits"": 5, ""Repeats"": 3, ""train_size"": 0.8}",3.1308470861346276,0.1526407392303622,2.388356748141751,0.10267571833284785,0.05531904815854941,0.0025461227941319864,0.7958925081310063,0.021050800798685945,4.442718715192975,1.3204828160698645,3.3611372665808146,1.0101572651074924,0.07996974462328181,0.025158782836042056,0.544268338169811,0.24741888652588365
Local Model,204,"(2514, 14)",,Chemical + Properties CS Less,MLP,Out of time Split,"{""Test Size"": 0.2}",1.3848410947026728,0.02321803105903893,1.0746644940432397,0.017873116238082326,0.02450423503263811,0.00037099760585250843,0.9605883620689152,0.0013248218826124492,1.2640079306290763,0.05369140094453269,0.9695231160239087,0.03690588194213808,0.022659529931681004,0.0010105304675105257,0.9645232258240243,0.0030277828187374616
Local Model,204,"(2514, 14)",,Chemical + Properties CS Less,MLP,Repeated KFold,"{""N_Splits"": 5, ""Repeats"": 3}",1.3248622638009884,0.021535458745537386,1.028103866654345,0.018271273570234975,0.023475720384098866,0.0003845591883899888,0.9634703123040625,0.0012567313303983843,1.3856981664179326,0.05857406772314243,1.0687595625154622,0.03636253852140055,0.024505607794126683,0.0009319767900967484,0.9599161757136271,0.0032439642906404702
Local Model,204,"(2514, 14)",,Chemical + Properties CS Less,MLP,Time Series Split,"{""N_Splits"": 5, ""Repeats"": 3, ""Gap"": 0}",1.740610757181985,0.6325055729496601,1.3476336085636904,0.48224032465431366,0.031172828942783115,0.011739170809801462,0.930523750353083,0.054025592729403236,2.8028898031189766,2.2364235944705393,2.1536756641202817,1.705394472880727,0.04994619310111169,0.04047686156048202,0.7219323415087145,0.4234240093353323
