Category,Company,Data Shape,Timesteps,Features,Model,Cross Validation,Cross Validation Params,RMSE Train,RMSE Train,MAE Train,MAE Train,MAPE Train,MAPE Train,R2 Train,R2 Train,RMSE Test,RMSE Test,MAE Test,MAE Test,MAPE Test,MAPE Test,R2 Test,R2 Test
,,,,,,,,mean,std,mean,std,mean,std,mean,std,mean,std,mean,std,mean,std,mean,std
Local Model,204,"(2514, 10)",,Chemical + CS1,Random Forest,Blocking Time Series Split,"{""N_Splits"": 5, ""Repeats"": 1, ""train_size"": 0.8}",1.0353763676928267,0.13332724691941927,0.7641825011446064,0.09594716818748054,0.01762368479352478,0.0022734515341336385,0.9773265868841665,0.006108704818630333,2.6245735529857233,2.290147106605513,1.877347450108267,1.4650790940279634,0.041646894156489075,0.030399181577361982,0.7540933359311651,0.39231332461158136
Local Model,204,"(2514, 10)",,Chemical + CS1,Random Forest,Out of time Split,"{""Test Size"": 0.2}",1.31027744735027,0.0,0.9835436946838654,0.0,0.022827874061157532,0.0,0.9647280824350183,0.0,1.6138227977206205,0.0,1.0132786197888277,0.0,0.024118573637875538,0.0,0.9422737527832704,0.0
Local Model,204,"(2514, 10)",,Chemical + CS1,Random Forest,Repeated KFold,"{""N_Splits"": 5, ""Repeats"": 3}",1.2753142796316352,0.021543771320935056,0.9671797489744218,0.011557298954971573,0.022450782196383308,0.000312183625566505,0.9661577193105794,0.0009821322891955717,1.4227762973027422,0.12824479118398502,1.0304625345888354,0.050965452266038595,0.024003081504385973,0.001316431654838639,0.9575573292223669,0.007177089293381627
Local Model,204,"(2514, 10)",,Chemical + CS1,Random Forest,Time Series Split,"{""N_Splits"": 5, ""Repeats"": 1, ""Gap"": 0}",1.163933707172117,0.1432655281946698,0.8840645661423047,0.11134995317569663,0.02067635028065617,0.002358747213607679,0.9715737538298633,0.007166806645075766,1.9658156053530231,0.7319776074973441,1.3152278836057198,0.35568826031670314,0.030084925341807966,0.0075681164692759,0.9058124285787177,0.0784342545589911
