Category,Company,Data Shape,Timesteps,Features,Model,Cross Validation,Cross Validation Params,RMSE Train,RMSE Train,MAE Train,MAE Train,MAPE Train,MAPE Train,R2 Train,R2 Train,RMSE Test,RMSE Test,MAE Test,MAE Test,MAPE Test,MAPE Test,R2 Test,R2 Test
,,,,,,,,mean,std,mean,std,mean,std,mean,std,mean,std,mean,std,mean,std,mean,std
Local Model,204,"(2514, 12)",,Chemical + CS1 + CS3 + CS7,Random Forest,Blocking Time Series Split,"{""N_Splits"": 5, ""Repeats"": 1, ""train_size"": 0.8}",0.780533210515172,0.0704461688309336,0.6041688153450824,0.0572259614558547,0.013819606938837095,0.001239819339138644,0.9872099565416939,0.0026429151015596357,1.3287709695650787,0.26658793691489835,1.0551307855134655,0.19216120304106404,0.02394642662701058,0.004331404483650837,0.9607676689944775,0.012886565800741582
Local Model,204,"(2514, 12)",,Chemical + CS1 + CS3 + CS7,Random Forest,Out of time Split,"{""Test Size"": 0.2}",1.030673805238246,0.0,0.810789097056844,0.0,0.018599391388644082,0.0,0.978175464162823,0.0,1.0075793173573242,0.0,0.8085893744148706,0.0,0.018865553236250197,0.0,0.9774980517950591,0.0
Local Model,204,"(2514, 12)",,Chemical + CS1 + CS3 + CS7,Random Forest,Repeated KFold,"{""N_Splits"": 5, ""Repeats"": 3}",0.985139624336012,0.00853233556759137,0.7772037371937833,0.007339955822330779,0.017803721305813196,0.00019526857225087696,0.9798070951731753,0.00036330253947970947,1.0868051814527704,0.03841625487241975,0.8567724428643141,0.03077305215272681,0.01973190083733333,0.000814675432590711,0.9753412161024355,0.0018635759975284235
Local Model,204,"(2514, 12)",,Chemical + CS1 + CS3 + CS7,Random Forest,Time Series Split,"{""N_Splits"": 5, ""Repeats"": 1, ""Gap"": 0}",0.9064299241513952,0.11811722728412075,0.7118851309722015,0.09060296757261238,0.016454434715163908,0.0019061295813395233,0.9827164875365257,0.004473206922664326,1.2671681677503677,0.19937520384677757,1.0029732599687797,0.15941738293209473,0.02294694262164466,0.003644982974236415,0.9651163182848354,0.0102816692895798
