Category,Company,Data Shape,Timesteps,Features,Model,Cross Validation,Cross Validation Params,RMSE Train,RMSE Train,MAE Train,MAE Train,MAPE Train,MAPE Train,R2 Train,R2 Train,RMSE Test,RMSE Test,MAE Test,MAE Test,MAPE Test,MAPE Test,R2 Test,R2 Test
,,,,,,,,mean,std,mean,std,mean,std,mean,std,mean,std,mean,std,mean,std,mean,std
Local Model,204,"(2514, 10)",,Chemical + CS3,XGBoost,Blocking Time Series Split,"{""N_Splits"": 5, ""Repeats"": 1, ""train_size"": 0.8}",1.4911327392644371,0.0607818453040673,1.2155644000807306,0.04945481698059185,0.029465455735727435,0.0011886346683083414,0.9538469254709134,0.002499522571803231,1.8909389515443529,0.34157009104961916,1.4423660547237585,0.18199532688434647,0.03434861374367906,0.005018766194788759,0.9208885456143309,0.02340164411114421
Local Model,204,"(2514, 10)",,Chemical + CS3,XGBoost,Out of time Split,"{""Test Size"": 0.2}",1.6074479979279142,0.0,1.3100471233290145,0.0,0.03140563077377641,0.0,0.9469144400008829,0.0,1.4418470116955706,0.0,1.1558638798313632,0.0,0.02859846270134841,0.0,0.9539213235787988,0.0
Local Model,204,"(2514, 10)",,Chemical + CS3,XGBoost,Repeated KFold,"{""N_Splits"": 5, ""Repeats"": 3}",1.576514316447367,0.007797568944934236,1.2822646773601476,0.007388946584451069,0.030827355250715883,0.00018753185225914239,0.9482911687871456,0.00040773116612621775,1.6658655277225392,0.05150028034849966,1.3479617701102138,0.045341759865102235,0.03235216281119563,0.0011000931237079065,0.9421004767491234,0.0036504737197828653
Local Model,204,"(2514, 10)",,Chemical + CS3,XGBoost,Time Series Split,"{""N_Splits"": 5, ""Repeats"": 1, ""Gap"": 0}",1.5384872187485965,0.04569401226710533,1.250754008401341,0.033786541714306756,0.030229482223932937,0.0006717900633123647,0.9511772432740309,0.0036410195454874535,1.8921830251181042,0.17317732789528706,1.480410220708369,0.1684345255578759,0.03504210287316257,0.0030442724444284842,0.9234674157161982,0.013860858259418008
