Category,Company,Data Shape,Timesteps,Features,Model,Cross Validation,Cross Validation Params,RMSE Train,RMSE Train,MAE Train,MAE Train,MAPE Train,MAPE Train,R2 Train,R2 Train,RMSE Test,RMSE Test,MAE Test,MAE Test,MAPE Test,MAPE Test,R2 Test,R2 Test
,,,,,,,,mean,std,mean,std,mean,std,mean,std,mean,std,mean,std,mean,std,mean,std
Local Model,204,"(2514, 11)",,Chemical + CS1 + CS3,XGBoost,Blocking Time Series Split,"{""N_Splits"": 5, ""Repeats"": 1, ""train_size"": 0.8}",1.4876990614213477,0.05652713782346631,1.2144943461049524,0.04611616943870407,0.029447501287623135,0.0011400636815457922,0.9540477966433439,0.002528880770038265,1.8220491871635427,0.24105980930698476,1.4395186740384243,0.1308559527367051,0.034277356092771924,0.0038634547440938977,0.9269615377625028,0.016538076193689282
Local Model,204,"(2514, 11)",,Chemical + CS1 + CS3,XGBoost,Out of time Split,"{""Test Size"": 0.2}",1.5933635123807606,0.0,1.2957882595583907,0.0,0.03113685913239902,0.0,0.9478406375501421,0.0,1.4063149895570792,0.0,1.1239989293972494,0.0,0.027923239339443476,0.0,0.9561644112299902,0.0
Local Model,204,"(2514, 11)",,Chemical + CS1 + CS3,XGBoost,Repeated KFold,"{""N_Splits"": 5, ""Repeats"": 3}",1.5706978094448152,0.007129105197422604,1.2763752791279193,0.007689236850467084,0.030709468166444,0.00018979785856704402,0.9486716465373103,0.00042673870430267187,1.6555384870590089,0.05382703100439326,1.343211207525362,0.04651158859932578,0.03224144926161916,0.0011310346258480636,0.9428107407443805,0.0037698106071602676
Local Model,204,"(2514, 11)",,Chemical + CS1 + CS3,XGBoost,Time Series Split,"{""N_Splits"": 5, ""Repeats"": 1, ""Gap"": 0}",1.534828102907609,0.04328759191042774,1.2426924643699384,0.031108130283184647,0.030073457249954205,0.0006232485902800258,0.9514136883815756,0.003504788796598377,1.8125796279538704,0.208609707455201,1.4488756593690566,0.17379828287829907,0.03440711035651718,0.003425811059278542,0.9295254383871819,0.015309209959623109
