Category,Company,Data Shape,Timesteps,Features,Model,Cross Validation,Cross Validation Params,RMSE Train,RMSE Train,MAE Train,MAE Train,MAPE Train,MAPE Train,R2 Train,R2 Train,RMSE Test,RMSE Test,MAE Test,MAE Test,MAPE Test,MAPE Test,R2 Test,R2 Test
,,,,,,,,mean,std,mean,std,mean,std,mean,std,mean,std,mean,std,mean,std,mean,std
Local Model,204,"(2514, 9)",,Chemical,XGBoost,Blocking Time Series Split,"{""N_Splits"": 5, ""Repeats"": 1, ""train_size"": 0.8}",1.56565630596393,0.07107092831059232,1.2694677885821333,0.057520347954164774,0.03071548531767094,0.0013423411901812804,0.9490458223182567,0.00424251415240306,2.498451516552408,1.0178565188918367,1.8543775776778115,0.6442261636593725,0.04365654332777995,0.014607566641534578,0.8478044534696136,0.1253284257659913
Local Model,204,"(2514, 9)",,Chemical,XGBoost,Out of time Split,"{""Test Size"": 0.2}",1.7636834780265425,0.0,1.4181057411470797,0.0,0.03389686441436378,0.0,0.936093676734457,0.0,1.6677554949256725,0.0,1.231697190210786,0.0,0.030713322628476113,0.0,0.9383509493855107,0.0
Local Model,204,"(2514, 9)",,Chemical,XGBoost,Repeated KFold,"{""N_Splits"": 5, ""Repeats"": 3}",1.732327128872312,0.012658544130444104,1.3946080894987534,0.008638160897633213,0.03336494535884403,0.00022597456619991471,0.9375652436700702,0.0006553634495405831,1.937476059285153,0.12481571608550224,1.4870312860014665,0.06806612068797326,0.03563333379712344,0.0016591800861762553,0.9215324136868814,0.00931281594115131
Local Model,204,"(2514, 9)",,Chemical,XGBoost,Time Series Split,"{""N_Splits"": 5, ""Repeats"": 1, ""Gap"": 0}",1.654660022142806,0.0866296540833509,1.328586118665648,0.06959500596750136,0.03207062456705692,0.0014059752673060665,0.9433778276781032,0.006733722407849591,2.4442888368114097,0.7811286303795516,1.7429746216839992,0.36990398270362695,0.04121540007894788,0.007370558277976589,0.8595658072722042,0.10034020317998567
