Category,Company,Data Shape,Timesteps,Features,Model,Cross Validation,Cross Validation Params,RMSE Train,RMSE Train,MAE Train,MAE Train,MAPE Train,MAPE Train,R2 Train,R2 Train,RMSE Test,RMSE Test,MAE Test,MAE Test,MAPE Test,MAPE Test,R2 Test,R2 Test
,,,,,,,,mean,std,mean,std,mean,std,mean,std,mean,std,mean,std,mean,std,mean,std
Local Model,204,"(2514, 10)",,Chemical + CS1,XGBoost,Blocking Time Series Split,"{""N_Splits"": 5, ""Repeats"": 1, ""train_size"": 0.8}",1.5375935320873948,0.06695399558184946,1.2371652609047448,0.05461544996786871,0.029996889470965193,0.001283866356608058,0.9508420132380995,0.004153752825896897,1.8928690605214673,0.25991293839819235,1.4956696934463953,0.15509904360579782,0.03581481463405571,0.003728625677885091,0.9209203455487545,0.019801180490272848
Local Model,204,"(2514, 10)",,Chemical + CS1,XGBoost,Out of time Split,"{""Test Size"": 0.2}",1.6509416651122741,0.0,1.323236113196875,0.0,0.03180341307533589,0.0,0.9440028408428036,0.0,1.5008438879207755,0.0,1.1813768678820629,0.0,0.02936600779941716,0.0,0.95007332151949,0.0
Local Model,204,"(2514, 10)",,Chemical + CS1,XGBoost,Repeated KFold,"{""N_Splits"": 5, ""Repeats"": 3}",1.6267073147174758,0.00723901632587644,1.3080298759099742,0.007552500818323818,0.0314893869452447,0.00018633160559370648,0.9449461801186405,0.0003975760393109435,1.7548765154044295,0.0874566601365239,1.3929555149252253,0.0585186300504782,0.03346590149035312,0.0014572123496825826,0.9357501665327864,0.005309163073444051
Local Model,204,"(2514, 10)",,Chemical + CS1,XGBoost,Time Series Split,"{""N_Splits"": 5, ""Repeats"": 1, ""Gap"": 0}",1.5889599133932308,0.05146739634966017,1.2712260444234453,0.04086811961263359,0.030814449487788213,0.000813448791343705,0.9479032536370019,0.004203904580580613,1.9071388426453613,0.24149611322653816,1.5177258196628176,0.20446676986617912,0.03611183707216854,0.004064929572247201,0.9218374813675941,0.01814679151136102
