Category,Company,Data Shape,Timesteps,Features,Model,Cross Validation,Cross Validation Params,RMSE Train,RMSE Train,MAE Train,MAE Train,MAPE Train,MAPE Train,R2 Train,R2 Train,RMSE Test,RMSE Test,MAE Test,MAE Test,MAPE Test,MAPE Test,R2 Test,R2 Test
,,,,,,,,mean,std,mean,std,mean,std,mean,std,mean,std,mean,std,mean,std,mean,std
Global Model,209,"(1011, 14)",7,Chemical + Properties CS Less,Conv1D,Blocking Time Series Split,"{""N_Splits"": 5, ""Repeats"": 3, ""train_size"": 0.8}",1.3034477970472136,0.30799311818520364,1.025972564793113,0.24289559182753415,0.0235023540865658,0.005277407537876736,0.93048319773722,0.04066239723340408,3.236924420705049,1.130805190838236,2.5366681861336287,0.8489246196113017,0.05720348787481829,0.01792760614232149,0.4538575331417407,0.3030889930955363
Global Model,209,"(1011, 14)",7,Chemical + Properties CS Less,Conv1D,Time Series Split,"{""N_Splits"": 5, ""Repeats"": 3, ""Gap"": 0}",1.0568304846683458,0.37095100400503983,0.8219170201562292,0.2884211950126316,0.018911765476027027,0.006252364825171912,0.9491727257311766,0.040863361156411364,2.613888887122657,1.2454946223407815,2.1169936779064327,1.087789982417298,0.049638843251187476,0.02356590003661141,0.6814278549556391,0.2781598979457964
