Category,Company,Data Shape,Timesteps,Features,Model,Cross Validation,Cross Validation Params,RMSE Train,RMSE Train,MAE Train,MAE Train,MAPE Train,MAPE Train,R2 Train,R2 Train,RMSE Test,RMSE Test,MAE Test,MAE Test,MAPE Test,MAPE Test,R2 Test,R2 Test
,,,,,,,,mean,std,mean,std,mean,std,mean,std,mean,std,mean,std,mean,std,mean,std
Local Model,partner_i,"(410, 31)",,Chemical + Mineralogical,Decision Tree,Blocking Time Series Split,"{""N_Splits"": 5, ""Repeats"": 1, ""train_size"": 0.8}",0.6021694135824482,0.14456904376024265,0.4526698036050211,0.10066909300384988,0.012326017872464476,0.002758906460466496,0.6483480879944472,0.1495136734117319,0.993069695765126,0.4065040661713479,0.7927262922639235,0.300205221548308,0.021345356624844082,0.007779587411096124,-0.5180288262300807,1.0503276423468437
Local Model,partner_i,"(410, 31)",,Chemical + Mineralogical,Decision Tree,Out of time Split,"{""Test Size"": 0.2}",0.8010798433396795,0.0,0.6086361700385007,0.0,0.01660020989422697,0.0,0.4961282548542264,0.0,1.1879071667019292,0.0,0.9673728610935908,0.0,0.026315102518269365,0.0,-0.6926608812976829,0.0
Local Model,partner_i,"(410, 31)",,Chemical + Mineralogical,Decision Tree,Repeated KFold,"{""N_Splits"": 5, ""Repeats"": 3}",0.8279115689591936,0.0442206476771474,0.6330124786551251,0.03539725821648835,0.01724737678313275,0.0009430137960036826,0.42800014227241034,0.05837958443621984,1.0171060277210187,0.08064951730910742,0.7674585123572181,0.041756552851229874,0.020895618696443352,0.0011242746438746838,0.11553950607163585,0.13995823221220752
Local Model,partner_i,"(410, 31)",,Chemical + Mineralogical,Decision Tree,Time Series Split,"{""N_Splits"": 5, ""Repeats"": 1, ""Gap"": 0}",0.7382912902736497,0.07003156635516262,0.5542816118683056,0.05211521028537713,0.015054765640019101,0.001453046919485135,0.5317605639655287,0.06309157835658681,1.0977857218399432,0.23395005023107032,0.8393198312008183,0.17761325361961064,0.022833388048859923,0.004844343769785142,-0.11884224813680946,0.34528149825376675
