Category,Company,Data Shape,Timesteps,Features,Model,Cross Validation,Cross Validation Params,RMSE Train,RMSE Train,MAE Train,MAE Train,MAPE Train,MAPE Train,R2 Train,R2 Train,RMSE Test,RMSE Test,MAE Test,MAE Test,MAPE Test,MAPE Test,R2 Test,R2 Test
,,,,,,,,mean,std,mean,std,mean,std,mean,std,mean,std,mean,std,mean,std,mean,std
Local Model,partner_i,"(410, 37)",,Chemical + Mineralogical + Properties CS Less,Decision Tree,Blocking Time Series Split,"{""N_Splits"": 5, ""Repeats"": 1, ""train_size"": 0.8}",0.5991580331318783,0.13765481622305958,0.44801083827227545,0.09644834054589456,0.01220292656931472,0.002625206671519027,0.6516526683988635,0.14202455974181966,0.9305168463812435,0.39593028324905644,0.7566755152657159,0.3122918322608009,0.02034592491934497,0.008141019652042076,-0.2919931956677157,0.8283397199379015
Local Model,partner_i,"(410, 37)",,Chemical + Mineralogical + Properties CS Less,Decision Tree,Out of time Split,"{""Test Size"": 0.2}",0.7798851935348059,0.0,0.5847036474643854,0.0,0.015901397848235486,0.0,0.5224380161683775,0.0,1.337451887687641,0.0,1.1058522027869733,0.0,0.03009073120230147,0.0,-1.1456618950970205,0.0
Local Model,partner_i,"(410, 37)",,Chemical + Mineralogical + Properties CS Less,Decision Tree,Repeated KFold,"{""N_Splits"": 5, ""Repeats"": 3}",0.8225813436473999,0.039478998058445104,0.6274032953953743,0.0331999107711855,0.0170965885960962,0.0008874627882048452,0.43562857389604537,0.051141198294717395,1.0241472794323976,0.08842267025372019,0.7744083487008951,0.05280487128059651,0.02107816942115504,0.0014336272650823144,0.10521614977513627,0.1377829634949429
Local Model,partner_i,"(410, 37)",,Chemical + Mineralogical + Properties CS Less,Decision Tree,Time Series Split,"{""N_Splits"": 5, ""Repeats"": 1, ""Gap"": 0}",0.7141333175157232,0.062080378472489095,0.533493452919009,0.046706979910959776,0.014499914096672806,0.0013016272209920242,0.5623821242482194,0.05050990116301963,1.1117210402714968,0.23110886297829672,0.8628462474606081,0.16517410076210115,0.02349396026307001,0.0043341243401011035,-0.13431239035083112,0.3029162735558093
