Category,Company,Data Shape,Timesteps,Features,Model,Cross Validation,Cross Validation Params,RMSE Train,RMSE Train,MAE Train,MAE Train,MAPE Train,MAPE Train,R2 Train,R2 Train,RMSE Test,RMSE Test,MAE Test,MAE Test,MAPE Test,MAPE Test,R2 Test,R2 Test
,,,,,,,,mean,std,mean,std,mean,std,mean,std,mean,std,mean,std,mean,std,mean,std
Local Model,partner_i,"(410, 33)",,Chemical + Mineralogical + CS3 + CS7,Linear Regression,Blocking Time Series Split,"{""N_Splits"": 5, ""Repeats"": 1, ""train_size"": 0.8}",0.46668955412902113,0.07880788563423467,0.3704152422553463,0.058981639115816616,0.010116130287323537,0.0016823160410578322,0.7967415501308024,0.052404187833911535,1.0004804307230952,0.2657218190401346,0.7290862009539,0.15129612999123185,0.019644394095890017,0.003902065014041176,-0.41337453580148703,0.6545958826642996
Local Model,partner_i,"(410, 33)",,Chemical + Mineralogical + CS3 + CS7,Linear Regression,Out of time Split,"{""Test Size"": 0.2}",0.6759273378522136,0.0,0.5178703285783216,0.0,0.014130198784831016,0.0,0.6412694024304663,0.0,0.9530240602920058,0.0,0.8016588159223579,0.0,0.02177611926927609,0.0,-0.08946349478097604,0.0
Local Model,partner_i,"(410, 33)",,Chemical + Mineralogical + CS3 + CS7,Linear Regression,Repeated KFold,"{""N_Splits"": 5, ""Repeats"": 3}",0.7010779324657258,0.011870967926951102,0.54710959720491,0.012425259496004265,0.014906622705093901,0.000334377119976506,0.5901896964242025,0.02269284921884372,0.7846362856898769,0.054024795086220524,0.6123830943004058,0.04200235877055693,0.016672609411842503,0.0011239721215963473,0.4662086746787003,0.12314587272723479
Local Model,partner_i,"(410, 33)",,Chemical + Mineralogical + CS3 + CS7,Linear Regression,Time Series Split,"{""N_Splits"": 5, ""Repeats"": 1, ""Gap"": 0}",0.6036697160122622,0.06510965579795096,0.4689466921299136,0.046330496875662305,0.012761713785944215,0.0012740588816615654,0.6825715129001044,0.06636784063998799,1.2477807893893946,0.4261546022969805,0.8516126559469445,0.10847913341729659,0.02320154401924328,0.002737469832768448,-0.8860722596504292,1.904314105711069
