Category,Company,Data Shape,Timesteps,Features,Model,Cross Validation,Cross Validation Params,RMSE Train,RMSE Train,MAE Train,MAE Train,MAPE Train,MAPE Train,R2 Train,R2 Train,RMSE Test,RMSE Test,MAE Test,MAE Test,MAPE Test,MAPE Test,R2 Test,R2 Test
,,,,,,,,mean,std,mean,std,mean,std,mean,std,mean,std,mean,std,mean,std,mean,std
Local Model,partner_i,"(410, 32)",,Chemical + Mineralogical + CS3,Linear Regression,Blocking Time Series Split,"{""N_Splits"": 5, ""Repeats"": 1, ""train_size"": 0.8}",0.5079134350685709,0.06606927444874372,0.4053109927876449,0.05129812909551942,0.011087238152793144,0.001529698548448848,0.7595896282824526,0.04036397154750186,1.1200964283213994,0.3940524791499815,0.8702184382772516,0.29405624275467784,0.023416793340201286,0.0077686145512312395,-0.7178158673570824,0.9172350250119973
Local Model,partner_i,"(410, 32)",,Chemical + Mineralogical + CS3,Linear Regression,Out of time Split,"{""Test Size"": 0.2}",0.7092560134286916,0.0,0.5458697553189352,0.0,0.014885346586972405,0.0,0.6050205955641892,0.0,1.0628953616701944,0.0,0.8713623251261722,0.0,0.02373283627545401,0.0,-0.35514565274218746,0.0
Local Model,partner_i,"(410, 32)",,Chemical + Mineralogical + CS3,Linear Regression,Repeated KFold,"{""N_Splits"": 5, ""Repeats"": 3}",0.747571012832988,0.012598168528282005,0.5737892093320929,0.011642932523381378,0.015623691017769562,0.0003114123583128935,0.5342581392910923,0.021142461587148515,0.8301493130902243,0.05879141572794247,0.6383416269407588,0.043096107317530004,0.01736686382790359,0.0011537762007176268,0.4061615080183311,0.12169164103020846
Local Model,partner_i,"(410, 32)",,Chemical + Mineralogical + CS3,Linear Regression,Time Series Split,"{""N_Splits"": 5, ""Repeats"": 1, ""Gap"": 0}",0.6220065805841232,0.07404501401967631,0.4873430933524975,0.05020854239760344,0.013257437999623017,0.0013702124537729994,0.6620600320915399,0.07724287703260867,1.261030435454058,0.35481187202239756,0.894869863142171,0.13874882889602672,0.024358679734119128,0.0035284128140230186,-0.8021962748738076,1.4964705368291735
