Category,Company,Data Shape,Timesteps,Features,Model,Cross Validation,Cross Validation Params,RMSE Train,RMSE Train,MAE Train,MAE Train,MAPE Train,MAPE Train,R2 Train,R2 Train,RMSE Test,RMSE Test,MAE Test,MAE Test,MAPE Test,MAPE Test,R2 Test,R2 Test
,,,,,,,,mean,std,mean,std,mean,std,mean,std,mean,std,mean,std,mean,std,mean,std
Local Model,partner_i,"(410, 37)",,Chemical + Mineralogical + Properties CS Less,Linear Regression,Blocking Time Series Split,"{""N_Splits"": 5, ""Repeats"": 1, ""train_size"": 0.8}",0.49993551351998977,0.10825822568866338,0.3972495519304368,0.07497185096313093,0.010886246632337284,0.0022027468807673174,0.7678016406334407,0.06372260667950762,1.4085013086424023,0.5535947539360586,1.15882184571656,0.45155288406771577,0.031129960469752034,0.01184108506680079,-1.3995495061826058,0.9128018056166378
Local Model,partner_i,"(410, 37)",,Chemical + Mineralogical + Properties CS Less,Linear Regression,Out of time Split,"{""Test Size"": 0.2}",0.8173189578518834,0.0,0.621949790024702,0.0,0.01698973323689163,0.0,0.47549269339987277,0.0,1.101248969178433,0.0,0.8986324575129285,0.0,0.024356094116308718,0.0,-0.4547085196069538,0.0
Local Model,partner_i,"(410, 37)",,Chemical + Mineralogical + Properties CS Less,Linear Regression,Repeated KFold,"{""N_Splits"": 5, ""Repeats"": 3}",0.8307492396255092,0.021703765977111305,0.6350239467856136,0.0159623651468141,0.017306537218472917,0.0004340169675580276,0.42544162287405457,0.01705981048213059,0.978208325437888,0.1171083231166254,0.7293085525570305,0.0686662104883616,0.01986504345482852,0.0018618846335534832,0.1807155217155131,0.16888853175762839
Local Model,partner_i,"(410, 37)",,Chemical + Mineralogical + Properties CS Less,Linear Regression,Time Series Split,"{""N_Splits"": 5, ""Repeats"": 1, ""Gap"": 0}",0.64753461298438,0.11437902586071359,0.5102079638072918,0.07575483923464983,0.013909441787007329,0.002080821522177185,0.6279501220628451,0.1231301856217215,1.401058263409837,0.15710854049649592,1.0147096809052587,0.04004103424027892,0.02763226914719221,0.0012488915445435721,-0.9549486751676302,0.898903899871996
