Category,Company,Data Shape,Timesteps,Features,Model,Cross Validation,Cross Validation Params,RMSE Train,RMSE Train,MAE Train,MAE Train,MAPE Train,MAPE Train,R2 Train,R2 Train,RMSE Test,RMSE Test,MAE Test,MAE Test,MAPE Test,MAPE Test,R2 Test,R2 Test
,,,,,,,,mean,std,mean,std,mean,std,mean,std,mean,std,mean,std,mean,std,mean,std
Local Model,partner_i,"(410, 31)",,Chemical + Mineralogical,MLP,Blocking Time Series Split,"{""N_Splits"": 5, ""Repeats"": 3, ""train_size"": 0.8}",6.2126670027877235,1.2199887343164846,4.930581539838745,0.9974984413547362,0.13461854105575205,0.027151659031309408,-36.46342345441375,14.043958880413943,9.608547944870317,1.9165278000725348,7.508812722972795,1.4448559711696982,0.202782336362082,0.03736181176766749,-139.76419560764808,85.84799364826591
Local Model,partner_i,"(410, 31)",,Chemical + Mineralogical,MLP,Out of time Split,"{""Test Size"": 0.2}",2.533035123733992,0.5030414172148474,1.9914495518537114,0.36194739959287103,0.054324334773513526,0.00986518100106455,-4.2366047721179125,2.136265228403811,6.187041228194715,1.0593362922434688,5.381378274622972,0.9013609248552348,0.14556003340599621,0.024486887197247363,-46.26281771713906,16.548021353144474
Local Model,partner_i,"(410, 31)",,Chemical + Mineralogical,MLP,Repeated KFold,"{""N_Splits"": 5, ""Repeats"": 3}",2.4434964268857873,0.23880412993393071,1.9173318839654716,0.17972323474311241,0.05218289041188369,0.0048981083397238116,-4.027229036930168,1.0597013541150186,3.6359051008535257,0.47296164441880717,2.7957887091287787,0.353011069271395,0.07605687515931504,0.009554998381598947,-10.38062027335088,2.761077923006425
Local Model,partner_i,"(410, 31)",,Chemical + Mineralogical,MLP,Time Series Split,"{""N_Splits"": 5, ""Repeats"": 3, ""Gap"": 0}",4.067807051280237,1.6043921364440978,3.208522222759199,1.3196004414849425,0.08745308112839148,0.03596941965088133,-15.181678317232947,13.245114127600077,6.697067226099465,2.1090619382235607,5.329681508681356,1.5933827480195657,0.144939946562712,0.04271332871629014,-47.17867762409991,31.735868732155055
