Category,Company,Data Shape,Timesteps,Features,Model,Cross Validation,Cross Validation Params,RMSE Train,RMSE Train,MAE Train,MAE Train,MAPE Train,MAPE Train,R2 Train,R2 Train,RMSE Test,RMSE Test,MAE Test,MAE Test,MAPE Test,MAPE Test,R2 Test,R2 Test
,,,,,,,,mean,std,mean,std,mean,std,mean,std,mean,std,mean,std,mean,std,mean,std
Local Model,partner_i,"(410, 32)",,Chemical + Mineralogical + CS3,MLP,Blocking Time Series Split,"{""N_Splits"": 5, ""Repeats"": 3, ""train_size"": 0.8}",6.215783299908684,1.1247795960727125,4.913460689446868,0.9183823081888508,0.13420487763104122,0.025050228137209907,-36.32718242704553,12.707273905603543,9.615268830807354,1.8853149650043297,7.6130453577228625,1.4237146895237536,0.2056470039258552,0.036873495743573355,-144.5642562239628,95.3722266588373
Local Model,partner_i,"(410, 32)",,Chemical + Mineralogical + CS3,MLP,Out of time Split,"{""Test Size"": 0.2}",2.553825260990218,0.44271529666351384,2.009398778279626,0.33121840853662743,0.05482613048302463,0.009034471300802725,-4.274845078665604,1.8752429461245306,5.760755142270373,0.9421110500084767,4.961406622475727,0.8257268649679576,0.1342836963064826,0.02246290360555562,-39.87205305262315,13.485567565544585
Local Model,partner_i,"(410, 32)",,Chemical + Mineralogical + CS3,MLP,Repeated KFold,"{""N_Splits"": 5, ""Repeats"": 3}",2.431739080624545,0.2486180150147859,1.9001073713225094,0.18658428012351225,0.051740727590589695,0.005076904322049765,-3.981622800953534,1.083018137315881,3.6120941079407247,0.4183239899128442,2.790538117943744,0.33217272682464527,0.07598341991612986,0.008972979604395437,-10.288553444175363,2.8410787548382594
Local Model,partner_i,"(410, 32)",,Chemical + Mineralogical + CS3,MLP,Time Series Split,"{""N_Splits"": 5, ""Repeats"": 3, ""Gap"": 0}",4.070921078615424,1.5059281641149398,3.2099087474842145,1.2157581448540817,0.08752157370565929,0.03314892744122874,-14.95113840886051,11.654651241961366,6.830743928707987,2.1468234040101777,5.432505737566482,1.617950237493181,0.14788271595715854,0.04351233442811942,-49.574033303244164,33.04691389265384
