Category,Company,Data Shape,Timesteps,Features,Model,Cross Validation,Cross Validation Params,RMSE Train,RMSE Train,MAE Train,MAE Train,MAPE Train,MAPE Train,R2 Train,R2 Train,RMSE Test,RMSE Test,MAE Test,MAE Test,MAPE Test,MAPE Test,R2 Test,R2 Test
,,,,,,,,mean,std,mean,std,mean,std,mean,std,mean,std,mean,std,mean,std,mean,std
Local Model,partner_i,"(410, 32)",,Chemical + Mineralogical + CS7,Random Forest,Blocking Time Series Split,"{""N_Splits"": 5, ""Repeats"": 1, ""train_size"": 0.8}",0.5001567451973286,0.035770746707404134,0.360397979280317,0.035961492986710135,0.009854270825737862,0.0009927771785424428,0.7571876747270404,0.07465646832962311,0.9449998711086742,0.34065224208723094,0.7843532226663785,0.2745786419347181,0.021121381495175364,0.007116733465076962,-0.37498066070555636,0.9771010741070831
Local Model,partner_i,"(410, 32)",,Chemical + Mineralogical + CS7,Random Forest,Out of time Split,"{""Test Size"": 0.2}",0.6732432580272282,0.0,0.5354887190513501,0.0,0.014605701915131365,0.0,0.6441127548554486,0.0,0.8671923282012566,0.0,0.7011656718327741,0.0,0.019058331823272538,0.0,0.09793920772405462,0.0
Local Model,partner_i,"(410, 32)",,Chemical + Mineralogical + CS7,Random Forest,Repeated KFold,"{""N_Splits"": 5, ""Repeats"": 3}",0.6760218659329345,0.015666944603083516,0.5386039345943411,0.00993501774346336,0.014654553591249456,0.00025982031741856654,0.618847675315537,0.02478041839184279,0.8149548452453848,0.05524444454621553,0.6468684849787648,0.04920261886087674,0.017596598288589456,0.0013357916619898033,0.4278755454865642,0.11383297561147986
Local Model,partner_i,"(410, 32)",,Chemical + Mineralogical + CS7,Random Forest,Time Series Split,"{""N_Splits"": 5, ""Repeats"": 1, ""Gap"": 0}",0.5944086085001747,0.041682798639284084,0.4554483333237986,0.045824340005310736,0.012386509272924288,0.0012611051934466636,0.6949369728779268,0.042391662350820675,0.9303509663204428,0.1772165415374594,0.7247341568090956,0.13771306821142362,0.01971869484679129,0.0037106791551144384,0.21916813647133404,0.12386516928059847
