Category,Company,Data Shape,Timesteps,Features,Model,Cross Validation,Cross Validation Params,RMSE Train,RMSE Train,MAE Train,MAE Train,MAPE Train,MAPE Train,R2 Train,R2 Train,RMSE Test,RMSE Test,MAE Test,MAE Test,MAPE Test,MAPE Test,R2 Test,R2 Test
,,,,,,,,mean,std,mean,std,mean,std,mean,std,mean,std,mean,std,mean,std,mean,std
Local Model,partner_i,"(410, 33)",,Chemical + Mineralogical + CS3 + CS7,XGBoost,Blocking Time Series Split,"{""N_Splits"": 5, ""Repeats"": 1, ""train_size"": 0.8}",0.38422272955547054,0.05455057272948866,0.2965565960223858,0.036340546266181675,0.008075279735121677,0.0010523314505862368,0.8603475744688254,0.037415799656958765,0.8900593481130301,0.3342696428790587,0.7273064557243831,0.2897998056684983,0.019579205939322174,0.00750617203163843,-0.1323354783944834,0.6813687992875255
Local Model,partner_i,"(410, 33)",,Chemical + Mineralogical + CS3 + CS7,XGBoost,Out of time Split,"{""Test Size"": 0.2}",0.6070363351887609,0.0,0.48390598994929807,0.0,0.013180714104275484,0.0,0.7106671320536513,0.0,0.9248028358271934,0.0,0.7558817514559141,0.0,0.020504575029846685,0.0,-0.025895814891511826,0.0
Local Model,partner_i,"(410, 33)",,Chemical + Mineralogical + CS3 + CS7,XGBoost,Repeated KFold,"{""N_Splits"": 5, ""Repeats"": 3}",0.6339774591021052,0.009764067249190843,0.5057327518618231,0.00857937404666561,0.01375940480489855,0.00023334482343589233,0.6651547839513109,0.012254812475845471,0.8052818747469461,0.05814320859947303,0.6337675110111411,0.0431074289239052,0.017246405543045077,0.0011380174910120948,0.4465328082569943,0.07791860714566314
Local Model,partner_i,"(410, 33)",,Chemical + Mineralogical + CS3 + CS7,XGBoost,Time Series Split,"{""N_Splits"": 5, ""Repeats"": 1, ""Gap"": 0}",0.48769768361412397,0.08379688539756465,0.39432518980425035,0.06666028410978735,0.010702984956039054,0.0018402071927663974,0.7897253393702164,0.06839374132476263,0.9018097776169516,0.17259857220418465,0.7120603224810458,0.12440460774832918,0.01940491806963299,0.003389284440233098,0.2671242513841201,0.11235088810681397
