Category,Company,Data Shape,Timesteps,Features,Model,Cross Validation,Cross Validation Params,RMSE Train,RMSE Train,MAE Train,MAE Train,MAPE Train,MAPE Train,R2 Train,R2 Train,RMSE Test,RMSE Test,MAE Test,MAE Test,MAPE Test,MAPE Test,R2 Test,R2 Test
,,,,,,,,mean,std,mean,std,mean,std,mean,std,mean,std,mean,std,mean,std,mean,std
Global Model,209,"(3776, 14)",7,Chemical + Properties CS Less,BidirectionalLSTM,Blocking Time Series Split,"{""N_Splits"": 5, ""Repeats"": 3, ""train_size"": 0.8}",0.3061220141070846,0.05989312148459702,0.22611472123447443,0.03908146603154281,0.0052082567734163905,0.0008044837962003618,0.9973377316065484,0.0010375120827360745,1.3969038770846025,0.21480838182414438,1.0858408158472657,0.1765937271199715,0.0259138540987107,0.0042229500719886725,0.944418067413843,0.01986910167075527
Global Model,209,"(3776, 14)",7,Chemical + Properties CS Less,BidirectionalLSTM,Out of time Split,"{""Test Size"": 0.2}",0.2850873611585161,0.009809586087885286,0.21240824705367686,0.008961179479485435,0.005000699488413852,0.00019121651877102808,0.9977532366737755,0.0001557234490004208,1.356237184648262,0.026927012249993484,1.0014255030949906,0.024782146456831328,0.024131980405060732,0.0005860989412650338,0.9486121759213558,0.0020446519279709243
Global Model,209,"(3776, 14)",7,Chemical + Properties CS Less,BidirectionalLSTM,Repeated KFold,"{""N_Splits"": 5, ""Repeats"": 3}",0.27687707807683526,0.022565056704420345,0.20804553337337064,0.018165517568616237,0.0049016615139579455,0.0004259912801010199,0.9978608725555397,0.0003652670434566675,1.1315650629332703,0.048057444055256304,0.8478323952888512,0.036135619234376935,0.02029719935267075,0.0008502968164947721,0.9646541410012295,0.00285962246842728
Global Model,209,"(3776, 14)",7,Chemical + Properties CS Less,BidirectionalLSTM,Time Series Split,"{""N_Splits"": 5, ""Repeats"": 3, ""Gap"": 0}",0.28146760702375884,0.020659525207185128,0.2115437842179487,0.017085931250948302,0.00497508788443398,0.0004181834917911345,0.9978375746774613,0.0003093610617502524,3.36858680291289,3.2164633556694517,2.2260202505608007,1.6999945953810187,0.05217818964376088,0.03732574932059618,0.3830304005721133,1.1497942387720328
