Category,Company,Data Shape,Timesteps,Features,Model,Cross Validation,Cross Validation Params,RMSE Train,RMSE Train,MAE Train,MAE Train,MAPE Train,MAPE Train,R2 Train,R2 Train,RMSE Test,RMSE Test,MAE Test,MAE Test,MAPE Test,MAPE Test,R2 Test,R2 Test
,,,,,,,,mean,std,mean,std,mean,std,mean,std,mean,std,mean,std,mean,std,mean,std
Global Model,209,"(3776, 14)",7,Chemical + Properties CS Less,Conv1D,Blocking Time Series Split,"{""N_Splits"": 5, ""Repeats"": 3, ""train_size"": 0.8}",1.0292359492053758,0.053091077109632144,0.7828860788160158,0.03754190511963874,0.018552935212299965,0.0009034168864081444,0.9709821111790302,0.003079584439560731,1.3217903005740743,0.151181091361628,1.0114183096744918,0.09470699205629755,0.024399899909041498,0.0021957781843301677,0.9519143871313023,0.007693906803767081
Global Model,209,"(3776, 14)",7,Chemical + Properties CS Less,Conv1D,Out of time Split,"{""Test Size"": 0.2}",0.8811448532969748,0.00720716590946506,0.6730830132396655,0.0038358941126810917,0.016309473901486196,6.731031923025092e-05,0.9785606715977181,0.0003509538449859743,1.380042762458265,0.016874814875710416,1.0380734316507967,0.028583372148876532,0.02497306933274628,0.0007946608123319816,0.9468053702215778,0.0013003368751182964
Global Model,209,"(3776, 14)",7,Chemical + Properties CS Less,Conv1D,Repeated KFold,"{""N_Splits"": 5, ""Repeats"": 3}",0.930717884798081,0.04004186434381584,0.7136059674050214,0.03184001473056068,0.01720544406533479,0.0007153807582254214,0.9759449472467273,0.0020794676951978604,1.1819656668704899,0.04659271294760801,0.8989894684897822,0.03193607076549902,0.021518969967356957,0.0006981734322351257,0.9614438568094933,0.0028288642976181735
Global Model,209,"(3776, 14)",7,Chemical + Properties CS Less,Conv1D,Time Series Split,"{""N_Splits"": 5, ""Repeats"": 3, ""Gap"": 0}",1.000881638778997,0.06628400981802944,0.7794340430358356,0.059943117310838415,0.018721390132944528,0.0013978964878262202,0.9727138370515948,0.0031616085807418056,2.81828260418009,2.281959865488628,2.018226268151301,1.4591613836721924,0.04706082468459361,0.03201618749282185,0.6262101783470401,0.5819818137580848
