Category,Company,Data Shape,Timesteps,Features,Model,Cross Validation,Cross Validation Params,RMSE Train,RMSE Train,MAE Train,MAE Train,MAPE Train,MAPE Train,R2 Train,R2 Train,RMSE Test,RMSE Test,MAE Test,MAE Test,MAPE Test,MAPE Test,R2 Test,R2 Test
,,,,,,,,mean,std,mean,std,mean,std,mean,std,mean,std,mean,std,mean,std,mean,std
Global Model,209,"(3776, 14)",7,Chemical + Properties CS Less,LSTM,Blocking Time Series Split,"{""N_Splits"": 5, ""Repeats"": 3, ""train_size"": 0.8}",0.42955605477947484,0.08361900800209854,0.31215469522684114,0.054711005591163965,0.007487612760024175,0.0012566117386634704,0.9947403068229719,0.0021790953062690273,1.7830768229872558,0.3441219469550455,1.3209519032691592,0.1834043433790903,0.031627587108737434,0.0042382326950363295,0.9070873464720707,0.04536333558760974
Global Model,209,"(3776, 14)",7,Chemical + Properties CS Less,LSTM,Out of time Split,"{""Test Size"": 0.2}",0.35322262143695976,0.009213272053012018,0.2648604905381603,0.005988850966335897,0.006473851670735268,0.00011907235317996465,0.9965526935304442,0.00018114828236479033,1.8113937457612668,0.09425191527975295,1.2840895963598176,0.04397889668000181,0.030812157074542715,0.0010629413781286785,0.9081206895863034,0.009671573089850225
Global Model,209,"(3776, 14)",7,Chemical + Properties CS Less,LSTM,Repeated KFold,"{""N_Splits"": 5, ""Repeats"": 3}",0.3320762278476946,0.025486637100099928,0.25074457861482136,0.01703643835580903,0.006148771193237032,0.00043960355751628336,0.9969250945640946,0.0004947435950628615,1.2724550438544617,0.06793821504969827,0.9442264656619462,0.03880613095378225,0.022554895712189025,0.0008894137020544473,0.9552507298301612,0.004770415276272989
Global Model,209,"(3776, 14)",7,Chemical + Properties CS Less,LSTM,Time Series Split,"{""N_Splits"": 5, ""Repeats"": 3, ""Gap"": 0}",0.36640219203764235,0.0461403951206595,0.2750073259838625,0.02647517181577045,0.006720440230386064,0.000625812036208141,0.9962964205423798,0.0010231907451444151,3.1919546298841284,1.8476515617969933,2.2201924959221873,1.1996838083022434,0.052286714361782984,0.02778659248988001,0.6195634009027858,0.3933563827085047
