Category,Company,Data Shape,Timesteps,Features,Model,Cross Validation,Cross Validation Params,RMSE Train,RMSE Train,MAE Train,MAE Train,MAPE Train,MAPE Train,R2 Train,R2 Train,RMSE Test,RMSE Test,MAE Test,MAE Test,MAPE Test,MAPE Test,R2 Test,R2 Test
,,,,,,,,mean,std,mean,std,mean,std,mean,std,mean,std,mean,std,mean,std,mean,std
Global Model,209,"(3776, 10)",14,Chemical,Transformer,Blocking Time Series Split,"{""N_Splits"": 5, ""Repeats"": 3, ""train_size"": 0.8}",1.0805068528799033,0.08132395236104782,0.7962206119430864,0.06853516460189168,0.018804602388609752,0.0016584596206774473,0.9684263567020914,0.004895613236012759,1.30397790020403,0.29919001163488806,1.0067465260873483,0.17451442742514947,0.02440680846199421,0.004543499150748029,0.9502597654071316,0.030461967047447747
Global Model,209,"(3776, 10)",14,Chemical,Transformer,Out of time Split,"{""Test Size"": 0.2}",1.0873862135635872,0.0,0.8184011440938387,0.0,0.01936799930945326,0.0,0.9674522106486204,1.1102230246251565e-16,2.4728228025453896,0.0,1.5069794500120277,2.220446049250313e-16,0.036641135112409504,0.0,0.8313389302722319,1.1102230246251565e-16
Global Model,209,"(3776, 10)",14,Chemical,Transformer,Repeated KFold,"{""N_Splits"": 5, ""Repeats"": 3}",1.0860427915219968,0.010505646818153299,0.8093717854094061,0.007394900897363805,0.019254591494469845,0.00016490512776829147,0.9673892046122619,0.000612615475909527,1.4442651651399558,0.19751873923996233,0.9926027805423241,0.07320736876839422,0.0233917759653724,0.0016823987608089231,0.9420083082966344,0.016933456227627812
Global Model,209,"(3776, 10)",14,Chemical,Transformer,Time Series Split,"{""N_Splits"": 5, ""Repeats"": 3, ""Gap"": 0}",1.097315875340539,0.030576491764080057,0.8368504054170725,0.02817759539604643,0.019945668839944537,0.0006952770949269866,0.9675637891620492,0.00096945407106787,3.249287896710434,1.4669031307597171,2.053881912004893,0.9070889893757954,0.049923493159996384,0.022861655888680395,0.6520803614781961,0.2845561144142708
