Category,Company,Data Shape,Timesteps,Features,Model,Cross Validation,Cross Validation Params,RMSE Train,RMSE Train,MAE Train,MAE Train,MAPE Train,MAPE Train,R2 Train,R2 Train,RMSE Test,RMSE Test,MAE Test,MAE Test,MAPE Test,MAPE Test,R2 Test,R2 Test
,,,,,,,,mean,std,mean,std,mean,std,mean,std,mean,std,mean,std,mean,std,mean,std
Local Model,203,"(4683, 7)",,Chemical + CS1 + CS7,Decision Tree,Blocking Time Series Split,"{""N_Splits"": 5, ""Repeats"": 1, ""train_size"": 0.8}",1.8045370955745583,0.2639052961011936,1.3462064828074314,0.18183892430910453,0.02915564533263189,0.0032802003334258807,0.9421634170665694,0.014384946255341669,2.4076786365442215,0.7792586716333437,1.8613110748576276,0.6546105257166666,0.043298384304606065,0.015992357850687547,0.8898021146785251,0.06284943261379809
Local Model,203,"(4683, 7)",,Chemical + CS1 + CS7,Decision Tree,Out of time Split,"{""Test Size"": 0.2}",2.055401479605686,0.0,1.6046385028532588,0.0,0.03503976801433199,0.0,0.9288118782687235,0.0,2.318103939779775,0.0,1.6273229290839515,0.0,0.037778955230008675,0.0,0.9110236486250215,0.0
Local Model,203,"(4683, 7)",,Chemical + CS1 + CS7,Decision Tree,Repeated KFold,"{""N_Splits"": 5, ""Repeats"": 3}",2.220240217469629,0.03902602531043424,1.6978227401460328,0.029339929360601442,0.0371681357036049,0.0006255034531956809,0.9193401813584899,0.0029054786982292704,2.26347876171927,0.08009651623628389,1.732988343797559,0.053143222850897995,0.037982797424505096,0.001270259393853922,0.9160242848242459,0.005564196749136305
Local Model,203,"(4683, 7)",,Chemical + CS1 + CS7,Decision Tree,Time Series Split,"{""N_Splits"": 5, ""Repeats"": 1, ""Gap"": 0}",2.1176476338024406,0.0648985998006529,1.6496356039831042,0.052099231699189064,0.03545697073500098,0.000901916881990116,0.9232428581000992,0.004916528475483688,2.3778841186718354,0.31653885135879545,1.8346791839174679,0.24628142849466067,0.042650242760699744,0.006546020419450521,0.8972822051109632,0.030150618492088357
