Category,Company,Data Shape,Timesteps,Features,Model,Cross Validation,Cross Validation Params,RMSE Train,RMSE Train,MAE Train,MAE Train,MAPE Train,MAPE Train,R2 Train,R2 Train,RMSE Test,RMSE Test,MAE Test,MAE Test,MAPE Test,MAPE Test,R2 Test,R2 Test
,,,,,,,,mean,std,mean,std,mean,std,mean,std,mean,std,mean,std,mean,std,mean,std
Local Model,203,"(4683, 6)",,Chemical + CS1,Decision Tree,Blocking Time Series Split,"{""N_Splits"": 5, ""Repeats"": 1, ""train_size"": 0.8}",1.9317430542650569,0.3338960883292844,1.4680398960363816,0.247914305674826,0.03177470760239134,0.004654126696760394,0.93324514518006,0.020121615927780303,2.565162954188538,0.8026394546549387,2.0798766567709803,0.7235148947681304,0.04773539027537753,0.01749654170519611,0.8783373150826185,0.06378999626335509
Local Model,203,"(4683, 6)",,Chemical + CS1,Decision Tree,Out of time Split,"{""Test Size"": 0.2}",2.246837430217334,0.0,1.7787835061763346,0.0,0.03865384156575998,0.0,0.9149337074808839,0.0,2.887415493566299,0.0,2.152385936149611,0.0,0.04973001044919559,0.0,0.8619528809339576,0.0
Local Model,203,"(4683, 6)",,Chemical + CS1,Decision Tree,Repeated KFold,"{""N_Splits"": 5, ""Repeats"": 3}",2.3464498278590864,0.021638323537424987,1.8118420656493128,0.010965893753732282,0.039472025068786123,0.00024160331907182762,0.909932987918405,0.0017469143156494372,2.413558445424904,0.07567319619713893,1.8613123807358543,0.052893178487225086,0.0406315147692697,0.0012897769682293316,0.9044780124024335,0.006699697788653608
Local Model,203,"(4683, 6)",,Chemical + CS1,Decision Tree,Time Series Split,"{""N_Splits"": 5, ""Repeats"": 1, ""Gap"": 0}",2.315877220815315,0.04697687544784975,1.8306260833663104,0.036745419111025655,0.03917087962917679,0.0007481969743886077,0.9082024228355327,0.0050573254446833705,2.835954077587803,0.37205964824679577,2.263988572769609,0.2811724999429311,0.05200296241322272,0.007521138105499895,0.8536603673929622,0.04226849786466844
