Category,Company,Data Shape,Timesteps,Features,Model,Cross Validation,Cross Validation Params,RMSE Train,RMSE Train,MAE Train,MAE Train,MAPE Train,MAPE Train,R2 Train,R2 Train,RMSE Test,RMSE Test,MAE Test,MAE Test,MAPE Test,MAPE Test,R2 Test,R2 Test
,,,,,,,,mean,std,mean,std,mean,std,mean,std,mean,std,mean,std,mean,std,mean,std
Local Model,203,"(4683, 6)",,Chemical + CS7,Decision Tree,Blocking Time Series Split,"{""N_Splits"": 5, ""Repeats"": 1, ""train_size"": 0.8}",1.8654269809399786,0.28878608669702893,1.4044901424040357,0.18026881700321434,0.030252310970054475,0.0035204836962830018,0.9380993395868913,0.01616292234723929,2.4556799445364232,0.7625827589226184,1.9199958466191132,0.6158123212112935,0.04441083293869842,0.015259468256195067,0.8858162077027464,0.06058536880273489
Local Model,203,"(4683, 6)",,Chemical + CS7,Decision Tree,Out of time Split,"{""Test Size"": 0.2}",2.055799236874868,0.0,1.6108161140329011,0.0,0.03522968716981025,0.0,0.9287843232309675,0.0,2.3375875747038726,0.0,1.6598517679387639,0.0,0.038764037358136764,0.0,0.9095216727317399,0.0
Local Model,203,"(4683, 6)",,Chemical + CS7,Decision Tree,Repeated KFold,"{""N_Splits"": 5, ""Repeats"": 3}",2.220239917897023,0.03902608785475807,1.6978165758788708,0.029341018743906273,0.037168034944303686,0.0006255130938319421,0.9193402029676353,0.002905485221599972,2.263477167719151,0.08009612876251793,1.73298497773499,0.05314209403382577,0.03798276537819872,0.001270255588023699,0.9160244054058396,0.005564145310239149
Local Model,203,"(4683, 6)",,Chemical + CS7,Decision Tree,Time Series Split,"{""N_Splits"": 5, ""Repeats"": 1, ""Gap"": 0}",2.137631789823676,0.07726080848927404,1.6660069376550517,0.06333750356544919,0.035846110403026335,0.0013137801895060927,0.9217243939208778,0.006273381956182356,2.3880929532681536,0.2896360876549851,1.8392990543348842,0.2213694617061205,0.042774750046132286,0.006042762342104282,0.8965566935516144,0.028223125817677133
