Category,Company,Data Shape,Timesteps,Features,Model,Cross Validation,Cross Validation Params,RMSE Train,RMSE Train,MAE Train,MAE Train,MAPE Train,MAPE Train,R2 Train,R2 Train,RMSE Test,RMSE Test,MAE Test,MAE Test,MAPE Test,MAPE Test,R2 Test,R2 Test
,,,,,,,,mean,std,mean,std,mean,std,mean,std,mean,std,mean,std,mean,std,mean,std
Local Model,203,"(4683, 13)",,Chemical + Physical,Decision Tree,Blocking Time Series Split,"{""N_Splits"": 5, ""Repeats"": 1, ""train_size"": 0.8}",1.861495479892076,0.34859017874280485,1.374452500291483,0.20838288030303545,0.02972935074463088,0.003906812795182689,0.9380054051208028,0.01993844520235234,2.6433876866681607,0.8943583544736696,2.023450330933579,0.7351480159967014,0.046537703168049525,0.017831864848571355,0.8662252356700517,0.07331098984839109
Local Model,203,"(4683, 13)",,Chemical + Physical,Decision Tree,Out of time Split,"{""Test Size"": 0.2}",2.055401479605686,0.0,1.6046385028532602,0.0,0.035039768014332014,0.0,0.9288118782687235,0.0,2.318103939779776,0.0,1.6273229290839524,0.0,0.0377789552300087,0.0,0.9110236486250214,0.0
Local Model,203,"(4683, 13)",,Chemical + Physical,Decision Tree,Repeated KFold,"{""N_Splits"": 5, ""Repeats"": 3}",2.220239917897023,0.03902608785475811,1.69781657587887,0.029341018743906225,0.03716803494430367,0.000625513093831943,0.9193402029676353,0.002905485221599972,2.2634771677191505,0.08009612876251923,1.732984977734989,0.05314209403382647,0.0379827653781987,0.0012702555880237166,0.9160244054058396,0.005564145310239236
Local Model,203,"(4683, 13)",,Chemical + Physical,Decision Tree,Time Series Split,"{""N_Splits"": 5, ""Repeats"": 1, ""Gap"": 0}",2.1374213451718465,0.08813252384868714,1.6669158076639632,0.07413089184279759,0.03576580546550834,0.0010152545124898819,0.9217756457223457,0.006189369642761756,2.4281195272580502,0.3442179124335671,1.8838617013153933,0.27669939646831326,0.043588038770023416,0.006874501346040451,0.892587203834139,0.03254956388786141
