Category,Company,Data Shape,Timesteps,Features,Model,Cross Validation,Cross Validation Params,RMSE Train,RMSE Train,MAE Train,MAE Train,MAPE Train,MAPE Train,R2 Train,R2 Train,RMSE Test,RMSE Test,MAE Test,MAE Test,MAPE Test,MAPE Test,R2 Test,R2 Test
,,,,,,,,mean,std,mean,std,mean,std,mean,std,mean,std,mean,std,mean,std,mean,std
Local Model,203,"(4683, 11)",,Chemical + Properties CS Less,Linear Regression,Blocking Time Series Split,"{""N_Splits"": 5, ""Repeats"": 1, ""train_size"": 0.8}",2.1832439229257297,0.18821326028271446,1.6284333027809166,0.1728488754267335,0.03551588554057801,0.002646041318601189,0.9152565761610493,0.015619165968166588,2.259592080366539,0.47729850359853915,1.8106245437064814,0.41487183452220217,0.04241546556473327,0.01097685710368867,0.9103476472028795,0.027768816945208743
Local Model,203,"(4683, 11)",,Chemical + Properties CS Less,Linear Regression,Out of time Split,"{""Test Size"": 0.2}",2.533695337154741,0.0,1.9430419106602053,0.0,0.04197409985654004,0.0,0.8918259750902946,0.0,2.472962002898816,0.0,1.661233672793034,0.0,0.03844115907522943,0.0,0.8987386601307105,0.0
Local Model,203,"(4683, 11)",,Chemical + Properties CS Less,Linear Regression,Repeated KFold,"{""N_Splits"": 5, ""Repeats"": 3}",2.508892431604598,0.018691503886861225,1.8755875471732775,0.01480359481212225,0.04086046404172048,0.00031738210016192954,0.8970346385581239,0.0016240025340675517,2.518280876695696,0.07546731909917814,1.8838577316618683,0.06116499605785604,0.041048678478493174,0.0013335082391938465,0.896037790682574,0.006603681095564259
Local Model,203,"(4683, 11)",,Chemical + Properties CS Less,Linear Regression,Time Series Split,"{""N_Splits"": 5, ""Repeats"": 1, ""Gap"": 0}",2.5222367337349665,0.03671261990935504,1.9498468405449962,0.0297113880335423,0.041521629776208255,0.000711164620513181,0.8911318725163433,0.005370709298815216,3.0380689330749755,0.42423704245863014,2.3077016751257946,0.3967953939962676,0.051648548714163425,0.008669187232832533,0.8298452742548028,0.05588699442071894
