Category,Company,Data Shape,Timesteps,Features,Model,Cross Validation,Cross Validation Params,RMSE Train,RMSE Train,MAE Train,MAE Train,MAPE Train,MAPE Train,R2 Train,R2 Train,RMSE Test,RMSE Test,MAE Test,MAE Test,MAPE Test,MAPE Test,R2 Test,R2 Test
,,,,,,,,mean,std,mean,std,mean,std,mean,std,mean,std,mean,std,mean,std,mean,std
Local Model,203,"(4683, 6)",,Chemical + CS7,Linear Regression,Blocking Time Series Split,"{""N_Splits"": 5, ""Repeats"": 1, ""train_size"": 0.8}",1.70845466632372,0.2017145591383324,1.2890293744484809,0.13784494326583493,0.0278321521848926,0.0021424098282244435,0.9479471586360493,0.011167447390468873,1.5930378394494653,0.2590330827112792,1.298614958202091,0.2211705971617821,0.029576318579265355,0.0046233562763712535,0.9540603257582594,0.016354653538680503
Local Model,203,"(4683, 6)",,Chemical + CS7,Linear Regression,Out of time Split,"{""Test Size"": 0.2}",1.816082531890954,0.0,1.4256076261935944,0.0,0.03085579486814349,0.0,0.944424245545549,0.0,1.9319091361565321,0.0,1.3125267351398104,0.0,0.029889027718572162,0.0,0.9382008964582863,0.0
Local Model,203,"(4683, 6)",,Chemical + CS7,Linear Regression,Repeated KFold,"{""N_Splits"": 5, ""Repeats"": 3}",1.8332484292517062,0.009533576755034627,1.3960799716446133,0.009006164773387412,0.03054415358979566,0.00021532313786691066,0.9450260176753765,0.000635993335965493,1.836583339815015,0.038071573413590264,1.3985342475514642,0.03508253382323689,0.03059905097881061,0.000817466983994146,0.9447338293732399,0.0025181794202824804
Local Model,203,"(4683, 6)",,Chemical + CS7,Linear Regression,Time Series Split,"{""N_Splits"": 5, ""Repeats"": 1, ""Gap"": 0}",1.8828725144468195,0.05474696984307432,1.4714369944382821,0.04320255586355298,0.03103844923368624,0.000681967480124331,0.9392801122004648,0.004361819709786002,2.0030621914848603,0.3175797307156745,1.5479153939600494,0.24977966194215367,0.03450609732347642,0.00427095272019087,0.9250011739526858,0.029551721164127662
