Category,Company,Data Shape,Timesteps,Features,Model,Cross Validation,Cross Validation Params,RMSE Train,RMSE Train,MAE Train,MAE Train,MAPE Train,MAPE Train,R2 Train,R2 Train,RMSE Test,RMSE Test,MAE Test,MAE Test,MAPE Test,MAPE Test,R2 Test,R2 Test
,,,,,,,,mean,std,mean,std,mean,std,mean,std,mean,std,mean,std,mean,std,mean,std
Local Model,203,"(4683, 6)",,Chemical + Feature Engineering,Linear Regression,Blocking Time Series Split,"{""N_Splits"": 5, ""Repeats"": 1, ""train_size"": 0.8}",2.775747126329301,0.5533967874837606,2.129619647897487,0.4350086419111744,0.04641103914905267,0.009088097500010422,0.8538334812028694,0.07383274983553752,2.9319157984541837,1.225981708775917,2.284725196020017,0.9808012050956229,0.052864098087929676,0.022654703394600496,0.8270456226045344,0.13334581093574205
Local Model,203,"(4683, 6)",,Chemical + Feature Engineering,Linear Regression,Out of time Split,"{""Test Size"": 0.2}",3.624949421967989,0.0,2.7587407626039155,0.0,0.059671443677057956,0.0,0.7785793570823736,0.0,3.2147459864507395,0.0,2.5789311256594116,0.0,0.05782964181038615,0.0,0.8288794733355922,0.0
Local Model,203,"(4683, 6)",,Chemical + Feature Engineering,Linear Regression,Repeated KFold,"{""N_Splits"": 5, ""Repeats"": 3}",3.473291311683089,0.033681174083690646,2.574387496671716,0.026118459680139667,0.05619618656243745,0.0005755302239132083,0.8026543025666538,0.003978862757628172,3.479112445415241,0.13236698067485667,2.5790836699501543,0.07368391588902576,0.05629945958639749,0.0017539307639219438,0.8014609705997373,0.015887790424241984
Local Model,203,"(4683, 6)",,Chemical + Feature Engineering,Linear Regression,Time Series Split,"{""N_Splits"": 5, ""Repeats"": 1, ""Gap"": 0}",3.526247720267601,0.3397092646107383,2.7548669056415895,0.26675950315318764,0.058843537028015924,0.006400496677677643,0.7845467735715781,0.0447495439369399,4.088903789975705,1.137739146553971,3.233015817711454,0.8838871681901956,0.07056186059396574,0.01796772880303141,0.6662711138633004,0.22809650091586978
