Category,Company,Data Shape,Timesteps,Features,Model,Cross Validation,Cross Validation Params,RMSE Train,RMSE Train,MAE Train,MAE Train,MAPE Train,MAPE Train,R2 Train,R2 Train,RMSE Test,RMSE Test,MAE Test,MAE Test,MAPE Test,MAPE Test,R2 Test,R2 Test
,,,,,,,,mean,std,mean,std,mean,std,mean,std,mean,std,mean,std,mean,std,mean,std
Local Model,203,"(4683, 11)",,Chemical + Properties CS Less,MLP,Blocking Time Series Split,"{""N_Splits"": 5, ""Repeats"": 3, ""train_size"": 0.8}",2.2962818919272894,0.20542829386888078,1.72620868880056,0.1794635266040754,0.03793592624640918,0.0032204064792594506,0.9064245301785395,0.016526005948706433,2.8831875040250297,0.7965775994717293,2.2651221014252787,0.6447227642392783,0.05307916878468632,0.016625884193929883,0.8515479133225731,0.06542862219603866
Local Model,203,"(4683, 11)",,Chemical + Properties CS Less,MLP,Out of time Split,"{""Test Size"": 0.2}",2.1206456384654575,0.022148487630718132,1.603916061470614,0.01745735205879569,0.03462207299082334,0.00035895154686530465,0.9242124647863665,0.0015860608703179946,2.309423135338575,0.005550202100722431,1.5189860851134496,0.011892600535310195,0.03503117541682043,0.00017042198177494164,0.9116882856924367,0.0004241281676067527
Local Model,203,"(4683, 11)",,Chemical + Properties CS Less,MLP,Repeated KFold,"{""N_Splits"": 5, ""Repeats"": 3}",2.1596823658149322,0.01985550865932663,1.5986410353585816,0.015146810102713909,0.03472849633035124,0.0002535140557943651,0.9236992647431097,0.0015438327801431248,2.2229922368103283,0.09532768601810838,1.64054607582188,0.06588301015877866,0.03564606896222023,0.0013026566124854993,0.918922851187235,0.0069947048760261666
Local Model,203,"(4683, 11)",,Chemical + Properties CS Less,MLP,Time Series Split,"{""N_Splits"": 5, ""Repeats"": 3, ""Gap"": 0}",2.2664036279762123,0.13479496184532874,1.7309356059254926,0.11647859137529662,0.03652225324832384,0.001829783367644867,0.9118967743759018,0.010391268425778165,2.6927479891068193,0.48301111360052107,1.9945725532727363,0.3900997566037638,0.044581763599873495,0.007896498452357579,0.8634648073004609,0.054961019931637184
