Category,Company,Data Shape,Timesteps,Features,Model,Cross Validation,Cross Validation Params,RMSE Train,RMSE Train,MAE Train,MAE Train,MAPE Train,MAPE Train,R2 Train,R2 Train,RMSE Test,RMSE Test,MAE Test,MAE Test,MAPE Test,MAPE Test,R2 Test,R2 Test
,,,,,,,,mean,std,mean,std,mean,std,mean,std,mean,std,mean,std,mean,std,mean,std
Local Model,203,"(4683, 5)",,Chemical,MLP,Blocking Time Series Split,"{""N_Splits"": 5, ""Repeats"": 3, ""train_size"": 0.8}",2.4494196923858116,0.30330650319879315,1.8595686503187645,0.2623483571396416,0.040301300026758705,0.004922887118869237,0.890453358597309,0.035435282207099066,2.853384351539528,0.9658640391764564,2.178055152081429,0.8008166719647297,0.05053892503296373,0.01779358265717838,0.8428560449452577,0.09526749761357861
Local Model,203,"(4683, 5)",,Chemical,MLP,Out of time Split,"{""Test Size"": 0.2}",2.7398551102216775,0.03636758228633841,2.0512579349301254,0.027006474168060866,0.044699150913297465,0.0005917215928341109,0.8734838670567182,0.0033736838743180244,3.471160370036769,0.125544491600264,2.699640493891664,0.1333094757985286,0.06303400134925378,0.0031335750165196914,0.8002320208768525,0.014586267542271967
Local Model,203,"(4683, 5)",,Chemical,MLP,Repeated KFold,"{""N_Splits"": 5, ""Repeats"": 3}",2.694509028977674,0.04492829849989206,2.007364568071844,0.04069545392939769,0.04399637129600296,0.0008421027979392239,0.8811956839994184,0.004422309546716997,2.7424835322256595,0.13662432362548468,2.029726013245218,0.07516567401413946,0.0444835873613944,0.0015464776948187794,0.8765493373067873,0.012629102660365406
Local Model,203,"(4683, 5)",,Chemical,MLP,Time Series Split,"{""N_Splits"": 5, ""Repeats"": 3, ""Gap"": 0}",2.8119659794800445,0.09187319197573411,2.152512221021454,0.07538004930721212,0.04577522935493561,0.0020165239113006618,0.8644539934894344,0.011659896613370906,3.6331600126312007,1.1674678690991664,2.8216272906898427,0.8887629722847059,0.06313010939296357,0.018735851536259448,0.7278372878652217,0.21506667444558894
