Category,Company,Data Shape,Timesteps,Features,Model,Cross Validation,Cross Validation Params,RMSE Train,RMSE Train,MAE Train,MAE Train,MAPE Train,MAPE Train,R2 Train,R2 Train,RMSE Test,RMSE Test,MAE Test,MAE Test,MAPE Test,MAPE Test,R2 Test,R2 Test
,,,,,,,,mean,std,mean,std,mean,std,mean,std,mean,std,mean,std,mean,std,mean,std
Local Model,203,"(4683, 6)",,Chemical + CS1,MLP,Blocking Time Series Split,"{""N_Splits"": 5, ""Repeats"": 3, ""train_size"": 0.8}",1.8855247491073128,0.20680273597627827,1.4451423658959155,0.1526528225581298,0.031197961554927,0.002379381637920361,0.9364535086957027,0.01491706705032409,2.3481253275101164,0.5026405495295717,1.8351453075003117,0.40787083396085855,0.04272956251408736,0.010449001599151658,0.8999938843144896,0.03442276758488374
Local Model,203,"(4683, 6)",,Chemical + CS1,MLP,Out of time Split,"{""Test Size"": 0.2}",2.004043779751741,0.0021407273113883997,1.5834474655249127,0.0017791623764287022,0.03425463144676035,7.154687360768173e-05,0.9323248682613855,0.00014462742049937215,2.1052473052172993,0.03741918896918786,1.5054437199677067,0.06015128338016745,0.034664987712754405,0.0014823635614398098,0.9265905102833285,0.0026147297708412984
Local Model,203,"(4683, 6)",,Chemical + CS1,MLP,Repeated KFold,"{""N_Splits"": 5, ""Repeats"": 3}",2.0114486442129187,0.026873106179631446,1.5487111793004218,0.02415811978516376,0.033790937145646,0.00046271474592600247,0.9338041522246319,0.0019715131212587208,2.0413334060098043,0.06884079173940919,1.5704602297845784,0.05358073822309372,0.03427271078583521,0.0011305260879648086,0.9316760855394788,0.004780741323531555
Local Model,203,"(4683, 6)",,Chemical + CS1,MLP,Time Series Split,"{""N_Splits"": 5, ""Repeats"": 3, ""Gap"": 0}",2.0557932375724985,0.0742435064188102,1.6139876276703364,0.04961646340761469,0.03409135449719463,0.0007070385189307194,0.9276759469194696,0.0049117998341349275,2.2682833767137427,0.3339850929872664,1.762269231336545,0.2895108288344085,0.039437161298379333,0.006405633894426978,0.9049498264788657,0.03009893803770055
