Category,Company,Data Shape,Timesteps,Features,Model,Cross Validation,Cross Validation Params,RMSE Train,RMSE Train,MAE Train,MAE Train,MAPE Train,MAPE Train,R2 Train,R2 Train,RMSE Test,RMSE Test,MAE Test,MAE Test,MAPE Test,MAPE Test,R2 Test,R2 Test
,,,,,,,,mean,std,mean,std,mean,std,mean,std,mean,std,mean,std,mean,std,mean,std
Local Model,203,"(4683, 7)",,Chemical + CS1 + CS7,MLP,Blocking Time Series Split,"{""N_Splits"": 5, ""Repeats"": 3, ""train_size"": 0.8}",1.6862150722887814,0.21051546112085925,1.27321815106533,0.1441109650726943,0.027463570222716886,0.002288030519570049,0.9490531203259446,0.012921999238391517,1.861968320735077,0.2693142932933077,1.4357535527276655,0.22640437815886424,0.033015548393278624,0.005471738457051111,0.9379470384162621,0.017460315509743397
Local Model,203,"(4683, 7)",,Chemical + CS1 + CS7,MLP,Out of time Split,"{""Test Size"": 0.2}",1.6306289297282757,0.0024787986898616226,1.2831468301906475,0.001831290513801455,0.027719655704213076,3.5648928266922017e-05,0.9551951018429529,0.0001362927471922468,1.8957710294077106,0.03011584553708475,1.3044855455027404,0.03703648154260373,0.02976429482357631,0.000698559710372083,0.9404762709287677,0.0018808070249731728
Local Model,203,"(4683, 7)",,Chemical + CS1 + CS7,MLP,Repeated KFold,"{""N_Splits"": 5, ""Repeats"": 3}",1.6918120211903527,0.024139809154945912,1.2857574070860074,0.023263047178909743,0.02797205630568176,0.00042086234063668497,0.9531704744601207,0.0014532520750768082,1.7183515380519312,0.05490003584501667,1.3056648857380966,0.045949808570681996,0.028404192435802708,0.000971849131883962,0.9515995395322102,0.003128897784649798
Local Model,203,"(4683, 7)",,Chemical + CS1 + CS7,MLP,Time Series Split,"{""N_Splits"": 5, ""Repeats"": 3, ""Gap"": 0}",1.7390928645524928,0.11711833680689132,1.3520331475756784,0.08071055182764834,0.02834666343407215,0.0011579109254421906,0.9480923471836528,0.006889426607429839,1.9243805566489223,0.3423264176477086,1.484377792762691,0.2580060117572323,0.03301503452002439,0.005043638794798092,0.9307067661721573,0.025613059768207085
