Category,Company,Data Shape,Timesteps,Features,Model,Cross Validation,Cross Validation Params,RMSE Train,RMSE Train,MAE Train,MAE Train,MAPE Train,MAPE Train,R2 Train,R2 Train,RMSE Test,RMSE Test,MAE Test,MAE Test,MAPE Test,MAPE Test,R2 Test,R2 Test
,,,,,,,,mean,std,mean,std,mean,std,mean,std,mean,std,mean,std,mean,std,mean,std
Local Model,203,"(4683, 6)",,Chemical + Feature Engineering,Random Forest,Blocking Time Series Split,"{""N_Splits"": 5, ""Repeats"": 1, ""train_size"": 0.8}",2.3329902841129737,0.4120622320284537,1.6994735447184783,0.3411058224485232,0.03696915088260977,0.007049784389952185,0.8983867238785805,0.0443604094395831,2.82528752090696,1.1296676702349342,2.2593916397699956,0.9711483702200521,0.0519718911035866,0.02355446495392179,0.8489652096336426,0.09680431483772876
Local Model,203,"(4683, 6)",,Chemical + Feature Engineering,Random Forest,Out of time Split,"{""Test Size"": 0.2}",2.999494084020357,0.0,2.175945771671378,0.0,0.0478924367852378,0.0,0.8483961521753538,0.0,2.976861412166977,0.0,2.273554998721434,0.0,0.052393835172686455,0.0,0.8532676018071405,0.0
Local Model,203,"(4683, 6)",,Chemical + Feature Engineering,Random Forest,Repeated KFold,"{""N_Splits"": 5, ""Repeats"": 3}",2.943329424676223,0.03138716705115199,2.156419503282351,0.025680258217647474,0.04723228712135998,0.0005859185985252281,0.8582775444677744,0.00324069212363891,2.990593101964929,0.10598392291364098,2.191263047460355,0.07436717935177369,0.04804977876009685,0.0017801193545573795,0.8532857946859566,0.011371434218775093
Local Model,203,"(4683, 6)",,Chemical + Feature Engineering,Random Forest,Time Series Split,"{""N_Splits"": 5, ""Repeats"": 1, ""Gap"": 0}",3.0303272210137178,0.2012350047947854,2.2313480431517183,0.14120088455573104,0.04825688160523885,0.003542979049127151,0.8418271274092781,0.023866834999859355,3.5755898739578647,0.9049855529943918,2.8652666421483093,0.7958194797765026,0.06442578307627574,0.01667043533341358,0.7510139321185301,0.1273094151793232
