Category,Company,Data Shape,Timesteps,Features,Model,Cross Validation,Cross Validation Params,RMSE Train,RMSE Train,MAE Train,MAE Train,MAPE Train,MAPE Train,R2 Train,R2 Train,RMSE Test,RMSE Test,MAE Test,MAE Test,MAPE Test,MAPE Test,R2 Test,R2 Test
,,,,,,,,mean,std,mean,std,mean,std,mean,std,mean,std,mean,std,mean,std,mean,std
Local Model,203,"(4683, 7)",,Chemical + CS1 + CS7,Random Forest,Blocking Time Series Split,"{""N_Splits"": 5, ""Repeats"": 1, ""train_size"": 0.8}",1.5600627718963178,0.20482793149882822,1.181505758818571,0.16285809355873979,0.02547318037305698,0.0026319346005068355,0.9564751484227866,0.011520525593506695,1.9874336010804583,0.6265391244370317,1.5895772512207884,0.5231979700373385,0.0364655103672047,0.012219718903493949,0.9250545372042994,0.04820601992283621
Local Model,203,"(4683, 7)",,Chemical + CS1 + CS7,Random Forest,Out of time Split,"{""Test Size"": 0.2}",1.9784365824212846,0.0,1.550064241941988,0.0,0.033818320571655715,0.0,0.9340433677667966,0.0,2.259127199284391,0.0,1.5491384451967196,0.0,0.036229061667445085,0.0,0.915493492898921,0.0
Local Model,203,"(4683, 7)",,Chemical + CS1 + CS7,Random Forest,Repeated KFold,"{""N_Splits"": 5, ""Repeats"": 3}",2.0064190974792258,0.019701329955677964,1.52471853016205,0.016663345827031145,0.03355034510386137,0.0003515183414901965,0.9341487668812244,0.0011425764389527044,2.046128030938771,0.048824988982134665,1.5534049847428368,0.036262863062930126,0.03421220846419009,0.0009416344394472632,0.9314005010228168,0.0033663677806614425
Local Model,203,"(4683, 7)",,Chemical + CS1 + CS7,Random Forest,Time Series Split,"{""N_Splits"": 5, ""Repeats"": 1, ""Gap"": 0}",1.948484599953374,0.01717982981688268,1.5038339196423844,0.01839496390388113,0.03209780817868204,0.0010210423543929742,0.9350665875758424,0.0020159867251212573,2.257374782476646,0.22908627179052912,1.7245751147159791,0.16317494947324301,0.040023986468574954,0.004843942046324082,0.9093209491718095,0.01793105464380906
