Category,Company,Data Shape,Timesteps,Features,Model,Cross Validation,Cross Validation Params,RMSE Train,RMSE Train,MAE Train,MAE Train,MAPE Train,MAPE Train,R2 Train,R2 Train,RMSE Test,RMSE Test,MAE Test,MAE Test,MAPE Test,MAPE Test,R2 Test,R2 Test
,,,,,,,,mean,std,mean,std,mean,std,mean,std,mean,std,mean,std,mean,std,mean,std
Local Model,203,"(4683, 11)",,Chemical + Properties CS Less,Random Forest,Blocking Time Series Split,"{""N_Splits"": 5, ""Repeats"": 1, ""train_size"": 0.8}",1.9741854220433648,0.15800834056029928,1.4559340197275064,0.13842309196857364,0.03150032608439285,0.0020213738258950953,0.9302866917880305,0.014107621777059867,2.7608514973974083,1.2824821238947623,2.2051236678029342,1.117772302455134,0.05031467775709299,0.025964762389251498,0.8529659062644305,0.11665721624368494
Local Model,203,"(4683, 11)",,Chemical + Properties CS Less,Random Forest,Out of time Split,"{""Test Size"": 0.2}",2.6140726476917,0.0,1.9562274891229285,0.0,0.042549534249124665,0.0,0.8848538264112564,0.0,3.4585274544405027,0.0,2.5143669452938924,0.0,0.05917028516468342,0.0,0.8019425251291742,0.0
Local Model,203,"(4683, 11)",,Chemical + Properties CS Less,Random Forest,Repeated KFold,"{""N_Splits"": 5, ""Repeats"": 3}",2.704259754441847,0.03619263836579891,1.9919159119185872,0.023267510629084488,0.04344305113329423,0.0005353241585391089,0.8803584890525529,0.0032977581734041045,2.736839284779506,0.12775342267045786,2.0163869467105924,0.07068490952130846,0.04401051717961187,0.0016521739842104762,0.8771078669926637,0.011270629262782375
Local Model,203,"(4683, 11)",,Chemical + Properties CS Less,Random Forest,Time Series Split,"{""N_Splits"": 5, ""Repeats"": 1, ""Gap"": 0}",2.5066976583264884,0.16109233023852312,1.9008506842362103,0.09772765096000968,0.040710625770705854,0.002735270509680669,0.8919673779739273,0.014605750073287039,3.626633956818852,0.6819365702426885,2.7638804978039553,0.5802332529790141,0.06389201253207324,0.013126681069074888,0.7529482831592185,0.08928835317674227
