Category,Company,Data Shape,Timesteps,Features,Model,Cross Validation,Cross Validation Params,RMSE Train,RMSE Train,MAE Train,MAE Train,MAPE Train,MAPE Train,R2 Train,R2 Train,RMSE Test,RMSE Test,MAE Test,MAE Test,MAPE Test,MAPE Test,R2 Test,R2 Test
,,,,,,,,mean,std,mean,std,mean,std,mean,std,mean,std,mean,std,mean,std,mean,std
Local Model,203,"(4683, 13)",,Chemical + Physical,XGBoost,Blocking Time Series Split,"{""N_Splits"": 5, ""Repeats"": 1, ""train_size"": 0.8}",1.72770975064807,0.1255940133092027,1.3976196167481774,0.09318971272945575,0.03124436271304048,0.002225684125818011,0.9472142062163413,0.007608340499092462,2.3892116916035615,0.5308580841408894,1.920420450251153,0.40377629023944495,0.046380048593734666,0.010436175451576926,0.8979563152232048,0.03898225066612153
Local Model,203,"(4683, 13)",,Chemical + Physical,XGBoost,Out of time Split,"{""Test Size"": 0.2}",1.9817415794584388,0.0,1.5813495871018932,0.0,0.03503088969242831,0.0,0.9338228213512239,0.0,2.4782237148334993,0.0,1.935606578065593,0.0,0.04748990050692771,0.0,0.8983072949688726,0.0
Local Model,203,"(4683, 13)",,Chemical + Physical,XGBoost,Repeated KFold,"{""N_Splits"": 5, ""Repeats"": 3}",2.0046643440383156,0.008613540230828992,1.6054433068808536,0.006852593058713846,0.03608427111097537,0.0001664213979027164,0.9342665511145793,0.0005272282785781087,2.117700494835995,0.03928907098783217,1.687327759407708,0.02787191143040082,0.03792145217359173,0.0006799410941150656,0.9265537438989987,0.00229444540378556
Local Model,203,"(4683, 13)",,Chemical + Physical,XGBoost,Time Series Split,"{""N_Splits"": 5, ""Repeats"": 1, ""Gap"": 0}",1.9748539062528399,0.01608117085080659,1.5670283944303651,0.015259633049414124,0.03381035917380554,0.0008294485254593075,0.933308134488127,0.0016488474432525663,2.419456664279515,0.17713658595744666,1.8975464511577897,0.13645573721415657,0.04541266276436694,0.005223955295285748,0.8967502547286813,0.01100115329044457
