Category,Company,Data Shape,Timesteps,Features,Model,Cross Validation,Cross Validation Params,RMSE Train,RMSE Train,MAE Train,MAE Train,MAPE Train,MAPE Train,R2 Train,R2 Train,RMSE Test,RMSE Test,MAE Test,MAE Test,MAPE Test,MAPE Test,R2 Test,R2 Test
,,,,,,,,mean,std,mean,std,mean,std,mean,std,mean,std,mean,std,mean,std,mean,std
Local Model,203,"(4683, 7)",,Chemical + CS1 + CS7,XGBoost,Blocking Time Series Split,"{""N_Splits"": 5, ""Repeats"": 1, ""train_size"": 0.8}",1.7534430634484206,0.12468315646669113,1.4301948546139314,0.10032600630115525,0.03194625082332322,0.0023559755627844867,0.9456436042313854,0.007646830899027591,2.3699628661447454,0.428184594018744,1.8859872136217484,0.32906752943087786,0.04543641176861278,0.008981102131543893,0.9002641677860371,0.03181505778637983
Local Model,203,"(4683, 7)",,Chemical + CS1 + CS7,XGBoost,Out of time Split,"{""Test Size"": 0.2}",1.9878366970416381,0.0,1.5866986073393652,0.0,0.035167557230935294,0.0,0.9334151213965255,0.0,2.4081998645795553,0.0,1.904114463260614,0.0,0.046526102189998406,0.0,0.9039728945907787,0.0
Local Model,203,"(4683, 7)",,Chemical + CS1 + CS7,XGBoost,Repeated KFold,"{""N_Splits"": 5, ""Repeats"": 3}",2.0233258790133886,0.008540003931446886,1.620375395751046,0.007058918888217201,0.03643426134511666,0.00016903635807733787,0.9330377705222684,0.0004273676074619237,2.1289812572694253,0.03484631883546963,1.6966744557114637,0.022231353280309434,0.038128388353750674,0.0005553257545860547,0.9257706998050196,0.0020737982359421234
Local Model,203,"(4683, 7)",,Chemical + CS1 + CS7,XGBoost,Time Series Split,"{""N_Splits"": 5, ""Repeats"": 1, ""Gap"": 0}",1.9897487544084203,0.01713645277634772,1.5811839108675312,0.013729330069038002,0.03410352344448894,0.000752857211412549,0.9322993385773621,0.0016411569174286968,2.3799601151415177,0.15944241618211574,1.8719020674094176,0.12350684819393959,0.044715735012113664,0.004826478907185662,0.8997898700712719,0.012553863597789297
