Category,Company,Data Shape,Timesteps,Features,Model,Cross Validation,Cross Validation Params,RMSE Train,RMSE Train,MAE Train,MAE Train,MAPE Train,MAPE Train,R2 Train,R2 Train,RMSE Test,RMSE Test,MAE Test,MAE Test,MAPE Test,MAPE Test,R2 Test,R2 Test
,,,,,,,,mean,std,mean,std,mean,std,mean,std,mean,std,mean,std,mean,std,mean,std
Local Model,203,"(4683, 5)",,Chemical,XGBoost,Blocking Time Series Split,"{""N_Splits"": 5, ""Repeats"": 1, ""train_size"": 0.8}",2.1615106017502863,0.16276914562831388,1.7012382047112613,0.10881024314138399,0.0378956758748362,0.0011698628108174475,0.9162607738362685,0.01779456353357417,3.318069211371558,0.7239071512580647,2.6128342129321807,0.6775168446486863,0.06246438256132873,0.01629028210800995,0.8053182567402655,0.06624976913130175
Local Model,203,"(4683, 5)",,Chemical,XGBoost,Out of time Split,"{""Test Size"": 0.2}",2.6123601479501204,0.0,2.033219109335114,0.0,0.04496429906187207,0.0,0.885004643339045,0.0,3.157741311296923,0.0,2.6606847594107483,0.0,0.06282560630235554,0.0,0.8348943709095616,0.0
Local Model,203,"(4683, 5)",,Chemical,XGBoost,Repeated KFold,"{""N_Splits"": 5, ""Repeats"": 3}",2.601207497047144,0.01866984730130822,2.035081929206082,0.015065083169662269,0.04547047005576154,0.0003406666692094394,0.8893163265288726,0.0018221048543395864,2.78001893105913,0.07050157603154097,2.1562224229517324,0.059661588224255886,0.04822971620075327,0.0014007014108483825,0.8733318471997034,0.0070610493029655335
Local Model,203,"(4683, 5)",,Chemical,XGBoost,Time Series Split,"{""N_Splits"": 5, ""Repeats"": 1, ""Gap"": 0}",2.6024056361662264,0.09689056360579335,2.029769256132895,0.05822565860977652,0.0439282290934793,0.00200791635028798,0.8839274677747099,0.009963609440987837,3.3109891285529676,0.3915263567352613,2.6126712993524013,0.27766947500097716,0.06137794513080863,0.006090232650598225,0.8010427770863855,0.05528235676853974
