Category,Company,Data Shape,Timesteps,Features,Model,Cross Validation,Cross Validation Params,RMSE Train,RMSE Train,MAE Train,MAE Train,MAPE Train,MAPE Train,R2 Train,R2 Train,RMSE Test,RMSE Test,MAE Test,MAE Test,MAPE Test,MAPE Test,R2 Test,R2 Test
,,,,,,,,mean,std,mean,std,mean,std,mean,std,mean,std,mean,std,mean,std,mean,std
Local Model,203,"(4683, 11)",,Chemical + Properties CS Less,XGBoost,Blocking Time Series Split,"{""N_Splits"": 5, ""Repeats"": 1, ""train_size"": 0.8}",1.9337510390455914,0.11878885283519951,1.542152926684701,0.08171673769384998,0.03438035639499691,0.0015523593458567904,0.9336562711065358,0.009961506507210083,3.0814367245855476,0.8415555700042298,2.4752269858502327,0.7974370844845755,0.05930299390088607,0.01886688986909385,0.8319471787714458,0.07248371148018556
Local Model,203,"(4683, 11)",,Chemical + Properties CS Less,XGBoost,Out of time Split,"{""Test Size"": 0.2}",2.302986490923298,0.0,1.8132581368449916,0.0,0.04013970357553723,0.0,0.9106289242227605,0.0,2.7989200819945017,0.0,2.194994684013766,0.0,0.054011361753564094,0.0,0.8702851257494902,0.0
Local Model,203,"(4683, 11)",,Chemical + Properties CS Less,XGBoost,Repeated KFold,"{""N_Splits"": 5, ""Repeats"": 3}",2.342348972838265,0.013278765591466828,1.8492301903622492,0.009499952669387517,0.041403045672150814,0.00021349395767872474,0.9102538732383606,0.0010423178375309524,2.4995945182874038,0.07498695099344163,1.951061451233225,0.05968743985827269,0.04370396207123682,0.0013799638266030988,0.8975959596731112,0.006225373311586242
Local Model,203,"(4683, 11)",,Chemical + Properties CS Less,XGBoost,Time Series Split,"{""N_Splits"": 5, ""Repeats"": 1, ""Gap"": 0}",2.291930980337167,0.08062129250144556,1.8013341506239133,0.049504607016381555,0.03894578695246827,0.0018170620392179238,0.9099935307927305,0.0073564412609103055,3.3864997641286303,0.486317664028647,2.6105062911987305,0.3367483047943038,0.06250930108554834,0.006987898182564,0.7894759204698548,0.06971898627368073
