Category,Company,Data Shape,Timesteps,Features,Model,Cross Validation,Cross Validation Params,RMSE Train,RMSE Train,MAE Train,MAE Train,MAPE Train,MAPE Train,R2 Train,R2 Train,RMSE Test,RMSE Test,MAE Test,MAE Test,MAPE Test,MAPE Test,R2 Test,R2 Test
,,,,,,,,mean,std,mean,std,mean,std,mean,std,mean,std,mean,std,mean,std,mean,std
Local Model,209,"(3776, 11)",,Chemical + Feature Engineering,Decision Tree,Blocking Time Series Split,"{""N_Splits"": 5, ""Repeats"": 1, ""train_size"": 0.8}",2.0452704374128077,0.30282929785826507,1.2731102120806594,0.20240920594870893,0.030892184888839085,0.004983730702606036,0.8816707389291251,0.036657747389218245,2.6325861246258646,0.7407750339519402,1.5998893791654518,0.4354148613034771,0.039512472253385916,0.01169078330125216,0.7752257048173463,0.14445808921110198
Local Model,209,"(3776, 11)",,Chemical + Feature Engineering,Decision Tree,Out of time Split,"{""Test Size"": 0.2}",2.455766846427112,0.0,1.6042017696748978,0.0,0.039091468770991185,0.0,0.8330408746626761,0.0,3.5240463675562266,0.0,2.3272846097860254,0.0,0.05812470100140665,0.0,0.649093962277984,0.0
Local Model,209,"(3776, 11)",,Chemical + Feature Engineering,Decision Tree,Repeated KFold,"{""N_Splits"": 5, ""Repeats"": 3}",2.729901288289191,0.25081032765878947,1.8024223600794003,0.18761026911646334,0.044001307450765026,0.00452328529387846,0.7910688048258095,0.04186716137630395,2.818154870397207,0.3089700770272682,1.8562130942137078,0.23733849475873872,0.04533364692818768,0.005939927168800805,0.7764572449252599,0.05287698568626995
Local Model,209,"(3776, 11)",,Chemical + Feature Engineering,Decision Tree,Time Series Split,"{""N_Splits"": 5, ""Repeats"": 1, ""Gap"": 0}",2.604532495758467,0.47958444820988666,1.709740524003107,0.37560309820409615,0.041991429067230746,0.009059521399887778,0.8078363698971126,0.07674289827025133,3.637058777216537,0.8768034260172746,2.36032147569142,0.6496714116441613,0.05718937993172113,0.013812167700462022,0.6104773010261284,0.19053697294602182
