Category,Company,Data Shape,Timesteps,Features,Model,Cross Validation,Cross Validation Params,RMSE Train,RMSE Train,MAE Train,MAE Train,MAPE Train,MAPE Train,R2 Train,R2 Train,RMSE Test,RMSE Test,MAE Test,MAE Test,MAPE Test,MAPE Test,R2 Test,R2 Test
,,,,,,,,mean,std,mean,std,mean,std,mean,std,mean,std,mean,std,mean,std,mean,std
Local Model,209,"(3776, 12)",,Chemical + CS3 + CS7,Decision Tree,Blocking Time Series Split,"{""N_Splits"": 5, ""Repeats"": 1, ""train_size"": 0.8}",0.9770114971436182,0.1474710977821398,0.7437775360967703,0.13137150125791164,0.017921217846657424,0.0033475059348387908,0.9731520568490479,0.007865975578880406,1.0695288075078302,0.14548715839437876,0.8126978338767212,0.10181433791688661,0.020036614693629322,0.0027315841655397343,0.9662023165343234,0.011387331406689323
Local Model,209,"(3776, 12)",,Chemical + CS3 + CS7,Decision Tree,Out of time Split,"{""Test Size"": 0.2}",1.0229608135837596,0.0,0.806780375510313,0.0,0.019716759982534682,0.0,0.9710296399927512,0.0,1.2862437505886932,0.0,1.01123072270518,0.0,0.024954490331589002,0.0,0.9532529544658079,0.0
Local Model,209,"(3776, 12)",,Chemical + CS3 + CS7,Decision Tree,Repeated KFold,"{""N_Splits"": 5, ""Repeats"": 3}",1.1402505319804594,0.04392299353210631,0.9132286200254203,0.04544397115358884,0.022745862909889693,0.001289322485977603,0.9637997472636488,0.002697763037494711,1.1558353366670404,0.05020449753220472,0.9227602698504466,0.051140379428999225,0.022971800461789104,0.001481644566132711,0.962755998046926,0.0030914617109009464
Local Model,209,"(3776, 12)",,Chemical + CS3 + CS7,Decision Tree,Time Series Split,"{""N_Splits"": 5, ""Repeats"": 1, ""Gap"": 0}",1.102870968338624,0.08009233107280257,0.8803619714207193,0.06377155537072772,0.021785076715462585,0.001561729055712396,0.9666569358871125,0.004336645771917071,1.267875646868986,0.04484746899977293,1.0037864797113725,0.04027905942499919,0.025010520020453453,0.001115745555025015,0.954660671288992,0.004117772794796283
