Category,Company,Data Shape,Timesteps,Features,Model,Cross Validation,Cross Validation Params,RMSE Train,RMSE Train,MAE Train,MAE Train,MAPE Train,MAPE Train,R2 Train,R2 Train,RMSE Test,RMSE Test,MAE Test,MAE Test,MAPE Test,MAPE Test,R2 Test,R2 Test
,,,,,,,,mean,std,mean,std,mean,std,mean,std,mean,std,mean,std,mean,std,mean,std
Local Model,209,"(3776, 11)",,Chemical + CS3,Linear Regression,Blocking Time Series Split,"{""N_Splits"": 5, ""Repeats"": 1, ""train_size"": 0.8}",1.1812118105578366,0.02257177208473729,0.9377265810064586,0.021428165476463628,0.0230457721641771,0.0005180636314335668,0.9612931569624653,0.002586218732712502,1.2122169733319834,0.07401463794319475,0.9654795143802257,0.06122009820245876,0.023667672425353344,0.0017771086146051015,0.9575033279130171,0.008031483273058932
Local Model,209,"(3776, 11)",,Chemical + CS3,Linear Regression,Out of time Split,"{""Test Size"": 0.2}",1.2299800559976457,0.0,0.9746017358624206,0.0,0.023908124973422484,0.0,0.9581175541304415,0.0,1.3481566449682956,0.0,1.0792762873937942,0.0,0.026862652980394502,0.0,0.9486443386794808,0.0
Local Model,209,"(3776, 11)",,Chemical + CS3,Linear Regression,Repeated KFold,"{""N_Splits"": 5, ""Repeats"": 3}",1.246263896285555,0.004081043273865822,0.9887055576747338,0.003303783229758144,0.02427193029460217,6.815273214313274e-05,0.9568236908446561,0.0003035201105288141,1.251749601149932,0.016758431379289035,0.992555363500524,0.01289804904816605,0.024364569134391393,0.0002597094011606305,0.956383916195045,0.001202158077334081
Local Model,209,"(3776, 11)",,Chemical + CS3,Linear Regression,Time Series Split,"{""N_Splits"": 5, ""Repeats"": 1, ""Gap"": 0}",1.2059733635115304,0.02282394341094644,0.9612788787961233,0.017475129447941752,0.023572935217368623,0.0004176937306162708,0.9602021095941197,0.0021127358855922516,1.339532463690808,0.04616880203821769,1.0679912792000141,0.043423123044047704,0.02629010508552454,0.0012910343149518525,0.9494491997626465,0.0038571265541287093
