Category,Company,Data Shape,Timesteps,Features,Model,Cross Validation,Cross Validation Params,RMSE Train,RMSE Train,MAE Train,MAE Train,MAPE Train,MAPE Train,R2 Train,R2 Train,RMSE Test,RMSE Test,MAE Test,MAE Test,MAPE Test,MAPE Test,R2 Test,R2 Test
,,,,,,,,mean,std,mean,std,mean,std,mean,std,mean,std,mean,std,mean,std,mean,std
Local Model,209,"(3776, 16)",,Chemical + Physical,Linear Regression,Blocking Time Series Split,"{""N_Splits"": 5, ""Repeats"": 1, ""train_size"": 0.8}",0.8381254734709447,0.04001243889683165,0.65365496834979,0.033167607339645536,0.01600990028984164,0.0008405249260715072,0.9804782517267547,0.002138906307084369,0.8903062826375839,0.04776939524226168,0.6975552268540364,0.037458368747661196,0.017158970821168185,0.0007660096886279651,0.9770615369523036,0.004389593584211194
Local Model,209,"(3776, 16)",,Chemical + Physical,Linear Regression,Out of time Split,"{""Test Size"": 0.2}",0.877427853513873,0.0,0.6920317713503435,0.0,0.016914392748968558,0.0,0.9786863057975119,0.0,0.9457190042950068,0.0,0.7407061667399892,0.0,0.01845979039987304,0.0,0.9747284519934815,0.0
Local Model,209,"(3776, 16)",,Chemical + Physical,Linear Regression,Repeated KFold,"{""N_Splits"": 5, ""Repeats"": 3}",0.8847445200048062,0.0047106072481923845,0.6945035140195489,0.0046024389163020225,0.017006502873492233,0.00010723236033250149,0.9782395103414131,0.00023788631041924958,0.8907239499420061,0.01856515738113968,0.6982659907614973,0.01779488001573756,0.017096721032966826,0.00042498642471114226,0.9779095784643655,0.0009154230765858778
Local Model,209,"(3776, 16)",,Chemical + Physical,Linear Regression,Time Series Split,"{""N_Splits"": 5, ""Repeats"": 1, ""Gap"": 0}",0.8702996582826158,0.008505285537440148,0.6908834188606408,0.005682159707837567,0.016940930634393746,8.887348425893551e-05,0.9792854872695278,0.0007212727796999271,0.9246826616129613,0.03641481325945056,0.7276824593959721,0.02629196711451585,0.01789653337193366,0.0006018628002228681,0.9759335678925707,0.0016689061255827625
