Category,Company,Data Shape,Timesteps,Features,Model,Cross Validation,Cross Validation Params,RMSE Train,RMSE Train,MAE Train,MAE Train,MAPE Train,MAPE Train,R2 Train,R2 Train,RMSE Test,RMSE Test,MAE Test,MAE Test,MAPE Test,MAPE Test,R2 Test,R2 Test
,,,,,,,,mean,std,mean,std,mean,std,mean,std,mean,std,mean,std,mean,std,mean,std
Local Model,209,"(3776, 12)",,Chemical + CS3 + CS7,Linear Regression,Blocking Time Series Split,"{""N_Splits"": 5, ""Repeats"": 1, ""train_size"": 0.8}",1.0189079395995495,0.017574612907403985,0.8042679492163707,0.01645089440195161,0.01967954288930936,0.0003478297475705056,0.9712044661605104,0.0018095066371737213,1.0466271319911833,0.11474152011656107,0.825948909257326,0.0767387569816272,0.02017216299818957,0.0019877114720484785,0.9674399832758418,0.011586852751261069
Local Model,209,"(3776, 12)",,Chemical + CS3 + CS7,Linear Regression,Out of time Split,"{""Test Size"": 0.2}",1.0546917569043057,0.0,0.8315939904495273,0.0,0.020331902174728723,0.0,0.9692045183886246,0.0,1.207827709856068,0.0,0.9374230682907491,0.0,0.023245298940148495,0.0,0.9587790885252977,0.0
Local Model,209,"(3776, 12)",,Chemical + CS3 + CS7,Linear Regression,Repeated KFold,"{""N_Splits"": 5, ""Repeats"": 3}",1.0798465692577004,0.004036495508380473,0.8472140990514483,0.003556700914083578,0.02073477721604334,8.633087914183749e-05,0.9675846799678582,0.0002497816005170744,1.0848778249655289,0.016671167345417338,0.8505832000181692,0.013720398388761525,0.020815549513690444,0.0003461104228630852,0.967236565268083,0.0010024606724669085
Local Model,209,"(3776, 12)",,Chemical + CS3 + CS7,Linear Regression,Time Series Split,"{""N_Splits"": 5, ""Repeats"": 1, ""Gap"": 0}",1.0379541699572474,0.015746204886329756,0.8217441466276469,0.011936732778351986,0.020085931651449892,0.00028292346076238563,0.9705264586486162,0.0013498695138062008,1.1616750303595949,0.09176135545080173,0.9189053290903063,0.07574508401818743,0.02252003696655917,0.0019326464028516838,0.9618638168302034,0.005598329836889851
