Category,Company,Data Shape,Timesteps,Features,Model,Cross Validation,Cross Validation Params,RMSE Train,RMSE Train,MAE Train,MAE Train,MAPE Train,MAPE Train,R2 Train,R2 Train,RMSE Test,RMSE Test,MAE Test,MAE Test,MAPE Test,MAPE Test,R2 Test,R2 Test
,,,,,,,,mean,std,mean,std,mean,std,mean,std,mean,std,mean,std,mean,std,mean,std
Local Model,209,"(3776, 14)",,Chemical + Properties CS Less,Linear Regression,Blocking Time Series Split,"{""N_Splits"": 5, ""Repeats"": 1, ""train_size"": 0.8}",1.1255039401532974,0.06385108332514085,0.8753275711728769,0.04591932278960356,0.02137556286005291,0.001001592995022564,0.9647322266295155,0.00475461098952574,1.1501488848844026,0.09016893635588222,0.9233232190210054,0.06385889717126124,0.02254472114309579,0.001516481610403931,0.9622548176259297,0.004179891404779137
Local Model,209,"(3776, 14)",,Chemical + Properties CS Less,Linear Regression,Out of time Split,"{""Test Size"": 0.2}",1.2272288361930268,0.0,0.9582144274877719,0.0,0.02334741069667077,0.0,0.9583047099191452,0.0,1.2720305025496237,0.0,1.0289148002184185,0.0,0.026017952561283853,0.0,0.9542803745424218,0.0
Local Model,209,"(3776, 14)",,Chemical + Properties CS Less,Linear Regression,Repeated KFold,"{""N_Splits"": 5, ""Repeats"": 3}",1.221707788821348,0.006798318783093658,0.9592575811106866,0.004721882026974036,0.023444881089618015,0.0001128403095508386,0.9585077530344073,0.0004565491095571822,1.2297191440012982,0.02705093016988822,0.9653284857369648,0.018777101165597,0.023592643019929863,0.00046130034053539756,0.9578957828956618,0.001810700109066509
Local Model,209,"(3776, 14)",,Chemical + Properties CS Less,Linear Regression,Time Series Split,"{""N_Splits"": 5, ""Repeats"": 1, ""Gap"": 0}",1.166479500117176,0.053264129722417605,0.914487518751395,0.036702530437249505,0.022404220273989188,0.0007464026249000427,0.9626807980693819,0.00383088769936744,1.3368797132012815,0.07732240498606854,1.0400450348137595,0.05934292737167984,0.02570330129682824,0.0012616016459264978,0.949668573909887,0.004978503284817521
