Category,Company,Data Shape,Timesteps,Features,Model,Cross Validation,Cross Validation Params,RMSE Train,RMSE Train,MAE Train,MAE Train,MAPE Train,MAPE Train,R2 Train,R2 Train,RMSE Test,RMSE Test,MAE Test,MAE Test,MAPE Test,MAPE Test,R2 Test,R2 Test
,,,,,,,,mean,std,mean,std,mean,std,mean,std,mean,std,mean,std,mean,std,mean,std
Local Model,209,"(3776, 14)",,Chemical + Properties CS Less,MLP,Blocking Time Series Split,"{""N_Splits"": 5, ""Repeats"": 3, ""train_size"": 0.8}",1.5616606192392652,0.08997167163773699,1.1731847122394483,0.0592533556062801,0.028771899626614708,0.0015531395532512669,0.9323075038240308,0.007169167416903724,1.84441229667436,0.31545406953639277,1.3797642673719812,0.18324987409014643,0.03365106287976928,0.0043872963961361635,0.9000939887826986,0.03354759852658248
Local Model,209,"(3776, 14)",,Chemical + Properties CS Less,MLP,Out of time Split,"{""Test Size"": 0.2}",1.030236672296657,0.0072931294457426925,0.7789570135828147,0.010556182698443127,0.018694520690945616,0.00030579437225751243,0.9706145957024787,0.00041670653962279304,1.1010840576429353,0.025850142370008062,0.8632541424382919,0.02251356554134442,0.021313038726695915,0.0006161729716972242,0.9657241790225148,0.0016124501348039394
Local Model,209,"(3776, 14)",,Chemical + Properties CS Less,MLP,Repeated KFold,"{""N_Splits"": 5, ""Repeats"": 3}",1.0342986169200434,0.015019851988218686,0.7859904307622884,0.012227383178085936,0.018851837076199314,0.00031602939888046734,0.9702561286763519,0.0008530109970994001,1.048549851720921,0.04010421203437201,0.7973233944435243,0.029775786734681734,0.019133603494781357,0.0007205537458793567,0.9693555289074115,0.002350307541634995
Local Model,209,"(3776, 14)",,Chemical + Properties CS Less,MLP,Time Series Split,"{""N_Splits"": 5, ""Repeats"": 3, ""Gap"": 0}",1.1319762023503332,0.18981523843410514,0.8517379214112297,0.1403860820693192,0.02053940537309699,0.0036058450308656853,0.9642019143204099,0.012508349026554611,1.4113969852609884,0.40920346732485713,1.0391363914097562,0.26045654951494507,0.025168913142959475,0.006528405381873941,0.9389511962297518,0.04033465874267531
