Category,Company,Data Shape,Timesteps,Features,Model,Cross Validation,Cross Validation Params,RMSE Train,RMSE Train,MAE Train,MAE Train,MAPE Train,MAPE Train,R2 Train,R2 Train,RMSE Test,RMSE Test,MAE Test,MAE Test,MAPE Test,MAPE Test,R2 Test,R2 Test
,,,,,,,,mean,std,mean,std,mean,std,mean,std,mean,std,mean,std,mean,std,mean,std
Local Model,209,"(3776, 11)",,Chemical + CS3,MLP,Blocking Time Series Split,"{""N_Splits"": 5, ""Repeats"": 3, ""train_size"": 0.8}",1.4323990263881308,0.14004299074101625,1.0881273117823314,0.09974824361546072,0.026377002910877134,0.002476580030891538,0.9426326184131537,0.0113166002357419,1.6128129542703233,0.2694468124826954,1.236416126108064,0.1858972847871716,0.030364919506187367,0.004427770673358156,0.9248500623079232,0.0228244305360232
Local Model,209,"(3776, 11)",,Chemical + CS3,MLP,Out of time Split,"{""Test Size"": 0.2}",1.1212825765793042,0.009793193417371848,0.8777751917302217,0.008935259304322726,0.021247762540324563,0.00018082304177923764,0.9651903888566213,0.000608785265358494,1.1738075951628115,0.005723846141229955,0.9226451806500681,0.009709250206841432,0.022662477110966042,0.00013947044118232772,0.9610675468103826,0.0003802936955720197
Local Model,209,"(3776, 11)",,Chemical + CS3,MLP,Repeated KFold,"{""N_Splits"": 5, ""Repeats"": 3}",1.1097587341995472,0.029532209609614477,0.8656749290804449,0.025682952658621968,0.02094779099466187,0.0006119958089948498,0.9657408666324685,0.0018174227046543869,1.1207822162764898,0.0355457126212009,0.8719734684893665,0.02895909861487766,0.021102854037334688,0.0007053406624834642,0.9649990359253444,0.00230902270618162
Local Model,209,"(3776, 11)",,Chemical + CS3,MLP,Time Series Split,"{""N_Splits"": 5, ""Repeats"": 3, ""Gap"": 0}",1.1913097849618173,0.17562345890310968,0.9182850743955501,0.11713665055711849,0.022195656166876056,0.002869911578539479,0.9605633184148387,0.012105842111766546,1.3762385955388532,0.4197699312761281,1.053302570150969,0.2776495588817462,0.025645590905826566,0.00687937647455827,0.9412679770171922,0.04630339429864187
