Category,Company,Data Shape,Timesteps,Features,Model,Cross Validation,Cross Validation Params,RMSE Train,RMSE Train,MAE Train,MAE Train,MAPE Train,MAPE Train,R2 Train,R2 Train,RMSE Test,RMSE Test,MAE Test,MAE Test,MAPE Test,MAPE Test,R2 Test,R2 Test
,,,,,,,,mean,std,mean,std,mean,std,mean,std,mean,std,mean,std,mean,std,mean,std
Local Model,209,"(3776, 16)",,Chemical + Physical,MLP,Blocking Time Series Split,"{""N_Splits"": 5, ""Repeats"": 3, ""train_size"": 0.8}",1.7723921125673767,0.15640433646286173,1.3452810139435019,0.11425297314459726,0.033259512671820764,0.002671300817623658,0.9125829384869666,0.013942663935687914,2.0204683170821793,0.4256422632087447,1.545535315540981,0.329646410409302,0.03782791211528088,0.007319244641692608,0.8787511444131212,0.04854076592755943
Local Model,209,"(3776, 16)",,Chemical + Physical,MLP,Out of time Split,"{""Test Size"": 0.2}",0.8508356949934651,0.011554604841224997,0.6602790035222544,0.009295605003686359,0.0159564380528482,0.00023114987380361306,0.9799549387711252,0.0005430396753143107,0.892774486647486,0.005107941109197935,0.6918120589416071,0.005280844033965044,0.017086792182300005,0.00010155917159885385,0.9774780821298958,0.0002582111468918138
Local Model,209,"(3776, 16)",,Chemical + Physical,MLP,Repeated KFold,"{""N_Splits"": 5, ""Repeats"": 3}",0.8605966279892371,0.01706656659452874,0.6638045316681687,0.015059269428727266,0.01604768531482841,0.0003873768338022885,0.9794038603927167,0.0008153542074808966,0.8700468117896986,0.034210489087317816,0.6705998642452003,0.025783313755012215,0.016212034003286652,0.0006191212765293802,0.9788966339324949,0.0016769933255422755
Local Model,209,"(3776, 16)",,Chemical + Physical,MLP,Time Series Split,"{""N_Splits"": 5, ""Repeats"": 3, ""Gap"": 0}",1.0653355020719066,0.38299221950977996,0.8236601958003783,0.2934216090503912,0.0199667843636841,0.0072508973131280244,0.965444219020299,0.027084684542776162,1.2927010886859376,0.7198590004422413,0.9858294461992725,0.5563057373195087,0.023694601426212266,0.013196411874342194,0.9374569801575894,0.07676066107533473
