Category,Company,Data Shape,Timesteps,Features,Model,Cross Validation,Cross Validation Params,RMSE Train,RMSE Train,MAE Train,MAE Train,MAPE Train,MAPE Train,R2 Train,R2 Train,RMSE Test,RMSE Test,MAE Test,MAE Test,MAPE Test,MAPE Test,R2 Test,R2 Test
,,,,,,,,mean,std,mean,std,mean,std,mean,std,mean,std,mean,std,mean,std,mean,std
Local Model,209,"(3776, 10)",,Chemical,MLP,Blocking Time Series Split,"{""N_Splits"": 5, ""Repeats"": 3, ""train_size"": 0.8}",2.309585210908926,0.24825219925456365,1.7155392869692505,0.19502876621172546,0.041202469603130655,0.004585955273593372,0.849743290277566,0.035237787945895216,2.648144708006064,0.28787359373703186,2.0188431304864283,0.2176638762978014,0.04910683865639216,0.006019020263896158,0.7955995054122863,0.0503271131493925
Local Model,209,"(3776, 10)",,Chemical,MLP,Out of time Split,"{""Test Size"": 0.2}",1.9647375992755063,0.03240385298679285,1.4119427957345314,0.027490151186955768,0.03433237239568622,0.0005917267011738942,0.8931035885992307,0.0035381211307647506,2.920085694709553,0.025426685505940298,2.0659827662943946,0.04962215254058376,0.0527819775449013,0.0009643132526281853,0.7590473352968332,0.0042018543003711755
Local Model,209,"(3776, 10)",,Chemical,MLP,Repeated KFold,"{""N_Splits"": 5, ""Repeats"": 3}",2.1328314167339553,0.05030909125598646,1.5272293939468338,0.05014513711379132,0.037061075992814586,0.0012239366057189426,0.8734753182358508,0.005997789187584976,2.1677754356082444,0.07152933636248336,1.5539085672659572,0.046175965213484715,0.03770857607758492,0.0011222858270804597,0.8690905437122018,0.008406578012816641
Local Model,209,"(3776, 10)",,Chemical,MLP,Time Series Split,"{""N_Splits"": 5, ""Repeats"": 3, ""Gap"": 0}",1.8691001342425297,0.10078939586295185,1.353919866113222,0.07435514201490756,0.03262146796429791,0.0018394126819393035,0.9042628244511203,0.009913669911107337,2.8790688546297303,0.4560848978541197,2.0708227069412013,0.30711934428660015,0.05055855108596081,0.006934812206348006,0.7616263553450432,0.07445523667056629
