Category,Company,Data Shape,Timesteps,Features,Model,Cross Validation,Cross Validation Params,RMSE Train,RMSE Train,MAE Train,MAE Train,MAPE Train,MAPE Train,R2 Train,R2 Train,RMSE Test,RMSE Test,MAE Test,MAE Test,MAPE Test,MAPE Test,R2 Test,R2 Test
,,,,,,,,mean,std,mean,std,mean,std,mean,std,mean,std,mean,std,mean,std,mean,std
Local Model,209,"(3776, 10)",,Chemical,Random Forest,Blocking Time Series Split,"{""N_Splits"": 5, ""Repeats"": 1, ""train_size"": 0.8}",1.3739352258557322,0.20765613440718708,0.8684325955550506,0.11474261108978054,0.02093884423636813,0.0026762625692548893,0.9462105200092573,0.01631841632164934,2.268202311513251,0.6802593611927664,1.4072799532430764,0.35703657477403167,0.03471094719104978,0.009866151086093414,0.8333484755691426,0.10028465956007504
Local Model,209,"(3776, 10)",,Chemical,Random Forest,Out of time Split,"{""Test Size"": 0.2}",1.705764834902538,0.0,1.1017315397114036,0.0,0.026571687084301285,0.0,0.9194483926379219,0.0,2.865754231547408,0.0,1.7411234068165973,0.0,0.043733828208663,0.0,0.7679479029360212,0.0
Local Model,209,"(3776, 10)",,Chemical,Random Forest,Repeated KFold,"{""N_Splits"": 5, ""Repeats"": 3}",1.8676762282947537,0.031924670893087946,1.1884249558952078,0.03063940850822527,0.028760629385179037,0.0007401479977489886,0.9030057292971383,0.0033073584251912,2.0991147296838117,0.07971820485343026,1.3151060325805994,0.039521637294175536,0.031843735163555084,0.0010207944515269558,0.8772252719282058,0.008775124096314639
Local Model,209,"(3776, 10)",,Chemical,Random Forest,Time Series Split,"{""N_Splits"": 5, ""Repeats"": 1, ""Gap"": 0}",1.4261201033975284,0.2520333737535854,0.943237341278126,0.1470898723955982,0.02278504518995786,0.0034877457241097283,0.9424130972169091,0.01991098143640511,2.5695713188663714,0.45214529234986073,1.6614321662155755,0.31676789659192583,0.04023083942616689,0.007638634611085728,0.8086048751146115,0.06340770031720498
