Category,Company,Data Shape,Timesteps,Features,Model,Cross Validation,Cross Validation Params,RMSE Train,RMSE Train,MAE Train,MAE Train,MAPE Train,MAPE Train,R2 Train,R2 Train,RMSE Test,RMSE Test,MAE Test,MAE Test,MAPE Test,MAPE Test,R2 Test,R2 Test
,,,,,,,,mean,std,mean,std,mean,std,mean,std,mean,std,mean,std,mean,std,mean,std
Local Model,209,"(3776, 11)",,Chemical + CS7,Random Forest,Blocking Time Series Split,"{""N_Splits"": 5, ""Repeats"": 1, ""train_size"": 0.8}",0.6699199716954926,0.029005552288637163,0.5081959836973736,0.03116571332886993,0.012290361122702324,0.000849100049918992,0.9875267410165819,0.001347950786061423,0.8978970791656014,0.029025146287098992,0.6943772406676617,0.011119554915941339,0.01684054089405849,0.00034017441132296234,0.9768116541085025,0.0031939002898604043
Local Model,209,"(3776, 11)",,Chemical + CS7,Random Forest,Out of time Split,"{""Test Size"": 0.2}",0.807428550403344,0.0,0.6237039606831809,0.0,0.015053724813137574,0.0,0.9819513758703435,0.0,1.0655127760603749,0.0,0.7767380748918908,0.0,0.018851772243598505,0.0,0.9679206961005107,0.0
Local Model,209,"(3776, 11)",,Chemical + CS7,Random Forest,Repeated KFold,"{""N_Splits"": 5, ""Repeats"": 3}",0.8103860118371001,0.006671017719000866,0.6258206747650686,0.006465979074365658,0.015108570793050818,0.00017434373859332515,0.9817426863858968,0.0003109262046646653,0.8861941319602579,0.03237291779780277,0.6774924445406172,0.020421921555672868,0.016333321120130664,0.00048578312106223277,0.9781087549447237,0.0016609250408590288
Local Model,209,"(3776, 11)",,Chemical + CS7,Random Forest,Time Series Split,"{""N_Splits"": 5, ""Repeats"": 1, ""Gap"": 0}",0.772216520065448,0.044114106642666656,0.5997549464499387,0.035044069321806856,0.014604092850688782,0.0007353777442975214,0.9836165500887815,0.002031300113025965,1.0009440708402013,0.06237570802275392,0.7607405190619699,0.027706407843347,0.018418255337384677,0.0006907589929400325,0.9716924672687297,0.0037400092871951998
