Category,Company,Data Shape,Timesteps,Features,Model,Cross Validation,Cross Validation Params,RMSE Train,RMSE Train,MAE Train,MAE Train,MAPE Train,MAPE Train,R2 Train,R2 Train,RMSE Test,RMSE Test,MAE Test,MAE Test,MAPE Test,MAPE Test,R2 Test,R2 Test
,,,,,,,,mean,std,mean,std,mean,std,mean,std,mean,std,mean,std,mean,std,mean,std
Local Model,209,"(3776, 16)",,Chemical + Physical,Random Forest,Blocking Time Series Split,"{""N_Splits"": 5, ""Repeats"": 1, ""train_size"": 0.8}",0.6248527383656503,0.01880595295924216,0.47741866777845515,0.02599528291693668,0.011611793102526174,0.0007138761367054263,0.9891801644355468,0.0006230472634325064,0.8921210713774874,0.055351717933703956,0.67762451526007,0.035719202261047536,0.016471911295610226,0.000853795223886012,0.9769029692764457,0.004944914973596711
Local Model,209,"(3776, 16)",,Chemical + Physical,Random Forest,Out of time Split,"{""Test Size"": 0.2}",0.7703518791901296,0.0,0.5879157266879542,0.0,0.014275979922957288,0.0,0.9835708842429586,0.0,1.0265236762238388,0.0,0.7651242270504339,0.0,0.01857813409364961,0.0,0.9702254261742654,0.0
Local Model,209,"(3776, 16)",,Chemical + Physical,Random Forest,Repeated KFold,"{""N_Splits"": 5, ""Repeats"": 3}",0.7781512559890446,0.008160900088952755,0.5941667106920109,0.006418584784810511,0.014415182593994018,0.0001616623437104516,0.9831656440499458,0.0003569036057957426,0.8532936469706052,0.03460464251573199,0.6430231599214147,0.02242669813057359,0.01558691218954424,0.0005320062688451902,0.9796973774558649,0.0016758869837542353
Local Model,209,"(3776, 16)",,Chemical + Physical,Random Forest,Time Series Split,"{""N_Splits"": 5, ""Repeats"": 1, ""Gap"": 0}",0.7253035427021796,0.04198849312449902,0.5584373505757633,0.028035089978945694,0.0136786147371595,0.0005926830421196337,0.9855461026765162,0.0018255381951521742,0.9879205272058249,0.07108111768148112,0.7503540502101178,0.03853792564872825,0.018259352314019938,0.0008972061590442459,0.9724118559815299,0.0038921179722822157
