Category,Company,Data Shape,Timesteps,Features,Model,Cross Validation,Cross Validation Params,RMSE Train,RMSE Train,MAE Train,MAE Train,MAPE Train,MAPE Train,R2 Train,R2 Train,RMSE Test,RMSE Test,MAE Test,MAE Test,MAPE Test,MAPE Test,R2 Test,R2 Test
,,,,,,,,mean,std,mean,std,mean,std,mean,std,mean,std,mean,std,mean,std,mean,std
Local Model,209,"(3776, 11)",,Chemical + CS3,Random Forest,Blocking Time Series Split,"{""N_Splits"": 5, ""Repeats"": 1, ""train_size"": 0.8}",0.6990005651291558,0.03742998225241001,0.5290537824415138,0.03391979837393059,0.012783433629576155,0.0008808333381609228,0.9863920503727245,0.0018142019908246585,0.9620464408672174,0.06766162773055297,0.7430913263559218,0.054036225895924134,0.017965767869080003,0.0013310915778247355,0.9732015560493839,0.00542627977000117
Local Model,209,"(3776, 11)",,Chemical + CS3,Random Forest,Out of time Split,"{""Test Size"": 0.2}",0.8733224806775076,0.0,0.6687727091957356,0.0,0.016105497453444532,0.0,0.9788852873061659,0.0,1.0802874181124005,0.0,0.7911904863569281,0.0,0.019097558619200643,0.0,0.9670248903190924,0.0
Local Model,209,"(3776, 11)",,Chemical + CS3,Random Forest,Repeated KFold,"{""N_Splits"": 5, ""Repeats"": 3}",0.8663420580420674,0.007774277984940954,0.6625210975744693,0.007187787258081037,0.01594272313697043,0.00017773301056940244,0.9791345733144957,0.00035980420306601547,0.9455066554006654,0.033737943174112814,0.7160934281577838,0.017793001598027307,0.017217966216440676,0.00042759318852330036,0.9750881850346637,0.0017601931358056338
Local Model,209,"(3776, 11)",,Chemical + CS3,Random Forest,Time Series Split,"{""N_Splits"": 5, ""Repeats"": 1, ""Gap"": 0}",0.8197162627333089,0.06121362519072091,0.6301568769701961,0.044684362203999996,0.01530132342429466,0.0009624360430282491,0.981487961967823,0.002888039001703003,1.0763638389339638,0.035070700184451825,0.8154152804283445,0.02997358875926172,0.019740610031103133,0.0007906840838182078,0.9673674480575984,0.0023076086366094935
