Category,Company,Data Shape,Timesteps,Features,Model,Cross Validation,Cross Validation Params,RMSE Train,RMSE Train,MAE Train,MAE Train,MAPE Train,MAPE Train,R2 Train,R2 Train,RMSE Test,RMSE Test,MAE Test,MAE Test,MAPE Test,MAPE Test,R2 Test,R2 Test
,,,,,,,,mean,std,mean,std,mean,std,mean,std,mean,std,mean,std,mean,std,mean,std
Local Model,209,"(3776, 12)",,Chemical + CS3 + CS7,Random Forest,Blocking Time Series Split,"{""N_Splits"": 5, ""Repeats"": 1, ""train_size"": 0.8}",0.6590967205497352,0.03484658319278296,0.5040623657795856,0.03261132159929475,0.012213475786119143,0.0008747153418944704,0.9879112246678773,0.0015383252687391391,0.9029103088127745,0.04230706883590159,0.6957462261362576,0.024182006776988514,0.016940003193363674,0.0006412007501530973,0.9764658115583936,0.004044521175871176
Local Model,209,"(3776, 12)",,Chemical + CS3 + CS7,Random Forest,Out of time Split,"{""Test Size"": 0.2}",0.8014267106454799,0.0,0.6185748107577879,0.0,0.014943270177427097,0.0,0.9822186994500315,0.0,1.0513151807411851,0.0,0.7696503259847451,0.0,0.01868919012537474,0.0,0.9687698921565574,0.0
Local Model,209,"(3776, 12)",,Chemical + CS3 + CS7,Random Forest,Repeated KFold,"{""N_Splits"": 5, ""Repeats"": 3}",0.8051320478999525,0.006180922750947302,0.6216890062559628,0.005888372309569404,0.01501625414253167,0.0001548943467265662,0.9819789605486418,0.00027889118236267517,0.8839933554728054,0.03412759771623567,0.6756933058102212,0.021326970913171872,0.016298431793549513,0.0005031995832144482,0.9782158556303496,0.0017091365079154308
Local Model,209,"(3776, 12)",,Chemical + CS3 + CS7,Random Forest,Time Series Split,"{""N_Splits"": 5, ""Repeats"": 1, ""Gap"": 0}",0.7620043829980342,0.04892676081580276,0.5929740389952901,0.03746414878285489,0.014447177486128237,0.0007878113265894535,0.9840305406167253,0.0021861889343820946,0.9954423585517287,0.054322311567129834,0.7619786466659084,0.023872914405960618,0.018474123195046006,0.0005528525062944449,0.9720367709354812,0.0031591346679022904
