Category,Company,Data Shape,Timesteps,Features,Model,Cross Validation,Cross Validation Params,RMSE Train,RMSE Train,MAE Train,MAE Train,MAPE Train,MAPE Train,R2 Train,R2 Train,RMSE Test,RMSE Test,MAE Test,MAE Test,MAPE Test,MAPE Test,R2 Test,R2 Test
,,,,,,,,mean,std,mean,std,mean,std,mean,std,mean,std,mean,std,mean,std,mean,std
Local Model,209,"(3776, 12)",,Chemical + CS3 + CS7,XGBoost,Blocking Time Series Split,"{""N_Splits"": 5, ""Repeats"": 1, ""train_size"": 0.8}",1.2254152703004664,0.01927694486330165,1.0418042397404346,0.019155725062360938,0.02599549805608457,0.00047801635042678026,0.958402332964695,0.0014763542967070004,1.3509399043943946,0.05275409801613262,1.1249494873451098,0.06084695866349541,0.02820161997028019,0.0018628684611764347,0.9478104502774822,0.004582498467761093
Local Model,209,"(3776, 12)",,Chemical + CS3 + CS7,XGBoost,Out of time Split,"{""Test Size"": 0.2}",1.2732093472214667,0.0,1.0798495052413437,0.0,0.026903090653468485,0.0,0.9551217892610073,0.0,1.420059842686574,0.0,1.1610587094826672,0.0,0.02930926254316987,0.0,0.9430202019702811,0.0
Local Model,209,"(3776, 12)",,Chemical + CS3 + CS7,XGBoost,Repeated KFold,"{""N_Splits"": 5, ""Repeats"": 3}",1.274062317342981,0.003575987029599536,1.0757563640379975,0.0030678380925696813,0.026826632585656724,7.238414380807283e-05,0.9548762518180928,0.0002719617500949311,1.341122720391328,0.02968517127109213,1.1224353456061957,0.02573886006079201,0.02796066680281217,0.0005763397298960422,0.9499304052022863,0.0019439785669085321
Local Model,209,"(3776, 12)",,Chemical + CS3 + CS7,XGBoost,Time Series Split,"{""N_Splits"": 5, ""Repeats"": 1, ""Gap"": 0}",1.2694226505718498,0.007692733948906143,1.0854667183632825,0.0034459736256669815,0.02702213591631234,8.989284975750732e-05,0.955939144516217,0.0011422508648082437,1.4803727916792233,0.07229162386800295,1.2109272725843665,0.049906046645719994,0.03050752459004612,0.001322769633380279,0.9383077580924433,0.005124698675024748
