Category,Company,Data Shape,Timesteps,Features,Model,Cross Validation,Cross Validation Params,RMSE Train,RMSE Train,MAE Train,MAE Train,MAPE Train,MAPE Train,R2 Train,R2 Train,RMSE Test,RMSE Test,MAE Test,MAE Test,MAPE Test,MAPE Test,R2 Test,R2 Test
,,,,,,,,mean,std,mean,std,mean,std,mean,std,mean,std,mean,std,mean,std,mean,std
Local Model,209,"(3776, 11)",,Chemical + CS7,XGBoost,Blocking Time Series Split,"{""N_Splits"": 5, ""Repeats"": 1, ""train_size"": 0.8}",1.234128791494769,0.01787812619674403,1.050493152289991,0.019568399426939394,0.026196667514422605,0.0004901299579334681,0.9578032219928645,0.001608089186882056,1.443884570702555,0.26523992771848987,1.147597560250998,0.14153869012042652,0.028617714969375475,0.003731804746411404,0.939058480886732,0.02244488953407962
Local Model,209,"(3776, 11)",,Chemical + CS7,XGBoost,Out of time Split,"{""Test Size"": 0.2}",1.2794255255997458,0.0,1.084270218198663,0.0,0.027009156803090916,0.0,0.9546825025520995,0.0,1.4271735609275422,0.0,1.1742592776263199,0.0,0.02952385120936372,0.0,0.9424478972305601,0.0
Local Model,209,"(3776, 11)",,Chemical + CS7,XGBoost,Repeated KFold,"{""N_Splits"": 5, ""Repeats"": 3}",1.2811149894019602,0.0030926844071416135,1.0796496997064213,0.0023639001919932914,0.02691466829134461,5.669754040008419e-05,0.9543753264645922,0.0002531104811004364,1.3483359791423515,0.034481060383384166,1.1255815277021375,0.02637387476795142,0.028027822125722333,0.000587750253953783,0.9493816893699445,0.0023671400616058916
Local Model,209,"(3776, 11)",,Chemical + CS7,XGBoost,Time Series Split,"{""N_Splits"": 5, ""Repeats"": 1, ""Gap"": 0}",1.2760299381095734,0.007966710220211056,1.087471345252553,0.003233114037456374,0.02706272396016348,8.988137675432964e-05,0.9554800681445812,0.0011297836281035697,1.4514476131760736,0.08668037904685402,1.1978903138565526,0.07140966771432924,0.03015503671147337,0.0016938408838909585,0.9406804015900582,0.005948428667831543
