Category,Company,Data Shape,Timesteps,Features,Model,Cross Validation,Cross Validation Params,RMSE Train,RMSE Train,MAE Train,MAE Train,MAPE Train,MAPE Train,R2 Train,R2 Train,RMSE Test,RMSE Test,MAE Test,MAE Test,MAPE Test,MAPE Test,R2 Test,R2 Test
,,,,,,,,mean,std,mean,std,mean,std,mean,std,mean,std,mean,std,mean,std,mean,std
Global Model,204,"(975, 2)",14,Chemical,BidirectionalLSTM,Blocking Time Series Split,"{""N_Splits"": 5, ""Repeats"": 3, ""train_size"": 0.8}",3.3303042734212727,0.4445619300430992,2.6729066787399614,0.4280769722477141,0.05538277331222362,0.007880874175823688,-0.7674019978021608,0.514200769503245,3.2569835929642945,0.26237796064860014,2.5158220320481517,0.3383595734625313,0.052631590491030125,0.005766437778122398,-1.1024600168779204,0.949065503939354
Global Model,204,"(975, 2)",14,Chemical,BidirectionalLSTM,Out of time Split,"{""Test Size"": 0.2}",2.9217757208076054,0.0,2.457466511434184,0.0,0.051524855702879215,0.0,-0.17505099091196263,0.0,2.4382570010638642,0.0,2.0913446698869977,0.0,0.045381483488738335,0.0,-0.000510909903550294,0.0
Global Model,204,"(975, 2)",14,Chemical,BidirectionalLSTM,Repeated KFold,"{""N_Splits"": 5, ""Repeats"": 3}",2.8418493526569084,0.028995873567442352,2.3912494420362833,0.025609432017746545,0.050410681577361754,0.00048650366706830934,-0.12655661980310076,0.011734399658517592,3.0058951030289776,0.6024859098512793,2.4064049085679944,0.1468702288997319,0.050829330431538575,0.0028233520623276755,-0.32211561174415737,0.7008678863263373
Global Model,204,"(975, 2)",14,Chemical,BidirectionalLSTM,Time Series Split,"{""N_Splits"": 5, ""Repeats"": 3, ""Gap"": 0}",3.1584507750569863,0.2973994141117497,2.5997472549407465,0.2434635375342149,0.05412916296113314,0.004446295959340462,-0.48761026254794365,0.4823393112446489,2.942498588263033,0.492677188092683,2.4403345392214373,0.41723283049819804,0.05138652049558688,0.0075118192979482835,-0.3378404926049251,0.2851530719504047
