Category,Company,Data Shape,Timesteps,Features,Model,Cross Validation,Cross Validation Params,RMSE Train,RMSE Train,MAE Train,MAE Train,MAPE Train,MAPE Train,R2 Train,R2 Train,RMSE Test,RMSE Test,MAE Test,MAE Test,MAPE Test,MAPE Test,R2 Test,R2 Test
,,,,,,,,mean,std,mean,std,mean,std,mean,std,mean,std,mean,std,mean,std,mean,std
Global Model,204,"(975, 2)",14,Chemical,Conv1D,Blocking Time Series Split,"{""N_Splits"": 5, ""Repeats"": 3, ""train_size"": 0.8}",2.8626554501211734,0.2915469921130882,2.3351869180319187,0.27430259106239546,0.04997721053293462,0.006187807188895538,-0.27307477980076045,0.19161881730375935,9.002365861384863,8.082607765388993,7.154061690110426,6.1423867788308675,0.1552168774789565,0.13272924038305864,-19.976627023525246,30.061068260242163
Global Model,204,"(975, 2)",14,Chemical,Conv1D,Out of time Split,"{""Test Size"": 0.2}",2.3378616512485637,0.0,1.9809492834854623,0.0,0.04239266013041334,6.938893903907228e-18,0.24768351977267,0.0,3.1431371035327316,4.440892098500626e-16,2.530719589401077,0.0,0.055506102558568866,0.0,-0.6626066742822458,0.0
Global Model,204,"(975, 2)",14,Chemical,Conv1D,Repeated KFold,"{""N_Splits"": 5, ""Repeats"": 3}",2.305996252995456,0.03359823259932246,1.95350268407471,0.04405686362612179,0.04190287420341812,0.0009500964021758766,0.2580691727346071,0.02056314046655597,3.263329289502283,0.3277236802438666,2.680677306625869,0.19957235151913602,0.05797043111216718,0.004404662953669663,-0.5122639719373914,0.328499105104427
Global Model,204,"(975, 2)",14,Chemical,Conv1D,Time Series Split,"{""N_Splits"": 5, ""Repeats"": 3, ""Gap"": 0}",2.3177386759011176,0.06585382267086139,1.8888236636527118,0.09813420700946852,0.04030851332761368,0.002281777834065938,0.22255750699358204,0.07669131356861073,4.945901714343177,2.1801856466491065,3.6647589336625677,1.1511418271213718,0.08004914431957236,0.025998582741659695,-3.802494556239756,5.05912639582986
