Category,Company,Data Shape,Timesteps,Features,Model,Cross Validation,Cross Validation Params,RMSE Train,RMSE Train,MAE Train,MAE Train,MAPE Train,MAPE Train,R2 Train,R2 Train,RMSE Test,RMSE Test,MAE Test,MAE Test,MAPE Test,MAPE Test,R2 Test,R2 Test
,,,,,,,,mean,std,mean,std,mean,std,mean,std,mean,std,mean,std,mean,std,mean,std
Global Model,204,"(975, 9)",7,Chemical + Physical,Conv1D,Blocking Time Series Split,"{""N_Splits"": 5, ""Repeats"": 3, ""train_size"": 0.8}",1.9449596139711038,0.10961173320303948,1.574520013662485,0.12245869877863998,0.03360637824830414,0.002303336120218885,0.39831463169030795,0.06683506280397275,3.8753567988273843,0.7675888958661724,2.988845174537515,0.5464618612587661,0.06547253419484646,0.012369107815586384,-1.832246370791041,1.2551408970305458
Global Model,204,"(975, 9)",7,Chemical + Physical,Conv1D,Out of time Split,"{""Test Size"": 0.2}",1.219278223107554,0.0,0.9441851948582848,0.0,0.020079052999478375,0.0,0.798380765206529,0.0,2.5084018784398836,0.0,1.9384891570560516,0.0,0.042815548704214786,0.0,-0.022648891230635737,0.0
Global Model,204,"(975, 9)",7,Chemical + Physical,Conv1D,Repeated KFold,"{""N_Splits"": 5, ""Repeats"": 3}",1.2680147601590492,0.022907160719770094,1.0019713332301885,0.024997313404650178,0.021339756086568455,0.0005386870375992727,0.7785744512763985,0.00781942611253851,1.9128871866298502,0.11490765489687542,1.5188178068830431,0.08583658751738564,0.032336382703119664,0.0018087918149769873,0.48548503465294257,0.04918724879665762
Global Model,204,"(975, 9)",7,Chemical + Physical,Conv1D,Time Series Split,"{""N_Splits"": 5, ""Repeats"": 3, ""Gap"": 0}",1.5314463400231546,0.23315624315675718,1.207971954963101,0.2018970969327852,0.025690471442460987,0.00420891241075252,0.6581444438634224,0.1319290959836866,2.9564529525934153,1.1446386604805636,2.390696709461701,0.9261375367970545,0.05185589132086981,0.0215343677389351,-0.5808911226659575,1.4398869238081369
