Category,Company,Data Shape,Timesteps,Features,Model,Cross Validation,Cross Validation Params,RMSE Train,RMSE Train,MAE Train,MAE Train,MAPE Train,MAPE Train,R2 Train,R2 Train,RMSE Test,RMSE Test,MAE Test,MAE Test,MAPE Test,MAPE Test,R2 Test,R2 Test
,,,,,,,,mean,std,mean,std,mean,std,mean,std,mean,std,mean,std,mean,std,mean,std
Global Model,204,"(975, 7)",7,Chemical + Properties CS Less,LSTM,Blocking Time Series Split,"{""N_Splits"": 5, ""Repeats"": 3, ""train_size"": 0.8}",0.4602339976079266,0.05339238527421816,0.34444765082465273,0.0404469574496006,0.0073915379781324874,0.0008795443005529882,0.967358996186665,0.007511781001099168,2.8970636054105205,0.9734342120684697,2.1318507446905577,0.4561154444838636,0.04587014157422461,0.00969853755915522,-0.5604940490006605,0.9243034920539556
Global Model,204,"(975, 7)",7,Chemical + Properties CS Less,LSTM,Out of time Split,"{""Test Size"": 0.2}",0.46868076630759753,0.007186956686301161,0.3504355559566738,0.016638567730049018,0.007495791567059057,0.00033009490241872787,0.9702023029334433,0.0009086985617828413,2.9857323723936187,0.25041605096142333,2.4377371517228488,0.18815027488466576,0.054230077703601075,0.004265350613904666,-0.45907745116537807,0.24924033315121147
Global Model,204,"(975, 7)",7,Chemical + Properties CS Less,LSTM,Repeated KFold,"{""N_Splits"": 5, ""Repeats"": 3}",0.4391497691019021,0.04980466983327592,0.32609258462805657,0.03650324279611727,0.007019048229828528,0.0007710159844577962,0.9731205076576226,0.006295045972867122,2.0729911113523527,0.15104710425828352,1.6066479844727424,0.0933538768539211,0.03440615816516171,0.0020107578868783157,0.39410076035422903,0.08012957972287504
Global Model,204,"(975, 7)",7,Chemical + Properties CS Less,LSTM,Time Series Split,"{""N_Splits"": 5, ""Repeats"": 3, ""Gap"": 0}",0.45411283586249446,0.039175949764533986,0.336225799654779,0.028473043357156,0.007218281789008527,0.0006440736620351257,0.9711305598575509,0.004408791460868017,4.037333635917867,1.2575862061876355,2.933403677329039,0.6332081160075465,0.0632408641714325,0.013854126304420717,-1.6500401913796028,1.619094672777481
