Category,Company,Data Shape,Timesteps,Features,Model,Cross Validation,Cross Validation Params,RMSE Train,RMSE Train,MAE Train,MAE Train,MAPE Train,MAPE Train,R2 Train,R2 Train,RMSE Test,RMSE Test,MAE Test,MAE Test,MAPE Test,MAPE Test,R2 Test,R2 Test
,,,,,,,,mean,std,mean,std,mean,std,mean,std,mean,std,mean,std,mean,std,mean,std
Global Model,204,"(975, 7)",,Chemical + Properties CS Less,MLP,Blocking Time Series Split,"{""N_Splits"": 5, ""Repeats"": 3, ""train_size"": 0.8}",1.552365884402015,0.24370861773292826,1.208446355966421,0.1868867454526415,0.025793810337696874,0.003906395755541591,0.6218975309707643,0.13860734683660803,2.6239478381622425,0.8550823214712034,2.031536966959635,0.4329656555583013,0.04342886163863173,0.008470794723797222,-0.3821886889107599,0.8519493369119423
Global Model,204,"(975, 7)",,Chemical + Properties CS Less,MLP,Out of time Split,"{""Test Size"": 0.2}",1.3976607434697208,2.220446049250313e-16,1.076807900453225,0.0,0.022976622252600356,0.0,0.7344416923047578,0.0,1.6329294399171583,2.220446049250313e-16,1.3232154689691003,0.0,0.02912632044857748,3.469446951953614e-18,0.56658194300012,0.0
Global Model,204,"(975, 7)",,Chemical + Properties CS Less,MLP,Repeated KFold,"{""N_Splits"": 5, ""Repeats"": 3}",1.3705038028922847,0.017664896669080863,1.055198640807062,0.013618406233104605,0.02258362420084923,0.0002854453834930773,0.7417307495932628,0.005628574015626105,1.5652197617884613,0.09999976721502656,1.2002487996419269,0.07151075980833818,0.025687292157507237,0.001475604394243657,0.6597074402599329,0.0363378677405906
Global Model,204,"(975, 7)",,Chemical + Properties CS Less,MLP,Time Series Split,"{""N_Splits"": 5, ""Repeats"": 3, ""Gap"": 0}",1.5893651456675824,0.18892011838246633,1.2524202803851878,0.1553043110462489,0.02666895920516634,0.003136979695692323,0.6327702907397278,0.12849792639418234,1.971949178330737,0.3188629011060479,1.5617290402636115,0.27441246181453754,0.03377748215536032,0.00634300698389995,0.38995073349289555,0.1988174215737747
