Category,Company,Data Shape,Timesteps,Features,Model,Cross Validation,Cross Validation Params,RMSE Train,RMSE Train,MAE Train,MAE Train,MAPE Train,MAPE Train,R2 Train,R2 Train,RMSE Test,RMSE Test,MAE Test,MAE Test,MAPE Test,MAPE Test,R2 Test,R2 Test
,,,,,,,,mean,std,mean,std,mean,std,mean,std,mean,std,mean,std,mean,std,mean,std
Global Model,204,"(975, 2)",,Chemical,MLP,Blocking Time Series Split,"{""N_Splits"": 5, ""Repeats"": 3, ""train_size"": 0.8}",2.332428120604563,0.13024637262125283,1.979817137106871,0.151837869828481,0.042458336997252225,0.0033622652751544636,0.17940982871327346,0.05970157461156931,71.08253445588485,136.26293206763359,13.522508145845855,22.07049488427337,0.2794823383383935,0.45231227628548304,-3122.01996014239,6242.864551319032
Global Model,204,"(975, 2)",,Chemical,MLP,Out of time Split,"{""Test Size"": 0.2}",2.5964421448297332,0.0,2.261756459749662,0.0,0.04840325676067006,0.0,0.08353969741478018,0.0,2.629580858375388,0.0,2.3110026706793367,0.0,0.05110206115866935,6.938893903907228e-18,-0.12394542112017648,0.0
Global Model,204,"(975, 2)",,Chemical,MLP,Repeated KFold,"{""N_Splits"": 5, ""Repeats"": 3}",2.562152664089132,0.026408866708121568,2.2228656120626336,0.02842406122161115,0.047720884482314,0.0006216209502945252,0.09744916221108563,0.010101971212235552,2.7170157942298734,0.08335445449430597,2.370091340937166,0.08080804928348874,0.05092008783472553,0.0017938684131218324,-0.023250671661727763,0.03219936249514386
Global Model,204,"(975, 2)",,Chemical,MLP,Time Series Split,"{""N_Splits"": 5, ""Repeats"": 3, ""Gap"": 0}",2.520698738995059,0.15711299629404887,2.13514864242125,0.16894858974148716,0.04570102952599729,0.003891213165751598,0.11270611824459371,0.03903581212687457,85.05595581042891,94.5129760575235,13.452650833129884,13.141278812269011,0.2841952806309974,0.27844706704658134,-2714.484946306637,3705.6768208554113
