Category,Company,Data Shape,Timesteps,Features,Model,Cross Validation,Cross Validation Params,RMSE Train,RMSE Train,MAE Train,MAE Train,MAPE Train,MAPE Train,R2 Train,R2 Train,RMSE Test,RMSE Test,MAE Test,MAE Test,MAPE Test,MAPE Test,R2 Test,R2 Test
,,,,,,,,mean,std,mean,std,mean,std,mean,std,mean,std,mean,std,mean,std,mean,std
Global Model,204,"(975, 7)",14,Chemical + Properties CS Less,Transformer,Blocking Time Series Split,"{""N_Splits"": 5, ""Repeats"": 3, ""train_size"": 0.8}",2.366349032600485,0.16307766439971844,2.0860205675671986,0.22825896679879498,0.04502103387616901,0.0048577385293360285,0.12938854602896285,0.09555116147697072,4.000302176554947,2.721756058894914,3.590202630849985,2.5169957211511047,0.0773100784341905,0.05395036812241575,-2.5173908198384085,4.123781595359313
Global Model,204,"(975, 7)",14,Chemical + Properties CS Less,Transformer,Out of time Split,"{""Test Size"": 0.2}",2.4511732413646663,0.0030125982480095214,2.169572694422835,0.0026194012090258066,0.04663217584501139,7.196613994782073e-05,0.17298834287755005,0.0020335299298289487,2.711195594668626,0.009450118530052874,2.410591944320735,0.006069845243658871,0.05359540843077456,0.00014758833492925743,-0.23705738298529969,0.008629891913786615
Global Model,204,"(975, 7)",14,Chemical + Properties CS Less,Transformer,Repeated KFold,"{""N_Splits"": 5, ""Repeats"": 3}",2.426046125175263,0.025977599279893217,2.1325268315958072,0.028231665123239647,0.0459582907560853,0.0006084034512356237,0.17885905303202845,0.017367843002092143,2.7195878423947226,0.13523423261593465,2.3610404252831314,0.11766103837844934,0.05111157595486762,0.0025051796273819005,-0.038822097018782774,0.10276998538507377
Global Model,204,"(975, 7)",14,Chemical + Properties CS Less,Transformer,Time Series Split,"{""N_Splits"": 5, ""Repeats"": 3, ""Gap"": 0}",2.3416697782466187,0.11583716414161936,2.0216670765939955,0.12959728594895448,0.043421179968190615,0.002847578613169928,0.20761368926742954,0.07524230043018952,4.567602856590832,2.4018351332343912,4.055505712112325,2.3310211918625425,0.08781356039393788,0.05172770286403629,-3.5039345266419892,5.423933578649539
