Category,Company,Data Shape,Timesteps,Features,Model,Cross Validation,Cross Validation Params,RMSE Train,RMSE Train,MAE Train,MAE Train,MAPE Train,MAPE Train,R2 Train,R2 Train,RMSE Test,RMSE Test,MAE Test,MAE Test,MAPE Test,MAPE Test,R2 Test,R2 Test
,,,,,,,,mean,std,mean,std,mean,std,mean,std,mean,std,mean,std,mean,std,mean,std
Global Model,204,"(975, 9)",1,Chemical + Physical,Transformer,Blocking Time Series Split,"{""N_Splits"": 5, ""Repeats"": 3, ""train_size"": 0.8}",2.0225773024384246,0.2960056026143914,1.6129544810759713,0.23234710338042872,0.034558828176346465,0.005284530970793583,0.37055618013002006,0.18512200624623937,2.2961398479662347,0.771275764118414,1.8775925152118387,0.6514638756017659,0.04060609045553732,0.0135690180094539,0.07458190552496458,0.43311754107753564
Global Model,204,"(975, 9)",1,Chemical + Physical,Transformer,Out of time Split,"{""Test Size"": 0.2}",1.3962381323651616,0.0,1.0860685289823089,0.0,0.0232041634044485,0.0,0.7349820150319616,1.1102230246251565e-16,1.764125349954915,0.0,1.3531022409292361,0.0,0.029861848578023723,0.0,0.49413917922126654,5.551115123125783e-17
Global Model,204,"(975, 9)",1,Chemical + Physical,Transformer,Repeated KFold,"{""N_Splits"": 5, ""Repeats"": 3}",1.4473050185622272,0.02091757776092577,1.0980493408594374,0.01666531138293207,0.023511009985796704,0.00035076148172700247,0.7119896785118697,0.006101104014785329,1.4738778609767735,0.076130671207022,1.1203785669049644,0.06431282987543253,0.023984591658002315,0.0012773811515517633,0.6982729561990831,0.02748864357628083
Global Model,204,"(975, 9)",1,Chemical + Physical,Transformer,Time Series Split,"{""N_Splits"": 5, ""Repeats"": 3, ""Gap"": 0}",1.7764055128931209,0.24628855807740732,1.3936649985739442,0.21264625259215944,0.029686275438929956,0.004464373951526353,0.5446639354311922,0.13652005890603394,2.2582675955791798,0.5829263740871488,1.7690415728533708,0.5479046928986436,0.03821336608109927,0.012893353976632653,0.17150780219819808,0.45079668442019094
