Category,Company,Data Shape,Timesteps,Features,Model,Cross Validation,Cross Validation Params,RMSE Train,RMSE Train,MAE Train,MAE Train,MAPE Train,MAPE Train,R2 Train,R2 Train,RMSE Test,RMSE Test,MAE Test,MAE Test,MAPE Test,MAPE Test,R2 Test,R2 Test
,,,,,,,,mean,std,mean,std,mean,std,mean,std,mean,std,mean,std,mean,std,mean,std
Local Model,209,"(1495, 17)",,Chemical + Physical,Decision Tree,Blocking Time Series Split,"{""N_Splits"": 5, ""Repeats"": 1, ""train_size"": 0.8}",0.6589220880065401,0.12953770502796202,0.48531062019270427,0.0880478463919154,0.011990878830992095,0.001984798587140134,0.9835501022984958,0.005575063318562788,0.896547875180459,0.21714380303113814,0.664042785206721,0.1393419897669252,0.015900853267922697,0.0028703936962034796,0.9717078763970438,0.01256190291920411
Local Model,209,"(1495, 17)",,Chemical + Physical,Decision Tree,Out of time Split,"{""Test Size"": 0.2}",0.8794827869292929,0.0,0.66083797888741,0.0,0.016924602199232218,0.0,0.9713504948655782,0.0,1.8242918060100441,0.0,0.7824128626164356,0.0,0.019525698478555082,0.0,0.8880988584470885,0.0
Local Model,209,"(1495, 17)",,Chemical + Physical,Decision Tree,Repeated KFold,"{""N_Splits"": 5, ""Repeats"": 3}",0.7886233060477805,0.087270204799081,0.579795605387908,0.04463755607616554,0.014631727108011815,0.0012196748069302652,0.977147035430253,0.005255458447444753,0.8498237239369218,0.14171436272276106,0.60177682600693,0.04884801579768306,0.015163416619955933,0.001213339759489003,0.9729805988890787,0.009560358988683995
Local Model,209,"(1495, 17)",,Chemical + Physical,Decision Tree,Time Series Split,"{""N_Splits"": 5, ""Repeats"": 1, ""Gap"": 0}",0.8610269798483492,0.023106980103823706,0.6307195323780015,0.029374018294879664,0.01595102788014397,0.0010308202268609942,0.9734327095857236,0.001405171645307568,1.3691533843994719,0.47987858470549477,0.750001917097212,0.1463672071575156,0.018797483477078332,0.0035349354936315444,0.9247349414871415,0.0416528536931461
