Category,Company,Data Shape,Timesteps,Features,Model,Cross Validation,Cross Validation Params,RMSE Train,RMSE Train,MAE Train,MAE Train,MAPE Train,MAPE Train,R2 Train,R2 Train,RMSE Test,RMSE Test,MAE Test,MAE Test,MAPE Test,MAPE Test,R2 Test,R2 Test
,,,,,,,,mean,std,mean,std,mean,std,mean,std,mean,std,mean,std,mean,std,mean,std
Local Model,209,"(1495, 12)",,Chemical + CS7,Linear Regression,Blocking Time Series Split,"{""N_Splits"": 5, ""Repeats"": 1, ""train_size"": 0.8}",0.7079448512116968,0.11172102439317178,0.5557055500405436,0.08235871535544412,0.014146212644287972,0.0021198000289788885,0.9810181595411531,0.0056329787780384786,0.7950044422002114,0.1278439698846955,0.626484992252844,0.10870657089976705,0.015626603532396244,0.003096334244582089,0.9774761807018164,0.008243348794490884
Local Model,209,"(1495, 12)",,Chemical + CS7,Linear Regression,Out of time Split,"{""Test Size"": 0.2}",0.7197832808058037,0.0,0.5615487168034067,0.0,0.014201147181484974,0.0,0.9808103989421312,0.0,1.0707572328329635,0.0,0.7716993827370074,0.0,0.019494366023121153,0.0,0.9614496846140688,0.0
Local Model,209,"(1495, 12)",,Chemical + CS7,Linear Regression,Repeated KFold,"{""N_Splits"": 5, ""Repeats"": 3}",0.7881517396267125,0.024509845821050393,0.5956165704195696,0.006913641701987857,0.015092426027887648,0.00018856949534907329,0.9774264486819407,0.0014031029353512214,0.7982480649492012,0.067000541289264,0.6029724043897782,0.023912726005677044,0.015280423526261614,0.0006141475606259493,0.9766528912050826,0.004157707052909958
Local Model,209,"(1495, 12)",,Chemical + CS7,Linear Regression,Time Series Split,"{""N_Splits"": 5, ""Repeats"": 1, ""Gap"": 0}",0.6961993509829678,0.0334285571144167,0.544218977882893,0.021733756905850003,0.0137604636297947,0.0005118549093863947,0.9825571668082163,0.002038872646345618,0.8650296450057515,0.12180954111487756,0.65678801106159,0.06424681091040019,0.01660520872384777,0.0015019753545148673,0.9722917987720839,0.005985477860120336
