Category,Company,Data Shape,Timesteps,Features,Model,Cross Validation,Cross Validation Params,RMSE Train,RMSE Train,MAE Train,MAE Train,MAPE Train,MAPE Train,R2 Train,R2 Train,RMSE Test,RMSE Test,MAE Test,MAE Test,MAPE Test,MAPE Test,R2 Test,R2 Test
,,,,,,,,mean,std,mean,std,mean,std,mean,std,mean,std,mean,std,mean,std,mean,std
Local Model,209,"(1495, 15)",,Chemical + Properties CS Less,Linear Regression,Blocking Time Series Split,"{""N_Splits"": 5, ""Repeats"": 1, ""train_size"": 0.8}",1.002622648051381,0.19284287152671095,0.7764366163935247,0.12263032709501846,0.019823279671504733,0.0032007710805992133,0.9616755768737232,0.013650443782742406,1.1693555276659942,0.1669477814411284,0.9213040459022439,0.11149440747987646,0.022742517936442767,0.0022683828201336804,0.9529100452318356,0.012290267705132064
Local Model,209,"(1495, 15)",,Chemical + Properties CS Less,Linear Regression,Out of time Split,"{""Test Size"": 0.2}",1.010468093609346,0.0,0.7924293308855017,0.0,0.020020962547658207,0.0,0.9621812085244437,0.0,1.8190553691397329,0.0,1.3706845953453966,0.0,0.03325097761576951,0.0,0.8887403372814648,0.0
Local Model,209,"(1495, 15)",,Chemical + Properties CS Less,Linear Regression,Repeated KFold,"{""N_Splits"": 5, ""Repeats"": 3}",1.1498762822590933,0.01540610399408159,0.8811607942891674,0.0075980073026660966,0.022165675519352286,0.000219041140112065,0.9519894479469948,0.0012263746947496108,1.297532203460663,0.2507663411057139,0.910321269821831,0.04246284804726123,0.022954447559408318,0.001144415351892342,0.9363641500229406,0.02749936728215703
Local Model,209,"(1495, 15)",,Chemical + Properties CS Less,Linear Regression,Time Series Split,"{""N_Splits"": 5, ""Repeats"": 1, ""Gap"": 0}",0.9889281210995449,0.03216732812724356,0.7771513123530722,0.01875162858052364,0.01965515421686347,0.0004237603814065426,0.9648876720651453,0.0029008033064194397,1.2834649335561388,0.33698038480854575,0.9795630078841391,0.25731386018429353,0.024290963805905154,0.005782453949719187,0.9372153981014447,0.029840507965458805
