Category,Company,Data Shape,Timesteps,Features,Model,Cross Validation,Cross Validation Params,RMSE Train,RMSE Train,MAE Train,MAE Train,MAPE Train,MAPE Train,R2 Train,R2 Train,RMSE Test,RMSE Test,MAE Test,MAE Test,MAPE Test,MAPE Test,R2 Test,R2 Test
,,,,,,,,mean,std,mean,std,mean,std,mean,std,mean,std,mean,std,mean,std,mean,std
Local Model,209,"(1495, 14)",,Chemical + Feature Engineering,Linear Regression,Blocking Time Series Split,"{""N_Splits"": 5, ""Repeats"": 1, ""train_size"": 0.8}",1.0052711847328974,0.19539038676665177,0.7552653567673461,0.10494659853618198,0.019110183632148704,0.002680341565188237,0.9614260133228582,0.014093805860009601,5.491395965326489,8.481534116741924,1.9967797251878543,2.049457894090927,0.04585118570949438,0.04382129546056583,-2.24173914692765,6.373707230825023
Local Model,209,"(1495, 14)",,Chemical + Feature Engineering,Linear Regression,Out of time Split,"{""Test Size"": 0.2}",1.051692349262298,0.0,0.819726702685917,0.0,0.02065971494840009,0.0,0.9590324619254884,0.0,1.9762378281376258,0.0,1.4843213110469922,0.0,0.03570924906023931,0.0,0.8686819823078096,0.0
Local Model,209,"(1495, 14)",,Chemical + Feature Engineering,Linear Regression,Repeated KFold,"{""N_Splits"": 5, ""Repeats"": 3}",1.2099433797453767,0.017541101027356128,0.9104972499452019,0.007846579356785205,0.022841161315706616,0.00021764006745340203,0.9468404161703756,0.0015007303125144933,1.2342544648856104,0.07263607600880538,0.926337261125433,0.04709831805125694,0.02323162086076303,0.0012084274042276364,0.9443821892713853,0.006422980098703487
Local Model,209,"(1495, 14)",,Chemical + Feature Engineering,Linear Regression,Time Series Split,"{""N_Splits"": 5, ""Repeats"": 1, ""Gap"": 0}",1.012357370598903,0.05638089098457731,0.7858833619109271,0.04508040342535101,0.019830260396911617,0.0011162396889893781,0.9630870460354973,0.0046839018109297425,3.300155368464189,3.903540826263344,1.2994372168722919,0.5933721589159957,0.03132562778555438,0.012967220754879508,0.06991925003367742,1.7181267018308166
