Category,Company,Data Shape,Timesteps,Features,Model,Cross Validation,Cross Validation Params,RMSE Train,RMSE Train,MAE Train,MAE Train,MAPE Train,MAPE Train,R2 Train,R2 Train,RMSE Test,RMSE Test,MAE Test,MAE Test,MAPE Test,MAPE Test,R2 Test,R2 Test
,,,,,,,,mean,std,mean,std,mean,std,mean,std,mean,std,mean,std,mean,std,mean,std
Local Model,209,"(1495, 11)",,Chemical,Linear Regression,Blocking Time Series Split,"{""N_Splits"": 5, ""Repeats"": 1, ""train_size"": 0.8}",1.0826577863636158,0.22800061942176716,0.8239021407738711,0.12859066197409547,0.021125759140716387,0.0033933668144928396,0.9550217828323124,0.017878829856689638,1.2921755591357171,0.18838600772969039,1.0159455900097338,0.1650636961830417,0.02507185631731227,0.0038326810483658574,0.9431267485649684,0.01162149370819496
Local Model,209,"(1495, 11)",,Chemical,Linear Regression,Out of time Split,"{""Test Size"": 0.2}",1.0778645441554213,0.0,0.8363166146805121,0.0,0.02123047936247088,0.0,0.9569680715306714,0.0,1.939372980633249,0.0,1.4512800008282114,0.0,0.035433697684697674,0.0,0.8735355139182317,0.0
Local Model,209,"(1495, 11)",,Chemical,Linear Regression,Repeated KFold,"{""N_Splits"": 5, ""Repeats"": 3}",1.234983080239247,0.01741179264342222,0.9276144717357362,0.007636804472800629,0.023457816470873645,0.00022390737872938612,0.9446182998390513,0.0015055158969971886,1.2531138506430042,0.08016337774984456,0.9393114066786393,0.047774041879451785,0.023752721771056133,0.0012441641981615799,0.9426398759153938,0.007192980782611599
Local Model,209,"(1495, 11)",,Chemical,Linear Regression,Time Series Split,"{""N_Splits"": 5, ""Repeats"": 1, ""Gap"": 0}",1.0471658911377648,0.03707570002037759,0.8188070279753742,0.01894540341527393,0.020846000885969156,0.0004116820400434579,0.9606119896025467,0.003550231946396288,1.365165464865343,0.34160596315949676,1.03905667129661,0.24886009000763093,0.0259564178072099,0.005598638568806946,0.9292265306068606,0.032124420473374625
