Category,Company,Data Shape,Timesteps,Features,Model,Cross Validation,Cross Validation Params,RMSE Train,RMSE Train,MAE Train,MAE Train,MAPE Train,MAPE Train,R2 Train,R2 Train,RMSE Test,RMSE Test,MAE Test,MAE Test,MAPE Test,MAPE Test,R2 Test,R2 Test
,,,,,,,,mean,std,mean,std,mean,std,mean,std,mean,std,mean,std,mean,std,mean,std
Local Model,209,"(1495, 12)",,Chemical + CS3,Linear Regression,Blocking Time Series Split,"{""N_Splits"": 5, ""Repeats"": 1, ""train_size"": 0.8}",0.7925319328973659,0.11859335093473548,0.6169300030597937,0.08992705849723985,0.01567071972058488,0.0023251555573292624,0.9762634835253834,0.006774990847621325,1.0790937575983957,0.08655663911355645,0.8579417333046193,0.1007332866934503,0.021043752165235595,0.00276726640408755,0.959958607922071,0.00726784639572978
Local Model,209,"(1495, 12)",,Chemical + CS3,Linear Regression,Out of time Split,"{""Test Size"": 0.2}",0.8483049250733701,0.0,0.656382371795159,0.0,0.0164986131747948,0.0,0.9733457532583242,0.0,1.220400056531346,0.0,0.8977980525955147,0.0,0.02247512231216442,0.0,0.9499216120522253,0.0
Local Model,209,"(1495, 12)",,Chemical + CS3,Linear Regression,Repeated KFold,"{""N_Splits"": 5, ""Repeats"": 3}",0.9145367506482697,0.02221354169516385,0.6974257994375599,0.00819434263692629,0.017552580034259545,0.00019904851032738412,0.9696184213582014,0.0014522600339852895,0.9338343397592236,0.07776814193087665,0.707620169654403,0.036926032255206034,0.01780502389160108,0.0008571563257714716,0.96805228753303,0.005465022741977328
Local Model,209,"(1495, 12)",,Chemical + CS3,Linear Regression,Time Series Split,"{""N_Splits"": 5, ""Repeats"": 1, ""Gap"": 0}",0.803753619659145,0.048203089129536664,0.6277684751165553,0.03189425294590424,0.01582252477255957,0.0007292570515254768,0.9767063367896395,0.003264927063959745,1.0172181113134429,0.13391648295325573,0.7712038985415978,0.08516608298888458,0.01925350870708308,0.001964073140015586,0.9616846463767919,0.007552019255411139
