Category,Company,Data Shape,Timesteps,Features,Model,Cross Validation,Cross Validation Params,RMSE Train,RMSE Train,MAE Train,MAE Train,MAPE Train,MAPE Train,R2 Train,R2 Train,RMSE Test,RMSE Test,MAE Test,MAE Test,MAPE Test,MAPE Test,R2 Test,R2 Test
,,,,,,,,mean,std,mean,std,mean,std,mean,std,mean,std,mean,std,mean,std,mean,std
Local Model,209,"(1495, 13)",,Chemical + CS3 + CS7,MLP,Blocking Time Series Split,"{""N_Splits"": 5, ""Repeats"": 3, ""train_size"": 0.8}",3.8837088177167445,0.4665672978331547,2.9067899238448103,0.3127637718710261,0.07479908749332924,0.007736427415560555,0.4275350557488602,0.14889344764986667,5.0629801939824866,0.6234927749614868,3.898176142374672,0.49244887557290623,0.0990192860466824,0.010624726754353993,0.12080042872867763,0.18101668243410926
Local Model,209,"(1495, 13)",,Chemical + CS3 + CS7,MLP,Out of time Split,"{""Test Size"": 0.2}",0.8051493008115954,0.06161153754481591,0.6202541115291935,0.04587907591924011,0.015431365881089787,0.0011278441343406333,0.975848121545854,0.0035784866603899568,1.3714371636522262,0.13968040832976392,1.0458009649678635,0.13545823102181004,0.02492769590784046,0.003293233036073783,0.9361031257034234,0.012665991328218771
Local Model,209,"(1495, 13)",,Chemical + CS3 + CS7,MLP,Repeated KFold,"{""N_Splits"": 5, ""Repeats"": 3}",0.7840139473765124,0.03297356929401223,0.5856161861781154,0.02058966281879485,0.014537596763254357,0.0005827124625970966,0.9776458515292231,0.0018702882660456407,0.7960315304435331,0.07444347254159628,0.5941556690262839,0.02565548764328542,0.014766279125520412,0.0006377490213459651,0.9767399555537816,0.0046270019562078156
Local Model,209,"(1495, 13)",,Chemical + CS3 + CS7,MLP,Time Series Split,"{""N_Splits"": 5, ""Repeats"": 3, ""Gap"": 0}",1.6376357664053753,0.9627978300836593,1.248060246932894,0.7187732236243699,0.03205553063927531,0.01890671676362649,0.8741698086772857,0.1366297452511524,2.3466967873704587,1.4599966404366853,1.8031745629776597,1.0941309727382662,0.04558429719842212,0.02766001084602647,0.7218042402080181,0.3256508337045951
