Category,Company,Data Shape,Timesteps,Features,Model,Cross Validation,Cross Validation Params,RMSE Train,RMSE Train,MAE Train,MAE Train,MAPE Train,MAPE Train,R2 Train,R2 Train,RMSE Test,RMSE Test,MAE Test,MAE Test,MAPE Test,MAPE Test,R2 Test,R2 Test
,,,,,,,,mean,std,mean,std,mean,std,mean,std,mean,std,mean,std,mean,std,mean,std
Local Model,209,"(1495, 17)",,Chemical + Physical,MLP,Blocking Time Series Split,"{""N_Splits"": 5, ""Repeats"": 3, ""train_size"": 0.8}",3.787297983654119,0.4007970226126183,2.856472112743426,0.25975757571192243,0.07362293184390102,0.006390121975254383,0.46072125636502465,0.11149762887565515,4.927608183325726,0.3958334107846102,3.8836645974053257,0.2895335017430107,0.09916970862374949,0.007410685499389647,0.17127841281133632,0.11091451452047843
Local Model,209,"(1495, 17)",,Chemical + Physical,MLP,Out of time Split,"{""Test Size"": 0.2}",0.906888124982768,0.03915268632718398,0.7073305368157662,0.025521880161264388,0.01763309183211056,0.0006269754368094546,0.9694804179146154,0.0026015761768242943,1.5243804789281927,0.0988821910074667,1.1551573677871025,0.10650025516560445,0.02728785210706393,0.0026737084542010955,0.921538568790813,0.010033024191007678
Local Model,209,"(1495, 17)",,Chemical + Physical,MLP,Repeated KFold,"{""N_Splits"": 5, ""Repeats"": 3}",0.7840648156403583,0.02674202486840672,0.5857443930712027,0.01663431387417535,0.014519376268205214,0.00036498539116556057,0.9776548528144614,0.0015252734257456208,1.1449862752789164,0.7668341016831092,0.6236112447885359,0.06534766343039403,0.0155535647781329,0.0017769393912608104,0.9305221351039956,0.1091242206434273
Local Model,209,"(1495, 17)",,Chemical + Physical,MLP,Time Series Split,"{""N_Splits"": 5, ""Repeats"": 3, ""Gap"": 0}",1.7091185221813299,0.9562966549911764,1.2958862345959026,0.7116185401783539,0.03338465233964645,0.01888864145422674,0.8660919254075427,0.14426181837801152,2.5030213566252564,1.425934686912268,1.942198914983666,1.085637202230246,0.049303050409389745,0.02782711144425131,0.6962735574500059,0.3219595423723635
