Category,Company,Data Shape,Timesteps,Features,Model,Cross Validation,Cross Validation Params,RMSE Train,RMSE Train,MAE Train,MAE Train,MAPE Train,MAPE Train,R2 Train,R2 Train,RMSE Test,RMSE Test,MAE Test,MAE Test,MAPE Test,MAPE Test,R2 Test,R2 Test
,,,,,,,,mean,std,mean,std,mean,std,mean,std,mean,std,mean,std,mean,std,mean,std
Local Model,209,"(1495, 14)",,Chemical + Feature Engineering,Random Forest,Blocking Time Series Split,"{""N_Splits"": 5, ""Repeats"": 1, ""train_size"": 0.8}",0.7182661479861654,0.06034654547207002,0.5586266825352721,0.04677285705262327,0.014034869607523422,0.0011762701945815374,0.9807238184396155,0.0027711479985075434,1.0474143497189097,0.1925483048855017,0.7999652770382324,0.1038074890162045,0.019513137357697906,0.0025301100026346515,0.9610360032302971,0.01569074779497414
Local Model,209,"(1495, 14)",,Chemical + Feature Engineering,Random Forest,Out of time Split,"{""Test Size"": 0.2}",0.8974042309210084,0.0,0.6947566776797957,0.0,0.017328054222617444,0.0,0.9701710021840143,0.0,1.5086461789588883,0.0,0.867695799228034,0.0,0.02127727099461247,0.0,0.9234719413555948,0.0
Local Model,209,"(1495, 14)",,Chemical + Feature Engineering,Random Forest,Repeated KFold,"{""N_Splits"": 5, ""Repeats"": 3}",0.9297537034024259,0.03920663880126941,0.7110888779390293,0.015051314557663717,0.017642494814131004,0.00040133470763943765,0.9685621571473976,0.0026651964961794034,1.008351288899905,0.08221336569409693,0.7493005831935416,0.04623643538614614,0.01861894933649632,0.0011327472003529583,0.9627916562563159,0.0057605864929100485
Local Model,209,"(1495, 14)",,Chemical + Feature Engineering,Random Forest,Time Series Split,"{""N_Splits"": 5, ""Repeats"": 1, ""Gap"": 0}",0.8614899443582613,0.04456274080926143,0.6569284890294956,0.03462689642634347,0.016488956245636822,0.0008153424286712821,0.9733001249158653,0.003108339768702537,1.2279536683277947,0.2179834173238164,0.8414711875941501,0.07901067292926288,0.02083760330981088,0.001702334502202303,0.9438110771840373,0.016390788922835558
