Category,Company,Data Shape,Timesteps,Features,Model,Cross Validation,Cross Validation Params,RMSE Train,RMSE Train,MAE Train,MAE Train,MAPE Train,MAPE Train,R2 Train,R2 Train,RMSE Test,RMSE Test,MAE Test,MAE Test,MAPE Test,MAPE Test,R2 Test,R2 Test
,,,,,,,,mean,std,mean,std,mean,std,mean,std,mean,std,mean,std,mean,std,mean,std
Local Model,209,"(1495, 17)",,Chemical + Physical,Random Forest,Blocking Time Series Split,"{""N_Splits"": 5, ""Repeats"": 1, ""train_size"": 0.8}",0.5401899087053809,0.0499866632441079,0.4089234189117105,0.03547026253301828,0.010213695703802164,0.0008484163394361895,0.9890107182219328,0.002265364766595394,0.7360561191378278,0.11005164424232718,0.5623540039670539,0.060480808019482205,0.013835319865689973,0.0013222298089303618,0.9808921123748687,0.006669806780913457
Local Model,209,"(1495, 17)",,Chemical + Physical,Random Forest,Out of time Split,"{""Test Size"": 0.2}",0.6575948508921993,0.0,0.49534627517415075,0.0,0.012370560666665788,0.0,0.9839830712108987,0.0,0.6992310121633939,0.0,0.5066744497817375,0.0,0.012655570087401454,0.0,0.9835605506805998,0.0
Local Model,209,"(1495, 17)",,Chemical + Physical,Random Forest,Repeated KFold,"{""N_Splits"": 5, ""Repeats"": 3}",0.6595221367763227,0.01599018792248554,0.4964208991249555,0.008227833341198464,0.012396569287227037,0.00024872534903747865,0.9841993821967329,0.0007683248942071956,0.7290712037072369,0.10980819048402025,0.5247646307715588,0.03281965713754215,0.01310103821967826,0.000760972781352438,0.9802208319174414,0.006648302651107488
Local Model,209,"(1495, 17)",,Chemical + Physical,Random Forest,Time Series Split,"{""N_Splits"": 5, ""Repeats"": 1, ""Gap"": 0}",0.6156750688634881,0.056752647648147886,0.4668167487406114,0.04310850536533304,0.01163750072568714,0.0010687605500124247,0.9862494268257749,0.0026798027946095537,0.7430179848768896,0.08443403950985547,0.5574321960662827,0.05809471730427538,0.013899378406833992,0.001320861542408954,0.979395687674544,0.004491222521798469
