Category,Company,Data Shape,Timesteps,Features,Model,Cross Validation,Cross Validation Params,RMSE Train,RMSE Train,MAE Train,MAE Train,MAPE Train,MAPE Train,R2 Train,R2 Train,RMSE Test,RMSE Test,MAE Test,MAE Test,MAPE Test,MAPE Test,R2 Test,R2 Test
,,,,,,,,mean,std,mean,std,mean,std,mean,std,mean,std,mean,std,mean,std,mean,std
Local Model,209,"(1495, 12)",,Chemical + CS7,Random Forest,Blocking Time Series Split,"{""N_Splits"": 5, ""Repeats"": 1, ""train_size"": 0.8}",0.5561585531840223,0.05919302830044973,0.4181238563233399,0.03300799293639478,0.01046146631063405,0.0008308513831027262,0.9883034643093025,0.0028192418390822695,0.8395766978392214,0.16308438761338986,0.5797037576526531,0.052031428912990625,0.014213391248777796,0.0013066996836236726,0.97420071146352,0.011865367568090328
Local Model,209,"(1495, 12)",,Chemical + CS7,Random Forest,Out of time Split,"{""Test Size"": 0.2}",0.6612766245157872,0.0,0.49576074269288506,0.0,0.012356460313168437,0.0,0.9838032164268283,0.0,1.0913689652538132,0.0,0.5888379079495002,0.0,0.01453585933248317,0.0,0.9599512374400844,0.0
Local Model,209,"(1495, 12)",,Chemical + CS7,Random Forest,Repeated KFold,"{""N_Splits"": 5, ""Repeats"": 3}",0.6644255468691381,0.022402507290046655,0.4976133105812305,0.009251962819046328,0.012426778705825564,0.00027274221793364343,0.9839547047246067,0.0010909769145997293,0.7229567640539086,0.10980273913677038,0.5227177271668749,0.03202020457161364,0.013056248209924461,0.0007438951945057786,0.9805465009678473,0.006653922752237249
Local Model,209,"(1495, 12)",,Chemical + CS7,Random Forest,Time Series Split,"{""N_Splits"": 5, ""Repeats"": 1, ""Gap"": 0}",0.619607823135458,0.05453566756142328,0.4696528163849634,0.04121458647256909,0.011694107916804381,0.0010418668701327554,0.986091008797867,0.0025859864555821573,0.8774134647189612,0.19557686148861445,0.5926751561154932,0.06421321778863184,0.014767909569184171,0.001486291393721395,0.9709883856820678,0.010801558038173972
