Category,Company,Data Shape,Timesteps,Features,Model,Cross Validation,Cross Validation Params,RMSE Train,RMSE Train,MAE Train,MAE Train,MAPE Train,MAPE Train,R2 Train,R2 Train,RMSE Test,RMSE Test,MAE Test,MAE Test,MAPE Test,MAPE Test,R2 Test,R2 Test
,,,,,,,,mean,std,mean,std,mean,std,mean,std,mean,std,mean,std,mean,std,mean,std
Local Model,209,"(1495, 14)",,Chemical + Feature Engineering,XGBoost,Blocking Time Series Split,"{""N_Splits"": 5, ""Repeats"": 1, ""train_size"": 0.8}",1.1386193938142553,0.06087116448952558,0.9529992362944153,0.03687195855593653,0.024250831463379016,0.0009529131259710676,0.9517509769718157,0.0033739541248944687,1.6128262147123986,0.27531961508576047,1.3074595769246415,0.19467952772761726,0.03228257322000415,0.0037975297994322873,0.9095570586031533,0.02963039251581304
Local Model,209,"(1495, 14)",,Chemical + Feature Engineering,XGBoost,Out of time Split,"{""Test Size"": 0.2}",1.2321701400426117,0.0,0.9935005564354737,0.0,0.02528713621087787,0.0,0.9437653758325102,0.0,2.153255308355809,0.0,1.4944722740147847,0.0,0.0367210062730966,0.0,0.8441032881731204,0.0
Local Model,209,"(1495, 14)",,Chemical + Feature Engineering,XGBoost,Repeated KFold,"{""N_Splits"": 5, ""Repeats"": 3}",1.2521912174071388,0.01200456225138399,1.014545075789742,0.009700528816593078,0.025756794106315206,0.00025725353109438037,0.9430675918816026,0.0011378471715413926,1.3252036640689526,0.10782493869947771,1.0465484712700652,0.03646054462520543,0.02663966580223085,0.0010249136970344815,0.9356953710645474,0.01092394840648199
Local Model,209,"(1495, 14)",,Chemical + Feature Engineering,XGBoost,Time Series Split,"{""N_Splits"": 5, ""Repeats"": 1, ""Gap"": 0}",1.2330787989694987,0.01220957248235192,1.000287482770012,0.007829431725913017,0.025493379895323194,0.0001859951583352777,0.9455358825920286,0.0014680832432445248,1.7518026140190393,0.43657460171019385,1.2243880428942333,0.25404593124418146,0.030134530079926825,0.005517950057633439,0.8830881670717551,0.0481993884302561
