Category,Company,Data Shape,Timesteps,Features,Model,Cross Validation,Cross Validation Params,RMSE Train,RMSE Train,MAE Train,MAE Train,MAPE Train,MAPE Train,R2 Train,R2 Train,RMSE Test,RMSE Test,MAE Test,MAE Test,MAPE Test,MAPE Test,R2 Test,R2 Test
,,,,,,,,mean,std,mean,std,mean,std,mean,std,mean,std,mean,std,mean,std,mean,std
Local Model,209,"(1495, 13)",,Chemical + CS3 + CS7,XGBoost,Blocking Time Series Split,"{""N_Splits"": 5, ""Repeats"": 1, ""train_size"": 0.8}",1.0470534682866002,0.03199867842219998,0.912904041880843,0.02638047951417612,0.02321903535163904,0.0007514872338985356,0.9591856185796541,0.0017435164611206617,1.337971557432581,0.23850898152928618,1.1049049631754553,0.1724407860847162,0.02762513609334728,0.003683876283334342,0.9370000257166857,0.024844237660339722
Local Model,209,"(1495, 13)",,Chemical + CS3 + CS7,XGBoost,Out of time Split,"{""Test Size"": 0.2}",1.0815208413560524,0.0,0.9248439795197448,0.0,0.02353118620784843,0.0,0.9566756333424518,0.0,1.5358226980545477,0.0,1.0926223933497399,0.0,0.027462787135069205,0.0,0.920689978864671,0.0
Local Model,209,"(1495, 13)",,Chemical + CS3 + CS7,XGBoost,Repeated KFold,"{""N_Splits"": 5, ""Repeats"": 3}",1.0832435535161273,0.0031608943645757568,0.9291536907421439,0.0030634265954679984,0.023633694775525918,8.701140153925586e-05,0.9573985196986131,0.00019655485006982745,1.1232524391118408,0.06494916888942338,0.9492279222843505,0.034596956748660077,0.02412566013894794,0.0008766323934590496,0.9539690729293261,0.00510293616953401
Local Model,209,"(1495, 13)",,Chemical + CS3 + CS7,XGBoost,Time Series Split,"{""N_Splits"": 5, ""Repeats"": 1, ""Gap"": 0}",1.0832958371945833,0.012370896068786713,0.9339938453223248,0.007234482627605863,0.023839329111389765,0.00022257022125576567,0.9579509933457537,0.0015600961283501332,1.4736435705074347,0.3578160375480959,1.044542439778645,0.17918698316495382,0.025949702258022733,0.004019107044311385,0.9167639233332816,0.03500620688472561
