Category,Company,Data Shape,Timesteps,Features,Model,Cross Validation,Cross Validation Params,RMSE Train,RMSE Train,MAE Train,MAE Train,MAPE Train,MAPE Train,R2 Train,R2 Train,RMSE Test,RMSE Test,MAE Test,MAE Test,MAPE Test,MAPE Test,R2 Test,R2 Test
,,,,,,,,mean,std,mean,std,mean,std,mean,std,mean,std,mean,std,mean,std,mean,std
Local Model,209,"(841, 26)",,Chemical + Properties CS Less,Decision Tree,Blocking Time Series Split,"{""N_Splits"": 5, ""Repeats"": 1, ""train_size"": 0.8}",1.779094449265464,0.31420006846736787,1.3819679279003403,0.2520435498198943,0.03130493322948992,0.006283758037006354,0.9352489502618215,0.022031650436257436,1.6665142083874944,0.40349995528131893,1.3453773780754488,0.34985101242073036,0.03011156892822222,0.0072028306041737435,0.9405708149378167,0.025267010202551496
Local Model,209,"(841, 26)",,Chemical + Properties CS Less,Decision Tree,Out of time Split,"{""Test Size"": 0.2}",1.8730071145863894,0.0,1.472521459542606,0.0,0.033271279034582574,0.0,0.9341855058496349,0.0,2.2734981457799295,0.0,1.7158757986662856,0.0,0.04029683108346988,0.0,0.8691891368821683,0.0
Local Model,209,"(841, 26)",,Chemical + Properties CS Less,Decision Tree,Repeated KFold,"{""N_Splits"": 5, ""Repeats"": 3}",1.8370381877367177,0.019544574302556232,1.4482760361954468,0.019084945024259507,0.032778565284836386,0.0005137501058070534,0.9333030277276599,0.0015674386049263319,1.961492482230246,0.19504385510336075,1.510294027864698,0.08092891454371681,0.03434867189107973,0.00210672202162833,0.9227344527971718,0.01633104526952001
Local Model,209,"(841, 26)",,Chemical + Properties CS Less,Decision Tree,Time Series Split,"{""N_Splits"": 5, ""Repeats"": 1, ""Gap"": 0}",1.939626732441829,0.22624605601372458,1.5222501864814526,0.17432584402720558,0.03445589511703321,0.004258759710545492,0.9297625088983329,0.01832358349921715,2.078758250738715,0.3914043128049004,1.6182797276316088,0.26194824602321676,0.03753345326126124,0.006539369850802417,0.9070121222211917,0.039468201474804385
