Category,Company,Data Shape,Timesteps,Features,Model,Cross Validation,Cross Validation Params,RMSE Train,RMSE Train,MAE Train,MAE Train,MAPE Train,MAPE Train,R2 Train,R2 Train,RMSE Test,RMSE Test,MAE Test,MAE Test,MAPE Test,MAPE Test,R2 Test,R2 Test
,,,,,,,,mean,std,mean,std,mean,std,mean,std,mean,std,mean,std,mean,std,mean,std
Local Model,209,"(841, 25)",,Chemical + Feature Engineering,Decision Tree,Blocking Time Series Split,"{""N_Splits"": 5, ""Repeats"": 1, ""train_size"": 0.8}",1.6885603368980768,0.1502357709213265,1.3166347596729253,0.1443364031747245,0.02956813855202801,0.003552629058457017,0.9426194769669545,0.009129545578557942,1.9002894180796475,0.6478372277992673,1.4454675003252582,0.4518026218646569,0.03245639221073462,0.009759832945512342,0.9092688439982076,0.07816780563827487
Local Model,209,"(841, 25)",,Chemical + Feature Engineering,Decision Tree,Out of time Split,"{""Test Size"": 0.2}",1.8727025001625683,0.0,1.472768112899556,0.0,0.033277426102314406,0.0,0.934206911442612,0.0,2.4611218031142648,0.0,1.7685774796895914,0.0,0.04176549909942973,0.0,0.8467075313363452,0.0
Local Model,209,"(841, 25)",,Chemical + Feature Engineering,Decision Tree,Repeated KFold,"{""N_Splits"": 5, ""Repeats"": 3}",1.8729954323326479,0.08104759108892325,1.4697555846612618,0.05428642900942586,0.033438594676300136,0.0011754591233550326,0.9305610941741456,0.00554029247907912,2.0165529875422643,0.19415068690333068,1.5279838972615836,0.08011275763583334,0.034879890855701506,0.0021929510023463794,0.918397581525662,0.016236764251413856
Local Model,209,"(841, 25)",,Chemical + Feature Engineering,Decision Tree,Time Series Split,"{""N_Splits"": 5, ""Repeats"": 1, ""Gap"": 0}",1.8588891217035823,0.06746282508846478,1.4633840734332957,0.05638121572550471,0.03287951449865751,0.0011580941797401675,0.936340602343081,0.005604758918103826,2.0529559653457747,0.35794991314764507,1.593431754778712,0.23371215689303548,0.036917893049408554,0.005842166999280238,0.9070700708100518,0.042932421211525226
