Category,Company,Data Shape,Timesteps,Features,Model,Cross Validation,Cross Validation Params,RMSE Train,RMSE Train,MAE Train,MAE Train,MAPE Train,MAPE Train,R2 Train,R2 Train,RMSE Test,RMSE Test,MAE Test,MAE Test,MAPE Test,MAPE Test,R2 Test,R2 Test
,,,,,,,,mean,std,mean,std,mean,std,mean,std,mean,std,mean,std,mean,std,mean,std
Local Model,209,"(841, 21)",,Chemical,Linear Regression,Blocking Time Series Split,"{""N_Splits"": 5, ""Repeats"": 1, ""train_size"": 0.8}",1.370647014416923,0.15158145715001503,1.0632868832581976,0.11355600863136452,0.02487459150093509,0.002376700095565006,0.9614887364939518,0.010925647876193482,1.5586866089205103,0.11527517626715975,1.2575421176683022,0.07975356490730313,0.028837049224552436,0.0016318966669102847,0.948571978613433,0.014320788037408936
Local Model,209,"(841, 21)",,Chemical,Linear Regression,Out of time Split,"{""Test Size"": 0.2}",1.601181093877831,0.0,1.269985691235963,0.0,0.029797976503771702,0.0,0.9519023784818451,0.0,2.3903356908654914,0.0,1.8113976734920836,0.0,0.042730835382096655,0.0,0.8553986342722695,0.0
Local Model,209,"(841, 21)",,Chemical,Linear Regression,Repeated KFold,"{""N_Splits"": 5, ""Repeats"": 3}",1.719456354971904,0.024941031648572,1.34955930085783,0.022244875359248194,0.031724344147009066,0.00057936770223185,0.9415588588356046,0.0019075266167236232,1.7896652875989392,0.10215815382711166,1.4009638138637681,0.07945151463304274,0.032990317066059996,0.0021293898182124776,0.9361243412530038,0.007908810849098379
Local Model,209,"(841, 21)",,Chemical,Linear Regression,Time Series Split,"{""N_Splits"": 5, ""Repeats"": 1, ""Gap"": 0}",1.5211205339913518,0.14621847073177655,1.1848139670553381,0.11813124632771102,0.027635241094189217,0.0027848056089553137,0.957112699906881,0.007722048960769993,2.2517912575629855,0.3703972702175213,1.7667743399641433,0.29902576639104345,0.04170087747026069,0.007894341201413404,0.8902564468231097,0.047864312553539914
