Category,Company,Data Shape,Timesteps,Features,Model,Cross Validation,Cross Validation Params,RMSE Train,RMSE Train,MAE Train,MAE Train,MAPE Train,MAPE Train,R2 Train,R2 Train,RMSE Test,RMSE Test,MAE Test,MAE Test,MAPE Test,MAPE Test,R2 Test,R2 Test
,,,,,,,,mean,std,mean,std,mean,std,mean,std,mean,std,mean,std,mean,std,mean,std
Local Model,209,"(841, 26)",,Chemical + Properties CS Less,Linear Regression,Blocking Time Series Split,"{""N_Splits"": 5, ""Repeats"": 1, ""train_size"": 0.8}",1.1280573285242583,0.1367546482519373,0.8848307637568201,0.11422420211011688,0.02062147792750133,0.0024983224325267816,0.9739029205570422,0.007380978754094811,1.5644395427717943,0.16324754871656716,1.2538290940759098,0.15591340151794653,0.028679003153580046,0.0036036635342848494,0.9483321274816928,0.013569715018083397
Local Model,209,"(841, 26)",,Chemical + Properties CS Less,Linear Regression,Out of time Split,"{""Test Size"": 0.2}",1.3460103388452302,0.0,1.0745630558625316,0.0,0.02499932972759485,0.0,0.9660109140802948,0.0,2.2223361828369974,0.0,1.727634634984668,0.0,0.04038672924439389,0.0,0.8750103312499463,0.0
Local Model,209,"(841, 26)",,Chemical + Properties CS Less,Linear Regression,Repeated KFold,"{""N_Splits"": 5, ""Repeats"": 3}",1.4736202570190569,0.023343591777335485,1.1660818362927743,0.022191706007820826,0.027188538463701853,0.0005653886866716389,0.957075619872738,0.0014386692260970695,1.546462902960024,0.09273987405275992,1.2215312396804945,0.07904955535402824,0.028533292052935148,0.0020556875568609368,0.9523260546699859,0.005943267290384592
Local Model,209,"(841, 26)",,Chemical + Properties CS Less,Linear Regression,Time Series Split,"{""N_Splits"": 5, ""Repeats"": 1, ""Gap"": 0}",1.253225770022888,0.14863355445487397,1.0016079707567396,0.11810745746080337,0.023148240829577643,0.0026666443110442183,0.9707551543382122,0.006353653205565215,1.9985622830147016,0.3531884989645101,1.584478547510579,0.30504689592206957,0.03749520610704071,0.008605963204904176,0.912422035681691,0.040420646524585546
