Category,Company,Data Shape,Timesteps,Features,Model,Cross Validation,Cross Validation Params,RMSE Train,RMSE Train,MAE Train,MAE Train,MAPE Train,MAPE Train,R2 Train,R2 Train,RMSE Test,RMSE Test,MAE Test,MAE Test,MAPE Test,MAPE Test,R2 Test,R2 Test
,,,,,,,,mean,std,mean,std,mean,std,mean,std,mean,std,mean,std,mean,std,mean,std
Local Model,209,"(841, 22)",,Chemical + CS3,Linear Regression,Blocking Time Series Split,"{""N_Splits"": 5, ""Repeats"": 1, ""train_size"": 0.8}",0.9473653204838497,0.144440244969533,0.7371633609273089,0.11530800734785412,0.016899057131589446,0.0025003932312813496,0.9812962732055077,0.006813325657326712,1.3305953048097183,0.1756983865513622,1.083030437555729,0.14655869193780485,0.02504043261918328,0.002886328999798652,0.9636037231886885,0.006049164776665603
Local Model,209,"(841, 22)",,Chemical + CS3,Linear Regression,Out of time Split,"{""Test Size"": 0.2}",1.1109387291485697,0.0,0.8612677325729385,0.0,0.019775676992521907,0.0,0.9768461663854839,0.0,1.3766240068500042,0.0,1.0728808391591287,0.0,0.024537224453253088,0.0,0.9520393257017604,0.0
Local Model,209,"(841, 22)",,Chemical + CS3,Linear Regression,Repeated KFold,"{""N_Splits"": 5, ""Repeats"": 3}",1.147256462901466,0.013230049951569919,0.8929809066682278,0.012375687676339047,0.02048333859333481,0.0003067795650525293,0.9739879947911355,0.0005913894146733238,1.1912938986616552,0.05090294628010702,0.9275950879585123,0.045774840549720204,0.0212956381769142,0.0011131060736319764,0.9717785049678792,0.002401254531136157
Local Model,209,"(841, 22)",,Chemical + CS3,Linear Regression,Time Series Split,"{""N_Splits"": 5, ""Repeats"": 1, ""Gap"": 0}",1.0343796362697941,0.11954117032671269,0.8034082859572438,0.0892843989007302,0.018245491823188693,0.0021055295344593475,0.9800946733744441,0.004147383695880703,1.5302631031354204,0.15586723974314623,1.2291108043000212,0.1712507285526943,0.02906244165440321,0.0050396694575784605,0.9510110797485053,0.01351087205282354
