Category,Company,Data Shape,Timesteps,Features,Model,Cross Validation,Cross Validation Params,RMSE Train,RMSE Train,MAE Train,MAE Train,MAPE Train,MAPE Train,R2 Train,R2 Train,RMSE Test,RMSE Test,MAE Test,MAE Test,MAPE Test,MAPE Test,R2 Test,R2 Test
,,,,,,,,mean,std,mean,std,mean,std,mean,std,mean,std,mean,std,mean,std,mean,std
Local Model,209,"(841, 21)",,Chemical,MLP,Blocking Time Series Split,"{""N_Splits"": 5, ""Repeats"": 3, ""train_size"": 0.8}",5.738758872741075,0.41799265423123716,4.529345113270319,0.3342240079679163,0.1031536008234643,0.007136970049816946,0.3297717074813453,0.14646836123979967,10.392583549625643,2.504155834925834,8.165167400135715,2.1268786856842508,0.17827133124382039,0.04227176077583732,-1.2622048340044385,0.7826049702440524
Local Model,209,"(841, 21)",,Chemical,MLP,Out of time Split,"{""Test Size"": 0.2}",1.5181889661662915,0.015317075577245945,1.1946416512368228,0.008177626491647987,0.027338492403960957,0.0003359945438911243,0.9567547353563262,0.0008741000053480105,2.412532730854167,0.035195428448473565,1.8986984313122137,0.07563091234865918,0.04419707380083033,0.0018765866229217036,0.85266923277465,0.00429978469194478
Local Model,209,"(841, 21)",,Chemical,MLP,Repeated KFold,"{""N_Splits"": 5, ""Repeats"": 3}",1.6576158128244536,0.06222417971597245,1.3010446336562416,0.05721824051532022,0.02969833230442729,0.0013161003829139204,0.9456393863270277,0.003989099827393358,1.771532622468165,0.15290372293191623,1.3889756018367305,0.11923312205478374,0.031820903193389725,0.002926860531734137,0.9369452530932093,0.012477713379438933
Local Model,209,"(841, 21)",,Chemical,MLP,Time Series Split,"{""N_Splits"": 5, ""Repeats"": 3, ""Gap"": 0}",2.7579583441795044,1.4304607993638907,2.185976672372425,1.1507466142811018,0.04997209161249157,0.025936514385763717,0.8214549204716881,0.1862268825436964,5.473505804530576,3.205231878235275,4.13181907998948,2.357543179738612,0.09549236434115507,0.05212001495795159,0.25725961646858864,0.783009758148869
