Category,Company,Data Shape,Timesteps,Features,Model,Cross Validation,Cross Validation Params,RMSE Train,RMSE Train,MAE Train,MAE Train,MAPE Train,MAPE Train,R2 Train,R2 Train,RMSE Test,RMSE Test,MAE Test,MAE Test,MAPE Test,MAPE Test,R2 Test,R2 Test
,,,,,,,,mean,std,mean,std,mean,std,mean,std,mean,std,mean,std,mean,std,mean,std
Local Model,209,"(841, 22)",,Chemical + CS7,MLP,Blocking Time Series Split,"{""N_Splits"": 5, ""Repeats"": 3, ""train_size"": 0.8}",5.332145982079046,0.46403243211266354,4.216788767344915,0.36035877996054766,0.09633591466487973,0.007304488028393906,0.4175412195942265,0.15338027453638553,9.589350894014002,2.443056942293788,7.585792754678166,2.089575473948305,0.16618168087004737,0.04227653025618529,-0.918372505071984,0.6943536604712506
Local Model,209,"(841, 22)",,Chemical + CS7,MLP,Out of time Split,"{""Test Size"": 0.2}",1.3022831457519424,0.04907577987142162,1.0203557886774595,0.0413708378893028,0.023469974978970427,0.0012385741558543976,0.9681382339726419,0.00241664398153069,1.5165074129734009,0.13946330870789136,1.2107652758235297,0.11015064787360798,0.027909301514232838,0.002744968263994618,0.9413049895373176,0.010542049930715395
Local Model,209,"(841, 22)",,Chemical + CS7,MLP,Repeated KFold,"{""N_Splits"": 5, ""Repeats"": 3}",1.3631186481534523,0.12025455710478038,1.0769943520588647,0.09854355182064933,0.024826230976604653,0.002327070606403851,0.9630134275097981,0.006662799171913833,1.437526980884005,0.18153241087109592,1.135755414735257,0.13217306034611204,0.026236967541893245,0.0030847570304737963,0.9580677974103443,0.01153832496995906
Local Model,209,"(841, 22)",,Chemical + CS7,MLP,Time Series Split,"{""N_Splits"": 5, ""Repeats"": 3, ""Gap"": 0}",2.7074519270615554,1.423259187235212,2.142522270328296,1.1320355566947788,0.049457065954925425,0.025533649228618803,0.8270878634146671,0.18252488990849583,5.239774188700353,2.9548261860868994,4.007274847666424,2.191255762933901,0.0931089959487368,0.04932416046680545,0.3260163356502336,0.6500065240497762
