Category,Company,Data Shape,Timesteps,Features,Model,Cross Validation,Cross Validation Params,RMSE Train,RMSE Train,MAE Train,MAE Train,MAPE Train,MAPE Train,R2 Train,R2 Train,RMSE Test,RMSE Test,MAE Test,MAE Test,MAPE Test,MAPE Test,R2 Test,R2 Test
,,,,,,,,mean,std,mean,std,mean,std,mean,std,mean,std,mean,std,mean,std,mean,std
Local Model,209,"(841, 21)",,Chemical,Random Forest,Blocking Time Series Split,"{""N_Splits"": 5, ""Repeats"": 1, ""train_size"": 0.8}",1.1424297475377052,0.06744597797372272,0.8909532448083708,0.052690585337777956,0.02062830913839692,0.0011952599193109368,0.9737450115293618,0.0035122238501046218,1.75357075544051,0.41329144475467705,1.3213470750359917,0.3276241254872482,0.03034926404610258,0.007568051466249185,0.9314883531979552,0.03633153303444188
Local Model,209,"(841, 21)",,Chemical,Random Forest,Out of time Split,"{""Test Size"": 0.2}",1.4993079687083624,0.0,1.199592599706624,0.0,0.027517728317307227,0.0,0.9578279811402542,0.0,2.3858176264527478,0.0,1.783314610385816,0.0,0.041795253942870904,0.0,0.8559447507496769,0.0
Local Model,209,"(841, 21)",,Chemical,Random Forest,Repeated KFold,"{""N_Splits"": 5, ""Repeats"": 3}",1.5728874290872106,0.021236705360422405,1.2360949082538573,0.01719513438659999,0.028419784836934227,0.00043826543191412504,0.9510943104266331,0.001638374532542627,1.7731515161670368,0.14564765496210205,1.3773064406817377,0.08359148818864331,0.031782710930997424,0.0022442221439417055,0.9369944892571361,0.011387449111852061
Local Model,209,"(841, 21)",,Chemical,Random Forest,Time Series Split,"{""N_Splits"": 5, ""Repeats"": 1, ""Gap"": 0}",1.4013466808805384,0.14048347511942524,1.1010804019477933,0.12287905707989474,0.02519241111999434,0.0028135573622776228,0.9635504804065743,0.007029508304242122,2.051391561779443,0.2609920727462195,1.6247704508191911,0.17402843030810977,0.0376661036539548,0.004670047602754792,0.9097876909480002,0.03243884659155808
