Category,Company,Data Shape,Timesteps,Features,Model,Cross Validation,Cross Validation Params,RMSE Train,RMSE Train,MAE Train,MAE Train,MAPE Train,MAPE Train,R2 Train,R2 Train,RMSE Test,RMSE Test,MAE Test,MAE Test,MAPE Test,MAPE Test,R2 Test,R2 Test
,,,,,,,,mean,std,mean,std,mean,std,mean,std,mean,std,mean,std,mean,std,mean,std
Local Model,209,"(841, 26)",,Chemical + Properties CS Less,XGBoost,Blocking Time Series Split,"{""N_Splits"": 5, ""Repeats"": 1, ""train_size"": 0.8}",1.5907706628389786,0.06483361354595545,1.3083441697305718,0.06705664348137355,0.031372238269718605,0.001658804812089165,0.9494030132319843,0.002034870651433655,2.459272059027655,0.31244158864873883,1.8607493501551005,0.307530437237264,0.04396785433592498,0.007329718690597209,0.8701788683179924,0.04420713917232973
Local Model,209,"(841, 26)",,Chemical + Properties CS Less,XGBoost,Out of time Split,"{""Test Size"": 0.2}",1.8293817996365513,0.0,1.5066177356810806,0.0,0.03592146011962733,0.0,0.9372156501152569,0.0,2.7440467262673147,0.0,1.6757230815097421,0.0,0.03777519644069626,0.0,0.809437427345564,0.0
Local Model,209,"(841, 26)",,Chemical + Properties CS Less,XGBoost,Repeated KFold,"{""N_Splits"": 5, ""Repeats"": 3}",1.8314247388705576,0.018216561346967846,1.492141759907931,0.014727469078366954,0.03547669698990205,0.0003851473515207927,0.9337088194740149,0.001574899033876358,2.029914956384396,0.12157282009926978,1.615550152495668,0.07784427166181938,0.03834533399374888,0.002091981898895397,0.9179818742808253,0.009300633277921142
Local Model,209,"(841, 26)",,Chemical + Properties CS Less,XGBoost,Time Series Split,"{""N_Splits"": 5, ""Repeats"": 1, ""Gap"": 0}",1.7504287034332937,0.07954720158430129,1.4455888329253468,0.055720201399136936,0.03447212902580648,0.0011464455457642878,0.9435867618095551,0.004985140340663538,2.1681886059346143,0.31702632553039967,1.7359087033952996,0.28832881243102443,0.04180729171455329,0.008015510355480938,0.9028925793873,0.02422268709339245
