Category,Company,Data Shape,Timesteps,Features,Model,Cross Validation,Cross Validation Params,RMSE Train,RMSE Train,MAE Train,MAE Train,MAPE Train,MAPE Train,R2 Train,R2 Train,RMSE Test,RMSE Test,MAE Test,MAE Test,MAPE Test,MAPE Test,R2 Test,R2 Test
,,,,,,,,mean,std,mean,std,mean,std,mean,std,mean,std,mean,std,mean,std,mean,std
Local Model,209,"(841, 25)",,Chemical + Feature Engineering,XGBoost,Blocking Time Series Split,"{""N_Splits"": 5, ""Repeats"": 1, ""train_size"": 0.8}",1.6090782087383757,0.08279212424631413,1.3133205561851398,0.07746883250236505,0.0315578349368667,0.0019756540322034134,0.9483078708702651,0.001302521434356075,2.473228159175466,0.46440658760547293,1.8955583998736227,0.4521729713211301,0.04502617320376438,0.010541786916284525,0.8685714243306937,0.048411671406203866
Local Model,209,"(841, 25)",,Chemical + Feature Engineering,XGBoost,Out of time Split,"{""Test Size"": 0.2}",1.8393718824977727,0.0,1.5191416524705441,0.0,0.03617899246118583,0.0,0.9365280588698712,0.0,2.801529770588687,0.0,1.7461178841675538,0.0,0.03895665355003657,0.0,0.8013698885333644,0.0
Local Model,209,"(841, 25)",,Chemical + Feature Engineering,XGBoost,Repeated KFold,"{""N_Splits"": 5, ""Repeats"": 3}",1.8762801794278312,0.024847732599538888,1.5243291975792337,0.021140016684818883,0.03622001843537822,0.0005379688779706657,0.9304150255512813,0.0021008477959641304,2.055322571397759,0.13034095768772633,1.6398691931314586,0.10243515294175091,0.03884671779125468,0.0026088189808075755,0.9160410237924368,0.008596514521647423
Local Model,209,"(841, 25)",,Chemical + Feature Engineering,XGBoost,Time Series Split,"{""N_Splits"": 5, ""Repeats"": 1, ""Gap"": 0}",1.8043768612435933,0.08093287680927204,1.4790985081546661,0.07582364837140826,0.03526234279007716,0.0016136087559434755,0.9400575564187836,0.005249611711096479,2.401958298773446,0.3083246717734452,1.8472924597603946,0.24029110784711227,0.04430532279629994,0.006461722718625002,0.878201859248785,0.03668802068861305
