Category,Company,Data Shape,Timesteps,Features,Model,Cross Validation,Cross Validation Params,RMSE Train,RMSE Train,MAE Train,MAE Train,MAPE Train,MAPE Train,R2 Train,R2 Train,RMSE Test,RMSE Test,MAE Test,MAE Test,MAPE Test,MAPE Test,R2 Test,R2 Test
,,,,,,,,mean,std,mean,std,mean,std,mean,std,mean,std,mean,std,mean,std,mean,std
Local Model,209,"(841, 22)",,Chemical + CS7,XGBoost,Blocking Time Series Split,"{""N_Splits"": 5, ""Repeats"": 1, ""train_size"": 0.8}",1.5242950899608292,0.06215648284615537,1.2787021466155561,0.06594701014917195,0.030721250379035604,0.0017079721249672834,0.9535530116238965,0.0016231323698653224,1.9331737344408946,0.2611006377792903,1.4441389106301727,0.2566607529062512,0.03440479399419074,0.0060080094542125494,0.9205008231310879,0.02448034483943445
Local Model,209,"(841, 22)",,Chemical + CS7,XGBoost,Out of time Split,"{""Test Size"": 0.2}",1.6314925027816565,0.0,1.3430335067567383,0.0,0.03215235949613376,0.0,0.9500641026693064,0.0,1.751203330235446,0.0,1.2241975637582645,0.0,0.02843987691695868,0.0,0.9223882007863539,0.0
Local Model,209,"(841, 22)",,Chemical + CS7,XGBoost,Repeated KFold,"{""N_Splits"": 5, ""Repeats"": 3}",1.6050809394900367,0.008168722169584662,1.3114469728865963,0.008442312112334918,0.031294984857288724,0.00021866112234119247,0.9490906206719208,0.00045413701426041963,1.680531376138399,0.07696403233195101,1.371353202265195,0.07364452094333931,0.03262394467594157,0.0019573271066680464,0.9438919361454061,0.004314841389405889
Local Model,209,"(841, 22)",,Chemical + CS7,XGBoost,Time Series Split,"{""N_Splits"": 5, ""Repeats"": 1, ""Gap"": 0}",1.6191301757469685,0.030649028348634463,1.3343337078192221,0.02646113278650215,0.031945068839764154,0.0004367226024092061,0.9518192379547094,0.0014682768620149103,1.7843876594761157,0.299156276374746,1.468189513070245,0.27081635652181857,0.03525932389918572,0.00692115806857738,0.9347415749522485,0.016422619394425415
