Category,Company,Data Shape,Timesteps,Features,Model,Cross Validation,Cross Validation Params,RMSE Train,RMSE Train,MAE Train,MAE Train,MAPE Train,MAPE Train,R2 Train,R2 Train,RMSE Test,RMSE Test,MAE Test,MAE Test,MAPE Test,MAPE Test,R2 Test,R2 Test
,,,,,,,,mean,std,mean,std,mean,std,mean,std,mean,std,mean,std,mean,std,mean,std
Local Model,partner_ii,"(78, 19)",,Chemical + Mineralogical + Properties CS Less,Linear Regression,Blocking Time Series Split,"{""N_Splits"": 5, ""Repeats"": 1, ""train_size"": 0.8}",4.715900104752894e-15,6.924451403228904e-16,3.197442310920451e-15,8.86202491958448e-16,8.027760304316194e-17,2.0936764100770975e-17,1.0,0.0,10.994745376500278,15.992304557679066,7.395496830836182,9.670963353918397,0.19747525623247925,0.2647921059800644,-4165.8221688563,8315.094297711164
Local Model,partner_ii,"(78, 19)",,Chemical + Mineralogical + Properties CS Less,Linear Regression,Out of time Split,"{""Test Size"": 0.2}",1.848718676254312,0.0,1.4716545182664704,0.0,0.03656179834568026,0.0,0.5225334597734539,0.0,2.0089085324123617,0.0,1.5526927960705161,0.0,0.041020207909277503,0.0,-1.416452468299009,0.0
Local Model,partner_ii,"(78, 19)",,Chemical + Mineralogical + Properties CS Less,Linear Regression,Repeated KFold,"{""N_Splits"": 5, ""Repeats"": 3}",1.7141306405774526,0.12278888978134377,1.34237230652834,0.10189557072966324,0.03374461119559371,0.002563831616084584,0.5735616542544059,0.051940985784115996,18.566807371696367,31.70622384082497,6.303638354013561,8.1000002195222,0.16655000328783431,0.22083715614705166,-265.94085254878576,762.7524318041725
Local Model,partner_ii,"(78, 19)",,Chemical + Mineralogical + Properties CS Less,Linear Regression,Time Series Split,"{""N_Splits"": 5, ""Repeats"": 1, ""Gap"": 0}",1.2610590379315432,0.7131270151216699,1.036363593613344,0.5762400400830249,0.025408033284422503,0.014263053526449942,0.6406635623578202,0.23048213123494435,19.862758164741507,27.09249845584188,8.858373490500213,7.056243249966306,0.23097408831425376,0.19363868073807927,-632.9155049932328,1200.4897342498166
