Category,Company,Data Shape,Timesteps,Features,Model,Cross Validation,Cross Validation Params,RMSE Train,RMSE Train,MAE Train,MAE Train,MAPE Train,MAPE Train,R2 Train,R2 Train,RMSE Test,RMSE Test,MAE Test,MAE Test,MAPE Test,MAPE Test,R2 Test,R2 Test
,,,,,,,,mean,std,mean,std,mean,std,mean,std,mean,std,mean,std,mean,std,mean,std
Local Model,partner_ii,"(78, 14)",,Chemical + Mineralogical + CS7,Linear Regression,Blocking Time Series Split,"{""N_Splits"": 5, ""Repeats"": 1, ""train_size"": 0.8}",4.0464071264797326e-15,6.74997786284484e-16,2.3684757858670005e-15,7.489778066296962e-16,5.892058362079209e-17,1.571086203192657e-17,1.0,0.0,10.599674962055849,7.756384444825957,8.654466363877376,4.881614146876013,0.21975729530001503,0.119188862867457,-240.8232507330315,246.48939183853574
Local Model,partner_ii,"(78, 14)",,Chemical + Mineralogical + CS7,Linear Regression,Out of time Split,"{""Test Size"": 0.2}",1.40828214446818,0.0,1.170935854600964,0.0,0.029364461779730424,0.0,0.7229356610033976,0.0,2.586096240921435,0.0,2.15267273894318,0.0,0.05682923330178321,0.0,-3.0044907636218205,0.0
Local Model,partner_ii,"(78, 14)",,Chemical + Mineralogical + CS7,Linear Regression,Repeated KFold,"{""N_Splits"": 5, ""Repeats"": 3}",1.401836504128006,0.08228632549116682,1.1238031864537215,0.06532659183155091,0.028457260639885806,0.0017168201149215397,0.7151367331158577,0.027191239948238567,2.060978562606247,0.5427495873284114,1.6224143442819996,0.33344233190387895,0.040859315835977815,0.008551414644423189,0.21775344139192507,0.485659682200996
Local Model,partner_ii,"(78, 14)",,Chemical + Mineralogical + CS7,Linear Regression,Time Series Split,"{""N_Splits"": 5, ""Repeats"": 1, ""Gap"": 0}",1.0459887028729764,0.5487393296817451,0.8444136925414941,0.4534891211965603,0.020684994023839172,0.01124950651862291,0.7547320088479188,0.14488763728353107,3.537144169559544,2.15464074176893,2.9794893171638157,1.934307847249607,0.07338108239386404,0.044316243456991,-7.84753012024516,10.176365793985159
