Category,Company,Data Shape,Timesteps,Features,Model,Cross Validation,Cross Validation Params,RMSE Train,RMSE Train,MAE Train,MAE Train,MAPE Train,MAPE Train,R2 Train,R2 Train,RMSE Test,RMSE Test,MAE Test,MAE Test,MAPE Test,MAPE Test,R2 Test,R2 Test
,,,,,,,,mean,std,mean,std,mean,std,mean,std,mean,std,mean,std,mean,std,mean,std
Local Model,partner_ii,"(78, 22)",,Chemical + Mineralogical + Physical,Linear Regression,Blocking Time Series Split,"{""N_Splits"": 5, ""Repeats"": 1, ""train_size"": 0.8}",3.311010611517599e-15,1.2880152227182881e-15,1.7763568394002505e-15,1.4979556132593924e-15,4.357524502308741e-17,3.55063489394285e-17,1.0,0.0,11.013220266124657,15.863638114247035,7.200057434542005,9.068330209735134,0.19128602602753275,0.24881198482470543,-4108.855073622022,8191.318276208145
Local Model,partner_ii,"(78, 22)",,Chemical + Mineralogical + Physical,Linear Regression,Out of time Split,"{""Test Size"": 0.2}",1.10033702064395,0.0,0.8836976215405481,0.0,0.0220133694572803,0.0,0.8308575039050121,0.0,2.300773389170289,0.0,1.7510743469685988,0.0,0.04585001253759846,0.0,-2.169608491004976,0.0
Local Model,partner_ii,"(78, 22)",,Chemical + Mineralogical + Physical,Linear Regression,Repeated KFold,"{""N_Splits"": 5, ""Repeats"": 3}",1.1348949577232532,0.0555599381254863,0.9194278067280112,0.04467537922946711,0.023278942755912666,0.0011693899721753516,0.8123370783401177,0.02390047365241716,7.806220218174726,11.988667420313462,3.195748925224626,3.1455980010907205,0.08357545134603638,0.0858318910668745,-41.56567509607815,121.29474671243356
Local Model,partner_ii,"(78, 22)",,Chemical + Mineralogical + Physical,Linear Regression,Time Series Split,"{""N_Splits"": 5, ""Repeats"": 1, ""Gap"": 0}",0.7329421116270864,0.42378958753504714,0.5866051504697506,0.34662013472192926,0.014329617540041823,0.00857996159214237,0.8776654684291062,0.08102765326299582,11.934964232601683,16.297339174293814,5.223823830739965,4.247195451105513,0.13646554236605832,0.1171846529799658,-226.30882221009364,438.52855709945635
