Category,Company,Data Shape,Timesteps,Features,Model,Cross Validation,Cross Validation Params,RMSE Train,RMSE Train,MAE Train,MAE Train,MAPE Train,MAPE Train,R2 Train,R2 Train,RMSE Test,RMSE Test,MAE Test,MAE Test,MAPE Test,MAPE Test,R2 Test,R2 Test
,,,,,,,,mean,std,mean,std,mean,std,mean,std,mean,std,mean,std,mean,std,mean,std
Local Model,partner_ii,"(78, 14)",,Chemical + Mineralogical + CS3,Linear Regression,Blocking Time Series Split,"{""N_Splits"": 5, ""Repeats"": 1, ""train_size"": 0.8}",5.3185455318913686e-15,2.317571728043859e-15,3.552713678800501e-15,2.1184291441043393e-15,9.087327201174392e-17,5.5247176992315266e-17,1.0,0.0,8.70171390312502,7.3889817085059555,6.816811240450884,4.855589491856952,0.1740076285794033,0.11990751403030517,-261.00963490218356,229.09159691811095
Local Model,partner_ii,"(78, 14)",,Chemical + Mineralogical + CS3,Linear Regression,Out of time Split,"{""Test Size"": 0.2}",1.2717134100672245,0.0,1.0545882564470221,0.0,0.026343291905933975,0.0,0.7740669385306174,0.0,3.2093757216961105,0.0,2.397629085008298,0.0,0.0632927856523453,0.0,-5.167356541229289,0.0
Local Model,partner_ii,"(78, 14)",,Chemical + Mineralogical + CS3,Linear Regression,Repeated KFold,"{""N_Splits"": 5, ""Repeats"": 3}",1.5821144197323638,0.1197843976986808,1.224549118845446,0.0838871915160047,0.031062867563305268,0.002133818359015358,0.6352395868641889,0.05244213596867287,2.616325631303996,1.074255428181219,1.890995941351639,0.5917230847331209,0.0476586542687348,0.014591763794593133,-0.2919321861141403,1.0158091334800305
Local Model,partner_ii,"(78, 14)",,Chemical + Mineralogical + CS3,Linear Regression,Time Series Split,"{""N_Splits"": 5, ""Repeats"": 1, ""Gap"": 0}",0.9147789494711395,0.4860806224098765,0.7379021640591406,0.39653731388017677,0.018082848122305078,0.009842157555583627,0.8137173617905333,0.10808247226480971,2.8775927006508857,0.8216184299720084,2.4716310487091313,0.732797644976633,0.06324640136819185,0.017821697240924927,-4.291363455725139,4.425191954702573
