Category,Company,Data Shape,Timesteps,Features,Model,Cross Validation,Cross Validation Params,RMSE Train,RMSE Train,MAE Train,MAE Train,MAPE Train,MAPE Train,R2 Train,R2 Train,RMSE Test,RMSE Test,MAE Test,MAE Test,MAPE Test,MAPE Test,R2 Test,R2 Test
,,,,,,,,mean,std,mean,std,mean,std,mean,std,mean,std,mean,std,mean,std,mean,std
Local Model,partner_ii,"(78, 18)",,Chemical + Mineralogical + Feature Engineering,Linear Regression,Blocking Time Series Split,"{""N_Splits"": 5, ""Repeats"": 1, ""train_size"": 0.8}",5.8572589601163675e-15,1.3692836303241196e-15,4.381680203853951e-15,1.5710691013525966e-15,1.0897539176444709e-16,3.537343171624203e-17,1.0,0.0,12.024183698803178,11.63966856997547,9.361049063437054,7.2446435447087865,0.23731294666634054,0.17511530596463248,-379.56870751962776,525.2676000675482
Local Model,partner_ii,"(78, 18)",,Chemical + Mineralogical + Feature Engineering,Linear Regression,Out of time Split,"{""Test Size"": 0.2}",1.9013429097947372,0.0,1.5077014106570512,0.0,0.03783398322292087,0.0,0.49496417693239025,0.0,1.6659260528909572,0.0,1.3022325295422421,0.0,0.034463753259420665,0.0,-0.6617640920946295,0.0
Local Model,partner_ii,"(78, 18)",,Chemical + Mineralogical + Feature Engineering,Linear Regression,Repeated KFold,"{""N_Splits"": 5, ""Repeats"": 3}",1.737127081352079,0.11110296372911317,1.377915157003609,0.10575580244461255,0.03481148030687627,0.0026732464236318356,0.5617670959447421,0.05135180295092254,3.323911698085401,1.6258966540842699,2.33178517279252,0.7363227900445124,0.05839072469695982,0.018002888688459125,-1.118306395999926,1.9322850957211968
Local Model,partner_ii,"(78, 18)",,Chemical + Mineralogical + Feature Engineering,Linear Regression,Time Series Split,"{""N_Splits"": 5, ""Repeats"": 1, ""Gap"": 0}",1.3218218491912495,0.7051627714284746,1.0352685183670256,0.5540351967812351,0.025504771060957544,0.01384542867616028,0.6161834114190121,0.21217349059415938,8.462287713863352,8.518795086610336,6.88829973562194,6.534316275327181,0.1682714223537123,0.14881731099447398,-46.83457816788333,65.31983954196271
