Category,Company,Data Shape,Timesteps,Features,Model,Cross Validation,Cross Validation Params,RMSE Train,RMSE Train,MAE Train,MAE Train,MAPE Train,MAPE Train,R2 Train,R2 Train,RMSE Test,RMSE Test,MAE Test,MAE Test,MAPE Test,MAPE Test,R2 Test,R2 Test
,,,,,,,,mean,std,mean,std,mean,std,mean,std,mean,std,mean,std,mean,std,mean,std
Global Model,204,"(849, 17)",7,Chemical + Physical,BidirectionalLSTM,Blocking Time Series Split,"{""N_Splits"": 5, ""Repeats"": 3, ""train_size"": 0.8}",1.079385874894618,0.15691637400476138,0.8152281797471482,0.11886292559251636,0.019274840604681393,0.002950093174200313,0.9596491838876567,0.01886332222008874,20.46057265787438,23.70947201295035,12.352804824655708,11.367865328815371,0.2992718343457218,0.29182711739573497,-39.52104453995874,71.66691263557256
Global Model,204,"(849, 17)",7,Chemical + Physical,BidirectionalLSTM,Out of time Split,"{""Test Size"": 0.2}",0.9486946687620793,0.0,0.742180659168607,0.0,0.0175682790281028,0.0,0.9758240828465521,0.0,7.929678664791626,0.0,5.955230306324206,0.0,0.16687432728114746,0.0,-1.4948410533321599,2.220446049250313e-16
Global Model,204,"(849, 17)",7,Chemical + Physical,BidirectionalLSTM,Repeated KFold,"{""N_Splits"": 5, ""Repeats"": 3}",1.0175724699362534,0.15008954822155343,0.8019147524466237,0.1281966275029543,0.01944824859074847,0.002869583228138271,0.9724117582241185,0.00865973917556116,1.5324232027166544,0.1370008417162077,1.2160683282218607,0.1006546954075542,0.02990665803411916,0.0027831683292431748,0.9376808606577457,0.013045983133538927
Global Model,204,"(849, 17)",7,Chemical + Physical,BidirectionalLSTM,Time Series Split,"{""N_Splits"": 5, ""Repeats"": 3, ""Gap"": 0}",1.0515475638293634,0.1826230398566106,0.8209953264662357,0.15079748362192455,0.01996256487301239,0.004017671609502587,0.9650113487031231,0.01542072489441927,12.106567005299874,16.358270634677954,6.555298169204387,7.2057793826847725,0.17699009631836413,0.2110236957963836,-10.420321256861062,21.6685878966389
