Category,Company,Data Shape,Timesteps,Features,Model,Cross Validation,Cross Validation Params,RMSE Train,RMSE Train,MAE Train,MAE Train,MAPE Train,MAPE Train,R2 Train,R2 Train,RMSE Test,RMSE Test,MAE Test,MAE Test,MAPE Test,MAPE Test,R2 Test,R2 Test
,,,,,,,,mean,std,mean,std,mean,std,mean,std,mean,std,mean,std,mean,std,mean,std
Global Model,204,"(849, 9)",7,Chemical,BidirectionalLSTM,Blocking Time Series Split,"{""N_Splits"": 5, ""Repeats"": 3, ""train_size"": 0.8}",0.6177650224112444,0.05843824426067775,0.47406083696058,0.046833447830139235,0.011521418703854171,0.0017028242937590218,0.9869027832861895,0.005282748928441769,5.407943199038655,2.838186910620754,3.795448146299883,1.638202364359158,0.09464550974881439,0.04298451215749281,-0.3134113002193379,1.1981553517815562
Global Model,204,"(849, 9)",7,Chemical,BidirectionalLSTM,Out of time Split,"{""Test Size"": 0.2}",0.7424939658282593,1.1102230246251565e-16,0.5487946182227892,0.0,0.012791108785125216,1.734723475976807e-18,0.9851913354414016,0.0,17.815814651915858,0.0,9.659890732012297,0.0,0.2631078061478311,0.0,-11.593402267453632,1.7763568394002505e-15
Global Model,204,"(849, 9)",7,Chemical,BidirectionalLSTM,Repeated KFold,"{""N_Splits"": 5, ""Repeats"": 3}",0.702534066266687,0.036096706327249775,0.5372338462960808,0.025596196123992856,0.01292178585408438,0.0006527031473563446,0.9870807048822948,0.0013365385956032442,1.8875135464985562,0.2675475827036196,1.4260003047735694,0.16009052493865022,0.03468838109034459,0.004017850186623953,0.9045220966365609,0.03006675002265874
Global Model,204,"(849, 9)",7,Chemical,BidirectionalLSTM,Time Series Split,"{""N_Splits"": 5, ""Repeats"": 3, ""Gap"": 0}",0.6997333522454838,0.08227571821222382,0.5269167542048888,0.0618479228089543,0.012585927851660768,0.0014724254277214566,0.9849679890452112,0.004814996684550922,12.397421620099413,12.354524015971622,6.969732921759739,4.738509493507813,0.18218908028649897,0.14022830720498677,-7.627719812343642,14.11773791641034
