Category,Company,Data Shape,Timesteps,Features,Model,Cross Validation,Cross Validation Params,RMSE Train,RMSE Train,MAE Train,MAE Train,MAPE Train,MAPE Train,R2 Train,R2 Train,RMSE Test,RMSE Test,MAE Test,MAE Test,MAPE Test,MAPE Test,R2 Test,R2 Test
,,,,,,,,mean,std,mean,std,mean,std,mean,std,mean,std,mean,std,mean,std,mean,std
Global Model,204,"(849, 17)",7,Chemical + Physical,Conv1D,Blocking Time Series Split,"{""N_Splits"": 5, ""Repeats"": 3, ""train_size"": 0.8}",1.1743236053610184,0.10171555508087397,0.9027092122484898,0.07991090530979644,0.022190054531714146,0.0007118931111975726,0.955565236043095,0.0041266900088477694,2.468582158341484,0.7574375976753007,1.9866218358820131,0.6044511332715636,0.0459694358007072,0.012661558682691115,0.7655343939164726,0.12792106688033833
Global Model,204,"(849, 17)",7,Chemical + Physical,Conv1D,Out of time Split,"{""Test Size"": 0.2}",1.2104661475998943,0.0,0.9698388891176809,0.0,0.023443487577796806,0.0,0.960641790307566,0.0,2.6328265315098043,0.0,2.1605210956774257,0.0,0.05914784614407518,0.0,0.7249724525647693,1.1102230246251565e-16
Global Model,204,"(849, 17)",7,Chemical + Physical,Conv1D,Repeated KFold,"{""N_Splits"": 5, ""Repeats"": 3}",1.1944083693688734,0.026128137464888488,0.9378767650053575,0.018899665834975137,0.02316214454923525,0.0004995937453704622,0.9627282285019725,0.0017499556994883209,1.6599859408697613,0.10998422123686924,1.3385534432483106,0.08334544550586523,0.03270423307871984,0.0020698617816966285,0.9272571134535802,0.011660088756030619
Global Model,204,"(849, 17)",7,Chemical + Physical,Conv1D,Time Series Split,"{""N_Splits"": 5, ""Repeats"": 3, ""Gap"": 0}",1.1473467553636434,0.06277127308944429,0.9211674753606832,0.051517452023196415,0.022748316097933683,0.0008752029900550938,0.9608461538944228,0.0006358866556073742,3.935120371870468,1.31530961609805,2.8326318607369996,0.6543466826711064,0.06962711747768258,0.01959841621559757,0.5042302324816667,0.31145477092202756
