Category,Company,Data Shape,Timesteps,Features,Model,Cross Validation,Cross Validation Params,RMSE Train,RMSE Train,MAE Train,MAE Train,MAPE Train,MAPE Train,R2 Train,R2 Train,RMSE Test,RMSE Test,MAE Test,MAE Test,MAPE Test,MAPE Test,R2 Test,R2 Test
,,,,,,,,mean,std,mean,std,mean,std,mean,std,mean,std,mean,std,mean,std,mean,std
Global Model,204,"(849, 9)",7,Chemical,LSTM,Blocking Time Series Split,"{""N_Splits"": 5, ""Repeats"": 3, ""train_size"": 0.8}",23.517762043935946,40.17871204908393,3.9950126108150075,4.180603283455537,0.10524023856195192,0.11030737863478635,-66.4088625841438,133.94581386333002,80.77764353269956,90.2573449468536,30.792403550581508,30.74597191355056,0.7228173165150891,0.7072171301392497,-569.4487863339327,988.1441442863979
Global Model,204,"(849, 9)",7,Chemical,LSTM,Out of time Split,"{""Test Size"": 0.2}",4.188923315701826,0.0,3.272888806526312,4.440892098500626e-16,0.08099285498394874,0.0,0.5286593908564743,0.0,17.79185316582242,0.0,7.930813302491841,0.0,0.22202754622494905,0.0,-11.55954990487564,0.0
Global Model,204,"(849, 9)",7,Chemical,LSTM,Repeated KFold,"{""N_Splits"": 5, ""Repeats"": 3}",12.824073211603714,11.029749673615136,5.145176459694327,1.812258036222239,0.13155602986188936,0.047980993003749736,-6.480610577544327,12.527079268288922,22.163914393401942,23.882385732645595,7.6064895811401145,5.649642311227218,0.19882318244273375,0.16105101885754017,-27.793440680014957,66.0808419047094
Global Model,204,"(849, 9)",7,Chemical,LSTM,Time Series Split,"{""N_Splits"": 5, ""Repeats"": 3, ""Gap"": 0}",22.3540499724592,15.898707577657893,6.06867632378496,2.498053786082316,0.16017514132871338,0.06692495459743247,-19.524317353954284,22.494285608521626,20.946236239239433,15.341042592295858,9.083649588963016,2.667423782782907,0.2336175452525591,0.06396644168409632,-18.285584152389376,27.20187266318364
