Category,Company,Data Shape,Timesteps,Features,Model,Cross Validation,Cross Validation Params,RMSE Train,RMSE Train,MAE Train,MAE Train,MAPE Train,MAPE Train,R2 Train,R2 Train,RMSE Test,RMSE Test,MAE Test,MAE Test,MAPE Test,MAPE Test,R2 Test,R2 Test
,,,,,,,,mean,std,mean,std,mean,std,mean,std,mean,std,mean,std,mean,std,mean,std
Global Model,204,"(849, 17)",1,Chemical + Physical,LSTM,Blocking Time Series Split,"{""N_Splits"": 5, ""Repeats"": 3, ""train_size"": 0.8}",0.9477632679543223,0.16453189254089268,0.7389315988046151,0.14252438600250755,0.017931828699558828,0.002556534945258322,0.9721695886938978,0.005012712095432624,2.0533181437418984,0.7476793155084351,1.5193508897669177,0.4199862082503428,0.03634663401961887,0.011387437289752432,0.8470933562821953,0.13008420300154533
Global Model,204,"(849, 17)",1,Chemical + Physical,LSTM,Out of time Split,"{""Test Size"": 0.2}",1.0158641017904746,0.0,0.784388503915958,0.0,0.018574990629219364,0.0,0.9725156497233662,0.0,4.924336723919478,0.0,3.8131731325037337,4.440892098500626e-16,0.1090620541749925,0.0,0.03888843668199515,0.0
Global Model,204,"(849, 17)",1,Chemical + Physical,LSTM,Repeated KFold,"{""N_Splits"": 5, ""Repeats"": 3}",1.0206084332395433,0.022814514227553095,0.7829612557872843,0.018435715921558574,0.01885329708260536,0.00042187063879973,0.972844322578959,0.0013307010638455154,1.256722147795927,0.0594443561610313,0.9763462201010588,0.051665841056986295,0.023758494832050767,0.001293405927283431,0.958412974969497,0.00458163160843324
Global Model,204,"(849, 17)",1,Chemical + Physical,LSTM,Time Series Split,"{""N_Splits"": 5, ""Repeats"": 3, ""Gap"": 0}",0.9343501306024091,0.06490935906802506,0.7233597528636729,0.05160470013194749,0.017552494803173172,0.0010452058227946217,0.9744158958409463,0.0027640026851333457,3.4676806272872756,2.663303622825893,2.4818147463967617,1.5078576000726454,0.06425392667373693,0.04469527654279299,0.4566788327657932,0.7865039223732259
