Category,Company,Data Shape,Timesteps,Features,Model,Cross Validation,Cross Validation Params,RMSE Train,RMSE Train,MAE Train,MAE Train,MAPE Train,MAPE Train,R2 Train,R2 Train,RMSE Test,RMSE Test,MAE Test,MAE Test,MAPE Test,MAPE Test,R2 Test,R2 Test
,,,,,,,,mean,std,mean,std,mean,std,mean,std,mean,std,mean,std,mean,std,mean,std
Global Model,204,"(849, 9)",,Chemical,MLP,Blocking Time Series Split,"{""N_Splits"": 5, ""Repeats"": 3, ""train_size"": 0.8}",2.469819446237039,1.1204194042710542,2.1479859008789064,1.1351590767210669,0.05713280213359041,0.0344011514048802,0.7219913528297315,0.3320925154016865,4.596325185082006,2.9046258621895533,3.384640844906078,1.4782544519689729,0.08404733955989006,0.0381818456275851,0.02173564444983933,1.261862433344041
Global Model,204,"(849, 9)",,Chemical,MLP,Out of time Split,"{""Test Size"": 0.2}",1.43794467260743,0.0,1.1625352291506061,0.0,0.02829044694208928,0.0,0.9449320892642867,0.0,2.958975333488437,0.0,2.455003590303309,0.0,0.06772574424620623,0.0,0.6529748043512182,0.0
Global Model,204,"(849, 9)",,Chemical,MLP,Repeated KFold,"{""N_Splits"": 5, ""Repeats"": 3}",1.4135930315485292,0.027443450786867295,1.1158850786931693,0.01624406076778853,0.027687566292282535,0.00039406281201068806,0.9479073962332596,0.0023399588830681087,1.6501888149566217,0.13355394467972398,1.2686687452316947,0.06292579101095616,0.031521977190504584,0.0016291552199380588,0.9280392457993591,0.012213342314741806
Global Model,204,"(849, 9)",,Chemical,MLP,Time Series Split,"{""N_Splits"": 5, ""Repeats"": 3, ""Gap"": 0}",1.553405155086987,0.3826365098890105,1.3018774321812603,0.37849612112012815,0.033088254237901606,0.010916028624819048,0.92207252241448,0.050553508046973165,3.8498436037623134,2.5999414009354123,2.885799020753685,1.6272412335123123,0.07441719294637178,0.046960014826792136,0.39064246950981263,0.8287989365795065
