Category,Company,Data Shape,Timesteps,Features,Model,Cross Validation,Cross Validation Params,RMSE Train,RMSE Train,MAE Train,MAE Train,MAPE Train,MAPE Train,R2 Train,R2 Train,RMSE Test,RMSE Test,MAE Test,MAE Test,MAPE Test,MAPE Test,R2 Test,R2 Test
,,,,,,,,mean,std,mean,std,mean,std,mean,std,mean,std,mean,std,mean,std,mean,std
Global Model,204,"(849, 17)",1,Chemical + Physical,Transformer,Blocking Time Series Split,"{""N_Splits"": 5, ""Repeats"": 3, ""train_size"": 0.8}",1.2686741780009827,0.1922700254368028,0.9876519165039063,0.17566952660684285,0.024101413774515645,0.003343354358680454,0.9495585744166195,0.01046701024258413,1.9192428852475958,0.4238704086108842,1.54255649432014,0.3221518161813689,0.03685658008095836,0.007501203216934595,0.8775343431279607,0.05785837074655433
Global Model,204,"(849, 17)",1,Chemical + Physical,Transformer,Out of time Split,"{""Test Size"": 0.2}",1.410761528062445,0.0,1.1253738787599095,0.0,0.027211618861851253,0.0,0.9469944356163755,0.0,3.018178057829346,0.0,2.514734932394589,0.0,0.06872162294072054,0.0,0.6389494316248874,0.0
Global Model,204,"(849, 17)",1,Chemical + Physical,Transformer,Repeated KFold,"{""N_Splits"": 5, ""Repeats"": 3}",1.4397625667699459,0.029931974684086975,1.1397333517465262,0.025090965076323732,0.02828398959594975,0.0006366198376517486,0.9459604385215363,0.002538661781372053,1.5444288718262775,0.10069167001864449,1.2207579161928457,0.07265619744509479,0.03019217550237641,0.0019747555297157746,0.936843344870113,0.010566478284172521
Global Model,204,"(849, 17)",1,Chemical + Physical,Transformer,Time Series Split,"{""N_Splits"": 5, ""Repeats"": 3, ""Gap"": 0}",1.4083692188971122,0.026939416462519943,1.1236196758305572,0.03263869287285578,0.0275316030294276,0.0006033248891552044,0.9416675274998697,0.005921615098476817,2.8056503758233893,1.0390941244141483,2.1113972897360513,0.5530850540015083,0.05348862765497903,0.018585081457573496,0.738797266211546,0.19913033020913473
