Category,Company,Data Shape,Timesteps,Features,Model,Cross Validation,Cross Validation Params,RMSE Train,RMSE Train,MAE Train,MAE Train,MAPE Train,MAPE Train,R2 Train,R2 Train,RMSE Test,RMSE Test,MAE Test,MAE Test,MAPE Test,MAPE Test,R2 Test,R2 Test
,,,,,,,,mean,std,mean,std,mean,std,mean,std,mean,std,mean,std,mean,std,mean,std
Local Model,209,"(286, 15)",,Chemical + Properties CS Less,Decision Tree,Blocking Time Series Split,"{""N_Splits"": 5, ""Repeats"": 1, ""train_size"": 0.8}",0.541379341795466,0.229120773143872,0.42457004623826344,0.1815800622582921,0.011435233727740255,0.004937320484640709,0.6588303550148346,0.17015442397214084,1.4986994300939958,0.48421559738894177,1.2500252907727973,0.44090756270767284,0.03371483480678219,0.012002483084449737,-3.012060633291891,2.047228351352416
Local Model,209,"(286, 15)",,Chemical + Properties CS Less,Decision Tree,Out of time Split,"{""Test Size"": 0.2}",1.0182439555999743,0.0,0.819879366759835,0.0,0.022059792226506038,0.0,0.14299072576138905,0.0,1.2030507828617718,0.0,0.9623120290916523,0.0,0.026492851678147352,0.0,-0.17597561903806502,0.0
Local Model,209,"(286, 15)",,Chemical + Properties CS Less,Decision Tree,Repeated KFold,"{""N_Splits"": 5, ""Repeats"": 3}",1.0359774111487348,0.05111046697463734,0.8326499321792112,0.042572309571753716,0.022515661880788386,0.0011549112813982567,0.1571224135699642,0.07851139454993486,1.14157567103701,0.11530612684932699,0.9329837587920912,0.09294413860872576,0.025258124530974223,0.0025526493091634853,-0.05083864419468331,0.15464995267637807
Local Model,209,"(286, 15)",,Chemical + Properties CS Less,Decision Tree,Time Series Split,"{""N_Splits"": 5, ""Repeats"": 1, ""Gap"": 0}",0.849777780388367,0.19293884414706722,0.6737389505749366,0.14970174425152846,0.018033527184300627,0.004108140482153248,0.40358627488699933,0.2009148627746255,1.54605273406423,0.16644182702482177,1.3076986686579013,0.15938668718461182,0.03542058459543165,0.004667705651703039,-2.068845057571611,1.1126523209113046
