Category,Company,Data Shape,Timesteps,Features,Model,Cross Validation,Cross Validation Params,RMSE Train,RMSE Train,MAE Train,MAE Train,MAPE Train,MAPE Train,R2 Train,R2 Train,RMSE Test,RMSE Test,MAE Test,MAE Test,MAPE Test,MAPE Test,R2 Test,R2 Test
,,,,,,,,mean,std,mean,std,mean,std,mean,std,mean,std,mean,std,mean,std,mean,std
Local Model,209,"(286, 11)",,Chemical + Feature Engineering,Linear Regression,Blocking Time Series Split,"{""N_Splits"": 5, ""Repeats"": 1, ""train_size"": 0.8}",0.6821818321387361,0.17451422836532415,0.5510098049550687,0.13193035492052188,0.0148674558502969,0.003505417637573822,0.4538468972076218,0.025949228022418926,1.1181970176271634,0.5370248029698635,0.8892939640131019,0.3915218211202816,0.024193079681097306,0.011046722591159516,-0.8263094451156334,1.0792574876931917
Local Model,209,"(286, 11)",,Chemical + Feature Engineering,Linear Regression,Out of time Split,"{""Test Size"": 0.2}",0.8855353879260341,0.0,0.734856461034178,0.0,0.01976659895947907,0.0,0.35182290108588266,0.0,15.32832667495055,0.0,11.01670539332685,0.0,0.3020314604671633,0.0,-189.90613825637803,0.0
Local Model,209,"(286, 11)",,Chemical + Feature Engineering,Linear Regression,Repeated KFold,"{""N_Splits"": 5, ""Repeats"": 3}",0.9870513674515503,0.027332448863747773,0.805385731875353,0.02822339654958249,0.021754760582794408,0.0007653964589804808,0.23611410206384847,0.03306237517624246,1.0613827991086975,0.12454767214926507,0.8646782193459459,0.09312410740791072,0.02336552104659263,0.0025612316822768346,0.09131438132476513,0.15263749437335183
Local Model,209,"(286, 11)",,Chemical + Feature Engineering,Linear Regression,Time Series Split,"{""N_Splits"": 5, ""Repeats"": 1, ""Gap"": 0}",0.8669311198275332,0.06076056029008936,0.7032976861044805,0.058410826356066974,0.018810558503032822,0.001650610026080576,0.3873355920386704,0.05680057772261202,3.9619118345550524,5.503635643086982,3.2363077102223103,4.379864714922058,0.08846973076683054,0.12052920302568838,-43.71615128256697,84.34869882283222
