Category,Company,Data Shape,Timesteps,Features,Model,Cross Validation,Cross Validation Params,RMSE Train,RMSE Train,MAE Train,MAE Train,MAPE Train,MAPE Train,R2 Train,R2 Train,RMSE Test,RMSE Test,MAE Test,MAE Test,MAPE Test,MAPE Test,R2 Test,R2 Test
,,,,,,,,mean,std,mean,std,mean,std,mean,std,mean,std,mean,std,mean,std,mean,std
Local Model,209,"(286, 12)",,Chemical + CS3 + CS7,Linear Regression,Blocking Time Series Split,"{""N_Splits"": 5, ""Repeats"": 1, ""train_size"": 0.8}",0.4276356695976279,0.129506088498053,0.3362235597124012,0.10358388377800277,0.009056329954124056,0.002750024482550817,0.7875560610793216,0.04679791918235728,0.9048643494191119,0.46118343502251774,0.7750919502728276,0.4377184451468517,0.02098222701060242,0.012016471784405885,-0.26015354514186734,0.7515323854458218
Local Model,209,"(286, 12)",,Chemical + CS3 + CS7,Linear Regression,Out of time Split,"{""Test Size"": 0.2}",0.5649595292948164,0.0,0.42537593586838734,0.0,0.011418195830815173,0.0,0.7361746536315819,0.0,2.3652277700319617,0.0,1.4607809544605463,0.0,0.04085347951106956,0.0,-3.545444260279579,0.0
Local Model,209,"(286, 12)",,Chemical + CS3 + CS7,Linear Regression,Repeated KFold,"{""N_Splits"": 5, ""Repeats"": 3}",0.6606734340298851,0.013045744808486751,0.4958279188094242,0.00941861462726752,0.013372621827065358,0.0002582749852439377,0.6576635373846792,0.014248476207994853,0.7053858564959395,0.056452505000806834,0.5264774606699641,0.03124814534215747,0.014201548445506612,0.0008788488000286808,0.5948537558370336,0.07256914727848116
Local Model,209,"(286, 12)",,Chemical + CS3 + CS7,Linear Regression,Time Series Split,"{""N_Splits"": 5, ""Repeats"": 1, ""Gap"": 0}",0.5701771704488872,0.05136928730798577,0.44178339434095965,0.04266622019781841,0.011800360244818817,0.0011518080249739884,0.7343839306995369,0.03876728461513657,1.0521620459510337,0.5472814045931204,0.7755224299231122,0.3491959702495441,0.021173403326924557,0.009961590633420217,-0.5703208726961517,1.4368052843909132
