Category,Company,Data Shape,Timesteps,Features,Model,Cross Validation,Cross Validation Params,RMSE Train,RMSE Train,MAE Train,MAE Train,MAPE Train,MAPE Train,R2 Train,R2 Train,RMSE Test,RMSE Test,MAE Test,MAE Test,MAPE Test,MAPE Test,R2 Test,R2 Test
,,,,,,,,mean,std,mean,std,mean,std,mean,std,mean,std,mean,std,mean,std,mean,std
Local Model,209,"(286, 11)",,Chemical + CS7,MLP,Blocking Time Series Split,"{""N_Splits"": 5, ""Repeats"": 3, ""train_size"": 0.8}",11.996800990018905,2.172244147319372,10.46274331410726,2.372862902359562,0.2833421196502883,0.0639416571236695,-229.616222669904,164.1993977972469,14.792157903453402,3.632672186044992,13.739033169216585,4.058416162293233,0.36910275483814814,0.1075817923089721,-626.0670001350935,731.8464510944161
Local Model,209,"(286, 11)",,Chemical + CS7,MLP,Out of time Split,"{""Test Size"": 0.2}",3.9572390193303915,0.050356341721916824,3.2156583272922785,0.052893809259073714,0.08659921208775749,0.0013719703505559787,-11.946033444010832,0.3301501658487258,105.69216009440619,5.7999733776102715,77.67375517439568,4.23212576327673,2.1308792389030744,0.1159799631423529,-9102.781144722569,1011.5914019360158
Local Model,209,"(286, 11)",,Chemical + CS7,MLP,Repeated KFold,"{""N_Splits"": 5, ""Repeats"": 3}",3.5090366484409325,0.1592129382716279,2.703724204843982,0.15386291317678755,0.0729334996139161,0.00411710300562019,-8.687607364609338,1.0517104232857102,4.041920317405724,0.6418032138168082,3.008572404311054,0.35980031367063214,0.08123811382719869,0.009981943091081781,-12.696899734370755,4.649786485841628
Local Model,209,"(286, 11)",,Chemical + CS7,MLP,Time Series Split,"{""N_Splits"": 5, ""Repeats"": 3, ""Gap"": 0}",6.492763634967682,2.714514759520444,5.440287016997062,2.574307845150806,0.14579497236163397,0.06791450964023936,-43.57754661715396,49.3054357660442,32.00580600613172,44.288091865143514,26.32837593673814,35.79304150105066,0.7193381988285126,0.9837660110690667,-2866.691700341928,5536.952261926697
