Category,Company,Data Shape,Timesteps,Features,Model,Cross Validation,Cross Validation Params,RMSE Train,RMSE Train,MAE Train,MAE Train,MAPE Train,MAPE Train,R2 Train,R2 Train,RMSE Test,RMSE Test,MAE Test,MAE Test,MAPE Test,MAPE Test,R2 Test,R2 Test
,,,,,,,,mean,std,mean,std,mean,std,mean,std,mean,std,mean,std,mean,std,mean,std
Local Model,209,"(286, 11)",,Chemical + Feature Engineering,MLP,Blocking Time Series Split,"{""N_Splits"": 5, ""Repeats"": 3, ""train_size"": 0.8}",12.260868556993781,1.9598885421469594,10.580132430747707,2.097412368472954,0.28658102396447127,0.05692765418039418,-234.69389472406183,159.27302051627055,13.973484229283715,3.4959566786643768,12.380107164382938,3.538148750318215,0.33268306032251443,0.09358397650400208,-544.5655278246732,624.1497877995141
Local Model,209,"(286, 11)",,Chemical + Feature Engineering,MLP,Out of time Split,"{""Test Size"": 0.2}",4.082096563981766,0.032559011215250955,3.2815369053890824,0.053384393461437515,0.08825935499335047,0.0014939689505453794,-12.774505472889375,0.21969387790716313,106.66841635371672,3.230067313950099,78.6761384832448,2.1668479087111434,2.1582468418053202,0.059641971346991805,-9252.374553875556,562.7407132717183
Local Model,209,"(286, 11)",,Chemical + Feature Engineering,MLP,Repeated KFold,"{""N_Splits"": 5, ""Repeats"": 3}",3.283821428506397,0.15496580321063044,2.47783784832481,0.14899624023501382,0.06686218635438422,0.0040210174074905985,-7.470791692411091,0.7922507597649663,3.7890310411758388,0.6185501558488855,2.780372761978115,0.34486518781925796,0.07511825757977945,0.00949595406184575,-10.976192708588714,3.8866169638771817
Local Model,209,"(286, 11)",,Chemical + Feature Engineering,MLP,Time Series Split,"{""N_Splits"": 5, ""Repeats"": 3, ""Gap"": 0}",6.724566497849318,2.5243083507336106,5.613037987520664,2.3173841094845917,0.15017342696995092,0.06102306146656561,-44.89522215717302,45.075083426950464,31.557979497697943,42.103930854757266,25.920856515059235,33.876155508888836,0.7075809886009162,0.9308291507908217,-2670.4203498969164,5138.026516133149
