Category,Company,Data Shape,Timesteps,Features,Model,Cross Validation,Cross Validation Params,RMSE Train,RMSE Train,MAE Train,MAE Train,MAPE Train,MAPE Train,R2 Train,R2 Train,RMSE Test,RMSE Test,MAE Test,MAE Test,MAPE Test,MAPE Test,R2 Test,R2 Test
,,,,,,,,mean,std,mean,std,mean,std,mean,std,mean,std,mean,std,mean,std,mean,std
Local Model,209,"(286, 17)",,Chemical + Physical,Random Forest,Blocking Time Series Split,"{""N_Splits"": 5, ""Repeats"": 1, ""train_size"": 0.8}",0.3701669535909862,0.1059978998034327,0.27312227756605933,0.08329653333503802,0.0073807453837415075,0.002230278107004355,0.8418358052861408,0.024208760686550704,0.9631124715447694,0.26310223263271487,0.8123653914152837,0.19896007478447114,0.02193423474676396,0.005465598807246198,-0.5981134840522406,0.6036138920040194
Local Model,209,"(286, 17)",,Chemical + Physical,Random Forest,Out of time Split,"{""Test Size"": 0.2}",0.44980763823066144,0.0,0.3375299211600343,0.0,0.00907627679785555,0.0,0.8327617970744869,0.0,1.0408764804135118,0.0,0.8385933570250999,0.0,0.022757141931447313,0.0,0.11970387847946218,0.0
Local Model,209,"(286, 17)",,Chemical + Physical,Random Forest,Repeated KFold,"{""N_Splits"": 5, ""Repeats"": 3}",0.49007913177677526,0.01868867368604692,0.37757012304337745,0.014495666179677288,0.010207458891933958,0.0003897217703657748,0.8115330156090498,0.013317431200694875,0.7778408871591762,0.07460044030538969,0.5973134045351508,0.049171135080094394,0.01612000577973294,0.001381259791797939,0.5041189348782428,0.10850195467648727
Local Model,209,"(286, 17)",,Chemical + Physical,Random Forest,Time Series Split,"{""N_Splits"": 5, ""Repeats"": 1, ""Gap"": 0}",0.43642308170335475,0.02361893706852996,0.33438766963274946,0.02008522594271905,0.008963980397559936,0.0005830258508727013,0.8439114638990002,0.018986070250098505,0.948038193076967,0.2143422998162289,0.7769923417011569,0.18360585730598986,0.02110614457726744,0.005272653824205266,-0.07736613654097022,0.38261581398591415
