Category,Company,Data Shape,Timesteps,Features,Model,Cross Validation,Cross Validation Params,RMSE Train,RMSE Train,MAE Train,MAE Train,MAPE Train,MAPE Train,R2 Train,R2 Train,RMSE Test,RMSE Test,MAE Test,MAE Test,MAPE Test,MAPE Test,R2 Test,R2 Test
,,,,,,,,mean,std,mean,std,mean,std,mean,std,mean,std,mean,std,mean,std,mean,std
Local Model,209,"(286, 11)",,Chemical + Feature Engineering,Random Forest,Blocking Time Series Split,"{""N_Splits"": 5, ""Repeats"": 1, ""train_size"": 0.8}",0.48483042525388287,0.123548794834879,0.35843027502088776,0.09290735322819021,0.009675344396334655,0.0024599984207777474,0.724150165923324,0.021837417409523455,1.1825513798988694,0.3057039574593399,0.9880650133960455,0.26176182285149363,0.026812580438422884,0.007379274979917771,-1.2117892770446832,0.45689914904039425
Local Model,209,"(286, 11)",,Chemical + Feature Engineering,Random Forest,Out of time Split,"{""Test Size"": 0.2}",0.6163381650531086,0.0,0.489696975759898,0.0,0.013199792265554865,0.0,0.6860070028172236,0.0,1.3735075256187892,0.0,1.1700987876235664,0.0,0.03186400767069685,0.0,-0.5328246799088805,0.0
Local Model,209,"(286, 11)",,Chemical + Feature Engineering,Random Forest,Repeated KFold,"{""N_Splits"": 5, ""Repeats"": 3}",0.6973320334271692,0.02548884350312337,0.554376861004939,0.02094287415031415,0.01500956370867509,0.0005587865325065528,0.6185962858903719,0.023337756894900703,1.0320119051601533,0.10910516135956609,0.8311589175352466,0.08582025123852016,0.022464434935852647,0.002329229441658988,0.14149836920820433,0.13040290204909294
Local Model,209,"(286, 11)",,Chemical + Feature Engineering,Random Forest,Time Series Split,"{""N_Splits"": 5, ""Repeats"": 1, ""Gap"": 0}",0.6300824375915086,0.05039081864765864,0.4899593425291954,0.04974525447227012,0.013138665334473327,0.0014079246638120536,0.6762723972467944,0.03625571296302331,1.2059688222005465,0.2771485221212618,1.019791030660841,0.2647885104926557,0.027806518686599297,0.007650050342716472,-0.8996244383811426,0.9575826344623265
