Category,Company,Data Shape,Timesteps,Features,Model,Cross Validation,Cross Validation Params,RMSE Train,RMSE Train,MAE Train,MAE Train,MAPE Train,MAPE Train,R2 Train,R2 Train,RMSE Test,RMSE Test,MAE Test,MAE Test,MAPE Test,MAPE Test,R2 Test,R2 Test
,,,,,,,,mean,std,mean,std,mean,std,mean,std,mean,std,mean,std,mean,std,mean,std
Local Model,209,"(286, 10)",,Chemical,Random Forest,Blocking Time Series Split,"{""N_Splits"": 5, ""Repeats"": 1, ""train_size"": 0.8}",0.48864583282940366,0.11445602100036473,0.37040983682449574,0.08860979286405087,0.010007940333856592,0.002354950872273875,0.715110918315714,0.03972589882038141,1.1377676446397669,0.28649480665416455,0.9515047407856713,0.2506697596423264,0.025798553503211384,0.007008664237234678,-1.0812532952945104,0.526727423887554
Local Model,209,"(286, 10)",,Chemical,Random Forest,Out of time Split,"{""Test Size"": 0.2}",0.6173391184494547,0.0,0.49180180627691494,0.0,0.013245706515436677,0.0,0.6849863048129705,0.0,1.3254853202500294,0.0,1.1304992636204116,0.0,0.030817142537469425,0.0,-0.4275135598597155,0.0
Local Model,209,"(286, 10)",,Chemical,Random Forest,Repeated KFold,"{""N_Splits"": 5, ""Repeats"": 3}",0.6947829868775119,0.02435096926277367,0.5520315437189052,0.020949123589801267,0.01494506953529651,0.0005618751243542661,0.621377230089264,0.022666403324090274,1.0312701670402449,0.1056065860596937,0.8258728495323686,0.0828508057321779,0.022315429210835083,0.0022324346641024585,0.14183780138581698,0.1302357754563939
Local Model,209,"(286, 10)",,Chemical,Random Forest,Time Series Split,"{""N_Splits"": 5, ""Repeats"": 1, ""Gap"": 0}",0.6247038201991528,0.03857803821358675,0.48249304807227755,0.04428605027708393,0.012940772930067956,0.001271202506964406,0.6820558960061776,0.022146575520226617,1.1752713334807081,0.2175112284490214,0.9949454305922343,0.21828383562625958,0.027151819031016555,0.006403322571319738,-0.7253489865081554,0.6804389517686786
