Category,Company,Data Shape,Timesteps,Features,Model,Cross Validation,Cross Validation Params,RMSE Train,RMSE Train,MAE Train,MAE Train,MAPE Train,MAPE Train,R2 Train,R2 Train,RMSE Test,RMSE Test,MAE Test,MAE Test,MAPE Test,MAPE Test,R2 Test,R2 Test
,,,,,,,,mean,std,mean,std,mean,std,mean,std,mean,std,mean,std,mean,std,mean,std
Local Model,209,"(286, 12)",,Chemical + CS3 + CS7,Random Forest,Blocking Time Series Split,"{""N_Splits"": 5, ""Repeats"": 1, ""train_size"": 0.8}",0.34926006507350615,0.10209732633753238,0.2625862480599369,0.08340318857505391,0.007093394532974762,0.00224121401976648,0.859284537061139,0.024872143204113295,0.9497357993294535,0.2366370812825608,0.7755047339419624,0.1799458869228676,0.020925038572209793,0.005010140165935515,-0.5136172894434823,0.4993309162343793
Local Model,209,"(286, 12)",,Chemical + CS3 + CS7,Random Forest,Out of time Split,"{""Test Size"": 0.2}",0.4403046792900497,0.0,0.33400522127238685,0.0,0.008986440398821217,0.0,0.8397535408420649,0.0,1.1029058975829296,0.0,0.8712645955754704,0.0,0.023614077295014028,0.0,0.011657853218979719,0.0
Local Model,209,"(286, 12)",,Chemical + CS3 + CS7,Random Forest,Repeated KFold,"{""N_Splits"": 5, ""Repeats"": 3}",0.48848875655264795,0.021656891606453385,0.37614817417602003,0.017091280855423305,0.010169486295034277,0.00046369132894272106,0.8126488906730338,0.015894812195468486,0.7813478024714208,0.07369602042111731,0.6040926876723713,0.05130479506580719,0.016299426496841605,0.00142818841879319,0.5011971736117685,0.10025020982091543
Local Model,209,"(286, 12)",,Chemical + CS3 + CS7,Random Forest,Time Series Split,"{""N_Splits"": 5, ""Repeats"": 1, ""Gap"": 0}",0.44643058996731255,0.03566933636083268,0.34335647144138637,0.03201801883200905,0.009208822777680918,0.0008953800795815596,0.836846361374041,0.0239458565687452,0.9977407145972181,0.26119529076152065,0.8250535326422563,0.23193511234143863,0.022437269964122018,0.0066473427407112455,-0.25482661073401836,0.6023280958132804
