Category,Company,Data Shape,Timesteps,Features,Model,Cross Validation,Cross Validation Params,RMSE Train,RMSE Train,MAE Train,MAE Train,MAPE Train,MAPE Train,R2 Train,R2 Train,RMSE Test,RMSE Test,MAE Test,MAE Test,MAPE Test,MAPE Test,R2 Test,R2 Test
,,,,,,,,mean,std,mean,std,mean,std,mean,std,mean,std,mean,std,mean,std,mean,std
Local Model,209,"(286, 15)",,Chemical + Properties CS Less,Random Forest,Blocking Time Series Split,"{""N_Splits"": 5, ""Repeats"": 1, ""train_size"": 0.8}",0.4682677289959155,0.12219290759201093,0.3560235414073386,0.09513376768200227,0.009614444888473581,0.0025334416989039065,0.7436328722177554,0.012635370508840955,1.2077310196481976,0.3850394437065813,1.0279211949525842,0.3359729768334685,0.027788857754646963,0.008966670331411875,-1.3787158566694733,1.1340208969511845
Local Model,209,"(286, 15)",,Chemical + Properties CS Less,Random Forest,Out of time Split,"{""Test Size"": 0.2}",0.6161751766466682,0.0,0.4868000775619433,0.0,0.013132653915968316,0.0,0.6861730494920206,0.0,1.2058993178801407,0.0,1.036507143221303,0.0,0.028390441437835638,0.0,-0.18155106697265144,0.0
Local Model,209,"(286, 15)",,Chemical + Properties CS Less,Random Forest,Repeated KFold,"{""N_Splits"": 5, ""Repeats"": 3}",0.6835666456444206,0.021445600504752915,0.5402273333407923,0.017714350623507468,0.014629734017225083,0.0004658448218424614,0.6335464361061067,0.019576835623227616,1.0211067326009078,0.10181822487900757,0.8281008976270603,0.0954183283070761,0.022386791685711012,0.002600549385207326,0.1579454671158887,0.13069910423027153
Local Model,209,"(286, 15)",,Chemical + Properties CS Less,Random Forest,Time Series Split,"{""N_Splits"": 5, ""Repeats"": 1, ""Gap"": 0}",0.5931560568671961,0.06166747076278196,0.46382504878196473,0.05900475911455152,0.012441550855770528,0.001661796503675749,0.7136596750095718,0.03878131598111209,1.1937108398769674,0.26387774994431645,1.0222745137144795,0.2556343749469125,0.027911144938114325,0.007387849266980269,-0.7922432542598224,0.801827479991878
