Category,Company,Data Shape,Timesteps,Features,Model,Cross Validation,Cross Validation Params,RMSE Train,RMSE Train,MAE Train,MAE Train,MAPE Train,MAPE Train,R2 Train,R2 Train,RMSE Test,RMSE Test,MAE Test,MAE Test,MAPE Test,MAPE Test,R2 Test,R2 Test
,,,,,,,,mean,std,mean,std,mean,std,mean,std,mean,std,mean,std,mean,std,mean,std
Local Model,209,"(708, 11)",,Chemical + CS1,Decision Tree,Blocking Time Series Split,"{""N_Splits"": 5, ""Repeats"": 1, ""train_size"": 0.8}",1.0545147897921903,0.20958241863474286,0.8157618871918819,0.16969125780213998,0.018868371038362048,0.003881136932933877,0.9268950020249112,0.029120028171438935,1.968555420386926,0.7003064388793174,1.5030617667615416,0.4076589359501645,0.035841489888302734,0.01020464699203269,0.7074935049153297,0.2133975566016162
Local Model,209,"(708, 11)",,Chemical + CS1,Decision Tree,Out of time Split,"{""Test Size"": 0.2}",1.302811086534866,0.0,1.0260035089706685,0.0,0.02345253312698311,0.0,0.8944521159559369,0.0,2.127458670037004,0.0,1.8155780751441246,0.0,0.043999610245225536,0.0,0.7473755260842823,0.0
Local Model,209,"(708, 11)",,Chemical + CS1,Decision Tree,Repeated KFold,"{""N_Splits"": 5, ""Repeats"": 3}",1.4412306430057333,0.022433332868091804,1.132068550391462,0.01628474352171549,0.026117394221842345,0.0004189182441222541,0.8776807780081477,0.0030497567548254793,1.5186214352931733,0.1255432976084111,1.1802292316405512,0.09486355026922752,0.027283923532623724,0.002438522404921274,0.8630250189911894,0.018020354989055458
Local Model,209,"(708, 11)",,Chemical + CS1,Decision Tree,Time Series Split,"{""N_Splits"": 5, ""Repeats"": 1, ""Gap"": 0}",1.2480460874183759,0.16209559579059227,1.009194784620264,0.1537013484445843,0.02292517158716454,0.003767375971900325,0.8945197244675984,0.02198072704310901,2.078818766533834,0.8693802620503924,1.7132755129112198,0.8111224118618093,0.040270169463399993,0.018855198367721634,0.7008799735501998,0.24243219890587686
