Category,Company,Data Shape,Timesteps,Features,Model,Cross Validation,Cross Validation Params,RMSE Train,RMSE Train,MAE Train,MAE Train,MAPE Train,MAPE Train,R2 Train,R2 Train,RMSE Test,RMSE Test,MAE Test,MAE Test,MAPE Test,MAPE Test,R2 Test,R2 Test
,,,,,,,,mean,std,mean,std,mean,std,mean,std,mean,std,mean,std,mean,std,mean,std
Local Model,209,"(708, 11)",,Chemical + Feature Engineering,Decision Tree,Blocking Time Series Split,"{""N_Splits"": 5, ""Repeats"": 1, ""train_size"": 0.8}",1.063500052699851,0.19103709508039066,0.8221774072461088,0.16138027286692033,0.019009396269687374,0.003678714139223473,0.9260152923148424,0.0277333381221829,1.9935092218788113,0.6745858625330744,1.4710247414758781,0.3632094455542039,0.03512076052059325,0.009142269798036194,0.7028703835312022,0.19753527084082523
Local Model,209,"(708, 11)",,Chemical + Feature Engineering,Decision Tree,Out of time Split,"{""Test Size"": 0.2}",1.3205617101847353,0.0,1.0908295602883078,0.0,0.024951454319297562,0.0,0.8915563712771958,0.0,2.3832213128585717,0.0,2.0991080518058975,0.0,0.05133328443748092,0.0,0.6829834710084766,0.0
Local Model,209,"(708, 11)",,Chemical + Feature Engineering,Decision Tree,Repeated KFold,"{""N_Splits"": 5, ""Repeats"": 3}",1.4754347794566542,0.022516748197531425,1.2035158734793832,0.025045366193869278,0.027816998089350342,0.0006132826202896681,0.8717852703080579,0.003952353806008247,1.5561827620815074,0.1323587486541634,1.2584712119564307,0.10975838799531355,0.02917433180434942,0.002795208950234509,0.8561624735855794,0.019397727903330792
Local Model,209,"(708, 11)",,Chemical + Feature Engineering,Decision Tree,Time Series Split,"{""N_Splits"": 5, ""Repeats"": 1, ""Gap"": 0}",1.2901264718925636,0.14778886733015265,1.0347600951566587,0.15426728298776987,0.023542862984670787,0.0037366631283214887,0.8875611225802347,0.019761469145751925,1.8514182080808719,0.3488557150039614,1.503809688470657,0.4255561178826627,0.03589227918413897,0.010542633055796613,0.7832730770667634,0.075959966888062
