Category,Company,Data Shape,Timesteps,Features,Model,Cross Validation,Cross Validation Params,RMSE Train,RMSE Train,MAE Train,MAE Train,MAPE Train,MAPE Train,R2 Train,R2 Train,RMSE Test,RMSE Test,MAE Test,MAE Test,MAPE Test,MAPE Test,R2 Test,R2 Test
,,,,,,,,mean,std,mean,std,mean,std,mean,std,mean,std,mean,std,mean,std,mean,std
Local Model,209,"(708, 12)",,Chemical + CS1 + CS3,Decision Tree,Blocking Time Series Split,"{""N_Splits"": 5, ""Repeats"": 1, ""train_size"": 0.8}",1.032894960987615,0.21566432344613387,0.7913807662144231,0.16817102722515942,0.018288770305109572,0.0037279281369282514,0.9293182308514776,0.030144136906012923,1.8137794396135682,0.6363338867531441,1.383203684021303,0.36763504025414384,0.03292276364144238,0.009244895810369354,0.754232916860898,0.18118504751894954
Local Model,209,"(708, 12)",,Chemical + CS1 + CS3,Decision Tree,Out of time Split,"{""Test Size"": 0.2}",1.2463148595497064,0.0,0.9783530958793012,0.0,0.022318547735101172,0.0,0.9034077714447126,0.0,1.8627159695577613,0.0,1.5901443624925273,0.0,0.03832688405898941,0.0,0.8063370985040821,0.0
Local Model,209,"(708, 12)",,Chemical + CS1 + CS3,Decision Tree,Repeated KFold,"{""N_Splits"": 5, ""Repeats"": 3}",1.3356259704193494,0.03417720309609132,1.057371265210143,0.022274592397506156,0.024278210754421835,0.0005749264274682194,0.8948904483957596,0.005284826098459809,1.4222488571476548,0.1078946054950262,1.1131591748482323,0.08713711131541244,0.02563137902901295,0.0021849721895673404,0.8798743130015567,0.014633083167936203
Local Model,209,"(708, 12)",,Chemical + CS1 + CS3,Decision Tree,Time Series Split,"{""N_Splits"": 5, ""Repeats"": 1, ""Gap"": 0}",1.3064494576789347,0.15583820942542104,1.035257836782117,0.17382514324472054,0.023549348302882384,0.004202077209139876,0.884507846436372,0.021945212523338045,2.037161457995299,0.8721356574349108,1.671789869185418,0.7981244135872775,0.03922845470463168,0.018605038255473685,0.711796576185938,0.24175064174734137
