Category,Company,Data Shape,Timesteps,Features,Model,Cross Validation,Cross Validation Params,RMSE Train,RMSE Train,MAE Train,MAE Train,MAPE Train,MAPE Train,R2 Train,R2 Train,RMSE Test,RMSE Test,MAE Test,MAE Test,MAPE Test,MAPE Test,R2 Test,R2 Test
,,,,,,,,mean,std,mean,std,mean,std,mean,std,mean,std,mean,std,mean,std,mean,std
Local Model,209,"(708, 11)",,Chemical + CS7,Linear Regression,Blocking Time Series Split,"{""N_Splits"": 5, ""Repeats"": 1, ""train_size"": 0.8}",0.6419951939075226,0.04920546069872707,0.5110577382419539,0.037649711361321295,0.01167911696240002,0.0007309141168582844,0.9735750143414051,0.005215489922610535,1.3358914755424771,0.4936290014258525,0.9137111397999741,0.21028630726487663,0.021752331198271822,0.005573281076089771,0.865053998064924,0.10755771088295529
Local Model,209,"(708, 11)",,Chemical + CS7,Linear Regression,Out of time Split,"{""Test Size"": 0.2}",0.8718444623223802,0.0,0.7015323898459158,0.0,0.016147692814121307,0.0,0.9527322786304522,0.0,1.3812661023597688,0.0,1.0686567613980076,0.0,0.026529177035762873,0.0,0.893510235575325,0.0
Local Model,209,"(708, 11)",,Chemical + CS7,Linear Regression,Repeated KFold,"{""N_Splits"": 5, ""Repeats"": 3}",0.9634687633005768,0.01558813875943492,0.7572487650149321,0.011900704916684832,0.017680073622231732,0.0003114443743248403,0.9453345783156772,0.001453165110016205,1.203003473361071,0.38055142720194063,0.8168791281230684,0.07216508337605651,0.019014296537349783,0.00170827911970632,0.9067404268732092,0.06823426590242526
Local Model,209,"(708, 11)",,Chemical + CS7,Linear Regression,Time Series Split,"{""N_Splits"": 5, ""Repeats"": 1, ""Gap"": 0}",0.764259613463586,0.06610126178835331,0.6191027224825542,0.05159543058540165,0.013932814403932025,0.0013774331377011085,0.9606694545413952,0.00490351477016758,1.265966070146132,0.1781917412777716,0.9331866987609974,0.16279927775285608,0.02237677145921241,0.004608028045164856,0.9018595586455314,0.017073275960902738
