Category,Company,Data Shape,Timesteps,Features,Model,Cross Validation,Cross Validation Params,RMSE Train,RMSE Train,MAE Train,MAE Train,MAPE Train,MAPE Train,R2 Train,R2 Train,RMSE Test,RMSE Test,MAE Test,MAE Test,MAPE Test,MAPE Test,R2 Test,R2 Test
,,,,,,,,mean,std,mean,std,mean,std,mean,std,mean,std,mean,std,mean,std,mean,std
Local Model,209,"(708, 11)",,Chemical + Feature Engineering,Linear Regression,Blocking Time Series Split,"{""N_Splits"": 5, ""Repeats"": 1, ""train_size"": 0.8}",0.890244379246939,0.054803932680702244,0.7060579705692325,0.04817844468128948,0.016101247306838606,0.0012041286771305238,0.9493733722019101,0.008116124487205901,3.767507512987895,3.00370151371745,1.8037626423651716,0.8046282283392688,0.044444666893783985,0.021718410158552488,-0.5614271714035667,2.3245926722485932
Local Model,209,"(708, 11)",,Chemical + Feature Engineering,Linear Regression,Out of time Split,"{""Test Size"": 0.2}",1.355380994969379,0.0,1.1093212091992348,0.0,0.02551416041795988,0.0,0.8857623071623582,0.0,2.4109358691867957,0.0,1.9966377806191706,0.0,0.0488140033386591,0.0,0.6755674089093799,0.0
Local Model,209,"(708, 11)",,Chemical + Feature Engineering,Linear Regression,Repeated KFold,"{""N_Splits"": 5, ""Repeats"": 3}",1.5083607682469105,0.03135115329148308,1.243303870313175,0.03231537161303319,0.02887768316129048,0.0007899440090966389,0.8659904311738439,0.0050908065287908625,2.564931642813702,1.9115117848454244,1.4007996808731273,0.23185875381162502,0.032358122244473694,0.005029773080466435,0.4107613083668837,0.904442222067265
Local Model,209,"(708, 11)",,Chemical + Feature Engineering,Linear Regression,Time Series Split,"{""N_Splits"": 5, ""Repeats"": 1, ""Gap"": 0}",1.1524593492042274,0.15487968807121721,0.9334443121045064,0.13644672556033247,0.021027533076471375,0.0034196280552133275,0.9100491119750297,0.01934728993436536,2.9303349311588405,1.7949762741616193,1.6968231974618688,0.37103928472653314,0.04035659892762628,0.009427778472390569,0.2975200268522867,0.8873943848926421
