Category,Company,Data Shape,Timesteps,Features,Model,Cross Validation,Cross Validation Params,RMSE Train,RMSE Train,MAE Train,MAE Train,MAPE Train,MAPE Train,R2 Train,R2 Train,RMSE Test,RMSE Test,MAE Test,MAE Test,MAPE Test,MAPE Test,R2 Test,R2 Test
,,,,,,,,mean,std,mean,std,mean,std,mean,std,mean,std,mean,std,mean,std,mean,std
Local Model,209,"(708, 16)",,Chemical + Physical,Linear Regression,Blocking Time Series Split,"{""N_Splits"": 5, ""Repeats"": 1, ""train_size"": 0.8}",0.5992067596649331,0.045360141587830236,0.4793873555871538,0.040996512158882004,0.010967040978636858,0.001027755570110056,0.9771883656893653,0.003232839997093706,1.258427506858886,0.446018295716963,0.8600637074765174,0.13968934421701132,0.020303263714756926,0.003831436386512872,0.8798130907969286,0.09803199937498495
Local Model,209,"(708, 16)",,Chemical + Physical,Linear Regression,Out of time Split,"{""Test Size"": 0.2}",0.8366333267802044,0.0,0.6815403919411777,0.0,0.015697901514385708,0.0,0.9564731778490309,0.0,1.4031494428399254,0.0,1.1384395707702644,0.0,0.027716939907220142,0.0,0.8901092810440236,0.0
Local Model,209,"(708, 16)",,Chemical + Physical,Linear Regression,Repeated KFold,"{""N_Splits"": 5, ""Repeats"": 3}",0.9277490350863258,0.022559154288542296,0.7359881681529159,0.015185776515981375,0.017136492150159242,0.00038467274304086144,0.9492905053723611,0.0023930719462844615,1.345888635215259,0.5339246837364645,0.822681597764115,0.07649758589170824,0.019077469345892172,0.0017238975024048632,0.8752480286923529,0.10421525720166232
Local Model,209,"(708, 16)",,Chemical + Physical,Linear Regression,Time Series Split,"{""N_Splits"": 5, ""Repeats"": 1, ""Gap"": 0}",0.7142338148679953,0.09383694416245919,0.5761324406619682,0.08159429372148246,0.012987224886407703,0.002023244625190132,0.9654571613866991,0.007160384019191998,1.313233095719013,0.18290334203622768,0.959930096532649,0.20855137135701313,0.022878993967723815,0.005505329155765695,0.8940884170501379,0.019409560603895114
