Category,Company,Data Shape,Timesteps,Features,Model,Cross Validation,Cross Validation Params,RMSE Train,RMSE Train,MAE Train,MAE Train,MAPE Train,MAPE Train,R2 Train,R2 Train,RMSE Test,RMSE Test,MAE Test,MAE Test,MAPE Test,MAPE Test,R2 Test,R2 Test
,,,,,,,,mean,std,mean,std,mean,std,mean,std,mean,std,mean,std,mean,std,mean,std
Local Model,209,"(708, 11)",,Chemical + CS1,Linear Regression,Blocking Time Series Split,"{""N_Splits"": 5, ""Repeats"": 1, ""train_size"": 0.8}",0.8654212441137321,0.09850505820447773,0.6846578529106462,0.08731918135862503,0.015611469517966225,0.00202291579559265,0.9514690467854467,0.01236006551417784,1.6758279620752343,0.657067373314609,1.105867019744002,0.27598437925970054,0.02631308668657866,0.007169763275646116,0.7849929781958945,0.18642142371699388
Local Model,209,"(708, 11)",,Chemical + CS1,Linear Regression,Out of time Split,"{""Test Size"": 0.2}",1.2693462445067412,0.0,1.007187783206193,0.0,0.023001085077437686,0.0,0.8998048165157008,0.0,2.4709654073365965,0.0,2.0854105258231854,0.0,0.05138035829657211,0.0,0.6592102771053083,0.0
Local Model,209,"(708, 11)",,Chemical + CS1,Linear Regression,Repeated KFold,"{""N_Splits"": 5, ""Repeats"": 3}",1.4810841970024962,0.029606571507641944,1.1995322772631565,0.028337037680981354,0.02791054841845594,0.0006696402890268727,0.8707929327122422,0.004829032320785692,2.3743720511833852,1.6798141122935852,1.3431462114401849,0.22743913470158025,0.031084308227125153,0.005006898003324179,0.5120472849270694,0.7335593176021635
Local Model,209,"(708, 11)",,Chemical + CS1,Linear Regression,Time Series Split,"{""N_Splits"": 5, ""Repeats"": 1, ""Gap"": 0}",1.1228270052893659,0.10931199433090853,0.8998767665179876,0.08774281263219166,0.020216452387990448,0.002208012370643034,0.9150189710856058,0.012212515643848563,2.4654749904853106,0.8277962206059479,1.620307408037918,0.3792396610045386,0.03857525095917565,0.009881498404987832,0.5930326209795509,0.2780817697315691
