Category,Company,Data Shape,Timesteps,Features,Model,Cross Validation,Cross Validation Params,RMSE Train,RMSE Train,MAE Train,MAE Train,MAPE Train,MAPE Train,R2 Train,R2 Train,RMSE Test,RMSE Test,MAE Test,MAE Test,MAPE Test,MAPE Test,R2 Test,R2 Test
,,,,,,,,mean,std,mean,std,mean,std,mean,std,mean,std,mean,std,mean,std,mean,std
Local Model,209,"(708, 12)",,Chemical + CS3 + CS7,MLP,Blocking Time Series Split,"{""N_Splits"": 5, ""Repeats"": 3, ""train_size"": 0.8}",5.310407211767544,0.665214474728148,3.8846490897451122,0.41661501427199654,0.09029858054682342,0.010222134864535638,-0.8363350625627556,0.5072359887602454,7.319864669534787,1.4053904412850051,5.291767347489283,0.7488173156654832,0.12601093969784885,0.019803171715483223,-2.5586195445205986,1.1076294898363073
Local Model,209,"(708, 12)",,Chemical + CS3 + CS7,MLP,Out of time Split,"{""Test Size"": 0.2}",1.849527997972241,0.3006622560111101,1.4132515573670081,0.2267367385267288,0.032326965663902744,0.005021509296389537,0.7816585338562984,0.06775720321765738,3.692134786674418,0.16469831272569882,1.9993749690167804,0.2960805293201435,0.04849459474235294,0.006812204799280459,0.2376198489054967,0.06692883685307578
Local Model,209,"(708, 12)",,Chemical + CS3 + CS7,MLP,Repeated KFold,"{""N_Splits"": 5, ""Repeats"": 3}",1.856664598016653,0.36157748492206354,1.4142019125881362,0.2716503642812309,0.03274634942547827,0.006244667779172101,0.7895751701286263,0.08344857911654835,4.203855750979144,3.2089926367176753,1.7460423976143844,0.4190529676819609,0.04009188761633645,0.00906984410996657,-0.6183112621819443,2.561384392755798
Local Model,209,"(708, 12)",,Chemical + CS3 + CS7,MLP,Time Series Split,"{""N_Splits"": 5, ""Repeats"": 3, ""Gap"": 0}",3.5526188341990603,1.2022853434284908,2.7125112321066993,0.8946186325763728,0.06128610956187677,0.020106729693791382,0.0242700784782528,0.6202807270763337,7.476130671022992,3.6168787072636177,4.224347421462927,1.6318014796190534,0.09670485904143647,0.035037885700264226,-3.2536107102925507,4.059525052189822
