Category,Company,Data Shape,Timesteps,Features,Model,Cross Validation,Cross Validation Params,RMSE Train,RMSE Train,MAE Train,MAE Train,MAPE Train,MAPE Train,R2 Train,R2 Train,RMSE Test,RMSE Test,MAE Test,MAE Test,MAPE Test,MAPE Test,R2 Test,R2 Test
,,,,,,,,mean,std,mean,std,mean,std,mean,std,mean,std,mean,std,mean,std,mean,std
Local Model,209,"(708, 10)",,Chemical,MLP,Blocking Time Series Split,"{""N_Splits"": 5, ""Repeats"": 3, ""train_size"": 0.8}",5.882610608204843,0.6708758098201443,4.405393156891777,0.5341164903786464,0.10243165760101029,0.013174361315746355,-1.2432213068686018,0.6234034015346912,7.807071735441426,1.232203840902576,6.125004378570909,1.0729141359890075,0.14435288806059654,0.026950943898918184,-3.0378363031630697,1.00772482175384
Local Model,209,"(708, 10)",,Chemical,MLP,Out of time Split,"{""Test Size"": 0.2}",2.124760994184742,0.35852589333243245,1.6568355697344277,0.2569580715636,0.03748143971464806,0.005551232025544327,0.7112650453783772,0.09889647731921433,4.500068648844266,0.7040724426384404,2.2928258851100587,0.10334455427235004,0.055852889961041007,0.00222076131786114,-0.15796267956605517,0.3684531362894739
Local Model,209,"(708, 10)",,Chemical,MLP,Repeated KFold,"{""N_Splits"": 5, ""Repeats"": 3}",2.0676722959197513,0.3070168649072171,1.636975148699558,0.2294378674259545,0.03762220258046611,0.005211169048236146,0.7426499025367945,0.08526582416038428,4.166775353524325,2.2093511636554486,1.9429188302845104,0.2999592432804898,0.044620472129108156,0.0068483006824118465,-0.30950804949682426,1.264721990966291
Local Model,209,"(708, 10)",,Chemical,MLP,Time Series Split,"{""N_Splits"": 5, ""Repeats"": 3, ""Gap"": 0}",3.509077113456274,1.2733797399263602,2.676626644486537,0.9435853397370121,0.06010615758636688,0.021076232014718522,0.030122600814775906,0.6878799591968101,8.83096366370708,4.699530478154207,4.344597615171961,1.9231331115445676,0.09888841224695746,0.041461670333397704,-5.05331711574957,5.937978605576264
