Category,Company,Data Shape,Timesteps,Features,Model,Cross Validation,Cross Validation Params,RMSE Train,RMSE Train,MAE Train,MAE Train,MAPE Train,MAPE Train,R2 Train,R2 Train,RMSE Test,RMSE Test,MAE Test,MAE Test,MAPE Test,MAPE Test,R2 Test,R2 Test
,,,,,,,,mean,std,mean,std,mean,std,mean,std,mean,std,mean,std,mean,std,mean,std
Local Model,209,"(708, 12)",,Chemical + CS1 + CS3,MLP,Blocking Time Series Split,"{""N_Splits"": 5, ""Repeats"": 3, ""train_size"": 0.8}",5.1974248780534404,0.6397234749347628,3.846290264924367,0.43097048851615033,0.08938043283961888,0.010774247427181484,-0.7611673894938096,0.49318095745020757,7.248424708435179,1.4814835459587785,5.354165974321039,0.8284651458594916,0.12671516129538932,0.02139617894252641,-2.5118611038649994,1.1781463554036005
Local Model,209,"(708, 12)",,Chemical + CS1 + CS3,MLP,Out of time Split,"{""Test Size"": 0.2}",2.1588515949393834,0.4800851432923376,1.6419812704564827,0.36398163685430285,0.037410540965309165,0.008014029682471207,0.6958448800092926,0.13199065918431258,4.281002223117999,0.4775653813124756,2.590398956800293,0.6094346308700319,0.06203555189586004,0.013873385269410328,-0.03565536106635603,0.23704702896092814
Local Model,209,"(708, 12)",,Chemical + CS1 + CS3,MLP,Repeated KFold,"{""N_Splits"": 5, ""Repeats"": 3}",2.0826144011126804,0.3630523041397216,1.592544626995002,0.26559445688756733,0.036780257906079285,0.006086016820724753,0.7371689991710402,0.09404656488659244,4.51619898773823,3.0444729610785672,1.9601721893933315,0.43366611785893616,0.04492977353168702,0.009520926121615179,-0.726670128782871,2.188962712342789
Local Model,209,"(708, 12)",,Chemical + CS1 + CS3,MLP,Time Series Split,"{""N_Splits"": 5, ""Repeats"": 3, ""Gap"": 0}",3.675985982908298,1.1453295649447734,2.797698697232033,0.8735459957753415,0.06310754470320862,0.01950314426047717,-0.026620725428835947,0.6077914709227095,7.289571760475604,2.9826921085087648,4.0941235983035,1.3668560709262803,0.09361923316027898,0.02882272568799829,-2.811275580895051,3.0013062829500394
