Category,Company,Data Shape,Timesteps,Features,Model,Cross Validation,Cross Validation Params,RMSE Train,RMSE Train,MAE Train,MAE Train,MAPE Train,MAPE Train,R2 Train,R2 Train,RMSE Test,RMSE Test,MAE Test,MAE Test,MAPE Test,MAPE Test,R2 Test,R2 Test
,,,,,,,,mean,std,mean,std,mean,std,mean,std,mean,std,mean,std,mean,std,mean,std
Local Model,209,"(708, 13)",,Chemical + CS1 + CS3 + CS7,MLP,Blocking Time Series Split,"{""N_Splits"": 5, ""Repeats"": 3, ""train_size"": 0.8}",5.176539211513788,0.5581717458499341,3.799363541035425,0.39028317269358,0.0883216420184762,0.009720240281349917,-0.7379582865623763,0.42709120412679635,7.284326298591078,1.434993303262799,5.322834073209218,0.6623144428354693,0.12642244400722671,0.017440200341713435,-2.531616755865035,1.1237599450087044
Local Model,209,"(708, 13)",,Chemical + CS1 + CS3 + CS7,MLP,Out of time Split,"{""Test Size"": 0.2}",2.2540833611626123,0.6386574123477478,1.7139484012365624,0.4893861768074451,0.03904505604932955,0.010694255964173068,0.6586797340776589,0.1892171556716666,4.074826335327832,0.7383687685399002,2.6846395206003706,0.8767933193285655,0.06408624463619887,0.019960561146547453,0.04280143138438804,0.3185909710827085
Local Model,209,"(708, 13)",,Chemical + CS1 + CS3 + CS7,MLP,Repeated KFold,"{""N_Splits"": 5, ""Repeats"": 3}",1.9933249237132602,0.45955179356530135,1.5204889875712133,0.3448452694788579,0.03508903961758877,0.007842294901539607,0.7539553255339528,0.11417988085311095,4.014067597093946,2.6121575546510876,1.8394919274482278,0.3962629884410357,0.04214784596262282,0.008650115893182406,-0.3322319661667525,1.8246174553814236
Local Model,209,"(708, 13)",,Chemical + CS1 + CS3 + CS7,MLP,Time Series Split,"{""N_Splits"": 5, ""Repeats"": 3, ""Gap"": 0}",3.660010279566717,1.1706783311498774,2.783776618889272,0.8793907126857906,0.06278244993737134,0.019735405178611914,-0.022335424316971116,0.6162038657516916,7.014295708883881,3.384845090827905,4.158472916770116,1.4683719330113325,0.09507928849066503,0.03165806370812241,-2.752020250216002,3.8288034688302366
