Category,Company,Data Shape,Timesteps,Features,Model,Cross Validation,Cross Validation Params,RMSE Train,RMSE Train,MAE Train,MAE Train,MAPE Train,MAPE Train,R2 Train,R2 Train,RMSE Test,RMSE Test,MAE Test,MAE Test,MAPE Test,MAPE Test,R2 Test,R2 Test
,,,,,,,,mean,std,mean,std,mean,std,mean,std,mean,std,mean,std,mean,std,mean,std
Local Model,209,"(708, 11)",,Chemical + Feature Engineering,MLP,Blocking Time Series Split,"{""N_Splits"": 5, ""Repeats"": 3, ""train_size"": 0.8}",5.890678349772785,0.7203071781497734,4.398630533104851,0.5314168986322819,0.1018741422094409,0.013294926878782497,-1.2509181424357056,0.6330259107655746,7.747258740517683,1.1385038252646666,6.105528484212943,1.0150183498597416,0.14318086919879175,0.024918283752941528,-3.0062651538336183,1.0593154709323083
Local Model,209,"(708, 11)",,Chemical + Feature Engineering,MLP,Out of time Split,"{""Test Size"": 0.2}",1.9310104368196452,0.2730698989389966,1.5109515766372954,0.20989580692719279,0.03405261816344252,0.004615751579188413,0.7634869859379926,0.068408857715334,5.003127539612016,1.1070013189034484,2.3145504732087177,0.06373240438412354,0.05628496622886664,0.0016299640892298752,-0.46552730409290044,0.571097655423234
Local Model,209,"(708, 11)",,Chemical + Feature Engineering,MLP,Repeated KFold,"{""N_Splits"": 5, ""Repeats"": 3}",1.910391571868907,0.2558089077472532,1.5166744051642038,0.18590823737135617,0.03472397042711718,0.004146402798196285,0.7813292016358842,0.06299398140862716,4.337951801696082,2.9529038146607776,1.8444258555223452,0.345670323869181,0.04204009435477379,0.0075715332497136864,-0.6014459183709804,2.283178716860566
Local Model,209,"(708, 11)",,Chemical + Feature Engineering,MLP,Time Series Split,"{""N_Splits"": 5, ""Repeats"": 3, ""Gap"": 0}",3.455426100045623,1.3584675526059438,2.667884754299444,1.0246785451158775,0.059752096825189525,0.022915595343350716,0.0389369037664182,0.7053080267923524,9.567983864008076,5.106122852074055,4.522842204961399,1.8204989932375466,0.10344482640955883,0.039244708842084114,-6.063560619689207,6.616553348036776
