Category,Company,Data Shape,Timesteps,Features,Model,Cross Validation,Cross Validation Params,RMSE Train,RMSE Train,MAE Train,MAE Train,MAPE Train,MAPE Train,R2 Train,R2 Train,RMSE Test,RMSE Test,MAE Test,MAE Test,MAPE Test,MAPE Test,R2 Test,R2 Test
,,,,,,,,mean,std,mean,std,mean,std,mean,std,mean,std,mean,std,mean,std,mean,std
Local Model,209,"(708, 11)",,Chemical + CS7,MLP,Blocking Time Series Split,"{""N_Splits"": 5, ""Repeats"": 3, ""train_size"": 0.8}",5.691182044056522,0.7257194467672409,4.200265701157706,0.49384883656380796,0.0977848946807222,0.012421397592103062,-1.1025477220402788,0.5946561317329959,7.6861186788396045,1.2905628558614675,5.733931598444097,0.8611855088396253,0.13609523127921794,0.022344780018418626,-2.907601867394265,1.0206679493378283
Local Model,209,"(708, 11)",,Chemical + CS7,MLP,Out of time Split,"{""Test Size"": 0.2}",1.949089088292349,0.38211886449621396,1.4802926574635142,0.2831844948658206,0.033900673551668585,0.006219221489133736,0.754681903949315,0.0974748325111922,3.8827413016447707,0.36633609216883417,2.065120747167741,0.27772066293084136,0.050206512338097954,0.00637606850636095,0.15105607003284463,0.16316521179789392
Local Model,209,"(708, 11)",,Chemical + CS7,MLP,Repeated KFold,"{""N_Splits"": 5, ""Repeats"": 3}",1.74584441496946,0.36225143137257326,1.3424922121862901,0.2742437152959782,0.031111200182698088,0.0062594317118497165,0.8129354058310913,0.08350015848966885,4.069853910184651,2.6843111196227945,1.6584996829809135,0.35202969354266866,0.03814111834515623,0.007664333505987479,-0.39327928636543835,1.665898463396492
Local Model,209,"(708, 11)",,Chemical + CS7,MLP,Time Series Split,"{""N_Splits"": 5, ""Repeats"": 3, ""Gap"": 0}",3.450728987384275,1.2494589178588662,2.644391647137716,0.9360492527919226,0.059686423946690645,0.020941331781083185,0.06331817051880455,0.6407266454398526,8.343099297854272,4.1527341052355515,4.269510095240706,1.8137729093286228,0.0973766625294632,0.039408508471667845,-4.285502381380307,4.744046793856646
