Category,Company,Data Shape,Timesteps,Features,Model,Cross Validation,Cross Validation Params,RMSE Train,RMSE Train,MAE Train,MAE Train,MAPE Train,MAPE Train,R2 Train,R2 Train,RMSE Test,RMSE Test,MAE Test,MAE Test,MAPE Test,MAPE Test,R2 Test,R2 Test
,,,,,,,,mean,std,mean,std,mean,std,mean,std,mean,std,mean,std,mean,std,mean,std
Local Model,209,"(708, 11)",,Chemical + CS3,MLP,Blocking Time Series Split,"{""N_Splits"": 5, ""Repeats"": 3, ""train_size"": 0.8}",5.5625315626791965,0.6736083116595213,4.098242774463835,0.4507117613567513,0.09534286955133657,0.011307075113836001,-1.009922662980621,0.5603859213144184,7.465404956939404,1.3326196671687645,5.570349608234978,0.8899814045226088,0.1322238573447527,0.022996903142275347,-2.69250734448648,1.0448287715648739
Local Model,209,"(708, 11)",,Chemical + CS3,MLP,Out of time Split,"{""Test Size"": 0.2}",2.204438201227218,0.6033478709708492,1.6902814409056035,0.47648215078156464,0.03846683585412509,0.010467693677313233,0.67517115033783,0.1804766700208167,4.577020025368033,0.16847383631846857,2.4941757775248505,0.5212187666717913,0.06071086404039485,0.01208134882250193,-0.1708649354677454,0.08716052496439639
Local Model,209,"(708, 11)",,Chemical + CS3,MLP,Repeated KFold,"{""N_Splits"": 5, ""Repeats"": 3}",1.973438094965391,0.35076829120450476,1.5136913249693547,0.2621276895643073,0.03502893925560708,0.00597500315352176,0.7634654657880614,0.08613659117069443,4.4742074039161706,2.7292083668069504,1.8617393450060158,0.36805686864389847,0.042790608621116534,0.008050478860825702,-0.6099299888221863,1.7947653861280817
Local Model,209,"(708, 11)",,Chemical + CS3,MLP,Time Series Split,"{""N_Splits"": 5, ""Repeats"": 3, ""Gap"": 0}",3.607447727596609,1.1395559744344863,2.7515362080252554,0.8523860288204073,0.06212455733428836,0.019041013601172378,0.00796990973489397,0.6055202242573012,8.336114032249569,3.923464373021963,4.245882103052517,1.6654432647440074,0.09692746742993254,0.03554296223599319,-4.1569772728502175,4.413492633240795
