Category,Company,Data Shape,Timesteps,Features,Model,Cross Validation,Cross Validation Params,RMSE Train,RMSE Train,MAE Train,MAE Train,MAPE Train,MAPE Train,R2 Train,R2 Train,RMSE Test,RMSE Test,MAE Test,MAE Test,MAPE Test,MAPE Test,R2 Test,R2 Test
,,,,,,,,mean,std,mean,std,mean,std,mean,std,mean,std,mean,std,mean,std,mean,std
Local Model,209,"(708, 13)",,Chemical + Properties CS Less,MLP,Blocking Time Series Split,"{""N_Splits"": 5, ""Repeats"": 3, ""train_size"": 0.8}",5.338912297390368,0.6871199723044498,4.055986481507619,0.5040581369876964,0.0934592341969788,0.011825637249931522,-0.8653483119226583,0.580727007456689,7.271496854697343,1.578896114714461,5.709596406783183,1.169185983698598,0.13414620172243275,0.02987083847781957,-2.533813743782352,1.2873948068613519
Local Model,209,"(708, 13)",,Chemical + Properties CS Less,MLP,Out of time Split,"{""Test Size"": 0.2}",2.1596415406752545,0.30732736108203984,1.6677211107719072,0.22704775600460797,0.037850522951344896,0.0048981711392233635,0.7040918900606954,0.0824027352510964,4.028322464214554,0.29278831230125935,2.355317439943413,0.2721712994210843,0.057130656451429306,0.006260702059916197,0.0894792659935627,0.12841799984420038
Local Model,209,"(708, 13)",,Chemical + Properties CS Less,MLP,Repeated KFold,"{""N_Splits"": 5, ""Repeats"": 3}",2.184442826083696,0.30778811394645517,1.7075112657158324,0.23543731068071982,0.03935051589949416,0.005402872362976829,0.7136859009865443,0.08254905631145862,4.277550676356226,2.254302026774521,2.0828996445762487,0.374445102509266,0.04793090930456801,0.008387104101724014,-0.3628747425465132,1.5294022484122298
Local Model,209,"(708, 13)",,Chemical + Properties CS Less,MLP,Time Series Split,"{""N_Splits"": 5, ""Repeats"": 3, ""Gap"": 0}",3.552161451715477,0.943417717691771,2.776685081780069,0.7212451012895037,0.062094245616269556,0.015905201957080548,0.06729290974760829,0.492220269702247,8.009463676707005,3.530701923444481,4.475952072359075,1.267798476109405,0.1023651198825888,0.026645584226128713,-3.6702910679227796,4.039779109270827
