Category,Company,Data Shape,Timesteps,Features,Model,Cross Validation,Cross Validation Params,RMSE Train,RMSE Train,MAE Train,MAE Train,MAPE Train,MAPE Train,R2 Train,R2 Train,RMSE Test,RMSE Test,MAE Test,MAE Test,MAPE Test,MAPE Test,R2 Test,R2 Test
,,,,,,,,mean,std,mean,std,mean,std,mean,std,mean,std,mean,std,mean,std,mean,std
Local Model,209,"(708, 13)",,Chemical + Properties CS Less,Random Forest,Blocking Time Series Split,"{""N_Splits"": 5, ""Repeats"": 1, ""train_size"": 0.8}",0.8527408137646448,0.17666735072365353,0.6427944027429144,0.11314412148231612,0.01482140918772996,0.0024150127198277645,0.9512223854985375,0.023925456223582893,1.717265807608273,0.340856926116747,1.3494734953967726,0.20226554045649656,0.03194100948138564,0.005181855052294564,0.7974583711521048,0.08554041859449972
Local Model,209,"(708, 13)",,Chemical + Properties CS Less,Random Forest,Out of time Split,"{""Test Size"": 0.2}",1.1363719361374196,0.0,0.9247368136682048,0.0,0.02116464233802739,0.0,0.9196977637392872,0.0,2.2386757977080864,0.0,1.966304087073682,0.0,0.04805986896202656,0.0,0.7202722405743868,0.0
Local Model,209,"(708, 13)",,Chemical + Properties CS Less,Random Forest,Repeated KFold,"{""N_Splits"": 5, ""Repeats"": 3}",1.2922545608663503,0.023620944549987512,1.049897441150039,0.017040332445492093,0.02441348879410934,0.00043703906369784725,0.9016492837258652,0.003195075289117292,1.406405171170791,0.11101297401053126,1.1362975600991208,0.08999892081923791,0.026446140395351137,0.0023495780115641114,0.8825323357192861,0.014957121744812837
Local Model,209,"(708, 13)",,Chemical + Properties CS Less,Random Forest,Time Series Split,"{""N_Splits"": 5, ""Repeats"": 1, ""Gap"": 0}",1.0143806061466285,0.13435150453408912,0.8234871071505309,0.1213808134437349,0.018643894978515502,0.0029117000266854487,0.9302817073558522,0.014837366774888254,1.6907071380123184,0.3729005288233302,1.4069089281424139,0.3870167187637855,0.03338192580117852,0.009792438455883788,0.8170166864782807,0.0739497487566511
