Category,Company,Data Shape,Timesteps,Features,Model,Cross Validation,Cross Validation Params,RMSE Train,RMSE Train,MAE Train,MAE Train,MAPE Train,MAPE Train,R2 Train,R2 Train,RMSE Test,RMSE Test,MAE Test,MAE Test,MAPE Test,MAPE Test,R2 Test,R2 Test
,,,,,,,,mean,std,mean,std,mean,std,mean,std,mean,std,mean,std,mean,std,mean,std
Local Model,209,"(708, 12)",,Chemical + CS1 + CS3,Random Forest,Blocking Time Series Split,"{""N_Splits"": 5, ""Repeats"": 1, ""train_size"": 0.8}",0.7444324674643772,0.13427539969404206,0.5565499255513483,0.0843142092467621,0.012914418320204093,0.0021076028337692204,0.9637575317282883,0.01168505503375048,1.656635442739373,0.5967137509552293,1.1998476678066308,0.19567670040497942,0.028496081450665695,0.0053384584361173115,0.7936487944536836,0.16852966266986774
Local Model,209,"(708, 12)",,Chemical + CS1 + CS3,Random Forest,Out of time Split,"{""Test Size"": 0.2}",0.9379327108097401,0.0,0.7591283826655147,0.0,0.01741155300324651,0.0,0.9452946243371638,0.0,1.6321856302238025,0.0,1.3524383100408806,0.0,0.03329865116659467,0.0,0.8513064060845349,0.0
Local Model,209,"(708, 12)",,Chemical + CS1 + CS3,Random Forest,Repeated KFold,"{""N_Splits"": 5, ""Repeats"": 3}",1.0511114280777665,0.023623761441976424,0.8280436204672714,0.019373441596901967,0.019224366790325745,0.00047808701849445735,0.934911750822344,0.0028501051626989658,1.1468568959725898,0.10130467515256798,0.9023521069828292,0.08183454161281281,0.020973831971886132,0.0020363006766427353,0.9214310958489069,0.013942472257980336
Local Model,209,"(708, 12)",,Chemical + CS1 + CS3,Random Forest,Time Series Split,"{""N_Splits"": 5, ""Repeats"": 1, ""Gap"": 0}",0.8504534475434469,0.0643568624629821,0.6881092339204609,0.06357523345590857,0.015556155052435228,0.0016035282776117308,0.9513094958182297,0.005111449396133799,1.37229292984084,0.4009392523815422,1.1564492993578346,0.37764739765652705,0.027171427183826386,0.009350643761406641,0.8772754572278391,0.06712605628393488
