Category,Company,Data Shape,Timesteps,Features,Model,Cross Validation,Cross Validation Params,RMSE Train,RMSE Train,MAE Train,MAE Train,MAPE Train,MAPE Train,R2 Train,R2 Train,RMSE Test,RMSE Test,MAE Test,MAE Test,MAPE Test,MAPE Test,R2 Test,R2 Test
,,,,,,,,mean,std,mean,std,mean,std,mean,std,mean,std,mean,std,mean,std,mean,std
Local Model,209,"(708, 12)",,Chemical + CS3 + CS7,Random Forest,Blocking Time Series Split,"{""N_Splits"": 5, ""Repeats"": 1, ""train_size"": 0.8}",0.688603920070446,0.10718017528500937,0.4846833248863874,0.0408596968024204,0.011204883539961935,0.0011185300648596868,0.969715845155125,0.00809681773130789,1.5835020238111441,0.5803495534790755,1.1214395463627622,0.2266651110151088,0.026688642847576993,0.006037721266546914,0.813619756909255,0.14115475762497964
Local Model,209,"(708, 12)",,Chemical + CS3 + CS7,Random Forest,Out of time Split,"{""Test Size"": 0.2}",0.8457477590194645,0.0,0.669481148964873,0.0,0.015374722128512703,0.0,0.955519634068734,0.0,1.539767520485094,0.0,1.2782087047643285,0.0,0.03150411450467525,0.0,0.8676684292861134,0.0
Local Model,209,"(708, 12)",,Chemical + CS3 + CS7,Random Forest,Repeated KFold,"{""N_Splits"": 5, ""Repeats"": 3}",0.9540866367993087,0.024878682644825772,0.7498023046074712,0.017032887506121062,0.01748810387968466,0.0004206462903667858,0.9463824370507349,0.002381876641368366,1.0526846636356901,0.0905781671911535,0.8181989702403472,0.0677059628032059,0.019111811534314013,0.0017824242182515667,0.9339441774252151,0.010543389717088075
Local Model,209,"(708, 12)",,Chemical + CS3 + CS7,Random Forest,Time Series Split,"{""N_Splits"": 5, ""Repeats"": 1, ""Gap"": 0}",0.7381143764915861,0.09049552828160114,0.5959789959406571,0.06573450043779641,0.013419334107879696,0.0016871742426161356,0.963154868540219,0.007088620176023811,1.2347774297156768,0.3026674256578965,1.0056296436958472,0.23251504118526167,0.02396918570036231,0.006313224808370277,0.9030190574185395,0.038692877130719255
