Category,Company,Data Shape,Timesteps,Features,Model,Cross Validation,Cross Validation Params,RMSE Train,RMSE Train,MAE Train,MAE Train,MAPE Train,MAPE Train,R2 Train,R2 Train,RMSE Test,RMSE Test,MAE Test,MAE Test,MAPE Test,MAPE Test,R2 Test,R2 Test
,,,,,,,,mean,std,mean,std,mean,std,mean,std,mean,std,mean,std,mean,std,mean,std
Local Model,209,"(708, 11)",,Chemical + CS7,Random Forest,Blocking Time Series Split,"{""N_Splits"": 5, ""Repeats"": 1, ""train_size"": 0.8}",0.660730603932369,0.08064577997384846,0.48471210578925483,0.04127106770314156,0.011170927056743312,0.0010831524333932065,0.9723507497128603,0.005074579765195953,1.4116647768247612,0.44427835688439105,1.012797846380504,0.17105946266894115,0.02404716374079594,0.004452503275782939,0.8554455379322778,0.09760981471492615
Local Model,209,"(708, 11)",,Chemical + CS7,Random Forest,Out of time Split,"{""Test Size"": 0.2}",0.8453418140901945,0.0,0.6685592149630797,0.0,0.015354843230638399,0.0,0.9555623235003754,0.0,1.5200508124186698,0.0,1.247188891981997,0.0,0.030831188084722624,0.0,0.8710357401148736,0.0
Local Model,209,"(708, 11)",,Chemical + CS7,Random Forest,Repeated KFold,"{""N_Splits"": 5, ""Repeats"": 3}",0.9594298451216435,0.021172044613345608,0.7528263118953528,0.017330019985438806,0.017570504825061006,0.0004248367242132996,0.9457866027416695,0.001989101314334871,1.038641106833353,0.10137281605113445,0.8108902817900321,0.0722952137728014,0.018949694705318664,0.0019273780318887403,0.9357419357891305,0.011110303526833223
Local Model,209,"(708, 11)",,Chemical + CS7,Random Forest,Time Series Split,"{""N_Splits"": 5, ""Repeats"": 1, ""Gap"": 0}",0.7374334182440972,0.09287586119155816,0.5963341347907505,0.06784616294786858,0.013421145215512204,0.0017349838967342932,0.9632040551151476,0.0072927628649263046,1.2245106206035172,0.28519763753051713,1.000808519229699,0.23277149208054512,0.023866926550798473,0.006278829470065688,0.9047816686269583,0.03602566853407386
