Category,Company,Data Shape,Timesteps,Features,Model,Cross Validation,Cross Validation Params,RMSE Train,RMSE Train,MAE Train,MAE Train,MAPE Train,MAPE Train,R2 Train,R2 Train,RMSE Test,RMSE Test,MAE Test,MAE Test,MAPE Test,MAPE Test,R2 Test,R2 Test
,,,,,,,,mean,std,mean,std,mean,std,mean,std,mean,std,mean,std,mean,std,mean,std
Local Model,209,"(708, 13)",,Chemical + CS1 + CS3 + CS7,XGBoost,Blocking Time Series Split,"{""N_Splits"": 5, ""Repeats"": 1, ""train_size"": 0.8}",0.9461468566652467,0.051073054555816545,0.752436592919486,0.05064238054399595,0.017381333550061058,0.001620520815631133,0.943304290264779,0.005211925714405284,1.6970397346954935,0.5339110863673551,1.2055428866682407,0.2418251987948033,0.028904064331784135,0.006430377947884816,0.7928300371979462,0.13740711197593677
Local Model,209,"(708, 13)",,Chemical + CS1 + CS3 + CS7,XGBoost,Out of time Split,"{""Test Size"": 0.2}",1.0360719915900432,0.0,0.8332133572851392,0.0,0.01915033511111745,0.0,0.9332476580824519,0.0,3.137812812067838,0.0,2.217981617887253,0.0,0.0563335474890182,0.0,0.4504499871666581,0.0
Local Model,209,"(708, 13)",,Chemical + CS1 + CS3 + CS7,XGBoost,Repeated KFold,"{""N_Splits"": 5, ""Repeats"": 3}",1.1228300312347594,0.011779242118526679,0.8812581751082271,0.01125426293584892,0.020535185758718606,0.00029700849698086296,0.9257594017085441,0.0012757990739245945,1.2106320779540014,0.09793282580095897,0.9500010104699039,0.07543170662777345,0.022169194999791527,0.0020098293726549883,0.9130672568070414,0.010298868080391906
Local Model,209,"(708, 13)",,Chemical + CS1 + CS3 + CS7,XGBoost,Time Series Split,"{""N_Splits"": 5, ""Repeats"": 1, ""Gap"": 0}",0.9785361259207302,0.04226158117735452,0.757851839033224,0.05390074042883349,0.01714124232337093,0.0014341642554877437,0.9355979228014768,0.0025677563129893172,1.8711367089738111,0.8232696411656408,1.4357559061858607,0.5757795754772315,0.035088058307693924,0.015535171602204969,0.7582385921050772,0.2119953681013631
