Category,Company,Data Shape,Timesteps,Features,Model,Cross Validation,Cross Validation Params,RMSE Train,RMSE Train,MAE Train,MAE Train,MAPE Train,MAPE Train,R2 Train,R2 Train,RMSE Test,RMSE Test,MAE Test,MAE Test,MAPE Test,MAPE Test,R2 Test,R2 Test
,,,,,,,,mean,std,mean,std,mean,std,mean,std,mean,std,mean,std,mean,std,mean,std
Local Model,partner_ii,"(735, 22)",,Chemical + Mineralogical + Physical,Decision Tree,Blocking Time Series Split,"{""N_Splits"": 5, ""Repeats"": 1, ""train_size"": 0.8}",1.3332453493947596,0.30981643865752484,1.0509233319409579,0.24766711629706292,0.025380147867818094,0.006534354017889728,0.564527157120708,0.12622445240092167,1.7300632335351807,0.2911933863209418,1.388917437639456,0.29797731733831917,0.033460837202946576,0.007971080197194988,0.17496352086455036,0.22359781414498225
Local Model,partner_ii,"(735, 22)",,Chemical + Mineralogical + Physical,Decision Tree,Out of time Split,"{""Test Size"": 0.2}",1.406591992602442,0.0,1.1100756620876169,0.0,0.026327869224392387,0.0,0.5319347718158551,0.0,2.411339831387654,0.0,1.9092360854093775,0.0,0.049816726141340036,0.0,-0.18156514593402373,0.0
Local Model,partner_ii,"(735, 22)",,Chemical + Mineralogical + Physical,Decision Tree,Repeated KFold,"{""N_Splits"": 5, ""Repeats"": 3}",1.482870966358551,0.02352285086443608,1.1647616593163754,0.01965671750324584,0.028077794504448784,0.00048414354728999065,0.6005316157634772,0.01608373977614016,1.6689437832017988,0.12418759632372753,1.321957793692282,0.10812690167799595,0.03187319983037623,0.00261906932808283,0.4847019696072475,0.09586212089930371
Local Model,partner_ii,"(735, 22)",,Chemical + Mineralogical + Physical,Decision Tree,Time Series Split,"{""N_Splits"": 5, ""Repeats"": 1, ""Gap"": 0}",1.3798855597358846,0.12678063888444532,1.0880985118166318,0.09418659985718651,0.026012594538014723,0.0021737861745373863,0.5030097945351836,0.05327510998394608,1.8422238960337107,0.28968276081213795,1.476227070736822,0.256218800827974,0.03579242917941456,0.008073258311715339,0.1792696903337486,0.23682443978078502
