Category,Company,Data Shape,Timesteps,Features,Model,Cross Validation,Cross Validation Params,RMSE Train,RMSE Train,MAE Train,MAE Train,MAPE Train,MAPE Train,R2 Train,R2 Train,RMSE Test,RMSE Test,MAE Test,MAE Test,MAPE Test,MAPE Test,R2 Test,R2 Test
,,,,,,,,mean,std,mean,std,mean,std,mean,std,mean,std,mean,std,mean,std,mean,std
Local Model,partner_ii,"(735, 18)",,Chemical + Mineralogical + Feature Engineering,Decision Tree,Blocking Time Series Split,"{""N_Splits"": 5, ""Repeats"": 1, ""train_size"": 0.8}",1.6292514958775488,0.16427017163300323,1.2928131884492493,0.15411600507598125,0.03106177420482601,0.0035716137582922696,0.3462487515617979,0.0739369360632788,2.1777717276568365,0.11513419873149391,1.727663245276061,0.16809580133798332,0.04171467405759949,0.004179874441199321,-0.3462214064580901,0.3554660325894436
Local Model,partner_ii,"(735, 18)",,Chemical + Mineralogical + Feature Engineering,Decision Tree,Out of time Split,"{""Test Size"": 0.2}",1.9584637431679237,0.0,1.5732507557177686,0.0,0.03721817246389727,0.0,0.0925949966249543,0.0,3.161360957761646,0.0,2.543674997002724,0.0,0.06659559318069824,0.0,-1.0309021649807155,0.0
Local Model,partner_ii,"(735, 18)",,Chemical + Mineralogical + Feature Engineering,Decision Tree,Repeated KFold,"{""N_Splits"": 5, ""Repeats"": 3}",2.1750298460166984,0.033748000489168505,1.7276046744098539,0.027433003289771725,0.04164919007621889,0.0006661628402272533,0.14108960342610027,0.017637726520037894,2.206861256700314,0.09959287000179604,1.7553720637207677,0.08357692734681982,0.04230926508540697,0.0021259698235226946,0.10818831103714395,0.058754169802865956
Local Model,partner_ii,"(735, 18)",,Chemical + Mineralogical + Feature Engineering,Decision Tree,Time Series Split,"{""N_Splits"": 5, ""Repeats"": 1, ""Gap"": 0}",1.740054860884787,0.1939803674579958,1.3798708342048611,0.15735769839826222,0.032882041116014435,0.003587155464559188,0.21009457791933545,0.10718448492352228,2.9632476950524707,1.006172474193671,2.3666521764164137,0.7843515371238967,0.056781321652637586,0.01976488943574427,-1.38011269753073,1.7526956252437003
