Category,Company,Data Shape,Timesteps,Features,Model,Cross Validation,Cross Validation Params,RMSE Train,RMSE Train,MAE Train,MAE Train,MAPE Train,MAPE Train,R2 Train,R2 Train,RMSE Test,RMSE Test,MAE Test,MAE Test,MAPE Test,MAPE Test,R2 Test,R2 Test
,,,,,,,,mean,std,mean,std,mean,std,mean,std,mean,std,mean,std,mean,std,mean,std
Local Model,partner_ii,"(735, 13)",,Chemical + Mineralogical,Decision Tree,Blocking Time Series Split,"{""N_Splits"": 5, ""Repeats"": 1, ""train_size"": 0.8}",1.6753006079108104,0.19945420912353767,1.3311890666226351,0.16548586411954744,0.031916051176683245,0.0037265987322953227,0.3086845753791071,0.0971752282480864,2.1953407222907737,0.032037278521616065,1.7351588526774093,0.11833995695310882,0.04164121009603451,0.0033870846217266327,-0.3561228369465598,0.29611962728198515
Local Model,partner_ii,"(735, 13)",,Chemical + Mineralogical,Decision Tree,Out of time Split,"{""Test Size"": 0.2}",1.9584637431679237,0.0,1.5732507557177682,0.0,0.03721817246389725,0.0,0.0925949966249543,0.0,3.1613609577616426,0.0,2.5436749970027215,0.0,0.06659559318069815,0.0,-1.030902164980711,0.0
Local Model,partner_ii,"(735, 13)",,Chemical + Mineralogical,Decision Tree,Repeated KFold,"{""N_Splits"": 5, ""Repeats"": 3}",2.1779557354671137,0.030856834079756736,1.7294258021961049,0.0256618886643373,0.04169103081439636,0.0006234901580734547,0.1387804726551958,0.015738955306034134,2.206913991854253,0.10051674061497969,1.753829817662318,0.08281750451587151,0.042275966775853976,0.0021130888522461694,0.10811661247870141,0.05967637540065113
Local Model,partner_ii,"(735, 13)",,Chemical + Mineralogical,Decision Tree,Time Series Split,"{""N_Splits"": 5, ""Repeats"": 1, ""Gap"": 0}",1.739863273810681,0.196168431855026,1.3943541250858975,0.15511262800982853,0.033268259334640275,0.003491908827308348,0.21109937488803202,0.10261309798162864,2.678801182778885,0.684408464620538,2.1094576561412546,0.4967907802382025,0.05082552124504922,0.01376090080636453,-0.838416043401334,0.9907411554586563
