Category,Company,Data Shape,Timesteps,Features,Model,Cross Validation,Cross Validation Params,RMSE Train,RMSE Train,MAE Train,MAE Train,MAPE Train,MAPE Train,R2 Train,R2 Train,RMSE Test,RMSE Test,MAE Test,MAE Test,MAPE Test,MAPE Test,R2 Test,R2 Test
,,,,,,,,mean,std,mean,std,mean,std,mean,std,mean,std,mean,std,mean,std,mean,std
Local Model,partner_ii,"(735, 13)",,Chemical + Mineralogical,Linear Regression,Blocking Time Series Split,"{""N_Splits"": 5, ""Repeats"": 1, ""train_size"": 0.8}",1.7518209358080399,0.18860441761641036,1.4144519932696522,0.1440674655120631,0.0339748667660621,0.003036902962345541,0.24554616078000863,0.07670754856620635,2.254244775527899,0.3691628911147279,1.8033353991990044,0.3276411203267256,0.043848064681477825,0.009309963214824376,-0.39431881356521814,0.3422187673792207
Local Model,partner_ii,"(735, 13)",,Chemical + Mineralogical,Linear Regression,Out of time Split,"{""Test Size"": 0.2}",1.883928513944085,0.0,1.5117292510176026,0.0,0.03583281067198646,0.0,0.16034875448231822,0.0,3.0603762846167295,0.0,2.523559606765492,0.0,0.06590025953646943,0.0,-0.9032265490666826,0.0
Local Model,partner_ii,"(735, 13)",,Chemical + Mineralogical,Linear Regression,Repeated KFold,"{""N_Splits"": 5, ""Repeats"": 3}",1.9999163998697698,0.030867193781400466,1.5943050468870765,0.023832517755274597,0.03842066482524943,0.0005958276232431495,0.27377435967283503,0.017181108370496724,2.0728830865341377,0.12909830448163295,1.6462658830573418,0.09688692647012857,0.03966279901313851,0.0024717212905856073,0.21331505500044384,0.06798184152039265
Local Model,partner_ii,"(735, 13)",,Chemical + Mineralogical,Linear Regression,Time Series Split,"{""N_Splits"": 5, ""Repeats"": 1, ""Gap"": 0}",1.7746581931998655,0.09472284632274207,1.4023332019864083,0.09053267537927592,0.03352402575669401,0.0019172680351532512,0.1775830025266391,0.019977538470670204,2.438105989809311,0.4368000299110875,1.9979388394681206,0.4031358227258459,0.048364080075150556,0.012151323592808159,-0.45593180572249087,0.5012767160584034
