Category,Company,Data Shape,Timesteps,Features,Model,Cross Validation,Cross Validation Params,RMSE Train,RMSE Train,MAE Train,MAE Train,MAPE Train,MAPE Train,R2 Train,R2 Train,RMSE Test,RMSE Test,MAE Test,MAE Test,MAPE Test,MAPE Test,R2 Test,R2 Test
,,,,,,,,mean,std,mean,std,mean,std,mean,std,mean,std,mean,std,mean,std,mean,std
Local Model,partner_ii,"(735, 15)",,Chemical + Mineralogical + CS3 + CS7,Linear Regression,Blocking Time Series Split,"{""N_Splits"": 5, ""Repeats"": 1, ""train_size"": 0.8}",1.2327341701777517,0.11848100471414326,0.9629169516290631,0.06906587255425738,0.02316260077818106,0.002072169019658092,0.624830390645778,0.04758839319479704,1.7197288886815536,0.35491845405933203,1.4083317408242872,0.3208710249766596,0.03432650568152747,0.009038123928348015,0.193871187186075,0.18680558370280473
Local Model,partner_ii,"(735, 15)",,Chemical + Mineralogical + CS3 + CS7,Linear Regression,Out of time Split,"{""Test Size"": 0.2}",1.288612385393699,0.0,1.0129666833476074,0.0,0.02400545402776975,0.0,0.6071609064901384,0.0,2.064923705036921,0.0,1.605401266615091,0.0,0.041643419764584626,0.0,0.1335393356056741,0.0
Local Model,partner_ii,"(735, 15)",,Chemical + Mineralogical + CS3 + CS7,Linear Regression,Repeated KFold,"{""N_Splits"": 5, ""Repeats"": 3}",1.3982136947809878,0.022230642029599474,1.0989798374892663,0.019629503679939958,0.02651408293892907,0.00047236866156463784,0.6448074851963066,0.014818323379470073,1.4381312068296979,0.08696100063243976,1.130597584389102,0.07616332170694176,0.02728161872203943,0.0018389173576222836,0.616680350341048,0.07598546983101952
Local Model,partner_ii,"(735, 15)",,Chemical + Mineralogical + CS3 + CS7,Linear Regression,Time Series Split,"{""N_Splits"": 5, ""Repeats"": 1, ""Gap"": 0}",1.2035766654361433,0.06542084522328705,0.9599546028264356,0.03919326264467977,0.022918007226328477,0.0007929979550549687,0.6214293013198582,0.01790941372606551,1.576104638666833,0.329721566267514,1.2424263845058592,0.27384570393957103,0.030173810534624968,0.008251145123429608,0.3887189346101871,0.2517972599994354
