Category,Company,Data Shape,Timesteps,Features,Model,Cross Validation,Cross Validation Params,RMSE Train,RMSE Train,MAE Train,MAE Train,MAPE Train,MAPE Train,R2 Train,R2 Train,RMSE Test,RMSE Test,MAE Test,MAE Test,MAPE Test,MAPE Test,R2 Test,R2 Test
,,,,,,,,mean,std,mean,std,mean,std,mean,std,mean,std,mean,std,mean,std,mean,std
Local Model,partner_ii,"(735, 19)",,Chemical + Mineralogical + Properties CS Less,Linear Regression,Blocking Time Series Split,"{""N_Splits"": 5, ""Repeats"": 1, ""train_size"": 0.8}",1.6758296331190388,0.2222651469310409,1.3379572107440585,0.15765160121753255,0.032123491332233564,0.0033500181316457513,0.3122909164265798,0.08085896744167877,4.976292917432129,5.287868788660619,2.4640832433192066,1.127083943982488,0.059264323596550636,0.026317411299486535,-16.907715758141112,32.9718090990434
Local Model,partner_ii,"(735, 19)",,Chemical + Mineralogical + Properties CS Less,Linear Regression,Out of time Split,"{""Test Size"": 0.2}",1.8722602454024806,0.0,1.4925856029369635,0.0,0.03538576878958958,0.0,0.17071744524483456,0.0,3.0882045747500957,0.0,2.5483131837676702,0.0,0.06656324296367108,0.0,-0.9379963530929425,0.0
Local Model,partner_ii,"(735, 19)",,Chemical + Mineralogical + Properties CS Less,Linear Regression,Repeated KFold,"{""N_Splits"": 5, ""Repeats"": 3}",1.9735283373305417,0.028826227343451458,1.5771289238041837,0.020950120832502587,0.037982640496231374,0.0005234727460098539,0.2928038220144971,0.016330918231633462,2.3877917026422524,0.6929845033111918,1.6954305578837505,0.12385598776437033,0.040815296354321046,0.0032142173091568777,-0.1206755849991895,0.7328287711193062
Local Model,partner_ii,"(735, 19)",,Chemical + Mineralogical + Properties CS Less,Linear Regression,Time Series Split,"{""N_Splits"": 5, ""Repeats"": 1, ""Gap"": 0}",1.7405724509742995,0.11448796947697759,1.381371701682975,0.09488970835905039,0.03302362697427271,0.0020302779513277536,0.2097973987466873,0.029071574355316362,2.4786714055962618,0.42892207896023954,2.0353866533915532,0.3966445463941753,0.049238169009095466,0.012011857185274866,-0.49537752115682243,0.4832988867396707
