Category,Company,Data Shape,Timesteps,Features,Model,Cross Validation,Cross Validation Params,RMSE Train,RMSE Train,MAE Train,MAE Train,MAPE Train,MAPE Train,R2 Train,R2 Train,RMSE Test,RMSE Test,MAE Test,MAE Test,MAPE Test,MAPE Test,R2 Test,R2 Test
,,,,,,,,mean,std,mean,std,mean,std,mean,std,mean,std,mean,std,mean,std,mean,std
Local Model,partner_ii,"(735, 14)",,Chemical + Mineralogical + CS1,Linear Regression,Blocking Time Series Split,"{""N_Splits"": 5, ""Repeats"": 1, ""train_size"": 0.8}",1.5179956813022688,0.19880286651673607,1.2151876866521643,0.1632014059742553,0.029208512661123277,0.003675910231678933,0.4366572764776123,0.05593789773216099,1.8529484574732482,0.28301377731564786,1.5501014545542393,0.23550178661730592,0.03751736672959512,0.005926100027339874,0.029890066050196708,0.34943877988656574
Local Model,partner_ii,"(735, 14)",,Chemical + Mineralogical + CS1,Linear Regression,Out of time Split,"{""Test Size"": 0.2}",1.6405544296747228,0.0,1.3044081670124412,0.0,0.030886692778694644,0.0,0.36327575749363705,0.0,2.906141927740097,0.0,2.3840446433327642,0.0,0.062163191111352795,0.0,-0.7162259796324275,0.0
Local Model,partner_ii,"(735, 14)",,Chemical + Mineralogical + CS1,Linear Regression,Repeated KFold,"{""N_Splits"": 5, ""Repeats"": 3}",1.7645024417937096,0.01867511148501966,1.3894649265457835,0.011538436701565048,0.03347502090010305,0.0002872170228764969,0.4346004510698415,0.013741829117575597,1.8197523305916172,0.07521719674979165,1.4324090322259377,0.045258914920141356,0.03450093254261489,0.0011916787628442828,0.3918523307406151,0.061352238501612116
Local Model,partner_ii,"(735, 14)",,Chemical + Mineralogical + CS1,Linear Regression,Time Series Split,"{""N_Splits"": 5, ""Repeats"": 1, ""Gap"": 0}",1.5266735458881489,0.09330177735244995,1.2084044353805967,0.07498989608088356,0.028855123282829076,0.0015586116426449016,0.391879744309812,0.017166857731125928,2.1514458789934707,0.4705153202552987,1.7540252445213589,0.43415661846479764,0.042704325733428326,0.012961204464881616,-0.14155081025530997,0.4937042713719564
