Category,Company,Data Shape,Timesteps,Features,Model,Cross Validation,Cross Validation Params,RMSE Train,RMSE Train,MAE Train,MAE Train,MAPE Train,MAPE Train,R2 Train,R2 Train,RMSE Test,RMSE Test,MAE Test,MAE Test,MAPE Test,MAPE Test,R2 Test,R2 Test
,,,,,,,,mean,std,mean,std,mean,std,mean,std,mean,std,mean,std,mean,std,mean,std
Local Model,partner_ii,"(735, 14)",,Chemical + Mineralogical + CS7,Linear Regression,Blocking Time Series Split,"{""N_Splits"": 5, ""Repeats"": 1, ""train_size"": 0.8}",1.292567024531483,0.1307957186374761,1.009554354720655,0.08557441955880976,0.024271152797682626,0.0025549906241923107,0.586650678739188,0.06079670991082997,1.6870153909669068,0.4379377129944331,1.3632484689691182,0.37332645687384514,0.033253013334403086,0.010303519783971333,0.22723134585869592,0.23971389898775877
Local Model,partner_ii,"(735, 14)",,Chemical + Mineralogical + CS7,Linear Regression,Out of time Split,"{""Test Size"": 0.2}",1.3175496581998076,0.0,1.0413400230078926,0.0,0.02468218388296996,0.0,0.5893194990262419,0.0,2.056178075184489,0.0,1.625835422094659,0.0,0.042030015090091175,0.0,0.1408632838141355,0.0
Local Model,partner_ii,"(735, 14)",,Chemical + Mineralogical + CS7,Linear Regression,Repeated KFold,"{""N_Splits"": 5, ""Repeats"": 3}",1.4308208363150416,0.020712715064829874,1.1287171082561136,0.018955481679194263,0.027225431221285755,0.0004593123161557514,0.6280991425468281,0.013952047105937606,1.4683657331809976,0.08247282870887021,1.1609896928031098,0.0691858322198006,0.02801055597591163,0.0016901658059716375,0.6013612850942945,0.07001813033463777
Local Model,partner_ii,"(735, 14)",,Chemical + Mineralogical + CS7,Linear Regression,Time Series Split,"{""N_Splits"": 5, ""Repeats"": 1, ""Gap"": 0}",1.2407111906034394,0.06422772688817581,0.990663216423936,0.04139885767937653,0.023651054239863235,0.000854748032866501,0.5975101395927936,0.02070383310992053,1.6005828078383657,0.30676628155900276,1.2736636784151516,0.2599352756238109,0.03084269623276461,0.007864661573847057,0.371965608910943,0.2347533764202979
