Category,Company,Data Shape,Timesteps,Features,Model,Cross Validation,Cross Validation Params,RMSE Train,RMSE Train,MAE Train,MAE Train,MAPE Train,MAPE Train,R2 Train,R2 Train,RMSE Test,RMSE Test,MAE Test,MAE Test,MAPE Test,MAPE Test,R2 Test,R2 Test
,,,,,,,,mean,std,mean,std,mean,std,mean,std,mean,std,mean,std,mean,std,mean,std
Local Model,partner_ii,"(735, 14)",,Chemical + Mineralogical + CS7,MLP,Blocking Time Series Split,"{""N_Splits"": 5, ""Repeats"": 3, ""train_size"": 0.8}",6.197898310801131,0.867527685830038,4.946686215914212,0.7473717112868032,0.11831551148650377,0.018720277702639124,-8.588648092478639,2.538123317482841,10.73297692517704,4.77559948713695,8.967551932610405,4.336972763950135,0.21804202697825623,0.11522500741728223,-30.991961892614988,20.637777563053525
Local Model,partner_ii,"(735, 14)",,Chemical + Mineralogical + CS7,MLP,Out of time Split,"{""Test Size"": 0.2}",1.4051126354310268,0.0365746849771786,1.1210612133138573,0.03437306442377125,0.026361939615438233,0.0007753126078286967,0.532602342921789,0.02449611896749533,1.7859142177920562,0.008853201436685465,1.4018740879326987,0.008282304464494157,0.03586252597284595,0.0002622840869811821,0.35185422664974797,0.006424596569468256
Local Model,partner_ii,"(735, 14)",,Chemical + Mineralogical + CS7,MLP,Repeated KFold,"{""N_Splits"": 5, ""Repeats"": 3}",1.504482583183923,0.03204477805150991,1.1957872270337577,0.02868912129843979,0.028561850468233157,0.000646815922660329,0.5887570434834501,0.019538616001369247,1.707068223014631,0.3375529921837299,1.26133703191156,0.1049701748715055,0.030078072959553084,0.002456269845458362,0.44530781269218017,0.23963134131633765
Local Model,partner_ii,"(735, 14)",,Chemical + Mineralogical + CS7,MLP,Time Series Split,"{""N_Splits"": 5, ""Repeats"": 3, ""Gap"": 0}",2.7269017134323876,1.4362264597153922,2.139453767771518,1.1088257092205445,0.05095428452511398,0.02688416781400287,-1.782458420030431,3.2167419017555874,5.010008898477183,2.8122559422672757,3.9546996884372065,2.5056510412959287,0.09346648791368294,0.05819754747343351,-7.391984408965305,8.812616091408943
