Category,Company,Data Shape,Timesteps,Features,Model,Cross Validation,Cross Validation Params,RMSE Train,RMSE Train,MAE Train,MAE Train,MAPE Train,MAPE Train,R2 Train,R2 Train,RMSE Test,RMSE Test,MAE Test,MAE Test,MAPE Test,MAPE Test,R2 Test,R2 Test
,,,,,,,,mean,std,mean,std,mean,std,mean,std,mean,std,mean,std,mean,std,mean,std
Local Model,partner_ii,"(735, 19)",,Chemical + Mineralogical + Properties CS Less,MLP,Blocking Time Series Split,"{""N_Splits"": 5, ""Repeats"": 3, ""train_size"": 0.8}",5.883383229970111,0.6399150440312241,4.770969258017689,0.5317880012294623,0.11382446091593947,0.012585416790026066,-7.653863561769973,1.9820288063886473,22.275146527355755,17.523937820627147,13.331030507151286,5.046037267787403,0.322350022965846,0.13084043007316848,-255.67205440224578,477.7562717730317
Local Model,partner_ii,"(735, 19)",,Chemical + Mineralogical + Properties CS Less,MLP,Out of time Split,"{""Test Size"": 0.2}",1.912763245690518,0.02668787054275659,1.5532654851796677,0.02714403036784488,0.03650302087559449,0.0005749601184415848,0.13428075685355775,0.024177519384168084,2.6634751048681147,0.2415310501568799,2.136421317102687,0.23274377973965368,0.055517793677935336,0.006098746639408322,-0.4534324944622206,0.25913518312517386
Local Model,partner_ii,"(735, 19)",,Chemical + Mineralogical + Properties CS Less,MLP,Repeated KFold,"{""N_Splits"": 5, ""Repeats"": 3}",1.9682655940434268,0.033825627918395225,1.6015656863534802,0.032238879463490244,0.03818470665745119,0.0007555982522613172,0.29647999610412584,0.021764987650883076,3.454131527024778,2.722011995547244,1.8829066579390543,0.2755473637703416,0.04492927096332333,0.006765850020063332,-2.456911432606928,5.901105378495583
Local Model,partner_ii,"(735, 19)",,Chemical + Mineralogical + Properties CS Less,MLP,Time Series Split,"{""N_Splits"": 5, ""Repeats"": 3, ""Gap"": 0}",3.12102683777872,1.3048586583039805,2.4999443661052756,1.0401416718510899,0.05951837834555621,0.02532905131072265,-2.2886722504315684,3.260719188863982,8.016284289790129,4.714397805273017,5.644794284778866,3.8635722845680887,0.13376970477291922,0.0889637043628327,-20.041974540240684,20.959845816253313
