Category,Company,Data Shape,Timesteps,Features,Model,Cross Validation,Cross Validation Params,RMSE Train,RMSE Train,MAE Train,MAE Train,MAPE Train,MAPE Train,R2 Train,R2 Train,RMSE Test,RMSE Test,MAE Test,MAE Test,MAPE Test,MAPE Test,R2 Test,R2 Test
,,,,,,,,mean,std,mean,std,mean,std,mean,std,mean,std,mean,std,mean,std,mean,std
Local Model,partner_ii,"(735, 22)",,Chemical + Mineralogical + Physical,MLP,Blocking Time Series Split,"{""N_Splits"": 5, ""Repeats"": 3, ""train_size"": 0.8}",5.578130915941876,0.7185757127410346,4.40994247484343,0.6372840848787891,0.10515893396391933,0.014585031161130527,-6.7957408600568545,2.035558711987897,17.67707016621609,9.164015886999332,11.97053954035441,3.6038410969947923,0.2894358876859953,0.09813048542648628,-117.5485757752539,160.88047612440937
Local Model,partner_ii,"(735, 22)",,Chemical + Mineralogical + Physical,MLP,Out of time Split,"{""Test Size"": 0.2}",1.4323095817388358,0.0762706616289094,1.1264219374018731,0.06202492942598295,0.026499538380360576,0.0014159390209183451,0.5132862400304407,0.05226385466398881,1.8294842824207773,0.06857372234142795,1.4418844614872317,0.056828441626505265,0.03690800766550034,0.0015220436713643188,0.3189046318967426,0.05116204399843738
Local Model,partner_ii,"(735, 22)",,Chemical + Mineralogical + Physical,MLP,Repeated KFold,"{""N_Splits"": 5, ""Repeats"": 3}",1.4572188685130192,0.03369701489969533,1.162060152793417,0.029452044340996474,0.027744148470346557,0.0006792545318938934,0.6140629844173049,0.02106832010795175,3.0414543764132813,2.7298854724056616,1.4212521996876548,0.26805679547246153,0.033929974197871575,0.006498157736949287,-1.978201495479427,5.544313346884859
Local Model,partner_ii,"(735, 22)",,Chemical + Mineralogical + Physical,MLP,Time Series Split,"{""N_Splits"": 5, ""Repeats"": 3, ""Gap"": 0}",2.744670172587094,1.3583608388356445,2.1686904263927596,1.075617718250047,0.05165981021384674,0.0261662860559132,-1.729957188820932,3.0112285945021298,7.963268859621822,5.369552555498008,5.366235186884312,4.168714845832461,0.12656923247489402,0.09693553302969704,-21.321706987887595,23.257000788993146
