Category,Company,Data Shape,Timesteps,Features,Model,Cross Validation,Cross Validation Params,RMSE Train,RMSE Train,MAE Train,MAE Train,MAPE Train,MAPE Train,R2 Train,R2 Train,RMSE Test,RMSE Test,MAE Test,MAE Test,MAPE Test,MAPE Test,R2 Test,R2 Test
,,,,,,,,mean,std,mean,std,mean,std,mean,std,mean,std,mean,std,mean,std,mean,std
Local Model,partner_ii,"(735, 16)",,Chemical + Mineralogical + CS1 + CS3 + CS7,MLP,Blocking Time Series Split,"{""N_Splits"": 5, ""Repeats"": 3, ""train_size"": 0.8}",6.372109014741285,0.9046366255900368,5.077036081080423,0.772680751259808,0.12141852920322196,0.018669947506843813,-9.088422249750847,2.515774631272022,10.464768171360694,3.5922656452878607,8.782002271440293,3.2225122503016195,0.21299566597691508,0.08769047747146654,-28.708329848838744,13.40426223373425
Local Model,partner_ii,"(735, 16)",,Chemical + Mineralogical + CS1 + CS3 + CS7,MLP,Out of time Split,"{""Test Size"": 0.2}",1.3709417821263876,0.048772576805541014,1.0830551413884237,0.035966549419086405,0.0254514439096314,0.0008361966308952595,0.5547976583506388,0.03174066117372005,1.775782888413401,0.05784936531988987,1.3852257923636575,0.04182174505649065,0.03554251175125747,0.0013927281267674188,0.35852281395189234,0.04135902262609541
Local Model,partner_ii,"(735, 16)",,Chemical + Mineralogical + CS1 + CS3 + CS7,MLP,Repeated KFold,"{""N_Splits"": 5, ""Repeats"": 3}",1.4550196097549495,0.03874538548206661,1.154436717078799,0.03459242118702549,0.02758791904874883,0.000785528901463796,0.6151838709568968,0.023178189983221343,1.7126792989686817,0.4092313103722654,1.24284667325182,0.10380296225757361,0.029650916131156915,0.0024196980095901083,0.4324550507054899,0.3033020803565967
Local Model,partner_ii,"(735, 16)",,Chemical + Mineralogical + CS1 + CS3 + CS7,MLP,Time Series Split,"{""N_Splits"": 5, ""Repeats"": 3, ""Gap"": 0}",2.714685877148416,1.4584011834988821,2.13333345268796,1.1540969289846157,0.05082431595716052,0.02798832512802379,-1.787408419503234,3.2713627834422345,5.093145988548764,3.1829294386638924,4.119008021505803,2.795686626276659,0.09747671954549929,0.06500855940921027,-8.182148652359189,10.788304656119845
