Category,Company,Data Shape,Timesteps,Features,Model,Cross Validation,Cross Validation Params,RMSE Train,RMSE Train,MAE Train,MAE Train,MAPE Train,MAPE Train,R2 Train,R2 Train,RMSE Test,RMSE Test,MAE Test,MAE Test,MAPE Test,MAPE Test,R2 Test,R2 Test
,,,,,,,,mean,std,mean,std,mean,std,mean,std,mean,std,mean,std,mean,std,mean,std
Local Model,partner_ii,"(735, 13)",,Chemical + Mineralogical,MLP,Blocking Time Series Split,"{""N_Splits"": 5, ""Repeats"": 3, ""train_size"": 0.8}",6.209706250383355,0.7939315286148629,4.911610909442955,0.6900303166303499,0.11727648021643336,0.016810184141722938,-8.649678818968255,2.5121877078137618,11.044805715261845,4.674669764815264,9.284047235361735,4.253198609877026,0.22554798205819923,0.11328306002314607,-32.62521319071549,20.67541039035741
Local Model,partner_ii,"(735, 13)",,Chemical + Mineralogical,MLP,Out of time Split,"{""Test Size"": 0.2}",1.9124492946179543,0.028325049365493817,1.547149427850771,0.03002698360910512,0.0363675760120401,0.0006458627936485812,0.1345435601637387,0.025728977131924936,2.5955417047118723,0.07477597730791104,2.0720213037607618,0.061295757450529655,0.054001285110263274,0.0016783347195582468,-0.3701154418586881,0.07957179293285592
Local Model,partner_ii,"(735, 13)",,Chemical + Mineralogical,MLP,Repeated KFold,"{""N_Splits"": 5, ""Repeats"": 3}",2.0040256592552463,0.03562290426062536,1.6242791271944976,0.028895678262372194,0.03876788041878034,0.0006663077426842497,0.2706618416079834,0.023721325022050026,2.134166055115244,0.14005386201472997,1.6981907603983977,0.07588302993198448,0.04054660529344692,0.0018204579223711729,0.16493370711748306,0.08880349787728334
Local Model,partner_ii,"(735, 13)",,Chemical + Mineralogical,MLP,Time Series Split,"{""N_Splits"": 5, ""Repeats"": 3, ""Gap"": 0}",3.046750459484547,1.2983673910343487,2.4294078172501776,1.0175965156013433,0.05781965404098273,0.024729967302866956,-2.1633746840519192,3.2187720632894994,5.315864262049187,3.031863622549958,4.357482740735747,2.7054433641224636,0.1033480833521631,0.06224882543827011,-8.517554294213058,10.72598107314534
