Category,Company,Data Shape,Timesteps,Features,Model,Cross Validation,Cross Validation Params,RMSE Train,RMSE Train,MAE Train,MAE Train,MAPE Train,MAPE Train,R2 Train,R2 Train,RMSE Test,RMSE Test,MAE Test,MAE Test,MAPE Test,MAPE Test,R2 Test,R2 Test
,,,,,,,,mean,std,mean,std,mean,std,mean,std,mean,std,mean,std,mean,std,mean,std
Local Model,partner_ii,"(735, 14)",,Chemical + Mineralogical + CS3,Random Forest,Blocking Time Series Split,"{""N_Splits"": 5, ""Repeats"": 1, ""train_size"": 0.8}",1.2761366768747329,0.1399992732417944,1.012469349480159,0.10094128822890312,0.024263473054649286,0.002276109076582949,0.6004820420044508,0.038427411578335485,2.040274694798625,0.2851463371581966,1.6827888881215416,0.2921703964224512,0.04048654292234104,0.007875541340197849,-0.16921036010284524,0.34585955695655235
Local Model,partner_ii,"(735, 14)",,Chemical + Mineralogical + CS3,Random Forest,Out of time Split,"{""Test Size"": 0.2}",1.54974941499715,0.0,1.238260774591021,0.0,0.02928405846412787,0.0,0.4318106881978653,0.0,2.4343826243611533,0.0,1.9233518944706385,0.0,0.05027789555715157,0.0,-0.20425514537899914,0.0
Local Model,partner_ii,"(735, 14)",,Chemical + Mineralogical + CS3,Random Forest,Repeated KFold,"{""N_Splits"": 5, ""Repeats"": 3}",1.6510281647580325,0.018263055894673655,1.3102148525196051,0.016634057158021513,0.03152476281902734,0.00037982788785289993,0.5049951996342549,0.011788218236391083,1.8213027556649066,0.09147737100616492,1.4514206165658865,0.08553410724247978,0.03496779039966455,0.0020497728146420097,0.391153053656228,0.06297263756972175
Local Model,partner_ii,"(735, 14)",,Chemical + Mineralogical + CS3,Random Forest,Time Series Split,"{""N_Splits"": 5, ""Repeats"": 1, ""Gap"": 0}",1.3860136999956676,0.14899311273777452,1.1230212892533058,0.10904526508078947,0.026758470060055377,0.0024469108129172136,0.4993674640557124,0.0603998816402846,2.1256751707181594,0.33647851195046363,1.7024652169705874,0.2975159877850894,0.04091523803298176,0.008917148934237472,-0.10291845224628579,0.34174141697886046
