Category,Company,Data Shape,Timesteps,Features,Model,Cross Validation,Cross Validation Params,RMSE Train,RMSE Train,MAE Train,MAE Train,MAPE Train,MAPE Train,R2 Train,R2 Train,RMSE Test,RMSE Test,MAE Test,MAE Test,MAPE Test,MAPE Test,R2 Test,R2 Test
,,,,,,,,mean,std,mean,std,mean,std,mean,std,mean,std,mean,std,mean,std,mean,std
Local Model,partner_ii,"(735, 15)",,Chemical + Mineralogical + CS1 + CS3,Random Forest,Blocking Time Series Split,"{""N_Splits"": 5, ""Repeats"": 1, ""train_size"": 0.8}",1.2375190152858704,0.15336578770536755,0.9764134184381108,0.11644791132354966,0.023402212623747493,0.002604612838919054,0.6256985199973928,0.03088290073604648,1.9857540651887327,0.3356819917556605,1.644293581197347,0.35012936363185465,0.03953108446786771,0.009464201578127086,-0.08462148280089668,0.2792606538819189
Local Model,partner_ii,"(735, 15)",,Chemical + Mineralogical + CS1 + CS3,Random Forest,Out of time Split,"{""Test Size"": 0.2}",1.527395300521713,0.0,1.2213178064627914,0.0,0.02886327627687664,0.0,0.4480839829094435,0.0,2.4195279077473955,0.0,1.9532482157229631,0.0,0.051003077460032874,0.0,-0.18960314336463813,0.0
Local Model,partner_ii,"(735, 15)",,Chemical + Mineralogical + CS1 + CS3,Random Forest,Repeated KFold,"{""N_Splits"": 5, ""Repeats"": 3}",1.6310585419893686,0.019794355119014576,1.2934323837676065,0.018256037722844697,0.031109332919082973,0.00042704946986241236,0.5168643774116499,0.013216524034779312,1.797247550819617,0.0871410363176205,1.4260962109472715,0.07689104271221443,0.034333709903656175,0.0018130401230436032,0.4066143656882488,0.06640009750059549
Local Model,partner_ii,"(735, 15)",,Chemical + Mineralogical + CS1 + CS3,Random Forest,Time Series Split,"{""N_Splits"": 5, ""Repeats"": 1, ""Gap"": 0}",1.3622133699476202,0.139834087141838,1.105653037590002,0.09799479295997209,0.026327962506583785,0.0021774276685514525,0.5163490792698886,0.05463690540974956,1.989800580185274,0.2852767875426735,1.5899753122780527,0.24594450581799154,0.038371973038702684,0.008151406722265433,0.04517901400233708,0.2478029812993254
