Category,Company,Data Shape,Timesteps,Features,Model,Cross Validation,Cross Validation Params,RMSE Train,RMSE Train,MAE Train,MAE Train,MAPE Train,MAPE Train,R2 Train,R2 Train,RMSE Test,RMSE Test,MAE Test,MAE Test,MAPE Test,MAPE Test,R2 Test,R2 Test
,,,,,,,,mean,std,mean,std,mean,std,mean,std,mean,std,mean,std,mean,std,mean,std
Local Model,partner_ii,"(735, 14)",,Chemical + Mineralogical + CS7,Random Forest,Blocking Time Series Split,"{""N_Splits"": 5, ""Repeats"": 1, ""train_size"": 0.8}",1.1533781892800061,0.12037103586689492,0.8997698360750606,0.09217739075869995,0.02160296998434589,0.002614611639128061,0.6735897856807845,0.027398720144182733,1.7654514987314613,0.3386906113074201,1.422878177133844,0.29829284595264755,0.034088065197007265,0.007818566370257343,0.14115516552974042,0.2623523414918544
Local Model,partner_ii,"(735, 14)",,Chemical + Mineralogical + CS7,Random Forest,Out of time Split,"{""Test Size"": 0.2}",1.3274163589356263,0.0,1.0515832385605877,0.0,0.024895462679677797,0.0,0.5831455626416149,0.0,2.219922902771749,0.0,1.7874550587844624,0.0,0.04651947468211596,0.0,-0.0014208171471123965,0.0
Local Model,partner_ii,"(735, 14)",,Chemical + Mineralogical + CS7,Random Forest,Repeated KFold,"{""N_Splits"": 5, ""Repeats"": 3}",1.436607586616532,0.02407593047031154,1.1304217153256875,0.02255250270374318,0.027223347912936794,0.0005388504705373836,0.6250600875940058,0.015478345033929695,1.5811117051942223,0.09398961872502096,1.2434555011098658,0.07965523226759551,0.029972780156991136,0.001968160106186278,0.5380772540894443,0.07760840417245278
Local Model,partner_ii,"(735, 14)",,Chemical + Mineralogical + CS7,Random Forest,Time Series Split,"{""N_Splits"": 5, ""Repeats"": 1, ""Gap"": 0}",1.2009207675077898,0.10481509079395364,0.9503069632598823,0.08172564599810402,0.022648600425179875,0.001803073319847462,0.623950458297012,0.032397337035412435,1.6557636716739441,0.389608530612461,1.3213161109718823,0.3314901091246001,0.032074510932188285,0.009922645791613683,0.3218750587841076,0.31526331643393085
