Category,Company,Data Shape,Timesteps,Features,Model,Cross Validation,Cross Validation Params,RMSE Train,RMSE Train,MAE Train,MAE Train,MAPE Train,MAPE Train,R2 Train,R2 Train,RMSE Test,RMSE Test,MAE Test,MAE Test,MAPE Test,MAPE Test,R2 Test,R2 Test
,,,,,,,,mean,std,mean,std,mean,std,mean,std,mean,std,mean,std,mean,std,mean,std
Local Model,partner_ii,"(735, 15)",,Chemical + Mineralogical + CS3 + CS7,Random Forest,Blocking Time Series Split,"{""N_Splits"": 5, ""Repeats"": 1, ""train_size"": 0.8}",1.1068571488142234,0.08766725875896202,0.8762400653562231,0.06726093519022124,0.021032437625296697,0.002092471780765455,0.6978262798721004,0.02754019278641573,1.6899507854792302,0.41973405619322857,1.385847661889224,0.4068387850936183,0.0334159793977137,0.010784359577476735,0.21261877352730313,0.29340443818199297
Local Model,partner_ii,"(735, 15)",,Chemical + Mineralogical + CS3 + CS7,Random Forest,Out of time Split,"{""Test Size"": 0.2}",1.3272728726184688,0.0,1.0522024945963346,0.0,0.02491024007216123,0.0,0.5832356770580653,0.0,2.212914496308792,0.0,1.7815504858441746,0.0,0.046352759663764696,0.0,0.004892271885707733,0.0
Local Model,partner_ii,"(735, 15)",,Chemical + Mineralogical + CS3 + CS7,Random Forest,Repeated KFold,"{""N_Splits"": 5, ""Repeats"": 3}",1.419400089430293,0.02365806392635291,1.1176872944855651,0.021984994338171224,0.02690658130751562,0.0005264281726302934,0.6339821385279258,0.015181298815459966,1.5619319339173017,0.08899359406266258,1.2282000253015928,0.0776331037613387,0.02960126067736498,0.0019166252861388738,0.5494027178890193,0.07340077257887513
Local Model,partner_ii,"(735, 15)",,Chemical + Mineralogical + CS3 + CS7,Random Forest,Time Series Split,"{""N_Splits"": 5, ""Repeats"": 1, ""Gap"": 0}",1.1956395373524473,0.1080237724233228,0.9456809635319325,0.0850827832048879,0.022535196099815545,0.0018896649035856717,0.6272878764824188,0.034085766029414384,1.6440723915299926,0.39581142465251484,1.3100869685042358,0.33628126011176,0.03184006174687133,0.010030279930613693,0.3299627840906812,0.3196736568775484
