Category,Company,Data Shape,Timesteps,Features,Model,Cross Validation,Cross Validation Params,RMSE Train,RMSE Train,MAE Train,MAE Train,MAPE Train,MAPE Train,R2 Train,R2 Train,RMSE Test,RMSE Test,MAE Test,MAE Test,MAPE Test,MAPE Test,R2 Test,R2 Test
,,,,,,,,mean,std,mean,std,mean,std,mean,std,mean,std,mean,std,mean,std,mean,std
Local Model,partner_ii,"(735, 15)",,Chemical + Mineralogical + CS3 + CS7,XGBoost,Blocking Time Series Split,"{""N_Splits"": 5, ""Repeats"": 1, ""train_size"": 0.8}",1.0042075505685641,0.09502559267675799,0.7967286353478065,0.07148254456388965,0.0191665911547665,0.0020190867173711007,0.7519189947162037,0.022581694939074068,1.7153477637212227,0.3923199879659359,1.4101582784016926,0.34278687371702515,0.03397861894422612,0.009299531543817107,0.2083546848387156,0.19265317420965464
Local Model,partner_ii,"(735, 15)",,Chemical + Mineralogical + CS3 + CS7,XGBoost,Out of time Split,"{""Test Size"": 0.2}",1.275713828950399,0.0,1.0103738359204766,0.0,0.02393386043719017,0.0,0.6149859088697816,0.0,2.2957986950279916,0.0,1.795444881932265,0.0,0.0469247446575986,0.0,-0.07104678245161655,0.0
Local Model,partner_ii,"(735, 15)",,Chemical + Mineralogical + CS3 + CS7,XGBoost,Repeated KFold,"{""N_Splits"": 5, ""Repeats"": 3}",1.3907390428492117,0.01894294049936454,1.0932115850643236,0.020256397498707224,0.02637253658774005,0.0004874539253101385,0.6486632847800067,0.012480668546186378,1.5706720113203323,0.07830411465579816,1.2345582930030734,0.07580109774211631,0.029776032986093114,0.001863555293794777,0.5459847714924586,0.05841107408885475
Local Model,partner_ii,"(735, 15)",,Chemical + Mineralogical + CS3 + CS7,XGBoost,Time Series Split,"{""N_Splits"": 5, ""Repeats"": 1, ""Gap"": 0}",1.137889037461265,0.12073307908764949,0.91287990483765,0.09026109486254315,0.02175819483533987,0.002007446425770067,0.6624944302237152,0.040456799870936734,1.6952342246222187,0.44817352155452134,1.3614342823966603,0.3769153978094295,0.03310646498977614,0.011207855077683631,0.28169870149429804,0.3800367810435815
