Category,Company,Data Shape,Timesteps,Features,Model,Cross Validation,Cross Validation Params,RMSE Train,RMSE Train,MAE Train,MAE Train,MAPE Train,MAPE Train,R2 Train,R2 Train,RMSE Test,RMSE Test,MAE Test,MAE Test,MAPE Test,MAPE Test,R2 Test,R2 Test
,,,,,,,,mean,std,mean,std,mean,std,mean,std,mean,std,mean,std,mean,std,mean,std
Local Model,partner_ii,"(735, 14)",,Chemical + Mineralogical + CS3,XGBoost,Blocking Time Series Split,"{""N_Splits"": 5, ""Repeats"": 1, ""train_size"": 0.8}",1.1383001703090225,0.14177205982591856,0.9073041574853098,0.11070879773316075,0.02177880136787206,0.0023753560347668876,0.6817120030472659,0.044664177363410114,1.9560441066583896,0.2889094603198519,1.6176015889485675,0.26325943136037916,0.03897934566712846,0.00735031720863122,-0.04658692277349261,0.20563868144844402
Local Model,partner_ii,"(735, 14)",,Chemical + Mineralogical + CS3,XGBoost,Out of time Split,"{""Test Size"": 0.2}",1.5162906521191388,0.0,1.2142417858409236,0.0,0.02874241849339877,0.0,0.4560800190818153,0.0,2.7243660642599896,0.0,2.1638893636067706,0.0,0.05675457656712505,0.0,-0.5082445174718977,0.0
Local Model,partner_ii,"(735, 14)",,Chemical + Mineralogical + CS3,XGBoost,Repeated KFold,"{""N_Splits"": 5, ""Repeats"": 3}",1.6047740314399241,0.015869996267978234,1.2692979780443672,0.018238902617498713,0.030583108173689973,0.00042589984455369774,0.532336027952625,0.010857051078352735,1.7773711912482473,0.08252843175029931,1.4019453302154194,0.08026278054162742,0.033787897407454644,0.001933180314251542,0.42143189861194563,0.04104207750014325
Local Model,partner_ii,"(735, 14)",,Chemical + Mineralogical + CS3,XGBoost,Time Series Split,"{""N_Splits"": 5, ""Repeats"": 1, ""Gap"": 0}",1.3108730620621527,0.18080165973460494,1.0543767265846529,0.13618432400781844,0.025159180593695218,0.0030734891639362045,0.5513044760638,0.08109523210463031,2.00687091820584,0.43679859900170925,1.6148104763343685,0.37919028719582976,0.03916136798784446,0.011631424612681773,0.012040931786810294,0.41729178581994814
