Category,Company,Data Shape,Timesteps,Features,Model,Cross Validation,Cross Validation Params,RMSE Train,RMSE Train,MAE Train,MAE Train,MAPE Train,MAPE Train,R2 Train,R2 Train,RMSE Test,RMSE Test,MAE Test,MAE Test,MAPE Test,MAPE Test,R2 Test,R2 Test
,,,,,,,,mean,std,mean,std,mean,std,mean,std,mean,std,mean,std,mean,std,mean,std
Local Model,partner_ii,"(735, 18)",,Chemical + Mineralogical + Feature Engineering,XGBoost,Blocking Time Series Split,"{""N_Splits"": 5, ""Repeats"": 1, ""train_size"": 0.8}",1.331936518799425,0.1222203350046343,1.040242655697032,0.10973722066414666,0.02495588232397012,0.0022801867301236014,0.5614516834051847,0.05636505095749395,2.022010048766546,0.2347364186088424,1.663835782877604,0.21165904479002798,0.04000274614096726,0.005948257852504618,-0.10984678640499679,0.08657400708819582
Local Model,partner_ii,"(735, 18)",,Chemical + Mineralogical + Feature Engineering,XGBoost,Out of time Split,"{""Test Size"": 0.2}",1.777194185998279,0.0,1.4186820662102733,0.0,0.033589881090901365,0.0,0.2527948347851331,0.0,3.0688503175654667,0.0,2.516688651779071,0.0,0.06575567559928025,0.0,-0.913781024603908,0.0
Local Model,partner_ii,"(735, 18)",,Chemical + Mineralogical + Feature Engineering,XGBoost,Repeated KFold,"{""N_Splits"": 5, ""Repeats"": 3}",1.8784650858270424,0.030422514354811504,1.4906096705741623,0.02591717169071675,0.03588403260136109,0.0006320074661745878,0.3592843109343039,0.01643825550043436,2.102588476330421,0.10538521887953085,1.6679689657682735,0.08205810091993643,0.040207279991056034,0.0021134351866108447,0.1909214666901703,0.05229706657843844
Local Model,partner_ii,"(735, 18)",,Chemical + Mineralogical + Feature Engineering,XGBoost,Time Series Split,"{""N_Splits"": 5, ""Repeats"": 1, ""Gap"": 0}",1.557864622694804,0.19764803155444602,1.2389076762504652,0.1646283735429618,0.029561049757514706,0.0037434392795818216,0.3669305938504977,0.10061753210733172,2.464539006594541,0.5409508312285631,2.0398504638671877,0.4817467702913401,0.049178340925948874,0.014631520981755292,-0.500490871580909,0.6403999583013815
