Category,Company,Data Shape,Timesteps,Features,Model,Cross Validation,Cross Validation Params,RMSE Train,RMSE Train,MAE Train,MAE Train,MAPE Train,MAPE Train,R2 Train,R2 Train,RMSE Test,RMSE Test,MAE Test,MAE Test,MAPE Test,MAPE Test,R2 Test,R2 Test
,,,,,,,,mean,std,mean,std,mean,std,mean,std,mean,std,mean,std,mean,std,mean,std
Local Model,206,"(1169, 5)",,Chemical + CS7,Decision Tree,Blocking Time Series Split,"{""N_Splits"": 5, ""Repeats"": 1, ""train_size"": 0.8}",1.0747260561177505,0.24204281341369313,0.8410277763392081,0.18167433626150803,0.018909853335348965,0.004296610342470618,0.8337325097065827,0.06328530511767905,2.1847490718310825,1.279817477629189,1.636274873541005,0.7903799194189175,0.03762789078766272,0.020651150190098423,-0.2506153059274164,1.3235503373743367
Local Model,206,"(1169, 5)",,Chemical + CS7,Decision Tree,Out of time Split,"{""Test Size"": 0.2}",1.1757615113012116,0.0,0.9292781147707557,0.0,0.02074663694530495,0.0,0.815724500174833,0.0,2.002887090225095,0.0,1.456876314572852,0.0,0.03433932143661527,0.0,0.6096144495119158,0.0
Local Model,206,"(1169, 5)",,Chemical + CS7,Decision Tree,Repeated KFold,"{""N_Splits"": 5, ""Repeats"": 3}",1.3297777938772317,0.023472715454958343,1.0118931052267455,0.01540114925805514,0.02281086945545711,0.0003620367526256396,0.792520962619875,0.005268890732902684,1.427719965077791,0.10029003855698224,1.0748293271647227,0.057303793821457304,0.02429815105566717,0.001409259813303294,0.759802249340272,0.024846443539190355
Local Model,206,"(1169, 5)",,Chemical + CS7,Decision Tree,Time Series Split,"{""N_Splits"": 5, ""Repeats"": 1, ""Gap"": 0}",1.1406733280666512,0.054211110090045624,0.9022056615605587,0.03033279805281125,0.020300905490034264,0.0005597388497319508,0.8511965782874252,0.03302318485454797,1.5909137799512787,0.26198832361208757,1.2136383947828269,0.20793594617293065,0.02717064320178359,0.004809333859117044,0.623831817307853,0.093034091034296
