Category,Company,Data Shape,Timesteps,Features,Model,Cross Validation,Cross Validation Params,RMSE Train,RMSE Train,MAE Train,MAE Train,MAPE Train,MAPE Train,R2 Train,R2 Train,RMSE Test,RMSE Test,MAE Test,MAE Test,MAPE Test,MAPE Test,R2 Test,R2 Test
,,,,,,,,mean,std,mean,std,mean,std,mean,std,mean,std,mean,std,mean,std,mean,std
Local Model,206,"(1169, 9)",,Chemical + Properties CS Less,Decision Tree,Blocking Time Series Split,"{""N_Splits"": 5, ""Repeats"": 1, ""train_size"": 0.8}",1.1562110408568103,0.3577905684211256,0.9189081203205649,0.2838171804022422,0.020645076961636637,0.0065561181285405,0.8028277262347225,0.10314905877558506,2.099465604065458,0.6862254114924282,1.6322993322585417,0.4550150014282971,0.037820778397109976,0.013539319580978306,-0.04671677844555666,0.8057440841786183
Local Model,206,"(1169, 9)",,Chemical + Properties CS Less,Decision Tree,Out of time Split,"{""Test Size"": 0.2}",1.350542941132385,0.0,1.0312582423661154,0.0,0.023129874311265616,0.0,0.7568658776037949,0.0,2.448441838673445,0.0,1.8206358683892945,0.0,0.043422186143899116,0.0,0.41660811453519486,0.0
Local Model,206,"(1169, 9)",,Chemical + Properties CS Less,Decision Tree,Repeated KFold,"{""N_Splits"": 5, ""Repeats"": 3}",1.595493118624826,0.029206047429273588,1.180897638116467,0.01697524122431437,0.02684538901644221,0.00039764115221862606,0.7013204472198237,0.007838444499946189,1.7255564217630064,0.11688700689541465,1.2616786415669474,0.06308421690022206,0.02875386962131352,0.0015154119783982142,0.6493533718858582,0.032219607235264625
Local Model,206,"(1169, 9)",,Chemical + Properties CS Less,Decision Tree,Time Series Split,"{""N_Splits"": 5, ""Repeats"": 1, ""Gap"": 0}",1.2332854739232264,0.1196876398180189,0.9672170543331962,0.06254751123296251,0.02182955748827369,0.001314683749760837,0.8225913914251741,0.05680506686744841,1.9522462458925915,0.2867313231994106,1.469689482824373,0.21533687654175587,0.03322953641772934,0.0057056508977968955,0.442317136578366,0.07124425668044064
