Category,Company,Data Shape,Timesteps,Features,Model,Cross Validation,Cross Validation Params,RMSE Train,RMSE Train,MAE Train,MAE Train,MAPE Train,MAPE Train,R2 Train,R2 Train,RMSE Test,RMSE Test,MAE Test,MAE Test,MAPE Test,MAPE Test,R2 Test,R2 Test
,,,,,,,,mean,std,mean,std,mean,std,mean,std,mean,std,mean,std,mean,std,mean,std
Local Model,206,"(1169, 5)",,Chemical + CS7,Linear Regression,Blocking Time Series Split,"{""N_Splits"": 5, ""Repeats"": 1, ""train_size"": 0.8}",1.1961097577768718,0.24188578306726738,0.9307909961162689,0.1801705461446428,0.02087623543306329,0.004280386022180071,0.7969905059324517,0.0630806637956509,1.517281740467253,0.354124006587775,1.1752666235539966,0.21205311037818902,0.026830640630256232,0.0059291543871810145,0.2904545720195982,0.7738669132513273
Local Model,206,"(1169, 5)",,Chemical + CS7,Linear Regression,Out of time Split,"{""Test Size"": 0.2}",1.197881152931136,0.0,0.9317251093847123,0.0,0.020778975584051604,0.0,0.8087257169050767,0.0,1.7936846947318759,0.0,1.3290286326567402,0.0,0.030981109906451924,0.0,0.6869072546257153,0.0
Local Model,206,"(1169, 5)",,Chemical + CS7,Linear Regression,Repeated KFold,"{""N_Splits"": 5, ""Repeats"": 3}",1.3317050247829434,0.020118075710653795,1.0081731914546628,0.011225517284711037,0.022727333588367708,0.0002722257191078954,0.7919153452637083,0.004742289463529484,1.3372460618110984,0.07991132788700715,1.0130283383412197,0.04457575376019744,0.022837772940744242,0.001097917302701878,0.7892224737487302,0.018969244265898036
Local Model,206,"(1169, 5)",,Chemical + CS7,Linear Regression,Time Series Split,"{""N_Splits"": 5, ""Repeats"": 1, ""Gap"": 0}",1.1865012114830213,0.027731494421275798,0.9343095960419454,0.022998782462435842,0.02096863272625882,0.0006141801734394533,0.8411298257399684,0.023857024874900202,1.3831000048729147,0.24461033643334107,1.059554933693835,0.16041638694106486,0.023757365278066912,0.004104558758526298,0.7164476183088608,0.06871020702031957
