Category,Company,Data Shape,Timesteps,Features,Model,Cross Validation,Cross Validation Params,RMSE Train,RMSE Train,MAE Train,MAE Train,MAPE Train,MAPE Train,R2 Train,R2 Train,RMSE Test,RMSE Test,MAE Test,MAE Test,MAPE Test,MAPE Test,R2 Test,R2 Test
,,,,,,,,mean,std,mean,std,mean,std,mean,std,mean,std,mean,std,mean,std,mean,std
Local Model,206,"(1169, 5)",,Chemical + Feature Engineering,Linear Regression,Blocking Time Series Split,"{""N_Splits"": 5, ""Repeats"": 1, ""train_size"": 0.8}",1.4158552007544762,0.44079887528045586,1.087744266269823,0.3096404341391966,0.024522212301919942,0.007407738738614231,0.704758374857877,0.15495283228080026,2.0004296512145223,0.6853434107133531,1.6245266694790044,0.5264877241297253,0.03762903454805707,0.014601923060797951,-0.21258361910617324,1.2367458757242016
Local Model,206,"(1169, 5)",,Chemical + Feature Engineering,Linear Regression,Out of time Split,"{""Test Size"": 0.2}",1.5112532095382802,0.0,1.1492186625446061,0.0,0.025765574305130337,0.0,0.6955586833912177,0.0,2.5081190572323453,0.0,1.8884312048207341,0.0,0.04498862166403969,0.0,0.3878228768700823,0.0
Local Model,206,"(1169, 5)",,Chemical + Feature Engineering,Linear Regression,Repeated KFold,"{""N_Splits"": 5, ""Repeats"": 3}",1.740764543156554,0.02771816121116003,1.2935416569337845,0.015124587100979466,0.029425413095515905,0.00036462631358326694,0.644449443063613,0.00838054989932861,1.7458635262606998,0.10670119719356755,1.2989271007617391,0.06191592568898043,0.02955029903306987,0.0014992377608504645,0.6408190097328129,0.03239436796547314
Local Model,206,"(1169, 5)",,Chemical + Feature Engineering,Linear Regression,Time Series Split,"{""N_Splits"": 5, ""Repeats"": 1, ""Gap"": 0}",1.411199964618175,0.09404997099751987,1.11101030570121,0.04650354560779292,0.02505358620283473,0.0010393409447977094,0.7713350867828779,0.05857772856559536,1.8834289217690696,0.39038557446956285,1.44998840841702,0.2891366905970928,0.03273403896342914,0.007360948079956954,0.4684886979038014,0.1741256685451999
