Category,Company,Data Shape,Timesteps,Features,Model,Cross Validation,Cross Validation Params,RMSE Train,RMSE Train,MAE Train,MAE Train,MAPE Train,MAPE Train,R2 Train,R2 Train,RMSE Test,RMSE Test,MAE Test,MAE Test,MAPE Test,MAPE Test,R2 Test,R2 Test
,,,,,,,,mean,std,mean,std,mean,std,mean,std,mean,std,mean,std,mean,std,mean,std
Local Model,206,"(1169, 9)",,Chemical + Properties CS Less,MLP,Blocking Time Series Split,"{""N_Splits"": 5, ""Repeats"": 3, ""train_size"": 0.8}",4.990298111319763,0.6084908980567528,3.8528125447324486,0.4273565222930477,0.08622122789048091,0.010607524876481297,-2.557115901993152,0.8858812991359176,6.912951886222222,1.7322288106512327,5.657499678072016,1.539816340960467,0.12747180826586899,0.03650177433699238,-14.956884016418366,19.385706034616817
Local Model,206,"(1169, 9)",,Chemical + Properties CS Less,MLP,Out of time Split,"{""Test Size"": 0.2}",1.7474313460388677,0.057456705727557116,1.3166546214874357,0.04546579115038746,0.029469822122584876,0.0009937605063155687,0.5925271830382423,0.02693021124456483,3.4738978770264843,0.09498314928809451,2.469777266412719,0.08492156248421255,0.0598678140509095,0.002035205151542068,-0.17527485379220598,0.06446949788624648
Local Model,206,"(1169, 9)",,Chemical + Properties CS Less,MLP,Repeated KFold,"{""N_Splits"": 5, ""Repeats"": 3}",1.9954329648204128,0.09696233297335391,1.463072279883542,0.06521419707895167,0.03326110307217186,0.0014875587637870403,0.5319569314322815,0.04310367865883026,2.1026870875590595,0.17295514674003726,1.524002549290829,0.07972771939684507,0.034709167623106024,0.0019626860995416596,0.47811300628845754,0.06816601152273635
Local Model,206,"(1169, 9)",,Chemical + Properties CS Less,MLP,Time Series Split,"{""N_Splits"": 5, ""Repeats"": 3, ""Gap"": 0}",2.712012324836456,1.0648220584275108,2.0520722715283406,0.7847303521185124,0.04621174489548872,0.018168159894633308,0.14344201482167626,0.573780224008122,3.7854795252487095,0.9622531518653528,2.94404392132841,0.8303369998569942,0.06606180994260875,0.01738941619928989,-1.3331333491526247,1.1728798085155099
