Category,Company,Data Shape,Timesteps,Features,Model,Cross Validation,Cross Validation Params,RMSE Train,RMSE Train,MAE Train,MAE Train,MAPE Train,MAPE Train,R2 Train,R2 Train,RMSE Test,RMSE Test,MAE Test,MAE Test,MAPE Test,MAPE Test,R2 Test,R2 Test
,,,,,,,,mean,std,mean,std,mean,std,mean,std,mean,std,mean,std,mean,std,mean,std
Local Model,206,"(1169, 4)",,Chemical,MLP,Blocking Time Series Split,"{""N_Splits"": 5, ""Repeats"": 3, ""train_size"": 0.8}",6.158268154524803,0.5219322481094647,4.792571510382492,0.3824709887194569,0.10630985932195873,0.00940012348219,-4.379136597110899,0.9657345210305158,9.080930472186473,2.00603876302558,7.848002681348003,1.8729737525170032,0.17666560778762824,0.05176459627409481,-22.64724215287882,24.04541599503509
Local Model,206,"(1169, 4)",,Chemical,MLP,Out of time Split,"{""Test Size"": 0.2}",1.4694011872227,0.001471302643985471,1.1245924927791964,0.0007384380076722223,0.025158693897612664,2.9872027937385032e-05,0.7121870524112627,0.0005765605572340193,2.581611774863124,0.01669319481701957,1.9117767346591352,0.017054408225194682,0.04573402349297209,0.0004403669850076722,0.351394204881208,0.008406755122555565
Local Model,206,"(1169, 4)",,Chemical,MLP,Repeated KFold,"{""N_Splits"": 5, ""Repeats"": 3}",1.7223002270010723,0.03015838977745801,1.28062361222292,0.01942647607085911,0.02909365379425147,0.00043497314626055235,0.651926835515994,0.009878162128425867,1.7488164336243657,0.10584247552162163,1.30196713375101,0.053399498431755586,0.029584641044602518,0.0013391309133254634,0.6399197660196291,0.028682329506593905
Local Model,206,"(1169, 4)",,Chemical,MLP,Time Series Split,"{""N_Splits"": 5, ""Repeats"": 3, ""Gap"": 0}",2.4071750019570652,1.6499965543798059,1.8871181482749375,1.2903729011439267,0.04241599379540387,0.02929343633034984,0.1853871677622717,1.0414210007059332,2.9946196445651596,1.6589602822966378,2.353363037796283,1.3891410616459867,0.05247301491713504,0.030206929226077303,-0.5918938188191798,1.709543695018928
