Category,Company,Data Shape,Timesteps,Features,Model,Cross Validation,Cross Validation Params,RMSE Train,RMSE Train,MAE Train,MAE Train,MAPE Train,MAPE Train,R2 Train,R2 Train,RMSE Test,RMSE Test,MAE Test,MAE Test,MAPE Test,MAPE Test,R2 Test,R2 Test
,,,,,,,,mean,std,mean,std,mean,std,mean,std,mean,std,mean,std,mean,std,mean,std
Local Model,206,"(1169, 6)",,Chemical + CS1 + CS3,MLP,Blocking Time Series Split,"{""N_Splits"": 5, ""Repeats"": 3, ""train_size"": 0.8}",5.823504581711676,0.7307679680619285,4.514852073276959,0.5173739881235832,0.10064983466413678,0.012629071624554494,-3.792186719583334,0.9160097387865844,10.816076682980455,2.002587228293388,9.434571484472396,1.7182880379244776,0.2141278848099013,0.05180883835088335,-28.399246095521182,24.97698991731418
Local Model,206,"(1169, 6)",,Chemical + CS1 + CS3,MLP,Out of time Split,"{""Test Size"": 0.2}",1.3066241092561077,0.02417360860353645,1.0179174606296622,0.01651779681986691,0.022694594451632643,0.0003666299450373978,0.7723440116512635,0.008470982816366213,2.3576259063067124,0.11946285945446794,1.7339041887158346,0.10285077754422484,0.04130162777701552,0.002418845014543525,0.4576942285612926,0.054733081663842234
Local Model,206,"(1169, 6)",,Chemical + CS1 + CS3,MLP,Repeated KFold,"{""N_Splits"": 5, ""Repeats"": 3}",1.4316687450728354,0.017655799317444015,1.0896607792613167,0.012500209551877615,0.024600015935821885,0.0002485572606331497,0.759468214137834,0.006144621465106087,1.4592880658870677,0.08924923426060548,1.1130099669160587,0.049866358786866,0.025127990833552747,0.0012369712999132755,0.7492285635646176,0.020585092202978838
Local Model,206,"(1169, 6)",,Chemical + CS1 + CS3,MLP,Time Series Split,"{""N_Splits"": 5, ""Repeats"": 3, ""Gap"": 0}",2.6072481714656828,1.50466347613994,2.017994717456687,1.1596705612164417,0.04538682034793455,0.02656577901827745,0.12360282708936392,0.8851227871361536,3.7031978892838007,2.4941711224963155,2.9713343121820297,2.0951358352784957,0.0662402463511019,0.04653482159900295,-1.7885326727469424,3.385417105669095
