Category,Company,Data Shape,Timesteps,Features,Model,Cross Validation,Cross Validation Params,RMSE Train,RMSE Train,MAE Train,MAE Train,MAPE Train,MAPE Train,R2 Train,R2 Train,RMSE Test,RMSE Test,MAE Test,MAE Test,MAPE Test,MAPE Test,R2 Test,R2 Test
,,,,,,,,mean,std,mean,std,mean,std,mean,std,mean,std,mean,std,mean,std,mean,std
Local Model,206,"(1169, 12)",,Chemical + Physical,MLP,Blocking Time Series Split,"{""N_Splits"": 5, ""Repeats"": 3, ""train_size"": 0.8}",4.73698144218941,0.5640290905806267,3.6496195052085705,0.41679333695325527,0.08145764325618368,0.01009224780356778,-2.18732612488161,0.6506844633616631,8.290741326737116,1.7208527807917409,6.897112083294375,1.4956779213970965,0.1561266957466666,0.03637272333821313,-21.21274455557874,27.268332895608843
Local Model,206,"(1169, 12)",,Chemical + Physical,MLP,Out of time Split,"{""Test Size"": 0.2}",1.768682676878892,0.026060525500705537,1.3110912988322407,0.011722488931645096,0.029252913145963122,0.00021458899528118615,0.5829162784625463,0.012255538357422274,2.947782248841334,0.1010227849438761,2.2399219840720854,0.07010579411275997,0.053444214370691655,0.0018156024866047254,0.15339394151832222,0.058142049818271604
Local Model,206,"(1169, 12)",,Chemical + Physical,MLP,Repeated KFold,"{""N_Splits"": 5, ""Repeats"": 3}",1.7113510357603716,0.08475076716766941,1.2818234702139246,0.06397983975404205,0.028932284957407992,0.0014480184749237654,0.6554825760677276,0.034406362277447956,1.812052257486171,0.10493819010926433,1.344468828216012,0.05511512211133117,0.030397634914369573,0.0013409411562487138,0.612397507234986,0.040447283865219875
Local Model,206,"(1169, 12)",,Chemical + Physical,MLP,Time Series Split,"{""N_Splits"": 5, ""Repeats"": 3, ""Gap"": 0}",2.714518566588167,0.9946969864014029,2.0130939359175577,0.6842887243600592,0.045292807262547786,0.015878265691323588,0.14992880180621102,0.5118979173128305,4.075575179092315,1.406205678818868,3.1821903752644856,1.0403699002427138,0.07141746142105539,0.02253124913744208,-1.8085758421873008,1.8225762537396497
