Category,Company,Data Shape,Timesteps,Features,Model,Cross Validation,Cross Validation Params,RMSE Train,RMSE Train,MAE Train,MAE Train,MAPE Train,MAPE Train,R2 Train,R2 Train,RMSE Test,RMSE Test,MAE Test,MAE Test,MAPE Test,MAPE Test,R2 Test,R2 Test
,,,,,,,,mean,std,mean,std,mean,std,mean,std,mean,std,mean,std,mean,std,mean,std
Local Model,206,"(1169, 6)",,Chemical + CS3 + CS7,Random Forest,Blocking Time Series Split,"{""N_Splits"": 5, ""Repeats"": 1, ""train_size"": 0.8}",0.7900022951399459,0.19165269031657414,0.6011884366497576,0.12558994605499327,0.013474114903672407,0.0029517883980926143,0.9068670131467396,0.04198997887491723,1.5939467011902626,0.39875279035377686,1.1602780408351925,0.19313083275425907,0.026447541645108135,0.006303721160201566,0.38461363245410696,0.4885712202576915
Local Model,206,"(1169, 6)",,Chemical + CS3 + CS7,Random Forest,Out of time Split,"{""Test Size"": 0.2}",0.9663192175722274,0.0,0.7550413054107314,0.0,0.016822637472075373,0.0,0.8755283770396989,0.0,1.888737535004771,0.0,1.3290417018798344,0.0,0.031200683378042448,0.0,0.6528445222683195,0.0
Local Model,206,"(1169, 6)",,Chemical + CS3 + CS7,Random Forest,Repeated KFold,"{""N_Splits"": 5, ""Repeats"": 3}",1.0955626827374976,0.030106242136920872,0.8432110313991205,0.018309013101908453,0.01898041009505255,0.0004377549831650749,0.8591393269543578,0.00633332660288716,1.3337815765162382,0.12095832947312193,0.9961131901432196,0.061226865307578565,0.022491164586505345,0.0014707403604880935,0.7901645395275678,0.028964888190645313
Local Model,206,"(1169, 6)",,Chemical + CS3 + CS7,Random Forest,Time Series Split,"{""N_Splits"": 5, ""Repeats"": 1, ""Gap"": 0}",0.8707553610708667,0.10602907677805284,0.6768380576193858,0.09070721827796564,0.015174042883357313,0.0019298494589312276,0.9106153955670001,0.030221597687165546,1.5291798192420647,0.22917737046843636,1.167210754979542,0.14573055109126773,0.026162520848052335,0.0036293773053655072,0.6573590147101993,0.04820104751792693
