Category,Company,Data Shape,Timesteps,Features,Model,Cross Validation,Cross Validation Params,RMSE Train,RMSE Train,MAE Train,MAE Train,MAPE Train,MAPE Train,R2 Train,R2 Train,RMSE Test,RMSE Test,MAE Test,MAE Test,MAPE Test,MAPE Test,R2 Test,R2 Test
,,,,,,,,mean,std,mean,std,mean,std,mean,std,mean,std,mean,std,mean,std,mean,std
Local Model,206,"(1169, 5)",,Chemical + Feature Engineering,XGBoost,Blocking Time Series Split,"{""N_Splits"": 5, ""Repeats"": 1, ""train_size"": 0.8}",0.9946349624014001,0.29390791399299804,0.7598742008934468,0.23633987304292728,0.01718268716779905,0.005630659261561622,0.8561580449178811,0.06933623733182134,2.3993041526151964,1.189623218683303,1.9428978123441656,1.0020012535371834,0.04530549841436888,0.026964133623358047,-0.36321614385067036,1.2815224663721059
Local Model,206,"(1169, 5)",,Chemical + Feature Engineering,XGBoost,Out of time Split,"{""Test Size"": 0.2}",1.2819122211920009,0.0,0.9687502932244811,0.0,0.02181096681010332,0.0,0.7809487706235942,0.0,2.703639824390229,0.0,2.0214029371473528,0.0,0.048531057345451475,0.0,0.28865797013363437,0.0
Local Model,206,"(1169, 5)",,Chemical + Feature Engineering,XGBoost,Repeated KFold,"{""N_Splits"": 5, ""Repeats"": 3}",1.5161926045773986,0.03511071059663175,1.1157460939454005,0.017572264378258207,0.02543034242078024,0.000421884999872781,0.7302209482068619,0.010404701118979384,1.74616246255279,0.11727133038828796,1.276204183911169,0.04427101307751196,0.029124555163326137,0.0011639413867885599,0.6412132927577853,0.03003026155185413
Local Model,206,"(1169, 5)",,Chemical + Feature Engineering,XGBoost,Time Series Split,"{""N_Splits"": 5, ""Repeats"": 1, ""Gap"": 0}",1.1229014360865976,0.14367427663349275,0.8593222878254458,0.09554023614788021,0.019460882467606272,0.0020910177210518477,0.8507821658371352,0.057973358184609726,1.9241178040917783,0.45702532300003235,1.4606923419441145,0.3094980906948482,0.032972371936848474,0.008032934853185606,0.451447549273042,0.17408736591959315
