Category,Company,Data Shape,Timesteps,Features,Model,Cross Validation,Cross Validation Params,RMSE Train,RMSE Train,MAE Train,MAE Train,MAPE Train,MAPE Train,R2 Train,R2 Train,RMSE Test,RMSE Test,MAE Test,MAE Test,MAPE Test,MAPE Test,R2 Test,R2 Test
,,,,,,,,mean,std,mean,std,mean,std,mean,std,mean,std,mean,std,mean,std,mean,std
Local Model,206,"(1169, 5)",,Chemical + CS3,XGBoost,Blocking Time Series Split,"{""N_Splits"": 5, ""Repeats"": 1, ""train_size"": 0.8}",0.8828408178477541,0.18160133675238166,0.6618626577015575,0.1344044540823205,0.014954560957168034,0.0032651484017988132,0.8896606067232401,0.03330089253021025,1.76280041100054,0.424947116118303,1.4036194706044298,0.3322869726463295,0.032240219380076096,0.009597393596451164,0.35819362030456964,0.35797144824892885
Local Model,206,"(1169, 5)",,Chemical + CS3,XGBoost,Out of time Split,"{""Test Size"": 0.2}",1.0772998305401322,0.0,0.8334271737600761,0.0,0.018654658766499643,0.0,0.8452957295528899,0.0,2.314753176556981,0.0,1.7580497739090881,0.0,0.04188668137792672,0.0,0.4785770078013213,0.0
Local Model,206,"(1169, 5)",,Chemical + CS3,XGBoost,Repeated KFold,"{""N_Splits"": 5, ""Repeats"": 3}",1.2301081564412377,0.01771317067962293,0.9382715915761871,0.013247562977028126,0.021275550725629748,0.00030470558826885014,0.8224438213227544,0.004308808623898832,1.4822640923356623,0.09686878744129424,1.1137934252534758,0.038049824868747494,0.02529172182910915,0.0009265701431267005,0.7414495614514887,0.02102881020450657
Local Model,206,"(1169, 5)",,Chemical + CS3,XGBoost,Time Series Split,"{""N_Splits"": 5, ""Repeats"": 1, ""Gap"": 0}",0.9984243526892278,0.0725920723998686,0.7705292153201917,0.05642379456713543,0.017403473116503,0.0011438106018946603,0.8849944290679803,0.03047464398435804,1.6678494784523743,0.4333484630996018,1.2836971997447852,0.3384330773812255,0.028953460531819818,0.008193328057751624,0.595519716462248,0.11347809271859449
