Category,Company,Data Shape,Timesteps,Features,Model,Cross Validation,Cross Validation Params,RMSE Train,RMSE Train,MAE Train,MAE Train,MAPE Train,MAPE Train,R2 Train,R2 Train,RMSE Test,RMSE Test,MAE Test,MAE Test,MAPE Test,MAPE Test,R2 Test,R2 Test
,,,,,,,,mean,std,mean,std,mean,std,mean,std,mean,std,mean,std,mean,std,mean,std
Local Model,206,"(1169, 6)",,Chemical + CS1 + CS3,XGBoost,Blocking Time Series Split,"{""N_Splits"": 5, ""Repeats"": 1, ""train_size"": 0.8}",0.8629432513603467,0.16841607582778942,0.642038207739885,0.11757796670628311,0.01449348819542327,0.0028841980390194085,0.8945673714193532,0.03035350180953756,1.8003892862484474,0.44356915606196856,1.4538827139347157,0.3236162137406371,0.033139810453595674,0.008888609446192994,0.3251130122601191,0.40035232949107685
Local Model,206,"(1169, 6)",,Chemical + CS1 + CS3,XGBoost,Out of time Split,"{""Test Size"": 0.2}",1.0636886565833008,0.0,0.8314617823256258,0.0,0.018611598737522727,0.0,0.8491802645228865,0.0,2.262981831146315,0.0,1.6871630848941643,0.0,0.040191668929220783,0.0,0.5016402787077926,0.0
Local Model,206,"(1169, 6)",,Chemical + CS1 + CS3,XGBoost,Repeated KFold,"{""N_Splits"": 5, ""Repeats"": 3}",1.1955308651150498,0.01828032391292734,0.9176794014911827,0.01167596297183,0.020783578475558204,0.00027249358973345034,0.832284116707205,0.004305082295394695,1.4696852272807006,0.10766556425733487,1.1078729222270745,0.04496899952259843,0.02514672639400528,0.0011344583909226368,0.745751351251968,0.02444849870038348
Local Model,206,"(1169, 6)",,Chemical + CS1 + CS3,XGBoost,Time Series Split,"{""N_Splits"": 5, ""Repeats"": 1, ""Gap"": 0}",0.9922826629690034,0.07237924316635584,0.7733061105509355,0.05915708272087652,0.017460835281801524,0.0011966790003334333,0.8862873375073687,0.030625941374510898,1.6625686974777267,0.4176591631119597,1.2785141950784271,0.31595338162500447,0.028782345422300036,0.00755326279966845,0.5976919296063883,0.10945080779427813
