Category,Company,Data Shape,Timesteps,Features,Model,Cross Validation,Cross Validation Params,RMSE Train,RMSE Train,MAE Train,MAE Train,MAPE Train,MAPE Train,R2 Train,R2 Train,RMSE Test,RMSE Test,MAE Test,MAE Test,MAPE Test,MAPE Test,R2 Test,R2 Test
,,,,,,,,mean,std,mean,std,mean,std,mean,std,mean,std,mean,std,mean,std,mean,std
Local Model,206,"(1169, 5)",,Chemical + CS1,XGBoost,Blocking Time Series Split,"{""N_Splits"": 5, ""Repeats"": 1, ""train_size"": 0.8}",0.9172723954817184,0.1994238239235572,0.6947091767615898,0.1478371037531342,0.015630963796010065,0.003532925796084141,0.8805277499979132,0.03944993464159626,1.9053411613381166,0.5813234291671158,1.5268796589303524,0.43606769134272,0.03524429090195515,0.012547249268682325,0.2321307439026254,0.48483535625094104
Local Model,206,"(1169, 5)",,Chemical + CS1,XGBoost,Out of time Split,"{""Test Size"": 0.2}",1.160080258051882,0.0,0.8965804917878376,0.0,0.020083593722576298,0.0,0.8206071244712223,0.0,2.362331966236597,0.0,1.765108057397044,0.0,0.041773338442513804,0.0,0.45692144544124236,0.0
Local Model,206,"(1169, 5)",,Chemical + CS1,XGBoost,Repeated KFold,"{""N_Splits"": 5, ""Repeats"": 3}",1.3160794046181017,0.022357392007945735,1.0049371939628462,0.015014582742821955,0.022789686245896435,0.0003468254886971697,0.796756208161972,0.005682538714048814,1.603661593905713,0.09473680633905505,1.196370166023963,0.04858867949154539,0.0271987079094213,0.001187104944191252,0.6973433790761593,0.021659049241602463
Local Model,206,"(1169, 5)",,Chemical + CS1,XGBoost,Time Series Split,"{""N_Splits"": 5, ""Repeats"": 1, ""Gap"": 0}",1.0593221270561355,0.09631943160544662,0.8252891906142421,0.06389990403537955,0.018641373068090987,0.0013485797369968452,0.8695310237472512,0.040179570432802424,1.7540687909321249,0.3530926185942607,1.3460218188413642,0.263422465357241,0.030112845385075825,0.006435674815923535,0.5508102818960485,0.0975405202991974
