Category,Company,Data Shape,Timesteps,Features,Model,Cross Validation,Cross Validation Params,RMSE Train,RMSE Train,MAE Train,MAE Train,MAPE Train,MAPE Train,R2 Train,R2 Train,RMSE Test,RMSE Test,MAE Test,MAE Test,MAPE Test,MAPE Test,R2 Test,R2 Test
,,,,,,,,mean,std,mean,std,mean,std,mean,std,mean,std,mean,std,mean,std,mean,std
Local Model,204,"(1947, 12)",,Chemical + CS3 + CS7,Decision Tree,Blocking Time Series Split,"{""N_Splits"": 5, ""Repeats"": 1, ""train_size"": 0.8}",1.5131796891456977,0.5135597370625387,1.2218910552285744,0.42733664765235807,0.03009133396999284,0.009822850251523164,0.8592490395374984,0.0836506687841687,1.999331861239904,0.5798109089425659,1.5928920506180397,0.39011574260766246,0.03958459999406831,0.009820176290693558,0.7418003804083607,0.141975606973625
Local Model,204,"(1947, 12)",,Chemical + CS3 + CS7,Decision Tree,Out of time Split,"{""Test Size"": 0.2}",2.2845185385523874,0.0,1.7962584009833316,0.0,0.04406906472896248,0.0,0.7041844718564799,0.0,1.892137556483248,0.0,1.5253788300081332,0.0,0.037146602319354065,0.0,0.8248747542611382,0.0
Local Model,204,"(1947, 12)",,Chemical + CS3 + CS7,Decision Tree,Repeated KFold,"{""N_Splits"": 5, ""Repeats"": 3}",1.8825028525000211,0.3891883974849145,1.4802206666432767,0.3036400170843188,0.036527837085881226,0.007227141645575925,0.7969744755141771,0.07713226101015529,1.936808749569903,0.37088415105751443,1.522409176271369,0.29722594383113354,0.037599753230268686,0.0070946532450625426,0.7856912946004118,0.0773972657944521
Local Model,204,"(1947, 12)",,Chemical + CS3 + CS7,Decision Tree,Time Series Split,"{""N_Splits"": 5, ""Repeats"": 1, ""Gap"": 0}",2.313483927142984,0.05985590107845875,1.8489786299109596,0.05831365095691397,0.044839984050326166,0.0013731661982749781,0.711670812537543,0.024585750074613704,2.234457487345436,0.34902674465625033,1.7569524398152072,0.25698745690970515,0.04402022855354402,0.006884830705063292,0.6924110613118926,0.1215865051438954
