Category,Company,Data Shape,Timesteps,Features,Model,Cross Validation,Cross Validation Params,RMSE Train,RMSE Train,MAE Train,MAE Train,MAPE Train,MAPE Train,R2 Train,R2 Train,RMSE Test,RMSE Test,MAE Test,MAE Test,MAPE Test,MAPE Test,R2 Test,R2 Test
,,,,,,,,mean,std,mean,std,mean,std,mean,std,mean,std,mean,std,mean,std,mean,std
Local Model,204,"(1947, 13)",,Chemical + Feature Engineering,Decision Tree,Blocking Time Series Split,"{""N_Splits"": 5, ""Repeats"": 1, ""train_size"": 0.8}",1.467575275104379,0.22513590348918638,1.1768545512810569,0.19432303849250218,0.0293347283025057,0.004546987788365526,0.8740355968043056,0.045638377836894554,2.1303188053785744,0.2712299722219821,1.7299269264964088,0.16640976355752438,0.042834207007720095,0.004106555774118852,0.7242943192910029,0.09251541101770046
Local Model,204,"(1947, 13)",,Chemical + Feature Engineering,Decision Tree,Out of time Split,"{""Test Size"": 0.2}",1.654722498459989,0.0,1.2895045732244264,0.0,0.032268232517034576,0.0,0.8448034946023111,0.0,1.6187673948592287,0.0,1.3067768867625864,0.0,0.03279383007610598,0.0,0.8718223685118177,0.0
Local Model,204,"(1947, 13)",,Chemical + Feature Engineering,Decision Tree,Repeated KFold,"{""N_Splits"": 5, ""Repeats"": 3}",1.5958801002922416,0.013969985324676951,1.267798824866968,0.010651024727505837,0.03164698731115369,0.0003209180734687358,0.8601039644863451,0.00290139635424459,1.6488150825631103,0.05620241373829093,1.3038685063984257,0.030772242039361405,0.032615449460473366,0.0008811781126508709,0.8500028491182221,0.011200164392062693
Local Model,204,"(1947, 13)",,Chemical + Feature Engineering,Decision Tree,Time Series Split,"{""N_Splits"": 5, ""Repeats"": 1, ""Gap"": 0}",1.8994033211970394,0.35170278611664035,1.5165202325317257,0.3011903995213759,0.037214852980354776,0.007094797785024541,0.7987602607786206,0.07620537624884637,2.036571687790667,0.5067862618675871,1.6263633772845218,0.3823810630022609,0.041181536435654406,0.009923438028881657,0.7322092443640644,0.14954260046135875
