Category,Company,Data Shape,Timesteps,Features,Model,Cross Validation,Cross Validation Params,RMSE Train,RMSE Train,MAE Train,MAE Train,MAPE Train,MAPE Train,R2 Train,R2 Train,RMSE Test,RMSE Test,MAE Test,MAE Test,MAPE Test,MAPE Test,R2 Test,R2 Test
,,,,,,,,mean,std,mean,std,mean,std,mean,std,mean,std,mean,std,mean,std,mean,std
Local Model,204,"(1947, 15)",,Chemical + Properties CS Less,Decision Tree,Blocking Time Series Split,"{""N_Splits"": 5, ""Repeats"": 1, ""train_size"": 0.8}",2.014340802818018,0.2503715991293071,1.6491456566793186,0.21268889534609609,0.04098645186614255,0.004708495634088298,0.7688671355958163,0.05152205907731307,2.5360361826886133,0.4213473552559979,2.0514870512322636,0.397962628384293,0.05123673131213584,0.010438965616019574,0.602000802165446,0.17078462629674843
Local Model,204,"(1947, 15)",,Chemical + Properties CS Less,Decision Tree,Out of time Split,"{""Test Size"": 0.2}",1.6865208312259758,0.0,1.3254392257091565,0.0,0.03312368881699504,0.0,0.8387814488757385,0.0,1.5292117557470954,0.0,1.2955270660467608,0.0,0.0322824978196394,0.0,0.8856124912189149,0.0
Local Model,204,"(1947, 15)",,Chemical + Properties CS Less,Decision Tree,Repeated KFold,"{""N_Splits"": 5, ""Repeats"": 3}",1.726780934940478,0.2105632589232809,1.3700393995986337,0.1646648269409312,0.034144726551079585,0.003929387565141787,0.8338048233926334,0.045071893558317436,1.76553172964789,0.18659324760302876,1.4035748625221685,0.15787081216032953,0.035019305694255674,0.0037318479765116484,0.8262823898755554,0.04038466946775623
Local Model,204,"(1947, 15)",,Chemical + Properties CS Less,Decision Tree,Time Series Split,"{""N_Splits"": 5, ""Repeats"": 1, ""Gap"": 0}",1.9628051424026887,0.3695505866156058,1.5742763080186637,0.3422741800676874,0.03867706254565077,0.007889975820856565,0.7900830167996584,0.06643920216102064,2.038145598440055,0.42879184367319806,1.6542912343016614,0.3147404714830581,0.04180328232429825,0.00816297349092654,0.7366452895612883,0.1285334182237582
