Category,Company,Data Shape,Timesteps,Features,Model,Cross Validation,Cross Validation Params,RMSE Train,RMSE Train,MAE Train,MAE Train,MAPE Train,MAPE Train,R2 Train,R2 Train,RMSE Test,RMSE Test,MAE Test,MAE Test,MAPE Test,MAPE Test,R2 Test,R2 Test
,,,,,,,,mean,std,mean,std,mean,std,mean,std,mean,std,mean,std,mean,std,mean,std
Local Model,204,"(1947, 17)",,Chemical + Physical,Decision Tree,Blocking Time Series Split,"{""N_Splits"": 5, ""Repeats"": 1, ""train_size"": 0.8}",1.9851689185077785,0.20875648577755854,1.6124875985948965,0.16282259626132364,0.03991661874179664,0.003698293640573574,0.7751880281231169,0.048147302843101966,2.5074464379366193,0.46039776704523216,2.0087646816432945,0.4259874087369703,0.049983940692681375,0.011096974977611036,0.6065961876587153,0.1826793986177237
Local Model,204,"(1947, 17)",,Chemical + Physical,Decision Tree,Out of time Split,"{""Test Size"": 0.2}",1.3948991875246857,0.0,1.0808980208055365,0.0,0.027064325749196105,0.0,0.8897147995540033,0.0,1.4188155118000487,0.0,1.1769895807921273,0.0,0.029313116413895342,0.0,0.9015319808127316,0.0
Local Model,204,"(1947, 17)",,Chemical + Physical,Decision Tree,Repeated KFold,"{""N_Splits"": 5, ""Repeats"": 3}",1.7228094747297837,0.3852824198705515,1.353608402454577,0.30062052239429765,0.03350052214290356,0.007174505882659417,0.8287380392030471,0.0760245369833317,1.7831393331112075,0.3871457667567189,1.4015803570143028,0.30651871015696275,0.034679957709373245,0.007273698498573541,0.8167727525776631,0.07870785465933353
Local Model,204,"(1947, 17)",,Chemical + Physical,Decision Tree,Time Series Split,"{""N_Splits"": 5, ""Repeats"": 1, ""Gap"": 0}",1.944285992971004,0.4439607810504816,1.5457460106484529,0.37962048050839775,0.03763358559170159,0.008648064713486421,0.789666714244077,0.08236042870084744,2.0601712875183305,0.5613846136448756,1.6363551188583312,0.4039462386033338,0.04127844708289996,0.010263601324441794,0.721017281503787,0.1556686450290417
