Category,Company,Data Shape,Timesteps,Features,Model,Cross Validation,Cross Validation Params,RMSE Train,RMSE Train,MAE Train,MAE Train,MAPE Train,MAPE Train,R2 Train,R2 Train,RMSE Test,RMSE Test,MAE Test,MAE Test,MAPE Test,MAPE Test,R2 Test,R2 Test
,,,,,,,,mean,std,mean,std,mean,std,mean,std,mean,std,mean,std,mean,std,mean,std
Local Model,204,"(1947, 12)",,Chemical + CS3 + CS7,Linear Regression,Blocking Time Series Split,"{""N_Splits"": 5, ""Repeats"": 1, ""train_size"": 0.8}",1.031530129869439,0.061898089040252395,0.8134165052189332,0.046273709155937946,0.020306072123125844,0.0011602336624743673,0.9391074216258504,0.012350425793087847,1.3384479979331299,0.25421059161263804,1.0132977212563312,0.16788097879361358,0.025501977801861985,0.004140884461016098,0.8912976722337251,0.04319035963281145
Local Model,204,"(1947, 12)",,Chemical + CS3 + CS7,Linear Regression,Out of time Split,"{""Test Size"": 0.2}",1.2729237903126651,0.0,0.9882874415056299,0.0,0.024622184889959306,0.0,0.9081590429254953,0.0,1.6535058396661682,0.0,1.3756666426621234,0.0,0.03376858971106337,0.0,0.866262003811548,0.0
Local Model,204,"(1947, 12)",,Chemical + CS3 + CS7,Linear Regression,Repeated KFold,"{""N_Splits"": 5, ""Repeats"": 3}",1.2934732932934874,0.013284561783627804,1.0090281576616253,0.011010830543521881,0.025131256776466868,0.0002780939587218406,0.9081029711708907,0.0018588512962300055,1.3062071126672201,0.05421419095584157,1.019255047521703,0.04470692196997829,0.0253868387028388,0.001120215476704138,0.9058817539381302,0.007403309308645474
Local Model,204,"(1947, 12)",,Chemical + CS3 + CS7,Linear Regression,Time Series Split,"{""N_Splits"": 5, ""Repeats"": 1, ""Gap"": 0}",1.2117197135189175,0.0732851839136412,0.9359151982333682,0.06055467450908569,0.02309143231441032,0.001756717941347028,0.9201510436171739,0.013818559551138736,1.5018414327027885,0.11238690764882134,1.1768591024803796,0.11110532415434986,0.02953205559858995,0.0027839909420313037,0.8672532749055695,0.026678643996543103
