Category,Company,Data Shape,Timesteps,Features,Model,Cross Validation,Cross Validation Params,RMSE Train,RMSE Train,MAE Train,MAE Train,MAPE Train,MAPE Train,R2 Train,R2 Train,RMSE Test,RMSE Test,MAE Test,MAE Test,MAPE Test,MAPE Test,R2 Test,R2 Test
,,,,,,,,mean,std,mean,std,mean,std,mean,std,mean,std,mean,std,mean,std,mean,std
Local Model,204,"(1947, 17)",,Chemical + Physical,Linear Regression,Blocking Time Series Split,"{""N_Splits"": 5, ""Repeats"": 1, ""train_size"": 0.8}",1.006622333937428,0.05377613690073363,0.7938340899648797,0.03960612306497907,0.019809016242392903,0.0010167686313131952,0.9421225717557382,0.010895764196672103,1.3329604974716902,0.2400180917007786,1.0281034059133678,0.17451846308658345,0.025738827984876887,0.004418700989579897,0.892519740631094,0.0399555049473089
Local Model,204,"(1947, 17)",,Chemical + Physical,Linear Regression,Out of time Split,"{""Test Size"": 0.2}",1.2605699288048107,0.0,0.9832886143021009,0.0,0.024495906046322583,0.0,0.9099330451275851,0.0,1.7269593022892031,0.0,1.4513653624724867,0.0,0.03590672265903179,0.0,0.8541160372496115,0.0
Local Model,204,"(1947, 17)",,Chemical + Physical,Linear Regression,Repeated KFold,"{""N_Splits"": 5, ""Repeats"": 3}",1.2815802014873168,0.013504164830906122,0.9969426162850084,0.010807055321319066,0.024839279335902922,0.0002720300325134501,0.9097847729019555,0.0018682405072730425,1.298224123318865,0.05539813100251565,1.0101934232278764,0.04557906332946314,0.02516855002309843,0.0011473366419984235,0.9070248747934929,0.007453525861202348
Local Model,204,"(1947, 17)",,Chemical + Physical,Linear Regression,Time Series Split,"{""N_Splits"": 5, ""Repeats"": 1, ""Gap"": 0}",1.1942969295252952,0.07362106506301427,0.9218020686534384,0.0643400488135284,0.02272326501547816,0.0018594068162807456,0.92241208664558,0.013582408883671428,1.5219719482921346,0.14450993648157004,1.194674951592797,0.14517632542209014,0.029993038840269375,0.003616420401867339,0.8638920873948802,0.029403445907740675
