Category,Company,Data Shape,Timesteps,Features,Model,Cross Validation,Cross Validation Params,RMSE Train,RMSE Train,MAE Train,MAE Train,MAPE Train,MAPE Train,R2 Train,R2 Train,RMSE Test,RMSE Test,MAE Test,MAE Test,MAPE Test,MAPE Test,R2 Test,R2 Test
,,,,,,,,mean,std,mean,std,mean,std,mean,std,mean,std,mean,std,mean,std,mean,std
Local Model,204,"(1947, 15)",,Chemical + Properties CS Less,Linear Regression,Blocking Time Series Split,"{""N_Splits"": 5, ""Repeats"": 1, ""train_size"": 0.8}",1.334885191172259,0.12813141297119413,1.0530199810175689,0.10005123031559408,0.026284809419415328,0.002181578274304292,0.8990828950985433,0.017752023282116183,2.018218296501292,0.289206357426931,1.5923106515562582,0.23031977633760792,0.039584650411980345,0.005444779429661888,0.7593312282769146,0.06367861854963422
Local Model,204,"(1947, 15)",,Chemical + Properties CS Less,Linear Regression,Out of time Split,"{""Test Size"": 0.2}",1.7099002562262875,0.0,1.3409090581525034,0.0,0.03339736565405074,0.0,0.834280677542502,0.0,1.946617539322583,0.0,1.5301020216072534,0.0,0.03722996990305063,0.0,0.8146448701510385,0.0
Local Model,204,"(1947, 15)",,Chemical + Properties CS Less,Linear Regression,Repeated KFold,"{""N_Splits"": 5, ""Repeats"": 3}",1.6967251475764111,0.015040376492688802,1.3342743385529776,0.011501070457725582,0.03323638975728156,0.00028655333681694087,0.8418803144192691,0.002472837508250755,1.7180353821514474,0.060394381930244725,1.3506682829260925,0.04553729067102553,0.033640955839363565,0.0011656067823033705,0.8372928548551425,0.010220822176170772
Local Model,204,"(1947, 15)",,Chemical + Properties CS Less,Linear Regression,Time Series Split,"{""N_Splits"": 5, ""Repeats"": 1, ""Gap"": 0}",1.588516427257455,0.09765673986377037,1.2389666473336247,0.08158771380919519,0.030562793038583762,0.002235427978070028,0.8630700023249371,0.023120616732127564,2.005764774176421,0.44522969849710853,1.5794186830209878,0.3932172171888391,0.03966193493560695,0.010278131091302095,0.7522502056542473,0.12697002855081316
