Category,Company,Data Shape,Timesteps,Features,Model,Cross Validation,Cross Validation Params,RMSE Train,RMSE Train,MAE Train,MAE Train,MAPE Train,MAPE Train,R2 Train,R2 Train,RMSE Test,RMSE Test,MAE Test,MAE Test,MAPE Test,MAPE Test,R2 Test,R2 Test
,,,,,,,,mean,std,mean,std,mean,std,mean,std,mean,std,mean,std,mean,std,mean,std
Local Model,204,"(1947, 10)",,Chemical,Linear Regression,Blocking Time Series Split,"{""N_Splits"": 5, ""Repeats"": 1, ""train_size"": 0.8}",1.4729211823887205,0.14101735396950915,1.1573599144231446,0.11041363772175794,0.02901740576921379,0.0026452475443284966,0.8764415693935528,0.026231469031644663,2.0265236608698087,0.20611057415578068,1.5932854767530995,0.14180169190057404,0.039877887220397146,0.0035425710240941754,0.75822312456527,0.05281242274821645
Local Model,204,"(1947, 10)",,Chemical,Linear Regression,Out of time Split,"{""Test Size"": 0.2}",1.7897776165902735,0.0,1.4143129186089463,0.0,0.03536941547680484,0.0,0.8184360012642447,0.0,2.1449273444891164,0.0,1.704268818680715,0.0,0.04126772437229305,0.0,0.7749554409309076,0.0
Local Model,204,"(1947, 10)",,Chemical,Linear Regression,Repeated KFold,"{""N_Splits"": 5, ""Repeats"": 3}",1.8007595513309873,0.015657900582180848,1.4269911251274603,0.012277579596509608,0.03567653686421326,0.00033057993148546586,0.8218963728998941,0.002708269034005412,1.8152018318021963,0.06272084804613974,1.4386830549693732,0.04982362823123064,0.03596704954101891,0.0013820369429833133,0.8183744572433304,0.011188614716914526
Local Model,204,"(1947, 10)",,Chemical,Linear Regression,Time Series Split,"{""N_Splits"": 5, ""Repeats"": 1, ""Gap"": 0}",1.6632193907121011,0.1009401664791828,1.3079810601099182,0.08507135442588165,0.03239044594920149,0.00236575463492791,0.8498755462693829,0.025313450317974936,2.1061882247754573,0.41420092528826097,1.6784769794633463,0.37938557462488626,0.04230550615882396,0.009935591556851786,0.731416574879656,0.1109557843900309
