Category,Company,Data Shape,Timesteps,Features,Model,Cross Validation,Cross Validation Params,RMSE Train,RMSE Train,MAE Train,MAE Train,MAPE Train,MAPE Train,R2 Train,R2 Train,RMSE Test,RMSE Test,MAE Test,MAE Test,MAPE Test,MAPE Test,R2 Test,R2 Test
,,,,,,,,mean,std,mean,std,mean,std,mean,std,mean,std,mean,std,mean,std,mean,std
Local Model,204,"(1947, 10)",,Chemical,MLP,Blocking Time Series Split,"{""N_Splits"": 5, ""Repeats"": 3, ""train_size"": 0.8}",3.3627526132255516,0.37541472342742593,2.5740178124365443,0.2884382256085007,0.06462196771058473,0.007116572932558806,0.35292095379031635,0.15707226810135508,3.424599931958349,0.4621975603669094,2.651001802428156,0.3614607562337212,0.06683194959894809,0.008603520350901747,0.29122601150306815,0.2561822844364497
Local Model,204,"(1947, 10)",,Chemical,MLP,Out of time Split,"{""Test Size"": 0.2}",1.7501083320033324,0.027114389957304887,1.3747409947958218,0.018499284608442836,0.03411080807323555,0.00036247746908517125,0.826353637078676,0.005408761738066888,2.200845247233826,0.038745865355945264,1.785231619288779,0.04668480741302721,0.043116362318017444,0.0011676403694456904,0.7629953097913429,0.00833326135530956
Local Model,204,"(1947, 10)",,Chemical,MLP,Repeated KFold,"{""N_Splits"": 5, ""Repeats"": 3}",1.743352479420591,0.040176645829489536,1.3817796404521314,0.03382858887075315,0.034335261664960405,0.000803589009612804,0.8330091463468201,0.0071832728539700805,1.7733977055920473,0.060191185268200754,1.402700253030572,0.05247752674080246,0.034864909872507316,0.0013758715411152972,0.8266451865959366,0.010468817864494485
Local Model,204,"(1947, 10)",,Chemical,MLP,Time Series Split,"{""N_Splits"": 5, ""Repeats"": 3, ""Gap"": 0}",2.0151557541534832,0.6551360907842373,1.574681064549435,0.5043582675668761,0.038817663171904895,0.012402983689035668,0.7671163584560599,0.1524041169806264,2.6855251882079716,0.8521814905733446,2.1130339762997727,0.6257791594565166,0.053188892103429156,0.015934485261058732,0.5333440429628824,0.3275743769100573
