Category,Company,Data Shape,Timesteps,Features,Model,Cross Validation,Cross Validation Params,RMSE Train,RMSE Train,MAE Train,MAE Train,MAPE Train,MAPE Train,R2 Train,R2 Train,RMSE Test,RMSE Test,MAE Test,MAE Test,MAPE Test,MAPE Test,R2 Test,R2 Test
,,,,,,,,mean,std,mean,std,mean,std,mean,std,mean,std,mean,std,mean,std,mean,std
Local Model,204,"(1947, 13)",,Chemical + Feature Engineering,MLP,Blocking Time Series Split,"{""N_Splits"": 5, ""Repeats"": 3, ""train_size"": 0.8}",3.442333878957819,0.381499608565981,2.630659731408024,0.28002395811995007,0.06591989966504835,0.007012267065643174,0.3198308051378824,0.19353523837269884,4.133808389634309,1.2442659904128255,2.9951451789008248,0.5151506795016302,0.07540441594720351,0.012285308139267058,-0.15790633138666896,0.9378905158639295
Local Model,204,"(1947, 13)",,Chemical + Feature Engineering,MLP,Out of time Split,"{""Test Size"": 0.2}",1.7516242120087473,0.03619379960790157,1.3751630246116069,0.02475547093598198,0.03411806796441161,0.0005543364445456637,0.8260201868772352,0.007231670052193882,2.3721058570212437,0.027310918018144597,1.9263075122670232,0.0377143304341279,0.04658595752212025,0.0009088759112520577,0.7247235603355439,0.006315171721368109
Local Model,204,"(1947, 13)",,Chemical + Feature Engineering,MLP,Repeated KFold,"{""N_Splits"": 5, ""Repeats"": 3}",1.7558583734855602,0.05630521485842587,1.3896105022752796,0.04614092598310614,0.03449736865416064,0.0010820165223631776,0.8305458195009704,0.010273334341848081,1.8341098466764632,0.09780581716252627,1.4219523399523508,0.03971727511598298,0.035295448326009136,0.0009208369065911808,0.8134041572297525,0.028413239140043945
Local Model,204,"(1947, 13)",,Chemical + Feature Engineering,MLP,Time Series Split,"{""N_Splits"": 5, ""Repeats"": 3, ""Gap"": 0}",2.025404302875147,0.6421597408487203,1.5787678476015645,0.49123713020962506,0.03887362707729254,0.012006218261090754,0.7656644935915103,0.1479394942935963,3.369142063597103,1.463292869126785,2.3565485746674084,0.9214870684564692,0.05911824025676708,0.02309864061103949,0.19896862427936118,0.6733407069531477
