Category,Company,Data Shape,Timesteps,Features,Model,Cross Validation,Cross Validation Params,RMSE Train,RMSE Train,MAE Train,MAE Train,MAPE Train,MAPE Train,R2 Train,R2 Train,RMSE Test,RMSE Test,MAE Test,MAE Test,MAPE Test,MAPE Test,R2 Test,R2 Test
,,,,,,,,mean,std,mean,std,mean,std,mean,std,mean,std,mean,std,mean,std,mean,std
Local Model,204,"(1947, 12)",,Chemical + CS3 + CS7,Random Forest,Blocking Time Series Split,"{""N_Splits"": 5, ""Repeats"": 1, ""train_size"": 0.8}",1.0623597123896542,0.06714974501498375,0.8400321868020452,0.04566942596066499,0.02087542687656225,0.0012020651687118511,0.9354921466644306,0.012536943944323612,1.4436944460918755,0.22096072981510223,1.1514748621206692,0.17004534980083272,0.02864758142505211,0.004105276709935725,0.8730567740761888,0.048441872926081736
Local Model,204,"(1947, 12)",,Chemical + CS3 + CS7,Random Forest,Out of time Split,"{""Test Size"": 0.2}",1.3151255101106734,0.0,1.0165897179211882,0.0,0.025307273550364467,0.0,0.9019684208945624,0.0,1.3132103931324894,0.0,1.0784185849404668,0.0,0.026503678851643283,0.0,0.915644778885019,0.0
Local Model,204,"(1947, 12)",,Chemical + CS3 + CS7,Random Forest,Repeated KFold,"{""N_Splits"": 5, ""Repeats"": 3}",1.286915395779921,0.018299174770798215,1.0012502653991289,0.013524842114783423,0.02485774760352061,0.0003338692858472827,0.9090179182056976,0.0027594724410392527,1.33392157307595,0.04859667123233909,1.0398240048510483,0.035364284121866076,0.025840903807564746,0.0009145579171884002,0.901756559131864,0.008461458567511154
Local Model,204,"(1947, 12)",,Chemical + CS3 + CS7,Random Forest,Time Series Split,"{""N_Splits"": 5, ""Repeats"": 1, ""Gap"": 0}",1.2573504975054712,0.07599662789446016,0.9689078158385346,0.05614207929882852,0.023838891482665416,0.0016878547149683566,0.9140349725655537,0.014771162508689978,1.4535166551877214,0.18475170983988393,1.1590300125943798,0.11516838697496933,0.029128001885986687,0.003169609736332739,0.8721864984046818,0.04134516689438893
