Category,Company,Data Shape,Timesteps,Features,Model,Cross Validation,Cross Validation Params,RMSE Train,RMSE Train,MAE Train,MAE Train,MAPE Train,MAPE Train,R2 Train,R2 Train,RMSE Test,RMSE Test,MAE Test,MAE Test,MAPE Test,MAPE Test,R2 Test,R2 Test
,,,,,,,,mean,std,mean,std,mean,std,mean,std,mean,std,mean,std,mean,std,mean,std
Local Model,204,"(1947, 10)",,Chemical,Random Forest,Blocking Time Series Split,"{""N_Splits"": 5, ""Repeats"": 1, ""train_size"": 0.8}",1.3060003474229442,0.12288286808599284,1.0395234379074334,0.08455480915711043,0.02600378328888044,0.0016834298922979308,0.9032162693832315,0.0168576411364953,1.8594159193744981,0.2001856838055333,1.5224522724121112,0.20210734020152227,0.03794597702429714,0.004995350029392453,0.793092508920131,0.06137801998885131
Local Model,204,"(1947, 10)",,Chemical,Random Forest,Out of time Split,"{""Test Size"": 0.2}",1.5889225418621118,0.0,1.23802870828946,0.0,0.030847949387059963,0.0,0.8569008523418099,0.0,1.4751308116148982,0.0,1.2198059531634156,0.0,0.030171925070265546,0.0,0.8935601106285525,0.0
Local Model,204,"(1947, 10)",,Chemical,Random Forest,Repeated KFold,"{""N_Splits"": 5, ""Repeats"": 3}",1.5583858423295416,0.01098046929144563,1.2335987518151428,0.00839979734367188,0.03074400957824282,0.000226025690734198,0.8666057914653406,0.0023083924105471556,1.6040358236881713,0.043015935802938075,1.2718183844714155,0.028896729410871496,0.031732551132664884,0.0007611383718756686,0.8580800296259113,0.009182861322249622
Local Model,204,"(1947, 10)",,Chemical,Random Forest,Time Series Split,"{""N_Splits"": 5, ""Repeats"": 1, ""Gap"": 0}",1.5548203948329176,0.04861492755442782,1.2115002618896153,0.03875644917894499,0.02991684187772009,0.0011796756474233517,0.8694455643314475,0.01476420320533911,1.7755672748703373,0.2916358846522292,1.4310664963795685,0.2168318776234346,0.036204801399437284,0.005945319617813451,0.8061058857647072,0.07711163592795578
