Category,Company,Data Shape,Timesteps,Features,Model,Cross Validation,Cross Validation Params,RMSE Train,RMSE Train,MAE Train,MAE Train,MAPE Train,MAPE Train,R2 Train,R2 Train,RMSE Test,RMSE Test,MAE Test,MAE Test,MAPE Test,MAPE Test,R2 Test,R2 Test
,,,,,,,,mean,std,mean,std,mean,std,mean,std,mean,std,mean,std,mean,std,mean,std
Local Model,204,"(1947, 13)",,Chemical + Feature Engineering,XGBoost,Blocking Time Series Split,"{""N_Splits"": 5, ""Repeats"": 1, ""train_size"": 0.8}",1.4208187774796444,0.10447412967389105,1.1366359708240177,0.08627807812575568,0.028788418168799214,0.0018899662795265832,0.8861583988446329,0.013841732918720675,1.8364190039284451,0.1799202814874967,1.51034174601237,0.18212088192635226,0.03822778320926845,0.004705167900831105,0.8002399166578394,0.04753945679239092
Local Model,204,"(1947, 13)",,Chemical + Feature Engineering,XGBoost,Out of time Split,"{""Test Size"": 0.2}",1.680471495482146,0.0,1.3363994042231782,0.0,0.03365884589935012,0.0,0.8399359155740884,0.0,1.6845511983453045,0.0,1.4090907111534703,0.0,0.035409506172777896,0.0,0.8611928697056613,0.0
Local Model,204,"(1947, 13)",,Chemical + Feature Engineering,XGBoost,Repeated KFold,"{""N_Splits"": 5, ""Repeats"": 3}",1.66319089270231,0.008511930549115063,1.3372705684677453,0.009345159500537686,0.03369104255187842,0.0002448866896921632,0.8480716121098308,0.0015316672706530156,1.7289499261877515,0.04369077292218309,1.3881198547201015,0.04321515875328244,0.0349852052657058,0.0012087865464302087,0.8353329631352318,0.006187776061174362
Local Model,204,"(1947, 13)",,Chemical + Feature Engineering,XGBoost,Time Series Split,"{""N_Splits"": 5, ""Repeats"": 1, ""Gap"": 0}",1.6449013360539357,0.03710632887033885,1.3068326681219584,0.03389213198135341,0.03266647639939431,0.0010085522623352848,0.8540587562618904,0.013970855620651375,1.8469706979231273,0.2535251127407042,1.4996166346985618,0.19490695865877805,0.03853409710012845,0.005481499636998443,0.793058148912315,0.07246108465909537
