Category,Company,Data Shape,Timesteps,Features,Model,Cross Validation,Cross Validation Params,RMSE Train,RMSE Train,MAE Train,MAE Train,MAPE Train,MAPE Train,R2 Train,R2 Train,RMSE Test,RMSE Test,MAE Test,MAE Test,MAPE Test,MAPE Test,R2 Test,R2 Test
,,,,,,,,mean,std,mean,std,mean,std,mean,std,mean,std,mean,std,mean,std,mean,std
Local Model,204,"(1947, 11)",,Chemical + CS7,XGBoost,Blocking Time Series Split,"{""N_Splits"": 5, ""Repeats"": 1, ""train_size"": 0.8}",1.2380848117664098,0.044450751423712964,0.9888783681201014,0.0344977089819525,0.024991482738382666,0.0005889500190431702,0.9131590936705696,0.011174936986635145,1.5623025360968008,0.13465297532438467,1.2595493903526893,0.10856767174282254,0.03198482453106462,0.0024791470574693016,0.854712384890553,0.037377847608341445
Local Model,204,"(1947, 11)",,Chemical + CS7,XGBoost,Out of time Split,"{""Test Size"": 0.2}",1.4301344608128075,0.0,1.1288621009429753,0.0,0.028391075965288535,0.0,0.8840728023904253,0.0,1.4255236492337877,0.0,1.1597487542568108,0.0,0.028655755583087264,0.0,0.9005986691815597,0.0
Local Model,204,"(1947, 11)",,Chemical + CS7,XGBoost,Repeated KFold,"{""N_Splits"": 5, ""Repeats"": 3}",1.4193635629924934,0.010725318850111586,1.1294585448857406,0.00946777059344698,0.028446191980169,0.00024290900194999214,0.8893488286944519,0.0016693041457503056,1.476138774431455,0.04968262716637695,1.1714581314136197,0.048420415902745574,0.029499177271045566,0.001334954714967464,0.8799251551478602,0.0066785095518399375
Local Model,204,"(1947, 11)",,Chemical + CS7,XGBoost,Time Series Split,"{""N_Splits"": 5, ""Repeats"": 1, ""Gap"": 0}",1.3926896482288518,0.045885830026355476,1.1023148862491876,0.03300248072366038,0.027481510793329795,0.0010372389151094578,0.8951179729901563,0.01269031989843541,1.5258840280293167,0.1362159911315261,1.2271108137531044,0.0885905653518799,0.03142289497312107,0.0026131212126880576,0.8610122059854959,0.03689055422253012
