Category,Company,Data Shape,Timesteps,Features,Model,Cross Validation,Cross Validation Params,RMSE Train,RMSE Train,MAE Train,MAE Train,MAPE Train,MAPE Train,R2 Train,R2 Train,RMSE Test,RMSE Test,MAE Test,MAE Test,MAPE Test,MAPE Test,R2 Test,R2 Test
,,,,,,,,mean,std,mean,std,mean,std,mean,std,mean,std,mean,std,mean,std,mean,std
Local Model,209,"(593, 15)",,Chemical + Properties CS Less,Decision Tree,Blocking Time Series Split,"{""N_Splits"": 5, ""Repeats"": 1, ""train_size"": 0.8}",1.846495032747833,0.44192597056734745,1.1221375101522946,0.38896598565300305,0.02827721371967054,0.009864539266267286,0.8243194941614916,0.07459823249600149,3.9461890952615755,1.6577155935765375,2.9485365899157143,1.242685794896118,0.07773626928059266,0.032834833022163175,-0.00188159783205899,0.7858978015345747
Local Model,209,"(593, 15)",,Chemical + Properties CS Less,Decision Tree,Out of time Split,"{""Test Size"": 0.2}",2.9002522816351237,0.0,2.02724050261584,0.0,0.05140536968280613,0.0,0.5943111811099353,0.0,1.9529008687939573,0.0,1.6060073765211647,0.0,0.03879110716156963,0.0,0.792495038404875,0.0
Local Model,209,"(593, 15)",,Chemical + Properties CS Less,Decision Tree,Repeated KFold,"{""N_Splits"": 5, ""Repeats"": 3}",2.51682749131448,0.11556391244890211,1.7139067841329245,0.08579070822607764,0.04314223797098316,0.0022136573687727037,0.6878726267631039,0.029775419316030047,2.7976593787606934,0.22982621797137984,1.8827822031464605,0.15026238132240635,0.04737373408955404,0.00368640227407856,0.6118320567537927,0.054585256824341934
Local Model,209,"(593, 15)",,Chemical + Properties CS Less,Decision Tree,Time Series Split,"{""N_Splits"": 5, ""Repeats"": 1, ""Gap"": 0}",2.4043654236248573,0.5544168335112462,1.4931703659298239,0.43261527895508006,0.0375961263345594,0.011080084150673892,0.7078136836479818,0.10903562522818996,3.2350614767389407,1.0008457589165853,2.105214280134236,0.47118443381835345,0.053188438402898906,0.01377275651756962,0.4450303911233277,0.2528319674755697
