Category,Company,Data Shape,Timesteps,Features,Model,Cross Validation,Cross Validation Params,RMSE Train,RMSE Train,MAE Train,MAE Train,MAPE Train,MAPE Train,R2 Train,R2 Train,RMSE Test,RMSE Test,MAE Test,MAE Test,MAPE Test,MAPE Test,R2 Test,R2 Test
,,,,,,,,mean,std,mean,std,mean,std,mean,std,mean,std,mean,std,mean,std,mean,std
Local Model,209,"(593, 11)",,Chemical + CS7,Decision Tree,Blocking Time Series Split,"{""N_Splits"": 5, ""Repeats"": 1, ""train_size"": 0.8}",1.1525920226665005,0.23125695131086788,0.7076491788717549,0.13817833096888105,0.017573319840449405,0.003721924537884487,0.9327714719667141,0.02116826108465834,2.9483350614786956,1.1090722685269423,2.0348311316215923,0.7124389839981494,0.052519497974311324,0.01830504349806389,0.42329847969895723,0.4201785344850093
Local Model,209,"(593, 11)",,Chemical + CS7,Decision Tree,Out of time Split,"{""Test Size"": 0.2}",2.180164504725805,0.0,1.400312579342822,0.0,0.03495607945143754,0.0,0.7707549254808599,0.0,2.2809799067184953,0.0,1.7470722974560924,0.0,0.042926916324044585,0.0,0.7169188134147172,0.0
Local Model,209,"(593, 11)",,Chemical + CS7,Decision Tree,Repeated KFold,"{""N_Splits"": 5, ""Repeats"": 3}",2.367969882954379,0.15313471277659674,1.5566191352032464,0.14252366470281919,0.03879499446409993,0.0035960628717256558,0.7229701458919692,0.037038160892892386,2.5482817516673517,0.23025502998568856,1.6661633320518985,0.19345807404869317,0.04149192350997628,0.004723423927942685,0.6752995890810243,0.06641054017339994
Local Model,209,"(593, 11)",,Chemical + CS7,Decision Tree,Time Series Split,"{""N_Splits"": 5, ""Repeats"": 1, ""Gap"": 0}",1.8044396390833293,0.305000723707609,1.058358541773167,0.2523356216586021,0.026185381044552543,0.006334356386560306,0.8391922855785634,0.05138646715193853,3.084185518920519,0.7168807955811072,1.9617633216790147,0.28577769212768406,0.04943031495752713,0.007835501093674575,0.5048045217922128,0.1736395416607301
