Category,Company,Data Shape,Timesteps,Features,Model,Cross Validation,Cross Validation Params,RMSE Train,RMSE Train,MAE Train,MAE Train,MAPE Train,MAPE Train,R2 Train,R2 Train,RMSE Test,RMSE Test,MAE Test,MAE Test,MAPE Test,MAPE Test,R2 Test,R2 Test
,,,,,,,,mean,std,mean,std,mean,std,mean,std,mean,std,mean,std,mean,std,mean,std
Local Model,209,"(593, 10)",,Chemical,Decision Tree,Blocking Time Series Split,"{""N_Splits"": 5, ""Repeats"": 1, ""train_size"": 0.8}",1.5879054354030624,0.3861906929471546,0.9965323249995528,0.18240801381335683,0.02487128076699651,0.004635675003981525,0.8696824440663307,0.05352387473169888,3.898565749954778,1.7482947027567057,2.925366672717977,1.3806883240891732,0.07644986535948514,0.035423227557667365,-0.010373186893253217,0.8048467723361608
Local Model,209,"(593, 10)",,Chemical,Decision Tree,Out of time Split,"{""Test Size"": 0.2}",2.5906455586068633,0.0,1.7023120838109715,0.0,0.04302520325550972,0.0,0.6763038891459016,0.0,2.005465830616517,0.0,1.6769050476788638,0.0,0.0403114588449648,0.0,0.7811741511328621,0.0
Local Model,209,"(593, 10)",,Chemical,Decision Tree,Repeated KFold,"{""N_Splits"": 5, ""Repeats"": 3}",2.551751459438216,0.1168033170982733,1.7645237805382117,0.09095903883619536,0.044460872160476214,0.0023832930018690864,0.6790014126824728,0.03179063497253077,2.8384598456721917,0.2762109480341097,1.9574224762635508,0.20058976560808142,0.04918874036634853,0.00506959667208535,0.5995239377761705,0.06800478154757306
Local Model,209,"(593, 10)",,Chemical,Decision Tree,Time Series Split,"{""N_Splits"": 5, ""Repeats"": 1, ""Gap"": 0}",2.340907822233499,0.29784656079885,1.460878418958463,0.28608385372351547,0.03655119440973516,0.0073241204851142595,0.7329337784624734,0.06370294950295811,3.0963553442596665,0.8718533721524555,2.0444388102320117,0.32756221256200607,0.05080674286353102,0.00786610104932664,0.487867520474573,0.24592882404590757
