Category,Company,Data Shape,Timesteps,Features,Model,Cross Validation,Cross Validation Params,RMSE Train,RMSE Train,MAE Train,MAE Train,MAPE Train,MAPE Train,R2 Train,R2 Train,RMSE Test,RMSE Test,MAE Test,MAE Test,MAPE Test,MAPE Test,R2 Test,R2 Test
,,,,,,,,mean,std,mean,std,mean,std,mean,std,mean,std,mean,std,mean,std,mean,std
Local Model,209,"(593, 10)",,Chemical,Linear Regression,Blocking Time Series Split,"{""N_Splits"": 5, ""Repeats"": 1, ""train_size"": 0.8}",2.1278589157929773,0.5573768927031774,1.6038775525543254,0.4000607533814264,0.0399853391682192,0.009762027291819828,0.7652509125695508,0.1015043967822945,2.490404844098059,0.6753023851125897,2.055947001832194,0.6318450471725607,0.052819081487528306,0.017486428012331773,0.6531114968732251,0.1330896749396393
Local Model,209,"(593, 10)",,Chemical,Linear Regression,Out of time Split,"{""Test Size"": 0.2}",2.8824619370831326,0.0,2.2681067632397793,0.0,0.05683147693877018,0.0,0.5992729619009858,0.0,2.453741894265458,0.0,1.995582732009458,0.0,0.04985260514200289,0.0,0.6724136145307572,0.0
Local Model,209,"(593, 10)",,Chemical,Linear Regression,Repeated KFold,"{""N_Splits"": 5, ""Repeats"": 3}",2.6904476575344574,0.03706599644833624,2.094777073834534,0.030473847274363173,0.052434972060972744,0.0007810095322171788,0.6440523832306015,0.009130424587521046,2.743871490320129,0.1502858904423988,2.142406763531322,0.10453394059748926,0.05362341821008044,0.0025443413885725746,0.6271904030334645,0.03844674718851604
Local Model,209,"(593, 10)",,Chemical,Linear Regression,Time Series Split,"{""N_Splits"": 5, ""Repeats"": 1, ""Gap"": 0}",2.6325915020716018,0.261107597722554,1.9643260181437348,0.24994831705384898,0.049158188942435545,0.00602929949233149,0.6642450846175907,0.06410064170700416,4.051576974038734,1.7175547749804891,3.2164804624018934,1.3887378431414668,0.08196911922226621,0.038352165361784936,-0.09459052156859224,1.0917178053738015
