Category,Company,Data Shape,Timesteps,Features,Model,Cross Validation,Cross Validation Params,RMSE Train,RMSE Train,MAE Train,MAE Train,MAPE Train,MAPE Train,R2 Train,R2 Train,RMSE Test,RMSE Test,MAE Test,MAE Test,MAPE Test,MAPE Test,R2 Test,R2 Test
,,,,,,,,mean,std,mean,std,mean,std,mean,std,mean,std,mean,std,mean,std,mean,std
Local Model,209,"(593, 11)",,Chemical + Feature Engineering,Linear Regression,Blocking Time Series Split,"{""N_Splits"": 5, ""Repeats"": 1, ""train_size"": 0.8}",2.0968450635025886,0.5655468172383028,1.5864675869425353,0.40313253126024384,0.03962717980440768,0.009854717905445983,0.7715671473342286,0.10146492886467727,2.583196784385076,0.8093248683423437,2.1317332809367064,0.7268814575698881,0.05466623921980206,0.020002564295774072,0.6278132595165383,0.16583973408205765
Local Model,209,"(593, 11)",,Chemical + Feature Engineering,Linear Regression,Out of time Split,"{""Test Size"": 0.2}",2.8248023344145436,0.0,2.17848028258653,0.0,0.05461144382909705,0.0,0.6151445766096402,0.0,17.17264604414755,0.0,2.973670628998719,0.0,0.0669042589146987,0.0,-15.045103586758955,0.0
Local Model,209,"(593, 11)",,Chemical + Feature Engineering,Linear Regression,Repeated KFold,"{""N_Splits"": 5, ""Repeats"": 3}",2.68031038534145,0.04159137058348453,2.08284084066517,0.03919726670826666,0.05216206266930454,0.0010008249534355573,0.646730027435656,0.009751718279722028,4.065499574667873,2.7747072593000643,2.2900787026093985,0.3332677599612819,0.05653241240952364,0.006819694750337341,-0.16722634401401243,1.749701875187519
Local Model,209,"(593, 11)",,Chemical + Feature Engineering,Linear Regression,Time Series Split,"{""N_Splits"": 5, ""Repeats"": 1, ""Gap"": 0}",2.6027877095709493,0.25635510418435015,1.9313902763405792,0.23760829382874585,0.04838129297952439,0.0056719026856998506,0.6719043230779325,0.06187486622421488,7.126262423454216,5.864342655542402,3.324202755333809,0.9104725491589674,0.08259081783134346,0.026210728428265207,-3.6913552294868475,7.297260601346941
