Category,Company,Data Shape,Timesteps,Features,Model,Cross Validation,Cross Validation Params,RMSE Train,RMSE Train,MAE Train,MAE Train,MAPE Train,MAPE Train,R2 Train,R2 Train,RMSE Test,RMSE Test,MAE Test,MAE Test,MAPE Test,MAPE Test,R2 Test,R2 Test
,,,,,,,,mean,std,mean,std,mean,std,mean,std,mean,std,mean,std,mean,std,mean,std
Local Model,209,"(593, 12)",,Chemical + CS3 + CS7,Linear Regression,Blocking Time Series Split,"{""N_Splits"": 5, ""Repeats"": 1, ""train_size"": 0.8}",1.6072816204072986,0.318067561034136,1.2357267291664698,0.2346756614502829,0.03080359945928343,0.00589010229947808,0.8681770068341079,0.0432369030034075,2.463615472759631,0.5820701876857939,1.9499487415314252,0.5306893733811069,0.049768065778278234,0.014194797588984188,0.6621733276012511,0.14687207377855283
Local Model,209,"(593, 12)",,Chemical + CS3 + CS7,Linear Regression,Out of time Split,"{""Test Size"": 0.2}",2.291253974676202,0.0,1.7216753604485582,0.0,0.042944940459505185,0.0,0.7467975248196301,0.0,1.3942035825495687,0.0,1.0933070230278799,0.0,0.026337287344355653,0.0,0.8942402350433512,0.0
Local Model,209,"(593, 12)",,Chemical + CS3 + CS7,Linear Regression,Repeated KFold,"{""N_Splits"": 5, ""Repeats"": 3}",2.1267587502623995,0.03224555582597409,1.5864062856977195,0.021490014839498663,0.03942101967855689,0.000510588879017548,0.7775213530533835,0.007883574443560524,2.1871044275571916,0.13357960506653205,1.6360802256883018,0.07832881751311678,0.040636130872733746,0.0017647774134999775,0.7621131876258502,0.03482727103944517
Local Model,209,"(593, 12)",,Chemical + CS3 + CS7,Linear Regression,Time Series Split,"{""N_Splits"": 5, ""Repeats"": 1, ""Gap"": 0}",2.20566563667001,0.15329953343205022,1.6407110347830511,0.10527534789418407,0.0407514464649778,0.002526856061425902,0.7654420641766221,0.0326380432236379,3.0505937266969627,1.068675610894493,2.3687034945173915,0.8607113122310271,0.06011650267188577,0.02410942928107998,0.4277619386070114,0.45338019618973685
