Category,Company,Data Shape,Timesteps,Features,Model,Cross Validation,Cross Validation Params,RMSE Train,RMSE Train,MAE Train,MAE Train,MAPE Train,MAPE Train,R2 Train,R2 Train,RMSE Test,RMSE Test,MAE Test,MAE Test,MAPE Test,MAPE Test,R2 Test,R2 Test
,,,,,,,,mean,std,mean,std,mean,std,mean,std,mean,std,mean,std,mean,std,mean,std
Local Model,209,"(593, 11)",,Chemical + CS3,Random Forest,Blocking Time Series Split,"{""N_Splits"": 5, ""Repeats"": 1, ""train_size"": 0.8}",1.0252774990715854,0.3295883550870375,0.6135338605810551,0.2346827703543137,0.015352843992060081,0.005981687818701388,0.9439532231918768,0.032953241991839965,2.8275185126417,1.171549772639151,2.0411698366000777,0.9492090482688752,0.0528314026884593,0.024695233580969037,0.45472980518529776,0.461903924507266
Local Model,209,"(593, 11)",,Chemical + CS3,Random Forest,Out of time Split,"{""Test Size"": 0.2}",1.5955854169469155,0.0,1.0321814795495732,0.0,0.02572382754202899,0.0,0.8772103954083497,0.0,2.7346202518088227,0.0,1.9495044613463925,0.0,0.04670460626337289,0.0,0.5931239377997506,0.0
Local Model,209,"(593, 11)",,Chemical + CS3,Random Forest,Repeated KFold,"{""N_Splits"": 5, ""Repeats"": 3}",1.5259542015154701,0.05984165257311594,1.028145296783624,0.04308711265460707,0.025685041862949693,0.0010588022872352867,0.8852895025872959,0.009600206605652757,2.2021716798733375,0.17930441103139297,1.445284024956389,0.14732217564648048,0.03617042273883356,0.003497786111873155,0.7583768709986631,0.04180191813187864
Local Model,209,"(593, 11)",,Chemical + CS3,Random Forest,Time Series Split,"{""N_Splits"": 5, ""Repeats"": 1, ""Gap"": 0}",1.340590132170521,0.19203558395294765,0.8097018464860628,0.16123122784504235,0.020312808829680513,0.003930736428488691,0.9119780422676984,0.024374988138836783,3.2873275716216503,0.6059101746681631,2.2373896497861803,0.3589123930344288,0.05673956799052191,0.011229348750226208,0.44577056019522326,0.12902350624951012
