Category,Company,Data Shape,Timesteps,Features,Model,Cross Validation,Cross Validation Params,RMSE Train,RMSE Train,MAE Train,MAE Train,MAPE Train,MAPE Train,R2 Train,R2 Train,RMSE Test,RMSE Test,MAE Test,MAE Test,MAPE Test,MAPE Test,R2 Test,R2 Test
,,,,,,,,mean,std,mean,std,mean,std,mean,std,mean,std,mean,std,mean,std,mean,std
Local Model,209,"(593, 11)",,Chemical + Feature Engineering,Random Forest,Blocking Time Series Split,"{""N_Splits"": 5, ""Repeats"": 1, ""train_size"": 0.8}",1.3642387619985896,0.49176335559879064,0.8400318347908848,0.2982423855578472,0.021395568504043692,0.007902325696115707,0.8989545066368336,0.06039980368304074,3.188970531768077,1.326151800270913,2.329316091682924,0.9294147034816731,0.06093536643532976,0.02480031544131223,0.3266941746347761,0.559161971793072
Local Model,209,"(593, 11)",,Chemical + Feature Engineering,Random Forest,Out of time Split,"{""Test Size"": 0.2}",2.0087046808416478,0.0,1.3162148233285482,0.0,0.033070295293606854,0.0,0.8053951465835604,0.0,2.290227522347216,0.0,1.7739539805761717,0.0,0.0423098920763226,0.0,0.7146188083765174,0.0
Local Model,209,"(593, 11)",,Chemical + Feature Engineering,Random Forest,Repeated KFold,"{""N_Splits"": 5, ""Repeats"": 3}",1.874329200994306,0.07153960325010597,1.2852101504521842,0.05052492601107382,0.032374379520147094,0.0012694026523787844,0.8269970972056944,0.013437070901728939,2.698742204091095,0.15032778308208436,1.7963320119290251,0.10668321739898612,0.04517949139231763,0.0024708415868577474,0.6395883837311893,0.03520193791875857
Local Model,209,"(593, 11)",,Chemical + Feature Engineering,Random Forest,Time Series Split,"{""N_Splits"": 5, ""Repeats"": 1, ""Gap"": 0}",1.752846458043889,0.28921751874675466,1.1236710921930777,0.23235370711739387,0.028293249847872487,0.005667070767379521,0.8485780065243576,0.04618720366391061,3.3899965264783596,0.8408284252059991,2.454313462671485,0.557926229716948,0.06241027719506551,0.016331580374557245,0.40343151262028076,0.2120233917936207
