Category,Company,Data Shape,Timesteps,Features,Model,Cross Validation,Cross Validation Params,RMSE Train,RMSE Train,MAE Train,MAE Train,MAPE Train,MAPE Train,R2 Train,R2 Train,RMSE Test,RMSE Test,MAE Test,MAE Test,MAPE Test,MAPE Test,R2 Test,R2 Test
,,,,,,,,mean,std,mean,std,mean,std,mean,std,mean,std,mean,std,mean,std,mean,std
Local Model,209,"(593, 11)",,Chemical + Feature Engineering,XGBoost,Blocking Time Series Split,"{""N_Splits"": 5, ""Repeats"": 1, ""train_size"": 0.8}",1.1551592501555101,0.13233120644660476,0.953538992049846,0.11388948304114903,0.02393573576785514,0.0030748039465503833,0.9332380468374473,0.01125414365931305,3.3969056660534394,1.276021795437149,2.592769813537596,0.8591573807829204,0.06807677824969578,0.02466635743557238,0.29953092883704036,0.4524423568530527
Local Model,209,"(593, 11)",,Chemical + Feature Engineering,XGBoost,Out of time Split,"{""Test Size"": 0.2}",1.9259830547124155,0.0,1.4900785840513346,0.0,0.03769601166262853,0.0,0.8210933813211495,0.0,2.6318427931154713,0.0,2.0129181998116623,0.0,0.04727241811969641,0.0,0.6231331162608623,0.0
Local Model,209,"(593, 11)",,Chemical + Feature Engineering,XGBoost,Repeated KFold,"{""N_Splits"": 5, ""Repeats"": 3}",1.807882422042694,0.058872034625374554,1.3955646100796453,0.04516046613014695,0.03527894972398079,0.001155073074632646,0.8391385224604596,0.010280459903473385,2.6303444478082554,0.19116284640395273,1.917232232183687,0.1458859735823023,0.04842781317804208,0.003643601227140881,0.6569287436048735,0.04421262890725594
Local Model,209,"(593, 11)",,Chemical + Feature Engineering,XGBoost,Time Series Split,"{""N_Splits"": 5, ""Repeats"": 1, ""Gap"": 0}",1.6249412594928425,0.3095580705431136,1.2592437727101327,0.1882811799978911,0.03184965968966665,0.004738608325416088,0.8687609149089208,0.04498801639535421,3.2513873418343104,0.7774477640365949,2.393973011873207,0.6063771209800536,0.06021524245456766,0.0174842594824024,0.4540941262118704,0.1798715030972872
