Category,Company,Data Shape,Timesteps,Features,Model,Cross Validation,Cross Validation Params,RMSE Train,RMSE Train,MAE Train,MAE Train,MAPE Train,MAPE Train,R2 Train,R2 Train,RMSE Test,RMSE Test,MAE Test,MAE Test,MAPE Test,MAPE Test,R2 Test,R2 Test
,,,,,,,,mean,std,mean,std,mean,std,mean,std,mean,std,mean,std,mean,std,mean,std
Local Model,209,"(593, 15)",,Chemical + Properties CS Less,XGBoost,Blocking Time Series Split,"{""N_Splits"": 5, ""Repeats"": 1, ""train_size"": 0.8}",1.0791381712912183,0.13324303707313315,0.89376921146474,0.09301522717478423,0.022403027280614517,0.0024537074530105573,0.9416124803216972,0.011236739679417091,3.410527173086674,1.1347292107841984,2.6047368685404435,0.7349128805610535,0.06813577858743723,0.020815006053350866,0.2979133948446827,0.40438401970366816
Local Model,209,"(593, 15)",,Chemical + Properties CS Less,XGBoost,Out of time Split,"{""Test Size"": 0.2}",1.8478219603787565,0.0,1.440242236173606,0.0,0.03643201584545628,0.0,0.8353196685451652,0.0,2.743170693903634,0.0,2.044049367183393,0.0,0.04742371810248632,0.0,0.5905755699800206,0.0
Local Model,209,"(593, 15)",,Chemical + Properties CS Less,XGBoost,Repeated KFold,"{""N_Splits"": 5, ""Repeats"": 3}",1.751692100161412,0.04941358912127512,1.3561809705304613,0.03782808689248711,0.03426791389220485,0.0009753272553957511,0.849007788796523,0.008615015340330283,2.6850790791994257,0.14772577780089127,1.9468641946974894,0.12043747269258678,0.04914399244646369,0.003179222560702194,0.6430910273140931,0.03561078784405827
Local Model,209,"(593, 15)",,Chemical + Properties CS Less,XGBoost,Time Series Split,"{""N_Splits"": 5, ""Repeats"": 1, ""Gap"": 0}",1.5401447832709672,0.30911230931130973,1.2099794803847774,0.19973188704702816,0.030594807361004943,0.005065417465633905,0.8816341373244159,0.04318653984784714,3.2760041213576927,0.7876180995033094,2.449880771247708,0.6418230869664583,0.06133492045664461,0.018518832555329483,0.4444110100648192,0.18934976768577846
