Category,Company,Data Shape,Timesteps,Features,Model,Cross Validation,Cross Validation Params,RMSE Train,RMSE Train,MAE Train,MAE Train,MAPE Train,MAPE Train,R2 Train,R2 Train,RMSE Test,RMSE Test,MAE Test,MAE Test,MAPE Test,MAPE Test,R2 Test,R2 Test
,,,,,,,,mean,std,mean,std,mean,std,mean,std,mean,std,mean,std,mean,std,mean,std
Local Model,209,"(593, 17)",,Chemical + Physical,XGBoost,Blocking Time Series Split,"{""N_Splits"": 5, ""Repeats"": 1, ""train_size"": 0.8}",1.0185762412891668,0.06277685724671812,0.8561144889669208,0.04913383150846326,0.021439861675577883,0.0015117049383336827,0.9481984254046276,0.0034621640797175514,2.3728380978250847,0.6179986725786634,1.9268360455830873,0.44655979723312356,0.04948068211575847,0.011332093178778173,0.6595127648326423,0.1917269020950598
Local Model,209,"(593, 17)",,Chemical + Physical,XGBoost,Out of time Split,"{""Test Size"": 0.2}",1.3601598971880002,0.0,1.0820374307753164,0.0,0.02725926270642683,0.0,0.9107719470914036,0.0,2.354825656958628,0.0,1.9448944540584754,0.0,0.04602163027450291,0.0,0.6982928473364658,0.0
Local Model,209,"(593, 17)",,Chemical + Physical,XGBoost,Repeated KFold,"{""N_Splits"": 5, ""Repeats"": 3}",1.3134543184741498,0.040767739396875925,1.041189067517813,0.02645560200297306,0.026160708082200817,0.0006548518652645389,0.9150936371772332,0.005349732894539935,2.1615286860714615,0.1553732601847647,1.5542235983836927,0.09411753158962136,0.03899935613386609,0.0022296311048003083,0.7674407691438778,0.03686748078915899
Local Model,209,"(593, 17)",,Chemical + Physical,XGBoost,Time Series Split,"{""N_Splits"": 5, ""Repeats"": 1, ""Gap"": 0}",1.2032306896650051,0.14064401745213562,0.9837305000177483,0.07890338491824625,0.024772831265943467,0.0019756090350616148,0.9296340745816278,0.015886179777525808,2.921872672138717,0.5789230072975914,2.1554250055429875,0.34896179351285156,0.054481523520424825,0.0110884071590668,0.5578185410603861,0.13017648325810588
