Category,Company,Data Shape,Timesteps,Features,Model,Cross Validation,Cross Validation Params,RMSE Train,RMSE Train,MAE Train,MAE Train,MAPE Train,MAPE Train,R2 Train,R2 Train,RMSE Test,RMSE Test,MAE Test,MAE Test,MAPE Test,MAPE Test,R2 Test,R2 Test
,,,,,,,,mean,std,mean,std,mean,std,mean,std,mean,std,mean,std,mean,std,mean,std
Local Model,209,"(593, 11)",,Chemical + CS7,XGBoost,Blocking Time Series Split,"{""N_Splits"": 5, ""Repeats"": 1, ""train_size"": 0.8}",1.0379783608018422,0.07192953629155092,0.8659657011640824,0.05081103231671046,0.021681861196124953,0.0015419155729983467,0.9461816892430587,0.0045498990251833914,2.28784047852725,0.6680403926843189,1.8070081075032518,0.4442470350623527,0.04632327786865366,0.011194527645171152,0.6811293835766714,0.2189379702215723
Local Model,209,"(593, 11)",,Chemical + CS7,XGBoost,Out of time Split,"{""Test Size"": 0.2}",1.4191660057058337,0.0,1.1317286994386822,0.0,0.02848197220157137,0.0,0.9028622849570883,0.0,2.2518601449090823,0.0,1.7877664646180702,0.0,0.04297057681146528,0.0,0.7241004975661065,0.0
Local Model,209,"(593, 11)",,Chemical + CS7,XGBoost,Repeated KFold,"{""N_Splits"": 5, ""Repeats"": 3}",1.3933784443118113,0.03412314133259758,1.0989573972802122,0.024245958394885008,0.027597967321094447,0.0006162412961149625,0.9044896820330252,0.0046039947455484434,2.153388675244346,0.12884536802886068,1.564086953236359,0.08071813440257025,0.039233332582369676,0.0019012973153659887,0.7692722035939296,0.03393733465783544
Local Model,209,"(593, 11)",,Chemical + CS7,XGBoost,Time Series Split,"{""N_Splits"": 5, ""Repeats"": 1, ""Gap"": 0}",1.282824484439095,0.09300875538151539,1.0260444498282966,0.060722313867043985,0.02586189226597152,0.0015095065615143648,0.9206534458150728,0.011451777038611456,2.9723052576304445,0.5960406033968494,2.180904147089744,0.3217600507545453,0.05466573942280142,0.00906595885345442,0.5437148757666375,0.13311404551150705
