Category,Company,Data Shape,Timesteps,Features,Model,Cross Validation,Cross Validation Params,RMSE Train,RMSE Train,MAE Train,MAE Train,MAPE Train,MAPE Train,R2 Train,R2 Train,RMSE Test,RMSE Test,MAE Test,MAE Test,MAPE Test,MAPE Test,R2 Test,R2 Test
,,,,,,,,mean,std,mean,std,mean,std,mean,std,mean,std,mean,std,mean,std,mean,std
Local Model,203,"(4304, 6)",,Chemical + CS3,Decision Tree,Blocking Time Series Split,"{""N_Splits"": 5, ""Repeats"": 1, ""train_size"": 0.8}",3.6422683025109244,0.7701295649955852,2.745422469996201,0.5035686878656264,0.05901393711015568,0.011729458588606237,0.7664403360678227,0.11944035165160655,4.287576233741882,1.1459450626332282,3.237052469700717,0.7630013243569849,0.07444283663592159,0.018299387276499542,0.6001185012955714,0.37759596316201405
Local Model,203,"(4304, 6)",,Chemical + CS3,Decision Tree,Out of time Split,"{""Test Size"": 0.2}",4.122768213447909,0.0,3.025864644565665,0.0,0.06531265914870715,0.0,0.7283957929434133,0.0,4.47067053264753,0.0,3.2559359545522595,0.0,0.07545236246532717,0.0,0.7309007527218169,0.0
Local Model,203,"(4304, 6)",,Chemical + CS3,Decision Tree,Repeated KFold,"{""N_Splits"": 5, ""Repeats"": 3}",4.427932625368164,0.6121995061458294,3.253782526530355,0.5216957176606241,0.0710977617496668,0.011777332447915227,0.6942822869751549,0.0962332048090893,4.530821272965397,0.7040655260462766,3.3412727611910995,0.5985792964051906,0.07307145242322363,0.01346822625777529,0.6789996534222495,0.1084490466964764
Local Model,203,"(4304, 6)",,Chemical + CS3,Decision Tree,Time Series Split,"{""N_Splits"": 5, ""Repeats"": 1, ""Gap"": 0}",3.8580138425748616,0.2783701811282605,2.8901641455442273,0.14250424423890645,0.06132113242195952,0.003346153528387161,0.7036150491083,0.07792076623560601,5.399398221939978,0.9072944929505701,3.996472414122266,0.5986319663668747,0.09020874216173713,0.01640484808308283,0.5597221501482522,0.16081657410390246
