Category,Company,Data Shape,Timesteps,Features,Model,Cross Validation,Cross Validation Params,RMSE Train,RMSE Train,MAE Train,MAE Train,MAPE Train,MAPE Train,R2 Train,R2 Train,RMSE Test,RMSE Test,MAE Test,MAE Test,MAPE Test,MAPE Test,R2 Test,R2 Test
,,,,,,,,mean,std,mean,std,mean,std,mean,std,mean,std,mean,std,mean,std,mean,std
Local Model,203,"(4304, 6)",,Chemical + Feature Engineering,Decision Tree,Blocking Time Series Split,"{""N_Splits"": 5, ""Repeats"": 1, ""train_size"": 0.8}",3.744291750279298,0.6951790967661291,2.847076049034117,0.47884463961374496,0.061376241445080824,0.01090539112630561,0.7515603858355179,0.12222382388145786,4.588070242395183,1.1693919996810467,3.401239491331732,0.7674058422411772,0.07837240201679439,0.018409580876439693,0.5565631661590651,0.3711217864561215
Local Model,203,"(4304, 6)",,Chemical + Feature Engineering,Decision Tree,Out of time Split,"{""Test Size"": 0.2}",6.0663762294679335,0.0,4.617567969728454,0.0,0.10223948054507108,0.0,0.4119458255588926,0.0,4.918262721703586,0.0,3.664926699804935,0.0,0.08058216137612888,0.0,0.6743203671716258,0.0
Local Model,203,"(4304, 6)",,Chemical + Feature Engineering,Decision Tree,Repeated KFold,"{""N_Splits"": 5, ""Repeats"": 3}",5.620421686483951,0.10062265991754686,4.1976919646280315,0.08757505632278943,0.09227348996175322,0.002128436197819907,0.5169286520145847,0.014788470450446262,5.732499700596633,0.1895083023144174,4.27737540556468,0.12280503865501835,0.0942087633034273,0.0035335468250451835,0.4966583309585278,0.02416819207814775
Local Model,203,"(4304, 6)",,Chemical + Feature Engineering,Decision Tree,Time Series Split,"{""N_Splits"": 5, ""Repeats"": 1, ""Gap"": 0}",5.1170460936719655,0.6352898324441814,3.843595711923933,0.5004598626986622,0.08322905677886117,0.012159510941579018,0.4936751191557128,0.06635466482381315,6.4322508287035305,0.9689243531923598,4.903276164960295,0.7493486333700505,0.10970202934296562,0.018421716743029833,0.3923445294938884,0.15712203627170446
