Category,Company,Data Shape,Timesteps,Features,Model,Cross Validation,Cross Validation Params,RMSE Train,RMSE Train,MAE Train,MAE Train,MAPE Train,MAPE Train,R2 Train,R2 Train,RMSE Test,RMSE Test,MAE Test,MAE Test,MAPE Test,MAPE Test,R2 Test,R2 Test
,,,,,,,,mean,std,mean,std,mean,std,mean,std,mean,std,mean,std,mean,std,mean,std
Local Model,203,"(4304, 13)",,Chemical + Physical,Decision Tree,Blocking Time Series Split,"{""N_Splits"": 5, ""Repeats"": 1, ""train_size"": 0.8}",2.48119970407886,0.32194810908704846,1.9385866898266393,0.23489459574251625,0.040681280271058474,0.004502552835761854,0.8879844315734864,0.06628970346710643,2.7662008471800634,0.4520289190529722,2.12755844043781,0.33220502794346857,0.04662003677344022,0.007423709200793968,0.8480363978249497,0.10333953599639342
Local Model,203,"(4304, 13)",,Chemical + Physical,Decision Tree,Out of time Split,"{""Test Size"": 0.2}",2.387798550269293,0.0,1.8854826672238882,0.0,0.040139518339153635,0.0,0.908892522354701,0.0,2.3907423366462686,0.0,1.8878228760466313,0.0,0.042374945796021024,0.0,0.9230457346547645,0.0
Local Model,203,"(4304, 13)",,Chemical + Physical,Decision Tree,Repeated KFold,"{""N_Splits"": 5, ""Repeats"": 3}",2.72989401387445,0.29298070366254386,2.1354702303226447,0.2346355729431779,0.04527889517980775,0.0043066570694280685,0.8847681214398315,0.02445966121000511,2.757091249728341,0.3193127534686002,2.1601805703342394,0.25130572958101954,0.04580929417594853,0.0046414547212951926,0.8818292728948668,0.02778121533679357
Local Model,203,"(4304, 13)",,Chemical + Physical,Decision Tree,Time Series Split,"{""N_Splits"": 5, ""Repeats"": 1, ""Gap"": 0}",2.785815942539269,0.32422994968830743,2.177052191827898,0.24113093993797352,0.04608265168752172,0.004787326753435758,0.8371156775766139,0.06681275152178562,3.539236393203326,1.2100029377575932,2.7182176637933044,0.8942377485103808,0.0603683229320886,0.018784884237548035,0.7858721660768311,0.1592209694271714
