Category,Company,Data Shape,Timesteps,Features,Model,Cross Validation,Cross Validation Params,RMSE Train,RMSE Train,MAE Train,MAE Train,MAPE Train,MAPE Train,R2 Train,R2 Train,RMSE Test,RMSE Test,MAE Test,MAE Test,MAPE Test,MAPE Test,R2 Test,R2 Test
,,,,,,,,mean,std,mean,std,mean,std,mean,std,mean,std,mean,std,mean,std,mean,std
Local Model,203,"(4304, 7)",,Chemical + CS3 + CS7,Decision Tree,Blocking Time Series Split,"{""N_Splits"": 5, ""Repeats"": 1, ""train_size"": 0.8}",2.7195414037585577,0.3498562766559798,2.1547337018345782,0.27640947949639716,0.04561201203076999,0.005554028774337638,0.8782919466839866,0.03454168811615294,3.3151666187419053,0.48012203654346186,2.520035997838307,0.2894924263194455,0.056409765887918774,0.006537197552794206,0.7847775187729323,0.14457540547528724
Local Model,203,"(4304, 7)",,Chemical + CS3 + CS7,Decision Tree,Out of time Split,"{""Test Size"": 0.2}",2.4910749541092985,0.0,1.9460505081408832,0.0,0.04157915120996161,0.0,0.9008409755837804,0.0,2.318279315472019,0.0,1.8403563404350163,0.0,0.041384837857937846,0.0,0.9276399809741412,0.0
Local Model,203,"(4304, 7)",,Chemical + CS3 + CS7,Decision Tree,Repeated KFold,"{""N_Splits"": 5, ""Repeats"": 3}",2.8994374337745934,0.4464324857894736,2.2296610854666046,0.32326396600344826,0.047386663145834756,0.006217808252198269,0.8684641244500014,0.040412341186625886,2.924414629017198,0.44521024008715593,2.2559766378892165,0.32547983238784983,0.04795514581844331,0.006164391209504757,0.8657507172351045,0.04157738509158357
Local Model,203,"(4304, 7)",,Chemical + CS3 + CS7,Decision Tree,Time Series Split,"{""N_Splits"": 5, ""Repeats"": 1, ""Gap"": 0}",2.6666193059392613,0.16591528787378176,2.0906071098712924,0.12089631720707274,0.04432844758053628,0.002732521632956067,0.8573244013628585,0.03616518803921908,2.988208233674343,0.619696118336098,2.3444170999106855,0.49516784710697836,0.05160495583097354,0.009425955414058664,0.8622371598105293,0.06499461989680516
