Category,Company,Data Shape,Timesteps,Features,Model,Cross Validation,Cross Validation Params,RMSE Train,RMSE Train,MAE Train,MAE Train,MAPE Train,MAPE Train,R2 Train,R2 Train,RMSE Test,RMSE Test,MAE Test,MAE Test,MAPE Test,MAPE Test,R2 Test,R2 Test
,,,,,,,,mean,std,mean,std,mean,std,mean,std,mean,std,mean,std,mean,std,mean,std
Local Model,203,"(4304, 7)",,Chemical + CS1 + CS3,Linear Regression,Blocking Time Series Split,"{""N_Splits"": 5, ""Repeats"": 1, ""train_size"": 0.8}",2.662614478744591,0.2691801821634993,2.0667107463378374,0.2444692359958903,0.04440207728702279,0.00612960349619504,0.8848093303813933,0.02321870897258568,3.4482355545639436,0.6538819135915609,2.7244763258542166,0.44762682142955085,0.06089415334983743,0.010913559565602967,0.7607287177895232,0.17167706009921224
Local Model,203,"(4304, 7)",,Chemical + CS1 + CS3,Linear Regression,Out of time Split,"{""Test Size"": 0.2}",3.4524980013772124,0.0,2.6908944004533213,0.0,0.058267187335974975,0.0,0.8095304628383898,0.0,3.6623250055522645,0.0,2.9009217369443197,0.0,0.0659715762957324,0.0,0.8194153148626204,0.0
Local Model,203,"(4304, 7)",,Chemical + CS1 + CS3,Linear Regression,Repeated KFold,"{""N_Splits"": 5, ""Repeats"": 3}",3.402849858228865,0.01647982908893296,2.6469671450152266,0.01530725456668252,0.05783446557123179,0.00035610274213325227,0.8229469298848386,0.0015202272861087295,3.4100886107492547,0.06718980949141809,2.6525349093129216,0.057887630555677444,0.05795576676741408,0.0014770892311615266,0.8218475372763611,0.006320145993158667
Local Model,203,"(4304, 7)",,Chemical + CS1 + CS3,Linear Regression,Time Series Split,"{""N_Splits"": 5, ""Repeats"": 1, ""Gap"": 0}",2.9668246497734265,0.37564953090797715,2.289350494316524,0.3188959152897411,0.04864997600872016,0.007645567554349554,0.8307699737400543,0.015217197052040403,4.38561944959439,0.5064184432790181,3.3452257526649065,0.3812552550226957,0.0742028902555408,0.009718399846317333,0.7239669126063506,0.03742197231526258
