Category,Company,Data Shape,Timesteps,Features,Model,Cross Validation,Cross Validation Params,RMSE Train,RMSE Train,MAE Train,MAE Train,MAPE Train,MAPE Train,R2 Train,R2 Train,RMSE Test,RMSE Test,MAE Test,MAE Test,MAPE Test,MAPE Test,R2 Test,R2 Test
,,,,,,,,mean,std,mean,std,mean,std,mean,std,mean,std,mean,std,mean,std,mean,std
Local Model,203,"(4304, 6)",,Chemical + CS7,Linear Regression,Blocking Time Series Split,"{""N_Splits"": 5, ""Repeats"": 1, ""train_size"": 0.8}",1.7548650078682364,0.08720760632528504,1.3673716709804782,0.08370446689789941,0.02878187775129044,0.0013793802889763783,0.945974168622144,0.024559535711471646,2.0662018290726216,0.4672748577801992,1.615594995149958,0.3694703788513064,0.03495603804989396,0.00789110040162814,0.9129724881086814,0.06121645258645242
Local Model,203,"(4304, 6)",,Chemical + CS7,Linear Regression,Out of time Split,"{""Test Size"": 0.2}",1.9263390813040104,0.0,1.4980004662286581,0.0,0.03167381637375071,0.0,0.940704173615178,0.0,2.3259409089417975,0.0,1.926402085344481,0.0,0.043301599749054606,0.0,0.927160910879501,0.0
Local Model,203,"(4304, 6)",,Chemical + CS7,Linear Regression,Repeated KFold,"{""N_Splits"": 5, ""Repeats"": 3}",1.9323518905828203,0.014757259428687204,1.5150432487451273,0.011425952577802266,0.03230233732400909,0.0002604506668322459,0.9429045084200562,0.0007980806277552419,1.9355030828486164,0.059763634831992866,1.5179514908759049,0.04607822847197337,0.03236674521792879,0.0010652877717256576,0.9425881155446444,0.003233656704188231
Local Model,203,"(4304, 6)",,Chemical + CS7,Linear Regression,Time Series Split,"{""N_Splits"": 5, ""Repeats"": 1, ""Gap"": 0}",1.9402808813385846,0.011895510569448464,1.5204424365083136,0.013799452876608628,0.03185210352296802,0.00021293377400159,0.9250422213170278,0.01669991649778571,2.123485138413968,0.17586546712967357,1.684223410253806,0.18009918369758005,0.03658809229120093,0.004114430280604116,0.9337520768765772,0.015200486397774791
