Category,Company,Data Shape,Timesteps,Features,Model,Cross Validation,Cross Validation Params,RMSE Train,RMSE Train,MAE Train,MAE Train,MAPE Train,MAPE Train,R2 Train,R2 Train,RMSE Test,RMSE Test,MAE Test,MAE Test,MAPE Test,MAPE Test,R2 Test,R2 Test
,,,,,,,,mean,std,mean,std,mean,std,mean,std,mean,std,mean,std,mean,std,mean,std
Local Model,203,"(4304, 6)",,Chemical + Feature Engineering,Linear Regression,Blocking Time Series Split,"{""N_Splits"": 5, ""Repeats"": 1, ""train_size"": 0.8}",3.794020016839461,0.5203389736415145,2.9518310647338075,0.4055536989760009,0.06451211072292087,0.009824967250921428,0.7566466488923933,0.08344590911007134,4.512119762444616,1.096712502964797,3.4554748181571946,0.7120497196041149,0.07927973852730044,0.017026783861598945,0.5730938556772768,0.3536512790945306
Local Model,203,"(4304, 6)",,Chemical + Feature Engineering,Linear Regression,Out of time Split,"{""Test Size"": 0.2}",4.803720380388271,0.0,3.756783896904857,0.0,0.08277702906591945,0.0,0.6312652278515047,0.0,4.944131219349302,0.0,4.074127276895533,0.0,0.09201473818778158,0.0,0.6708854149171919,0.0
Local Model,203,"(4304, 6)",,Chemical + Feature Engineering,Linear Regression,Repeated KFold,"{""N_Splits"": 5, ""Repeats"": 3}",4.675662557192708,0.030229260768817233,3.688128422288203,0.021039990236206216,0.08137454106720601,0.000545972632646968,0.6657277174625096,0.003214480937971886,4.681953863322349,0.12085974176205945,3.6940155258774694,0.08225423138969402,0.08150482857225477,0.002266409951961744,0.6642307510130799,0.012966965386210415
Local Model,203,"(4304, 6)",,Chemical + Feature Engineering,Linear Regression,Time Series Split,"{""N_Splits"": 5, ""Repeats"": 1, ""Gap"": 0}",4.396733214723546,0.2632926845897673,3.4614251837178527,0.24384806935073514,0.07449283068942616,0.006634118775846161,0.623023346416326,0.04100035547858544,5.514736489142289,0.46128236095765546,4.334291151934586,0.3364451873547202,0.09705205013627322,0.009209434724959878,0.5466075168701104,0.13318191824008357
