Category,Company,Data Shape,Timesteps,Features,Model,Cross Validation,Cross Validation Params,RMSE Train,RMSE Train,MAE Train,MAE Train,MAPE Train,MAPE Train,R2 Train,R2 Train,RMSE Test,RMSE Test,MAE Test,MAE Test,MAPE Test,MAPE Test,R2 Test,R2 Test
,,,,,,,,mean,std,mean,std,mean,std,mean,std,mean,std,mean,std,mean,std,mean,std
Local Model,203,"(4304, 6)",,Chemical + CS3,Linear Regression,Blocking Time Series Split,"{""N_Splits"": 5, ""Repeats"": 1, ""train_size"": 0.8}",3.151163397600123,0.721454850220958,2.422553055224448,0.5771765005248259,0.052714422865969314,0.013811447738322161,0.8400397130487971,0.05284193574692118,3.8307797635283505,0.6144176481526645,2.999399493158342,0.3784626654794281,0.06855594147810976,0.010525423681134216,0.7316095088409387,0.12585189472305056
Local Model,203,"(4304, 6)",,Chemical + CS3,Linear Regression,Out of time Split,"{""Test Size"": 0.2}",4.181598635820044,0.0,3.1955912195645713,0.0,0.06954157027202752,0.0,0.7205890991109389,0.0,4.233156028306746,0.0,3.2981301335233586,0.0,0.0762745069726073,0.0,0.7587342331572046,0.0
Local Model,203,"(4304, 6)",,Chemical + CS3,Linear Regression,Repeated KFold,"{""N_Splits"": 5, ""Repeats"": 3}",4.123488109703824,0.026495189410542644,3.1779940018314474,0.019419262028770316,0.0700775162110183,0.0004595544702814999,0.7400147885092206,0.002790161351534746,4.131621503031646,0.10402324515343295,3.1846719361260707,0.07285184382597495,0.07023178452040994,0.0019743743471145967,0.7384880408173444,0.010801519193142648
Local Model,203,"(4304, 6)",,Chemical + CS3,Linear Regression,Time Series Split,"{""N_Splits"": 5, ""Repeats"": 1, ""Gap"": 0}",3.245823089699852,0.6645277571651386,2.444374593428526,0.5187639366419416,0.052135820199622505,0.012157314436113752,0.7980066200802304,0.04730775935996779,4.935232088500307,1.0373188187485356,3.750149842681824,0.785859910564205,0.08291079575502666,0.019202071500594046,0.64583505979444,0.11831444482988074
