Category,Company,Data Shape,Timesteps,Features,Model,Cross Validation,Cross Validation Params,RMSE Train,RMSE Train,MAE Train,MAE Train,MAPE Train,MAPE Train,R2 Train,R2 Train,RMSE Test,RMSE Test,MAE Test,MAE Test,MAPE Test,MAPE Test,R2 Test,R2 Test
,,,,,,,,mean,std,mean,std,mean,std,mean,std,mean,std,mean,std,mean,std,mean,std
Local Model,203,"(4304, 5)",,Chemical,Linear Regression,Blocking Time Series Split,"{""N_Splits"": 5, ""Repeats"": 1, ""train_size"": 0.8}",3.849608378062219,0.5073335511051842,3.0079985795806023,0.41678875107056224,0.06563310808122806,0.009795051467805982,0.7470813041432264,0.09325956003013527,4.573757204916609,1.1615683608428637,3.5589909891355638,0.873225250250204,0.08192273073947363,0.020683177372033585,0.5572596592083329,0.37726593763727806
Local Model,203,"(4304, 5)",,Chemical,Linear Regression,Out of time Split,"{""Test Size"": 0.2}",4.822812814400491,0.0,3.732816691479254,0.0,0.08248830459244068,0.0,0.6283283230737811,0.0,4.9847128760224315,0.0,4.045204459493148,0.0,0.09258389246954592,0.0,0.6654604664696755,0.0
Local Model,203,"(4304, 5)",,Chemical,Linear Regression,Repeated KFold,"{""N_Splits"": 5, ""Repeats"": 3}",4.697791253233081,0.02944226181092229,3.673979336150015,0.02084470841158976,0.08132767167864671,0.000544106126578965,0.6625560713133514,0.003168317937900956,4.703403951109978,0.11780661449123203,3.6789691591495113,0.08018701889274836,0.0814407448132222,0.002260082634515002,0.6611436814043427,0.012810082678438837
Local Model,203,"(4304, 5)",,Chemical,Linear Regression,Time Series Split,"{""N_Splits"": 5, ""Repeats"": 1, ""Gap"": 0}",4.432662935471101,0.22721648733439842,3.4908032813329783,0.17836575348199152,0.07511402188619062,0.005431558960238775,0.6154408041768175,0.05091600948944218,5.4337039466813835,0.4526311843995101,4.219466857328679,0.2690023900146921,0.09543421084537979,0.009432764581574812,0.5641706915721805,0.10880588243613823
