Category,Company,Data Shape,Timesteps,Features,Model,Cross Validation,Cross Validation Params,RMSE Train,RMSE Train,MAE Train,MAE Train,MAPE Train,MAPE Train,R2 Train,R2 Train,RMSE Test,RMSE Test,MAE Test,MAE Test,MAPE Test,MAPE Test,R2 Test,R2 Test
,,,,,,,,mean,std,mean,std,mean,std,mean,std,mean,std,mean,std,mean,std,mean,std
Local Model,203,"(4304, 8)",,Chemical + CS1 + CS3 + CS7,Linear Regression,Blocking Time Series Split,"{""N_Splits"": 5, ""Repeats"": 1, ""train_size"": 0.8}",1.7281130168133843,0.1027864151617022,1.3491691908647563,0.08595298472537181,0.028351431894387324,0.0014088176839773688,0.9473591439918241,0.02471547567964473,2.06793163645798,0.4671190201310104,1.6085869817472258,0.3625016413892255,0.034914470683335794,0.0077538483554037505,0.9119745181529242,0.0635685688782331
Local Model,203,"(4304, 8)",,Chemical + CS1 + CS3 + CS7,Linear Regression,Out of time Split,"{""Test Size"": 0.2}",1.9213586434737966,0.0,1.4893102559563658,0.0,0.03147212008696075,0.0,0.9410103890831317,0.0,2.2815536529825406,0.0,1.8842226983209776,0.0,0.04251890622176914,0.0,0.9299144438475568,0.0
Local Model,203,"(4304, 8)",,Chemical + CS1 + CS3 + CS7,Linear Regression,Repeated KFold,"{""N_Splits"": 5, ""Repeats"": 3}",1.918022214078889,0.015736074554248542,1.497783155750394,0.011180532230351778,0.0319174206554897,0.00025589734733134646,0.9437477076016859,0.0008520430868029031,1.9217359600597774,0.06371715155834713,1.5010084507858081,0.044718125771435545,0.03198934515900443,0.0010343269474161908,0.9433946373309576,0.0034654315934385988
Local Model,203,"(4304, 8)",,Chemical + CS1 + CS3 + CS7,Linear Regression,Time Series Split,"{""N_Splits"": 5, ""Repeats"": 1, ""Gap"": 0}",1.9320765551882524,0.01337490809220063,1.5105348674698225,0.013912517562074324,0.03163322264877743,0.00024746281908233434,0.9257122543049917,0.016380775366537332,2.1174489705482658,0.16076293324319954,1.6765877650239305,0.15503866216001697,0.036335642668074736,0.0036733222636558243,0.9340892427593319,0.015275555653540709
