Category,Company,Data Shape,Timesteps,Features,Model,Cross Validation,Cross Validation Params,RMSE Train,RMSE Train,MAE Train,MAE Train,MAPE Train,MAPE Train,R2 Train,R2 Train,RMSE Test,RMSE Test,MAE Test,MAE Test,MAPE Test,MAPE Test,R2 Test,R2 Test
,,,,,,,,mean,std,mean,std,mean,std,mean,std,mean,std,mean,std,mean,std,mean,std
Local Model,203,"(4304, 6)",,Chemical + CS3,MLP,Blocking Time Series Split,"{""N_Splits"": 5, ""Repeats"": 3, ""train_size"": 0.8}",2.6519962513640682,0.430066961853892,2.0249433751143227,0.36373338990045445,0.043150857193811544,0.008631052597671935,0.8852929002438666,0.030969740135926762,4.026262241260919,2.0870963755939136,2.5122512309939364,0.49601733938271525,0.05739942347324401,0.012327886596126639,0.5107035162504298,0.7238430989198533
Local Model,203,"(4304, 6)",,Chemical + CS3,MLP,Out of time Split,"{""Test Size"": 0.2}",2.890665245155733,0.012443839714693514,2.1606461440075377,0.006705717762049645,0.0463292249084992,0.00016094289517196603,0.8664750866839737,0.001150351011508275,4.3319775804352885,0.29335060004697966,3.3603384713982596,0.20403662414028442,0.07757752620412828,0.004748223372313513,0.7461795991605605,0.03391111004329035
Local Model,203,"(4304, 6)",,Chemical + CS3,MLP,Repeated KFold,"{""N_Splits"": 5, ""Repeats"": 3}",2.9982730423388557,0.037058309049700075,2.2557289354841656,0.026140132016469676,0.04854986670421523,0.00043309998343814255,0.8625196039775904,0.0036659594865537464,3.054351038680373,0.10346315092837993,2.2970987805531227,0.06034023673895144,0.04951644683417012,0.001441427938721721,0.8569536514144974,0.009618800542763923
Local Model,203,"(4304, 6)",,Chemical + CS3,MLP,Time Series Split,"{""N_Splits"": 5, ""Repeats"": 3, ""Gap"": 0}",2.5347836684074054,0.2994169790693432,1.8863553911440745,0.21877415920841406,0.039417372559058764,0.0052657325263894186,0.875196874052714,0.019388898283947187,4.682272499908086,0.8186667785146531,3.337156651992124,0.5300973694931637,0.07383942972442929,0.014132548011060304,0.6571930752359137,0.18485839316983618
