Category,Company,Data Shape,Timesteps,Features,Model,Cross Validation,Cross Validation Params,RMSE Train,RMSE Train,MAE Train,MAE Train,MAPE Train,MAPE Train,R2 Train,R2 Train,RMSE Test,RMSE Test,MAE Test,MAE Test,MAPE Test,MAPE Test,R2 Test,R2 Test
,,,,,,,,mean,std,mean,std,mean,std,mean,std,mean,std,mean,std,mean,std,mean,std
Local Model,203,"(4304, 8)",,Chemical + CS1 + CS3 + CS7,MLP,Blocking Time Series Split,"{""N_Splits"": 5, ""Repeats"": 3, ""train_size"": 0.8}",1.7928976412474527,0.12106899246475235,1.3849219099237013,0.10534157936876555,0.029301853367706,0.0016923709426562813,0.9434656121563095,0.027766447497188873,3.0042648866528423,2.034519574515833,1.7681705285301503,0.45338259731026403,0.03901736399384683,0.010846975997833637,0.6658493604763586,0.5961190601775322
Local Model,203,"(4304, 8)",,Chemical + CS1 + CS3 + CS7,MLP,Out of time Split,"{""Test Size"": 0.2}",1.6844412335219099,0.014426217296606706,1.3202068093010226,0.010980810652253913,0.02772804678827237,0.00024016114884147448,0.9546578367124671,0.000778948612820812,1.7855693206213397,0.011380492878517124,1.426521972083233,0.010192375501260712,0.031293104983728066,0.0004625486061010084,0.9570722402937891,0.0005484160857327909
Local Model,203,"(4304, 8)",,Chemical + CS1 + CS3 + CS7,MLP,Repeated KFold,"{""N_Splits"": 5, ""Repeats"": 3}",1.689518491312637,0.029354276715584493,1.3245209036024443,0.02136364527512409,0.027920011343965434,0.00044815963751712053,0.9563359619417305,0.0016548841853069349,1.7183150543180508,0.06530800150191465,1.3414080944930522,0.050928686313509754,0.028334897539691102,0.0011109644719623484,0.9547406417679131,0.0030253726156495232
Local Model,203,"(4304, 8)",,Chemical + CS1 + CS3 + CS7,MLP,Time Series Split,"{""N_Splits"": 5, ""Repeats"": 3, ""Gap"": 0}",1.7805074461312018,0.11779246885962605,1.3969597382455268,0.09688198206679126,0.028970038440415062,0.0016420853578457985,0.9348650375455756,0.02425393248796712,2.5823561568502247,1.420927492748105,1.7936650973310695,0.6752364930976499,0.03962745897379631,0.01699398255502487,0.8496186750123549,0.20842543777061937
