Category,Company,Data Shape,Timesteps,Features,Model,Cross Validation,Cross Validation Params,RMSE Train,RMSE Train,MAE Train,MAE Train,MAPE Train,MAPE Train,R2 Train,R2 Train,RMSE Test,RMSE Test,MAE Test,MAE Test,MAPE Test,MAPE Test,R2 Test,R2 Test
,,,,,,,,mean,std,mean,std,mean,std,mean,std,mean,std,mean,std,mean,std,mean,std
Local Model,203,"(4304, 5)",,Chemical,MLP,Blocking Time Series Split,"{""N_Splits"": 5, ""Repeats"": 3, ""train_size"": 0.8}",3.1216718862946204,0.256435828174505,2.43141015630175,0.21388897874768775,0.051948644653040214,0.004936098428459239,0.8324185510038896,0.06542364890938775,4.595539648652998,2.684885731160188,2.919645566215811,0.7322262782990208,0.06669905467587735,0.017230524757935833,0.3035637376884948,1.138723324783376
Local Model,203,"(4304, 5)",,Chemical,MLP,Out of time Split,"{""Test Size"": 0.2}",3.5531785054739142,0.05740624695193954,2.7294255143992032,0.05754675104130836,0.05908267515383478,0.001205201799732252,0.7982070195989496,0.006548788701330525,5.41967459948205,0.258674894054763,4.208372861335687,0.3636847386771181,0.09511757751774332,0.005392189110177646,0.6036290727432095,0.03830373431305445
Local Model,203,"(4304, 5)",,Chemical,MLP,Repeated KFold,"{""N_Splits"": 5, ""Repeats"": 3}",3.5770800541705614,0.03497831215754952,2.7670933957221733,0.030998960251977882,0.06014193321232645,0.0006106534576551363,0.8043376005362207,0.003740098003284816,3.645876236124544,0.11644845080622082,2.8108552957212543,0.08649722521961903,0.061186791370085473,0.0021384052960892923,0.7962644197234939,0.011869344603966756
Local Model,203,"(4304, 5)",,Chemical,MLP,Time Series Split,"{""N_Splits"": 5, ""Repeats"": 3, ""Gap"": 0}",3.3614414530122456,0.13389311440135482,2.5999013669953275,0.09578145604314188,0.05501528874700616,0.0026592422487284155,0.7765277680577823,0.04426437655034054,5.258982341665931,1.5071197838420818,3.9306437033667003,1.0374233115714133,0.08779957136294027,0.02336510713644213,0.5235475406038458,0.40401051831395
