Category,Company,Data Shape,Timesteps,Features,Model,Cross Validation,Cross Validation Params,RMSE Train,RMSE Train,MAE Train,MAE Train,MAPE Train,MAPE Train,R2 Train,R2 Train,RMSE Test,RMSE Test,MAE Test,MAE Test,MAPE Test,MAPE Test,R2 Test,R2 Test
,,,,,,,,mean,std,mean,std,mean,std,mean,std,mean,std,mean,std,mean,std,mean,std
Local Model,203,"(4304, 13)",,Chemical + Physical,MLP,Blocking Time Series Split,"{""N_Splits"": 5, ""Repeats"": 3, ""train_size"": 0.8}",1.9425673099831995,0.19041456521740768,1.4937237240621286,0.141376611486438,0.0318681747582604,0.0027635115333475516,0.9333484422779251,0.03453222078601326,3.4828541679842973,1.7301771256728673,2.023410535028739,0.4137450924917455,0.04536902554312505,0.00994755251899207,0.65833702883251,0.5403728406841466
Local Model,203,"(4304, 13)",,Chemical + Physical,MLP,Out of time Split,"{""Test Size"": 0.2}",1.6338147629330138,0.0205937101650215,1.267468754745012,0.007910935279615647,0.026516345012597753,0.00014720958658505292,0.9573387790116393,0.0010786677337360463,1.7139459628851252,0.02066117555548146,1.3489660144766036,0.017465693744575118,0.029748936790459198,0.0005199267279602916,0.9604428942533919,0.0009567232357203796
Local Model,203,"(4304, 13)",,Chemical + Physical,MLP,Repeated KFold,"{""N_Splits"": 5, ""Repeats"": 3}",1.640007126995796,0.02372297247092948,1.2742724776649348,0.017179326127401078,0.02676129170085413,0.0003621454313134378,0.9588641112758073,0.0012758345260424253,1.6814330805574895,0.05790235937498228,1.304195305292194,0.041520491149138666,0.027506943626963508,0.0009241660813304392,0.9566631508797799,0.0027304412992129935
Local Model,203,"(4304, 13)",,Chemical + Physical,MLP,Time Series Split,"{""N_Splits"": 5, ""Repeats"": 3, ""Gap"": 0}",1.773342878865492,0.17412087028883586,1.3780085708561614,0.1347320500587473,0.028500832394870793,0.0025427432708563695,0.9340708937914105,0.030009198946379836,2.766399646184914,1.7814893352821017,2.0298202607151743,1.1298617084926659,0.04523645087560746,0.02696139852713782,0.8088938524176188,0.29999141166453414
