Category,Company,Data Shape,Timesteps,Features,Model,Cross Validation,Cross Validation Params,RMSE Train,RMSE Train,MAE Train,MAE Train,MAPE Train,MAPE Train,R2 Train,R2 Train,RMSE Test,RMSE Test,MAE Test,MAE Test,MAPE Test,MAPE Test,R2 Test,R2 Test
,,,,,,,,mean,std,mean,std,mean,std,mean,std,mean,std,mean,std,mean,std,mean,std
Local Model,203,"(4304, 6)",,Chemical + CS1,MLP,Blocking Time Series Split,"{""N_Splits"": 5, ""Repeats"": 3, ""train_size"": 0.8}",2.4912902510806867,0.06263077244970557,1.9222730480755947,0.05081263602671676,0.04069083922965976,0.0016250868564081416,0.8953972115567578,0.03404939897423817,3.9327728853148463,2.538287639738376,2.4412324186221572,0.7708828945335031,0.0549891277556677,0.018514830989249977,0.44554831662308364,0.9159642620073378
Local Model,203,"(4304, 6)",,Chemical + CS1,MLP,Out of time Split,"{""Test Size"": 0.2}",2.6156837395772388,0.00731465672839139,2.026830490390033,0.004837856519298652,0.04309702422533548,7.874395009427385e-05,0.8906717198542781,0.0006109729371549775,3.8691648947910138,0.2405419050975824,3.0407982084043166,0.15547025732517256,0.06994416950498385,0.004177799660015169,0.7976622425084646,0.024544718656556604
Local Model,203,"(4304, 6)",,Chemical + CS1,MLP,Repeated KFold,"{""N_Splits"": 5, ""Repeats"": 3}",2.642771824032842,0.018906000947166313,2.0496490380195285,0.016178619634051532,0.04380065221835024,0.00030511445452515085,0.8931993483032394,0.0018413681818368732,2.6911001059967377,0.07735134093079823,2.083553091147391,0.06202490062424563,0.04459434397813374,0.001370901998252413,0.8889458842359897,0.006992350809116464
Local Model,203,"(4304, 6)",,Chemical + CS1,MLP,Time Series Split,"{""N_Splits"": 5, ""Repeats"": 3, ""Gap"": 0}",2.57210780739785,0.07646004388476038,1.9557890025090319,0.06187527456498989,0.040870534128332775,0.0015442261899668356,0.8679181293634685,0.03225468538822132,4.0216008836430595,1.1784715802450367,2.867425942002868,0.4673034256730711,0.06426817070804482,0.0114462004079104,0.717765637412266,0.2483023021793433
