Category,Company,Data Shape,Timesteps,Features,Model,Cross Validation,Cross Validation Params,RMSE Train,RMSE Train,MAE Train,MAE Train,MAPE Train,MAPE Train,R2 Train,R2 Train,RMSE Test,RMSE Test,MAE Test,MAE Test,MAPE Test,MAPE Test,R2 Test,R2 Test
,,,,,,,,mean,std,mean,std,mean,std,mean,std,mean,std,mean,std,mean,std,mean,std
Local Model,203,"(4304, 6)",,Chemical + CS7,Random Forest,Blocking Time Series Split,"{""N_Splits"": 5, ""Repeats"": 1, ""train_size"": 0.8}",1.4099844325644562,0.1202102949283004,1.10501245925465,0.09960473391760098,0.023044559088191648,0.0017882518152456965,0.9640140145998298,0.019827752005224675,2.2727068868593627,0.9437347254108587,1.6803805202070001,0.5466900277327155,0.037224220690808954,0.012919737933887036,0.86120302597937,0.175885386010987
Local Model,203,"(4304, 6)",,Chemical + CS7,Random Forest,Out of time Split,"{""Test Size"": 0.2}",1.7769136591889427,0.0,1.3932619256358831,0.0,0.0292897883568103,0.0,0.9495464991376371,0.0,1.9577079158239272,0.0,1.5661908480065236,0.0,0.03425299497925743,0.0,0.9483984264264781,0.0
Local Model,203,"(4304, 6)",,Chemical + CS7,Random Forest,Repeated KFold,"{""N_Splits"": 5, ""Repeats"": 3}",1.7751373375575263,0.016536618532021277,1.3886990247214228,0.01657513184444394,0.029461918885358377,0.00033372899360366624,0.9518159597963428,0.0008322476988022846,1.8930595030758675,0.04583079388520972,1.4796392615342249,0.03395301365852301,0.03147672139431237,0.0007465330622641659,0.9450828674048191,0.002598820640280472
Local Model,203,"(4304, 6)",,Chemical + CS7,Random Forest,Time Series Split,"{""N_Splits"": 5, ""Repeats"": 1, ""Gap"": 0}",1.7532114940096193,0.04999431908755093,1.3703644173064635,0.03336231217527087,0.028521358476148062,0.0010036456053256833,0.9391699210358289,0.011610179882338775,2.175012647188336,0.20959501393761235,1.7181623731224593,0.1572734568724868,0.03708915057431615,0.003341937859427125,0.9295648486449979,0.021895670742947047
