Category,Company,Data Shape,Timesteps,Features,Model,Cross Validation,Cross Validation Params,RMSE Train,RMSE Train,MAE Train,MAE Train,MAPE Train,MAPE Train,R2 Train,R2 Train,RMSE Test,RMSE Test,MAE Test,MAE Test,MAPE Test,MAPE Test,R2 Test,R2 Test
,,,,,,,,mean,std,mean,std,mean,std,mean,std,mean,std,mean,std,mean,std,mean,std
Local Model,203,"(4304, 7)",,Chemical + CS3 + CS7,Random Forest,Blocking Time Series Split,"{""N_Splits"": 5, ""Repeats"": 1, ""train_size"": 0.8}",1.4041738215696022,0.12293691173196995,1.100760491067255,0.10163312794544334,0.0229575537304944,0.0018200154127319657,0.9642403443804513,0.020031828990024807,2.2497624079801275,0.9403493741326405,1.6555627640065143,0.5333036209479649,0.0367296691538322,0.012627188087914737,0.8633408231079744,0.17496899474922897
Local Model,203,"(4304, 7)",,Chemical + CS3 + CS7,Random Forest,Out of time Split,"{""Test Size"": 0.2}",1.7747927699454022,0.0,1.39343050552083,0.0,0.029288516058594952,0.0,0.9496668678752216,0.0,1.954651555254664,0.0,1.5628625860547234,0.0,0.03413765790097213,0.0,0.9485594207231797,0.0
Local Model,203,"(4304, 7)",,Chemical + CS3 + CS7,Random Forest,Repeated KFold,"{""N_Splits"": 5, ""Repeats"": 3}",1.7783132168680964,0.01861714042130557,1.3922214576773881,0.017196848645460328,0.02952584196419735,0.00035102891751542965,0.9516433116471994,0.0009008731771457548,1.8999328422831596,0.042932092885411874,1.4846098497189,0.031750562899951706,0.03157883192440595,0.0007202733499589031,0.9446858658567845,0.002479331488654747
Local Model,203,"(4304, 7)",,Chemical + CS3 + CS7,Random Forest,Time Series Split,"{""N_Splits"": 5, ""Repeats"": 1, ""Gap"": 0}",1.7515033464557646,0.04651683043246865,1.3699850150570696,0.03211797308206207,0.028510411757178028,0.0009771558516835145,0.9392533241115506,0.011770171959785837,2.1805206092506864,0.22220741476611447,1.7206056133483532,0.1669863132755109,0.037212309992180795,0.003694908716547397,0.9287941211131086,0.024178081870817797
