Category,Company,Data Shape,Timesteps,Features,Model,Cross Validation,Cross Validation Params,RMSE Train,RMSE Train,MAE Train,MAE Train,MAPE Train,MAPE Train,R2 Train,R2 Train,RMSE Test,RMSE Test,MAE Test,MAE Test,MAPE Test,MAPE Test,R2 Test,R2 Test
,,,,,,,,mean,std,mean,std,mean,std,mean,std,mean,std,mean,std,mean,std,mean,std
Local Model,203,"(4304, 13)",,Chemical + Physical,Random Forest,Blocking Time Series Split,"{""N_Splits"": 5, ""Repeats"": 1, ""train_size"": 0.8}",1.3722853887387954,0.10293757213407508,1.0784183790759634,0.07979671414485535,0.022480089386618843,0.001302693191926251,0.9662264324693268,0.01793931323421478,1.9759104172912714,0.35351853686866486,1.5262636784061223,0.22932603640863344,0.03351251981994112,0.005032727786482841,0.9206187309611129,0.05852562770953163
Local Model,203,"(4304, 13)",,Chemical + Physical,Random Forest,Out of time Split,"{""Test Size"": 0.2}",1.7785687911202355,0.0,1.3908290074553218,0.0,0.02912956905658653,0.0,0.9494524640764673,0.0,1.943982881518634,0.0,1.5452841464603526,0.0,0.03383222089689256,0.0,0.949119423396652,0.0
Local Model,203,"(4304, 13)",,Chemical + Physical,Random Forest,Repeated KFold,"{""N_Splits"": 5, ""Repeats"": 3}",1.7722476086207666,0.015549491194551948,1.3865662436121595,0.011754366050034487,0.029331375285454164,0.0002427013114429609,0.9519723353958351,0.0008221750809346694,1.903645452818675,0.05031299792081071,1.4892908587399747,0.03440046364212051,0.03161077930173716,0.0008280235347649923,0.944479224559039,0.0024951958039075668
Local Model,203,"(4304, 13)",,Chemical + Physical,Random Forest,Time Series Split,"{""N_Splits"": 5, ""Repeats"": 1, ""Gap"": 0}",1.6933854837612177,0.0750073701032975,1.3180152201200703,0.06312676611214216,0.027385066598942458,0.0016369139797520688,0.9438081259706657,0.00768719230702123,2.3879637425331195,0.4697089937938542,1.8309519502339193,0.2888959375328435,0.039992952242725595,0.006898393974177825,0.9094095535363286,0.05285408347792413
