Category,Company,Data Shape,Timesteps,Features,Model,Cross Validation,Cross Validation Params,RMSE Train,RMSE Train,MAE Train,MAE Train,MAPE Train,MAPE Train,R2 Train,R2 Train,RMSE Test,RMSE Test,MAE Test,MAE Test,MAPE Test,MAPE Test,R2 Test,R2 Test
,,,,,,,,mean,std,mean,std,mean,std,mean,std,mean,std,mean,std,mean,std,mean,std
Local Model,203,"(4304, 6)",,Chemical + CS3,Random Forest,Blocking Time Series Split,"{""N_Splits"": 5, ""Repeats"": 1, ""train_size"": 0.8}",2.07442463623516,0.2314011783739817,1.5997245920012408,0.1922065051190738,0.03384127923282257,0.004478896238759212,0.9291365019934338,0.01928476799450133,3.3011287425161795,0.862286365451228,2.4622080672534223,0.5562996709580917,0.05592909644224844,0.013611260526470575,0.764428070577576,0.2170013521124631
Local Model,203,"(4304, 6)",,Chemical + CS3,Random Forest,Out of time Split,"{""Test Size"": 0.2}",2.8668976578704237,0.0,2.1222782541204315,0.0,0.04523224397609406,0.0,0.8686642270272926,0.0,3.260083841397185,0.0,2.5036415605914524,0.0,0.05632523845689634,0.0,0.8569049238200891,0.0
Local Model,203,"(4304, 6)",,Chemical + CS3,Random Forest,Repeated KFold,"{""N_Splits"": 5, ""Repeats"": 3}",2.899107907962677,0.033992320623919506,2.1551856577963124,0.02424775255232936,0.046168125931527984,0.0005446760934813986,0.8714754099571712,0.002824379404633219,3.0920531073458912,0.12704439127210096,2.284894688948298,0.07935356907181605,0.04923051351022774,0.0018300229763674944,0.8532832545278375,0.01250766511278541
Local Model,203,"(4304, 6)",,Chemical + CS3,Random Forest,Time Series Split,"{""N_Splits"": 5, ""Repeats"": 1, ""Gap"": 0}",2.4157179981186387,0.35764463745292135,1.8076837823814849,0.21706196088707777,0.03790281775188814,0.005138088848507785,0.8878723705586801,0.015043476661213499,3.992303718193572,0.7515593433524721,2.8987825040087607,0.3938048583109929,0.06358793797919636,0.010792112165867358,0.7674079604751082,0.06939169248814005
