Category,Company,Data Shape,Timesteps,Features,Model,Cross Validation,Cross Validation Params,RMSE Train,RMSE Train,MAE Train,MAE Train,MAPE Train,MAPE Train,R2 Train,R2 Train,RMSE Test,RMSE Test,MAE Test,MAE Test,MAPE Test,MAPE Test,R2 Test,R2 Test
,,,,,,,,mean,std,mean,std,mean,std,mean,std,mean,std,mean,std,mean,std,mean,std
Local Model,203,"(4304, 7)",,Chemical + CS1 + CS3,XGBoost,Blocking Time Series Split,"{""N_Splits"": 5, ""Repeats"": 1, ""train_size"": 0.8}",2.1724898791612945,0.17492973131826536,1.729794869533805,0.1350189968797706,0.037829842529608165,0.003613238032165022,0.9228406982179912,0.016571200108313734,3.040764172076563,0.6941142268632411,2.331538631350495,0.46023667453189965,0.05428245903512262,0.011338106866803897,0.804100938075778,0.17576094631706754
Local Model,203,"(4304, 7)",,Chemical + CS1 + CS3,XGBoost,Out of time Split,"{""Test Size"": 0.2}",2.490742355130421,0.0,1.9813884700760744,0.0,0.043043647084148234,0.0,0.9008674524977065,0.0,2.9726341438561783,0.0,2.353291600279415,0.0,0.0542958216180721,0.0,0.8810265445353858,0.0
Local Model,203,"(4304, 7)",,Chemical + CS1 + CS3,XGBoost,Repeated KFold,"{""N_Splits"": 5, ""Repeats"": 3}",2.5713046124114154,0.019083952585096653,2.034977449161077,0.01589379585433769,0.0447149095564879,0.00033094557093430273,0.8989012775975703,0.001541928501028637,2.7462304280935252,0.0839015059396807,2.168620359031771,0.07134001181748253,0.04760552806059723,0.0017250745635791632,0.8844667289600253,0.005450153846652985
Local Model,203,"(4304, 7)",,Chemical + CS1 + CS3,XGBoost,Time Series Split,"{""N_Splits"": 5, ""Repeats"": 1, ""Gap"": 0}",2.29601413550053,0.18026383204183347,1.8411903278230102,0.13552585136345277,0.03935761417733034,0.0035229432167479605,0.897920240619267,0.005632978816369752,3.742649558278631,0.5014830773777832,2.8705290095330613,0.36142575409929123,0.06511734937970702,0.009696486123060458,0.79428765597501,0.0510493045559421
