Category,Company,Data Shape,Timesteps,Features,Model,Cross Validation,Cross Validation Params,RMSE Train,RMSE Train,MAE Train,MAE Train,MAPE Train,MAPE Train,R2 Train,R2 Train,RMSE Test,RMSE Test,MAE Test,MAE Test,MAPE Test,MAPE Test,R2 Test,R2 Test
,,,,,,,,mean,std,mean,std,mean,std,mean,std,mean,std,mean,std,mean,std,mean,std
Local Model,203,"(4304, 5)",,Chemical + Feature Engineering,XGBoost,Blocking Time Series Split,"{""N_Splits"": 5, ""Repeats"": 1, ""train_size"": 0.8}",2.6168279428998984,0.1888526898852674,2.081413095784742,0.14865990760242184,0.04553128332683268,0.0041611121951234085,0.888443927928504,0.020382669196393755,3.803596144343426,0.5096137112941322,2.8818420814691583,0.38072520372340596,0.06776165160774097,0.008524687872557958,0.7217973014902287,0.17419057841059019
Local Model,203,"(4304, 5)",,Chemical + Feature Engineering,XGBoost,Out of time Split,"{""Test Size"": 0.2}",3.2401911555060026,0.0,2.5401186271355036,0.0,0.05562739634822349,0.0,0.8322355570175899,0.0,3.608865394515003,0.0,2.8140851156166065,0.0,0.06692944359166553,0.0,0.8246488899971673,0.0
Local Model,203,"(4304, 5)",,Chemical + Feature Engineering,XGBoost,Repeated KFold,"{""N_Splits"": 5, ""Repeats"": 3}",3.2704528089679568,0.02552554011628894,2.571559698915961,0.020546592088672634,0.05666181905512128,0.00045807608478959827,0.8364498501600103,0.002471032730162165,3.497651578039965,0.11713946095341295,2.7277512366697434,0.09651798277409397,0.060151651540039104,0.002474748670040841,0.8126484367355292,0.008499396549577135
Local Model,203,"(4304, 5)",,Chemical + Feature Engineering,XGBoost,Time Series Split,"{""N_Splits"": 5, ""Repeats"": 1, ""Gap"": 0}",2.9500622177399043,0.304427601884524,2.322296830078675,0.23511073266028265,0.050028191711867856,0.005957606622543103,0.832373414201592,0.00829844864047169,4.772207223372424,0.5098373798163559,3.70474642812391,0.41299457801026135,0.08470745570780176,0.008472700043587982,0.6573319191642152,0.12006396981227577
