Category,Company,Data Shape,Timesteps,Features,Model,Cross Validation,Cross Validation Params,RMSE Train,RMSE Train,MAE Train,MAE Train,MAPE Train,MAPE Train,R2 Train,R2 Train,RMSE Test,RMSE Test,MAE Test,MAE Test,MAPE Test,MAPE Test,R2 Test,R2 Test
,,,,,,,,mean,std,mean,std,mean,std,mean,std,mean,std,mean,std,mean,std,mean,std
Local Model,203,"(4304, 10)",,Chemical + Properties CS Less,XGBoost,Blocking Time Series Split,"{""N_Splits"": 5, ""Repeats"": 1, ""train_size"": 0.8}",2.423537515139979,0.23449935437673528,1.9221248283829802,0.17903447210861267,0.04212933493415095,0.0046089991992780644,0.9054373971220029,0.012516767523454188,3.856765990854238,0.44427458590832775,2.8697184909554414,0.2894112451192294,0.0676352168033724,0.005940447290456834,0.7227027827616738,0.13369743719104105
Local Model,203,"(4304, 10)",,Chemical + Properties CS Less,XGBoost,Out of time Split,"{""Test Size"": 0.2}",2.9509623301823287,0.0,2.3470034201048917,0.0,0.05138697413050938,0.0,0.860849110741096,0.0,3.9357393107122154,0.0,3.0344642811065214,0.0,0.07368598021642293,0.0,0.791445386725124,0.0
Local Model,203,"(4304, 10)",,Chemical + Properties CS Less,XGBoost,Repeated KFold,"{""N_Splits"": 5, ""Repeats"": 3}",3.0197663055442536,0.017000389143882376,2.3973604671255444,0.016079010986480163,0.05275832754090749,0.0003753309136802924,0.8605695786727583,0.0010556826701238697,3.29799479799969,0.11753059557852684,2.585562659528222,0.08338200215545617,0.05707479518203227,0.0020827550591447025,0.8333641453003504,0.009169414682255817
Local Model,203,"(4304, 10)",,Chemical + Properties CS Less,XGBoost,Time Series Split,"{""N_Splits"": 5, ""Repeats"": 1, ""Gap"": 0}",2.5931790523373395,0.3268285794284894,2.076610732418194,0.25070917772191015,0.04472874023849782,0.0061852220495225195,0.8710671804334794,0.007519848495428491,4.391460686457223,0.4542253798311297,3.4167120348133637,0.37811826517932456,0.07907233920760615,0.008933964256110611,0.7162128064695396,0.06950947172638917
