Category,Company,Data Shape,Timesteps,Features,Model,Cross Validation,Cross Validation Params,RMSE Train,RMSE Train,MAE Train,MAE Train,MAPE Train,MAPE Train,R2 Train,R2 Train,RMSE Test,RMSE Test,MAE Test,MAE Test,MAPE Test,MAPE Test,R2 Test,R2 Test
,,,,,,,,mean,std,mean,std,mean,std,mean,std,mean,std,mean,std,mean,std,mean,std
Local Model,203,"(4304, 7)",,Chemical + CS3 + CS7,XGBoost,Blocking Time Series Split,"{""N_Splits"": 5, ""Repeats"": 1, ""train_size"": 0.8}",1.9268203844331342,0.0894541465704587,1.551379123820815,0.08491619230004141,0.034023470677408,0.002500714020173401,0.9386109948323993,0.01549573142389793,2.602380707784453,0.6254824462830683,1.9716487857907317,0.3571295182589222,0.04521641065465555,0.00820610240119272,0.8544557524552612,0.12603373431044695
Local Model,203,"(4304, 7)",,Chemical + CS3 + CS7,XGBoost,Out of time Split,"{""Test Size"": 0.2}",2.0983292701232132,0.0,1.7014495857586667,0.0,0.036979615434013034,0.0,0.9296432236782808,0.0,2.4707759026117446,0.0,1.9679362207782671,0.0,0.04599660667546395,0.0,0.9178071828998215,0.0
Local Model,203,"(4304, 7)",,Chemical + CS3 + CS7,XGBoost,Repeated KFold,"{""N_Splits"": 5, ""Repeats"": 3}",2.1080449075446888,0.007155191242962142,1.712812011130854,0.00999048150819284,0.037558747317597375,0.0002151815180684782,0.9320509918954393,0.0005886213436944555,2.2320187903169133,0.05667472950711195,1.8093296255171885,0.05020920237549191,0.03965416891265202,0.001276148595232086,0.9236895937676984,0.0029360316027161448
Local Model,203,"(4304, 7)",,Chemical + CS3 + CS7,XGBoost,Time Series Split,"{""N_Splits"": 5, ""Repeats"": 1, ""Gap"": 0}",1.9945359332915238,0.09878793183216762,1.6082829616985883,0.09240627581931914,0.034458981306841975,0.002522213233427521,0.9222741810762045,0.009140543412319601,2.697397231470721,0.3269745997531798,2.1344853684599596,0.23875785771098756,0.047987191357240985,0.0055917868554531385,0.8904578107101141,0.04017816556259356
