Category,Company,Data Shape,Timesteps,Features,Model,Cross Validation,Cross Validation Params,RMSE Train,RMSE Train,MAE Train,MAE Train,MAPE Train,MAPE Train,R2 Train,R2 Train,RMSE Test,RMSE Test,MAE Test,MAE Test,MAPE Test,MAPE Test,R2 Test,R2 Test
,,,,,,,,mean,std,mean,std,mean,std,mean,std,mean,std,mean,std,mean,std,mean,std
Local Model,203,"(4304, 6)",,Chemical + CS7,XGBoost,Blocking Time Series Split,"{""N_Splits"": 5, ""Repeats"": 1, ""train_size"": 0.8}",1.941043733349059,0.08516093779106343,1.5648685245513916,0.08166135434658078,0.034310585952238556,0.002465269175790065,0.9375856082989682,0.016248580097987193,2.6004375643689954,0.667760166970833,1.93636444162768,0.3733319280722514,0.04455102644290908,0.008583438711838226,0.8529548017378097,0.12971134502765874
Local Model,203,"(4304, 6)",,Chemical + CS7,XGBoost,Out of time Split,"{""Test Size"": 0.2}",2.1060731440687444,0.0,1.7099784387061665,0.0,0.03715516089600897,0.0,0.9291229627559887,0.0,2.4684265180480995,0.0,1.970245003163053,0.0,0.04607576141024206,0.0,0.9179634178120306,0.0
Local Model,203,"(4304, 6)",,Chemical + CS7,XGBoost,Repeated KFold,"{""N_Splits"": 5, ""Repeats"": 3}",2.1128319289294692,0.008183599988932321,1.7170051466550318,0.010052463589761505,0.03763939388906729,0.00021122948258884238,0.9317417111687436,0.0006536048345515892,2.234210835045767,0.05835903995258084,1.811478490234432,0.05159499303024852,0.039698977829321046,0.001297356197298423,0.9235428089506723,0.0029330158215235868
Local Model,203,"(4304, 6)",,Chemical + CS7,XGBoost,Time Series Split,"{""N_Splits"": 5, ""Repeats"": 1, ""Gap"": 0}",2.0023630524114298,0.09052839509957152,1.6169929337146745,0.0822413730193257,0.03463931209080852,0.002293903230077145,0.9215271616735929,0.010167612821239715,2.6757264164137915,0.26073760186093375,2.1337758094436454,0.2005964985874101,0.04779344655028188,0.004188039941772288,0.8941542884902743,0.029191198551067665
