Category,Company,Data Shape,Timesteps,Features,Model,Cross Validation,Cross Validation Params,RMSE Train,RMSE Train,MAE Train,MAE Train,MAPE Train,MAPE Train,R2 Train,R2 Train,RMSE Test,RMSE Test,MAE Test,MAE Test,MAPE Test,MAPE Test,R2 Test,R2 Test
,,,,,,,,mean,std,mean,std,mean,std,mean,std,mean,std,mean,std,mean,std,mean,std
Global Model,209,"(1495, 17)",1,Chemical + Physical,BidirectionalLSTM,Blocking Time Series Split,"{""N_Splits"": 5, ""Repeats"": 3, ""train_size"": 0.8}",0.4227699202665323,0.029762670083720483,0.32623521865993677,0.021290492491829953,0.00813239056986592,0.0005472388840292343,0.9933008532083435,0.0010649330506462891,1.0908730723619335,0.19785197917740122,0.8326905377705872,0.18281921078624833,0.02068817355677059,0.0041448058661128296,0.9580229045956073,0.01569536725922754
Global Model,209,"(1495, 17)",1,Chemical + Physical,BidirectionalLSTM,Time Series Split,"{""N_Splits"": 5, ""Repeats"": 3, ""Gap"": 0}",0.4569214656739147,0.03029270091293215,0.34326705965448095,0.02271652544752987,0.008535923702478476,0.0005705643676057969,0.9924696893988014,0.001088130687681155,1.185788202008755,0.23999450665665434,0.7944980963486113,0.1482194281652568,0.019724672003932225,0.003807454927373979,0.9465831106634578,0.021360642788993484
