Category,Company,Data Shape,Timesteps,Features,Model,Cross Validation,Cross Validation Params,RMSE Train,RMSE Train,MAE Train,MAE Train,MAPE Train,MAPE Train,R2 Train,R2 Train,RMSE Test,RMSE Test,MAE Test,MAE Test,MAPE Test,MAPE Test,R2 Test,R2 Test
,,,,,,,,mean,std,mean,std,mean,std,mean,std,mean,std,mean,std,mean,std,mean,std
Global Model,209,"(1495, 17)",1,Chemical + Physical,Conv1D,Blocking Time Series Split,"{""N_Splits"": 5, ""Repeats"": 3, ""train_size"": 0.8}",0.6364680929502871,0.0341313647822019,0.49786549651971956,0.02009276337184536,0.012528691680863385,0.0005206660795308865,0.9849297869890352,0.0009770782058927294,0.9097057404433471,0.13824440584009395,0.7152852249145485,0.10417151348937406,0.017708676284118364,0.0023511302966167267,0.9714275635941579,0.008137016503725489
Global Model,209,"(1495, 17)",1,Chemical + Physical,Conv1D,Time Series Split,"{""N_Splits"": 5, ""Repeats"": 3, ""Gap"": 0}",0.6155408640180763,0.022930368319566612,0.4746193485829762,0.014244974291898376,0.01188966655812007,0.000361165834569273,0.9864320611880051,0.0007029886196848765,0.970570286135741,0.20319515897479623,0.7056785445615462,0.08743573833752538,0.017359762514789247,0.0018813737874011252,0.9644808346388355,0.012757748007552057
