Category,Company,Data Shape,Timesteps,Features,Model,Cross Validation,Cross Validation Params,RMSE Train,RMSE Train,MAE Train,MAE Train,MAPE Train,MAPE Train,R2 Train,R2 Train,RMSE Test,RMSE Test,MAE Test,MAE Test,MAPE Test,MAPE Test,R2 Test,R2 Test
,,,,,,,,mean,std,mean,std,mean,std,mean,std,mean,std,mean,std,mean,std,mean,std
Global Model,209,"(1056, 10)",14,Chemical,BidirectionalLSTM,Blocking Time Series Split,"{""N_Splits"": 5, ""Repeats"": 3, ""train_size"": 0.8}",3.7417666089629082,0.24272784957434865,3.2664764243112496,0.13952231278618668,0.08386148451905003,0.0051117995866864436,-0.17820350675228422,0.13317988624213886,3.896234784955725,0.20474584088526254,3.4620633293600704,0.09416447314624879,0.08645094793920531,0.003209383692732242,-0.3664921551192244,0.1881788348808212
Global Model,209,"(1056, 10)",14,Chemical,BidirectionalLSTM,Out of time Split,"{""Test Size"": 0.2}",3.4903848488180196,0.0,3.2592329244450453,4.440892098500626e-16,0.08131271286663627,0.0,-0.011587271385870901,0.0,3.69300812493992,0.0,3.508139887163715,0.0,0.08451266652177665,0.0,-0.0546279361575257,0.0
Global Model,209,"(1056, 10)",14,Chemical,BidirectionalLSTM,Repeated KFold,"{""N_Splits"": 5, ""Repeats"": 3}",3.656300967863933,0.2205071054871293,3.3411809611469248,0.04392196249804078,0.0830497261711606,0.0010533449709207467,-0.08080482178608367,0.13691665299760508,3.7083251265400685,0.2746038148297376,3.380738116346289,0.09279452344199596,0.08420270992425233,0.0024491453868989007,-0.11371626216302788,0.20776025332540518
Global Model,209,"(1056, 10)",14,Chemical,BidirectionalLSTM,Time Series Split,"{""N_Splits"": 5, ""Repeats"": 3, ""Gap"": 0}",3.475525835459201,0.05114587167749751,3.1865510553203436,0.05524632011013366,0.07960979209816689,0.0011966137951349013,-0.04291654135931862,0.027490356830360933,4.031115396423902,0.5395290348875866,3.5243712387084964,0.205414666416189,0.0878220574162888,0.004989854088857587,-0.4044462987783218,0.4879457305416965
