Category,Company,Data Shape,Timesteps,Features,Model,Cross Validation,Cross Validation Params,RMSE Train,RMSE Train,MAE Train,MAE Train,MAPE Train,MAPE Train,R2 Train,R2 Train,RMSE Test,RMSE Test,MAE Test,MAE Test,MAPE Test,MAPE Test,R2 Test,R2 Test
,,,,,,,,mean,std,mean,std,mean,std,mean,std,mean,std,mean,std,mean,std,mean,std
Global Model,209,"(1056, 10)",7,Chemical,Conv1D,Blocking Time Series Split,"{""N_Splits"": 5, ""Repeats"": 3, ""train_size"": 0.8}",1.3861832906572105,0.09431221094288925,1.080109879909418,0.07532235135983797,0.026575055821292604,0.0020599047832430494,0.8366127215333027,0.02291591550355837,3.6172307666946497,0.8221129012194199,3.006568711803803,0.6934384910239778,0.07184599317278996,0.014290164094124655,-0.05700915790586514,0.4031378590972043
Global Model,209,"(1056, 10)",7,Chemical,Conv1D,Out of time Split,"{""Test Size"": 0.2}",0.9412441631814993,0.0,0.7452102670302784,0.0,0.01853482899550155,0.0,0.9258323424642397,0.0,4.046927364856632,0.0,3.241445493698119,0.0,0.0761909195837675,0.0,-0.24717492415100395,0.0
Global Model,209,"(1056, 10)",7,Chemical,Conv1D,Repeated KFold,"{""N_Splits"": 5, ""Repeats"": 3}",1.034917714148968,0.03737857854002246,0.8025041480629792,0.03117133023165029,0.019853723985748008,0.000776377454039505,0.9130039541565165,0.006197260887401654,2.1878286777491533,0.4044862709884254,1.5878296147511042,0.11934663460931252,0.03907522820279068,0.0029826387937792386,0.5984002362485241,0.18422308432756562
Global Model,209,"(1056, 10)",7,Chemical,Conv1D,Time Series Split,"{""N_Splits"": 5, ""Repeats"": 3, ""Gap"": 0}",1.1520653036593056,0.1825453577286743,0.8925828714605548,0.12139430949069119,0.02196574920827358,0.002821225330982265,0.8788963260275369,0.044804825827125284,4.143115244012684,1.2010319284643491,3.315138212064417,0.989650385723949,0.08090262796261238,0.02345670794540837,-0.5210042375919925,0.7205356379085511
