Category,Company,Data Shape,Timesteps,Features,Model,Cross Validation,Cross Validation Params,RMSE Train,RMSE Train,MAE Train,MAE Train,MAPE Train,MAPE Train,R2 Train,R2 Train,RMSE Test,RMSE Test,MAE Test,MAE Test,MAPE Test,MAPE Test,R2 Test,R2 Test
,,,,,,,,mean,std,mean,std,mean,std,mean,std,mean,std,mean,std,mean,std,mean,std
Global Model,209,"(1056, 10)",14,Chemical,LSTM,Blocking Time Series Split,"{""N_Splits"": 5, ""Repeats"": 3, ""train_size"": 0.8}",1.0844303126404748,0.552361855834536,0.7213943159076528,0.38230851352871437,0.017823950698788577,0.0097627618446197,0.8791999302938369,0.12881215905151466,3.630622338408212,1.0469908767562814,3.2009499942555184,0.9213376785234618,0.07660758410242964,0.021280059299364964,-0.31258933276215123,0.7274509761807879
Global Model,209,"(1056, 10)",14,Chemical,LSTM,Out of time Split,"{""Test Size"": 0.2}",1.0339012391361102,0.0,0.6154975657941063,0.0,0.015034868570503367,0.0,0.9112405018276468,0.0,3.9082031401101935,0.0,3.03260484305761,4.440892098500626e-16,0.07235070423972613,0.0,-0.1811172262828855,0.0
Global Model,209,"(1056, 10)",14,Chemical,LSTM,Repeated KFold,"{""N_Splits"": 5, ""Repeats"": 3}",1.0543818685590909,0.23362304203311451,0.7255838666499169,0.13641728379611226,0.01782171333386974,0.0034034819815299787,0.9060960248347837,0.04465521770301184,3.164147059732699,0.28137369821749536,2.2673604716957163,0.14776486261999872,0.056788398986230955,0.0037163564952766067,0.18751140366897268,0.15611613538392755
Global Model,209,"(1056, 10)",14,Chemical,LSTM,Time Series Split,"{""N_Splits"": 5, ""Repeats"": 3, ""Gap"": 0}",0.7800181602028443,0.11181885714605122,0.5454226857467425,0.07073926575803192,0.013304515783822812,0.0017808548819467952,0.9467598547654605,0.01321479528668614,3.7506401115607995,0.6585061524203261,2.9359744389851894,0.5475887715850407,0.07211747234836287,0.011181026409120247,-0.18946550037089135,0.36155603759936816
