Category,Company,Data Shape,Timesteps,Features,Model,Cross Validation,Cross Validation Params,RMSE Train,RMSE Train,MAE Train,MAE Train,MAPE Train,MAPE Train,R2 Train,R2 Train,RMSE Test,RMSE Test,MAE Test,MAE Test,MAPE Test,MAPE Test,R2 Test,R2 Test
,,,,,,,,mean,std,mean,std,mean,std,mean,std,mean,std,mean,std,mean,std,mean,std
Global Model,209,"(1056, 10)",,Chemical,MLP,Blocking Time Series Split,"{""N_Splits"": 5, ""Repeats"": 3, ""train_size"": 0.8}",2.080306602465446,0.2555859647022354,1.5606324559166311,0.2747139806151781,0.03966328450010226,0.007319684433852533,0.6242643980631328,0.09094770388202839,2.7143065618103885,0.40044307993940037,2.1237806630689033,0.31222406498576044,0.05346473848428033,0.007880900603497765,0.40715182994955784,0.16558046725078487
Global Model,209,"(1056, 10)",,Chemical,MLP,Out of time Split,"{""Test Size"": 0.2}",1.6646314359193284,2.220446049250313e-16,1.2217285011616938,0.0,0.030665664755582314,0.0,0.7676483304522245,1.1102230246251565e-16,3.5738788831933914,0.0,2.7901713713160086,4.440892098500626e-16,0.06545973831465485,0.0,0.038261740606992056,0.0
Global Model,209,"(1056, 10)",,Chemical,MLP,Repeated KFold,"{""N_Splits"": 5, ""Repeats"": 3}",1.808854792978413,0.06474496128922666,1.3320008704464361,0.04236202762865226,0.03328610236669969,0.0010330418382940448,0.7334267583387997,0.019219579606986417,2.216339937914846,0.19732569097247815,1.6110289610538369,0.10800105227628395,0.04019893599952443,0.0026833076059629857,0.5953183015376041,0.07520614199435206
Global Model,209,"(1056, 10)",,Chemical,MLP,Time Series Split,"{""N_Splits"": 5, ""Repeats"": 3, ""Gap"": 0}",1.7522171838712146,0.15724120918509168,1.2460724389914324,0.0438569109500372,0.031119374264246276,0.0011732132187886222,0.7273027644116614,0.056743019726462375,3.1753861927790763,0.6821663154710065,2.4946263269944615,0.5458284199103373,0.060848012737381545,0.010701879401735807,0.15345700320621575,0.3343212330494434
