Category,Company,Data Shape,Timesteps,Features,Model,Cross Validation,Cross Validation Params,RMSE Train,RMSE Train,MAE Train,MAE Train,MAPE Train,MAPE Train,R2 Train,R2 Train,RMSE Test,RMSE Test,MAE Test,MAE Test,MAPE Test,MAPE Test,R2 Test,R2 Test
,,,,,,,,mean,std,mean,std,mean,std,mean,std,mean,std,mean,std,mean,std,mean,std
Global Model,209,"(1056, 10)",7,Chemical,Transformer,Blocking Time Series Split,"{""N_Splits"": 5, ""Repeats"": 3, ""train_size"": 0.8}",0.9823912755316154,0.12660419183708704,0.778474215972119,0.11075265596530903,0.01933664305589162,0.0028588572568590312,0.9167415421193632,0.023048137897854242,3.522046482716389,1.6820722656953648,2.7405579105500255,1.46650134084977,0.06387009329317618,0.03169208556547019,-0.18982343331874754,0.9535611214524671
Global Model,209,"(1056, 10)",7,Chemical,Transformer,Out of time Split,"{""Test Size"": 0.2}",1.0757260798395392,0.0,0.841638005696811,0.0,0.020911864353204357,0.0,0.9031246318128477,0.0,3.3851528301538374,0.0,2.2190533828735353,0.0,0.05259548036498133,0.0,0.1273640266526116,0.0
Global Model,209,"(1056, 10)",7,Chemical,Transformer,Repeated KFold,"{""N_Splits"": 5, ""Repeats"": 3}",1.1376148430161641,0.05392640723200384,0.8548760815414158,0.021051876121732503,0.021243731588915713,0.0005075463577429633,0.8947537318033916,0.010095841349255598,2.000310956646495,0.3493604677901536,1.3409325761715192,0.19720597119265873,0.03301704814696041,0.004835156067601313,0.6661458968196953,0.12003652208729525
Global Model,209,"(1056, 10)",7,Chemical,Transformer,Time Series Split,"{""N_Splits"": 5, ""Repeats"": 3, ""Gap"": 0}",1.0367363870323945,0.10508667264357156,0.795180050850579,0.07231717919102491,0.01973152219574227,0.0018920464425099925,0.905397423919644,0.01487536837631146,3.2736747119094343,0.7213344492447759,2.2465146134539347,0.5341000325054206,0.0546662644529658,0.011112485938820416,0.08236561856190965,0.38490978447423074
