Category,Company,Data Shape,Timesteps,Features,Model,Cross Validation,Cross Validation Params,RMSE Train,RMSE Train,MAE Train,MAE Train,MAPE Train,MAPE Train,R2 Train,R2 Train,RMSE Test,RMSE Test,MAE Test,MAE Test,MAPE Test,MAPE Test,R2 Test,R2 Test
,,,,,,,,mean,std,mean,std,mean,std,mean,std,mean,std,mean,std,mean,std,mean,std
Global Model,203,"(2829, 15)",7,Chemical + Properties CS Less,Conv1D,Blocking Time Series Split,"{""N_Splits"": 5, ""Repeats"": 3, ""train_size"": 0.8}",0.8615405693643371,0.1463272516897779,0.6704664760809407,0.1080943608010813,0.015913922036865796,0.0026088400635294524,0.9774312062176987,0.008403981175674573,1.4208104705896565,0.11183561239628044,1.1160148968077543,0.06961291606808445,0.026743269189938794,0.0016957734058156834,0.9401791524568147,0.006047183473174191
Global Model,203,"(2829, 15)",7,Chemical + Properties CS Less,Conv1D,Time Series Split,"{""N_Splits"": 5, ""Repeats"": 3, ""Gap"": 0}",0.9623030472371226,0.024962306933220796,0.7180343889120142,0.01912386723908515,0.017248132656654473,0.00030941323534684577,0.9737354174638674,0.0020237167482264574,2.557864676728772,0.8194522169083721,1.8455854528859954,0.6332682413947325,0.04267444657106886,0.013433545622046867,0.7851600195746754,0.1264497821452125
