Category,Company,Data Shape,Timesteps,Features,Model,Cross Validation,Cross Validation Params,RMSE Train,RMSE Train,MAE Train,MAE Train,MAPE Train,MAPE Train,R2 Train,R2 Train,RMSE Test,RMSE Test,MAE Test,MAE Test,MAPE Test,MAPE Test,R2 Test,R2 Test
,,,,,,,,mean,std,mean,std,mean,std,mean,std,mean,std,mean,std,mean,std,mean,std
Global Model,203,"(2829, 17)",1,Chemical + Physical,LSTM,Blocking Time Series Split,"{""N_Splits"": 5, ""Repeats"": 3, ""train_size"": 0.8}",0.6104002016203616,0.08063271556867857,0.4607657600560371,0.06679046237339549,0.010667943867917548,0.0013774529323569698,0.9889617089065846,0.003546495751539112,1.254071626531026,0.3392326548177947,0.9593283134167876,0.17508846162776134,0.02295953043420361,0.004659002238237987,0.9518140980566755,0.026386644606321667
Global Model,203,"(2829, 17)",1,Chemical + Physical,LSTM,Time Series Split,"{""N_Splits"": 5, ""Repeats"": 3, ""Gap"": 0}",0.671422477896544,0.030260455022026657,0.5146088439972173,0.02934922277851234,0.01185943181094105,0.0005606244592385489,0.9871801577367079,0.0012636580819174897,2.4821377422389603,1.2049218674671942,1.442872313060072,0.36819580717958517,0.03266099762383997,0.0073216843697173585,0.7806240318528987,0.2596480591051837
