Category,Company,Data Shape,Timesteps,Features,Model,Cross Validation,Cross Validation Params,RMSE Train,RMSE Train,MAE Train,MAE Train,MAPE Train,MAPE Train,R2 Train,R2 Train,RMSE Test,RMSE Test,MAE Test,MAE Test,MAPE Test,MAPE Test,R2 Test,R2 Test
,,,,,,,,mean,std,mean,std,mean,std,mean,std,mean,std,mean,std,mean,std,mean,std
Global Model,203,"(2829, 15)",1,Chemical + Properties CS Less,LSTM,Blocking Time Series Split,"{""N_Splits"": 5, ""Repeats"": 3, ""train_size"": 0.8}",0.7228186066212607,0.08500208247100871,0.5372520134849885,0.06432009175567159,0.01267260812866832,0.0014845814126090147,0.9845199341538279,0.004588947655184202,1.4999098333298795,0.297039663109302,1.064957734954744,0.09858725760175173,0.0254718981263105,0.0023797928467007676,0.9330776271606004,0.026937653234293653
Global Model,203,"(2829, 15)",1,Chemical + Properties CS Less,LSTM,Time Series Split,"{""N_Splits"": 5, ""Repeats"": 3, ""Gap"": 0}",0.810618555953855,0.021053088364300955,0.6134600745426185,0.025218953165790047,0.014453028564218895,0.0004690044929994641,0.9813489589055204,0.0011810681832989103,3.0453111836209876,1.3313692285907595,1.703493258736105,0.5892279012359949,0.03830103698963165,0.012037269123570246,0.6860999748578637,0.2742457309133305
