Category,Company,Data Shape,Timesteps,Features,Model,Cross Validation,Cross Validation Params,RMSE Train,RMSE Train,MAE Train,MAE Train,MAPE Train,MAPE Train,R2 Train,R2 Train,RMSE Test,RMSE Test,MAE Test,MAE Test,MAPE Test,MAPE Test,R2 Test,R2 Test
,,,,,,,,mean,std,mean,std,mean,std,mean,std,mean,std,mean,std,mean,std,mean,std
Global Model,203,"(2829, 17)",,Chemical + Physical,MLP,Blocking Time Series Split,"{""N_Splits"": 5, ""Repeats"": 3, ""train_size"": 0.8}",0.8860313049412724,0.07976278796882522,0.6931020531443367,0.08545414784271631,0.016687572799730252,0.0017364863271836324,0.9771431193675487,0.004732284076408585,1.0838149732396767,0.1278058475391304,0.8391192505422946,0.08925558953292213,0.020406790679370776,0.0024028202458266012,0.9661251943222577,0.005697100786550932
Global Model,203,"(2829, 17)",,Chemical + Physical,MLP,Time Series Split,"{""N_Splits"": 5, ""Repeats"": 3, ""Gap"": 0}",0.9012401377009073,0.05307139114375703,0.7103336097678402,0.04460296804207278,0.017142712410908797,0.0009302246823253062,0.9769021193736936,0.002575613909120376,1.5557841623477484,0.2176345079474771,1.0993143920898438,0.2439409025927905,0.025450772956757857,0.004726286602753818,0.929167896593643,0.01732018435110304
