Category,Company,Data Shape,Timesteps,Features,Model,Cross Validation,Cross Validation Params,RMSE Train,RMSE Train,MAE Train,MAE Train,MAPE Train,MAPE Train,R2 Train,R2 Train,RMSE Test,RMSE Test,MAE Test,MAE Test,MAPE Test,MAPE Test,R2 Test,R2 Test
,,,,,,,,mean,std,mean,std,mean,std,mean,std,mean,std,mean,std,mean,std,mean,std
Global Model,209,"(1414, 15)",7,Chemical + Physical,BidirectionalLSTM,Blocking Time Series Split,"{""N_Splits"": 5, ""Repeats"": 3, ""train_size"": 0.8}",0.6586036697673012,0.22304018150365185,0.41969642661274287,0.06678959425821028,0.00949513516693289,0.001895823713696628,0.986057858489261,0.013098963352968056,3.266831478022359,0.5790998568554852,2.4603706935002254,0.30794126566371416,0.05412347688933397,0.006529647674545687,0.6348914754127529,0.20725493669792153
Global Model,209,"(1414, 15)",7,Chemical + Physical,BidirectionalLSTM,Out of time Split,"{""Test Size"": 0.2}",0.617388388807392,0.0,0.46316617569833424,0.0,0.010175852832094,0.0,0.9907078081460478,1.1102230246251565e-16,3.072421822728734,4.440892098500626e-16,2.4475223699605704,0.0,0.0515487341535719,6.938893903907228e-18,0.7004252437099959,1.1102230246251565e-16
Global Model,209,"(1414, 15)",7,Chemical + Physical,BidirectionalLSTM,Repeated KFold,"{""N_Splits"": 5, ""Repeats"": 3}",0.6673211656185496,0.07141968659722953,0.5023402698883641,0.049753818075209004,0.010982613592056769,0.0011713981858290567,0.9885212106199256,0.002391088813246275,1.9333227986051142,0.09500356010082334,1.5440850888504718,0.07492175865672955,0.03341049147630077,0.0016668442898792987,0.901729283353657,0.01232812572454999
Global Model,209,"(1414, 15)",7,Chemical + Physical,BidirectionalLSTM,Time Series Split,"{""N_Splits"": 5, ""Repeats"": 3, ""Gap"": 0}",0.7855381528983048,0.21045633560029572,0.5767256316906935,0.14200624513036758,0.01290510458860506,0.00344392765240806,0.9848580837549894,0.007487532549323124,2.9479623539414415,0.2696847574040925,2.318375097810948,0.21772247681936244,0.05019035619950086,0.00520996741734366,0.7663687794445985,0.036205789640763486
