Category,Company,Data Shape,Timesteps,Features,Model,Cross Validation,Cross Validation Params,RMSE Train,RMSE Train,MAE Train,MAE Train,MAPE Train,MAPE Train,R2 Train,R2 Train,RMSE Test,RMSE Test,MAE Test,MAE Test,MAPE Test,MAPE Test,R2 Test,R2 Test
,,,,,,,,mean,std,mean,std,mean,std,mean,std,mean,std,mean,std,mean,std,mean,std
Global Model,209,"(1414, 13)",1,Chemical + Properties CS Less,BidirectionalLSTM,Blocking Time Series Split,"{""N_Splits"": 5, ""Repeats"": 3, ""train_size"": 0.8}",1.4318505179472085,0.15568283747751613,1.1307397059461812,0.12361773840524498,0.024366186585343515,0.002645917471774812,0.9477612845639545,0.009849583129739055,2.1379315214421313,0.1513448716728501,1.6733899948387827,0.10169868804225655,0.036089272209330746,0.001633670550922824,0.8743994743365024,0.013179344000676227
Global Model,209,"(1414, 13)",1,Chemical + Properties CS Less,BidirectionalLSTM,Out of time Split,"{""Test Size"": 0.2}",1.215370382794694,0.0,0.9476492654950505,1.1102230246251565e-16,0.02027359954338579,0.0,0.9641664237200759,1.1102230246251565e-16,1.8401352248672904,0.0,1.4871571975546247,0.0,0.032205090785452244,0.0,0.8957339615479775,1.1102230246251565e-16
Global Model,209,"(1414, 13)",1,Chemical + Properties CS Less,BidirectionalLSTM,Repeated KFold,"{""N_Splits"": 5, ""Repeats"": 3}",1.2052400434446975,0.015904924165060556,0.9345072171608692,0.015519711672624635,0.019918743628433384,0.00034446235174624267,0.9631852270383214,0.0009525206129097519,1.9129143119755987,0.06417514139373133,1.496867273044129,0.05140485797176299,0.03249870478650349,0.0012294875844249694,0.9067882531797468,0.006124132961969193
Global Model,209,"(1414, 13)",1,Chemical + Properties CS Less,BidirectionalLSTM,Time Series Split,"{""N_Splits"": 5, ""Repeats"": 3, ""Gap"": 0}",1.2497394227532796,0.06756261032784758,0.9792580671078491,0.06016810411791516,0.0208376160717359,0.001220025439568643,0.9639867311927997,0.0037051151757724952,2.4426119724991286,0.47341186932768725,1.9215190923163221,0.32461710643255176,0.04229303230366857,0.007821752578377392,0.8367670823800251,0.061087128390342076
