Category,Company,Data Shape,Timesteps,Features,Model,Cross Validation,Cross Validation Params,RMSE Train,RMSE Train,MAE Train,MAE Train,MAPE Train,MAPE Train,R2 Train,R2 Train,RMSE Test,RMSE Test,MAE Test,MAE Test,MAPE Test,MAPE Test,R2 Test,R2 Test
,,,,,,,,mean,std,mean,std,mean,std,mean,std,mean,std,mean,std,mean,std,mean,std
Global Model,209,"(1414, 13)",7,Chemical + Properties CS Less,Conv1D,Blocking Time Series Split,"{""N_Splits"": 5, ""Repeats"": 3, ""train_size"": 0.8}",1.3398302062362795,0.156624357899287,1.0525683528881722,0.12635422135642738,0.023093341541784287,0.002896643251620142,0.9527477011345709,0.011799761937402791,3.804304999202816,0.9827637072312766,3.081171476706477,0.790416833047556,0.06500574267317004,0.0160135090780077,0.5135330600853032,0.24351354344795184
Global Model,209,"(1414, 13)",7,Chemical + Properties CS Less,Conv1D,Out of time Split,"{""Test Size"": 0.2}",1.4487225683155538,0.0,1.1399008727095097,0.0,0.024946465177183953,0.0,0.9488351501034554,0.0,1.7730275149399783,0.0,1.4594414189176728,0.0,0.031114220415400656,0.0,0.9002358554394103,0.0
Global Model,209,"(1414, 13)",7,Chemical + Properties CS Less,Conv1D,Repeated KFold,"{""N_Splits"": 5, ""Repeats"": 3}",1.3949149175058237,0.026631923246312698,1.1149570293702338,0.023646807440449655,0.0243128075068107,0.0004769146346528407,0.9503904936122066,0.002151595862113219,1.9303637111295224,0.09482974409465778,1.5581550425999688,0.06185890946990253,0.033596086429183804,0.0012404596410220713,0.9021310973787178,0.011718588151250469
Global Model,209,"(1414, 13)",7,Chemical + Properties CS Less,Conv1D,Time Series Split,"{""N_Splits"": 5, ""Repeats"": 3, ""Gap"": 0}",1.427824824061612,0.08144103244230427,1.1284953744757824,0.06722290840855,0.024692976251273188,0.0014364361820562127,0.9524773965180489,0.006029132013006093,2.7006217047659087,0.593606369643068,2.1111629914314523,0.4084669237406696,0.04630891734516433,0.009995733990388006,0.795574138129751,0.08657192185473143
