Category,Company,Data Shape,Timesteps,Features,Model,Cross Validation,Cross Validation Params,RMSE Train,RMSE Train,MAE Train,MAE Train,MAPE Train,MAPE Train,R2 Train,R2 Train,RMSE Test,RMSE Test,MAE Test,MAE Test,MAPE Test,MAPE Test,R2 Test,R2 Test
,,,,,,,,mean,std,mean,std,mean,std,mean,std,mean,std,mean,std,mean,std,mean,std
Global Model,209,"(1414, 10)",7,Chemical,Conv1D,Blocking Time Series Split,"{""N_Splits"": 5, ""Repeats"": 3, ""train_size"": 0.8}",1.9682639507247435,0.11571211709586282,1.5110205939104009,0.10256766924007303,0.03301441347827547,0.0024997740898450374,0.8981513139496916,0.018735941391099704,4.665606159230267,0.9162776141466641,3.8769706405248416,0.7927315816417704,0.0818971553405608,0.01598373399477339,0.32030661670870775,0.2121220279222853
Global Model,209,"(1414, 10)",7,Chemical,Conv1D,Out of time Split,"{""Test Size"": 0.2}",1.6165595843037346,0.0,1.2577037232048536,0.0,0.027453657157966226,0.0,0.9362933619957673,0.0,2.266410051474864,0.0,1.72591079711914,0.0,0.03684493276068882,0.0,0.8369876502621837,1.1102230246251565e-16
Global Model,209,"(1414, 10)",7,Chemical,Conv1D,Repeated KFold,"{""N_Splits"": 5, ""Repeats"": 3}",1.5114663148571792,0.03635777973742876,1.1869522853406522,0.029394327015519448,0.025740231940980237,0.0006102457668692048,0.9417676590728149,0.0024962359422399678,2.3655986158372158,0.12777960974550967,1.8765522548456706,0.08609644080252195,0.04051946033100404,0.002201892931709204,0.8533990790709687,0.01411581873618705
Global Model,209,"(1414, 10)",7,Chemical,Conv1D,Time Series Split,"{""N_Splits"": 5, ""Repeats"": 3, ""Gap"": 0}",1.7017923635600392,0.20025014398772562,1.3256663777432867,0.15308573997708289,0.028941535711446423,0.0033720828076920623,0.9322790517200764,0.014755907839364724,3.7429964938824893,0.9585756111538036,2.971309268793203,0.8552389333061892,0.0639307236635359,0.018181111378636372,0.604357925103766,0.20727760154929
