Category,Company,Data Shape,Timesteps,Features,Model,Cross Validation,Cross Validation Params,RMSE Train,RMSE Train,MAE Train,MAE Train,MAPE Train,MAPE Train,R2 Train,R2 Train,RMSE Test,RMSE Test,MAE Test,MAE Test,MAPE Test,MAPE Test,R2 Test,R2 Test
,,,,,,,,mean,std,mean,std,mean,std,mean,std,mean,std,mean,std,mean,std,mean,std
Global Model,209,"(1414, 13)",,Chemical + Properties CS Less,MLP,Blocking Time Series Split,"{""N_Splits"": 5, ""Repeats"": 3, ""train_size"": 0.8}",1.3161471767965556,0.08951160486570352,1.0390738418240026,0.07639728817370234,0.02250857759742011,0.00184457497245777,0.9558906438112427,0.005722355770896881,2.2339461098124542,0.4254437758258505,1.6574064347116593,0.21873013995698115,0.03520757671836465,0.004420862928664263,0.8606604169141266,0.046084393830555265
Global Model,209,"(1414, 13)",,Chemical + Properties CS Less,MLP,Out of time Split,"{""Test Size"": 0.2}",1.4564820445974813,2.220446049250313e-16,1.154020353632623,0.0,0.024993633678507054,0.0,0.9485384187758655,0.0,1.9213086843971974,0.0,1.5525900554319991,0.0,0.0331802015259318,0.0,0.8863321391999239,0.0
Global Model,209,"(1414, 13)",,Chemical + Properties CS Less,MLP,Repeated KFold,"{""N_Splits"": 5, ""Repeats"": 3}",1.4431301679357378,0.023846241851034032,1.1472879176882318,0.01949289281546074,0.02477944648793782,0.00040693021805048604,0.9472098051214093,0.0018110471642953825,1.7809166096961413,0.06083706833914302,1.414616595663338,0.05197922357142763,0.03044235180917806,0.0011901852310138557,0.9190826409545899,0.007194466581070858
Global Model,209,"(1414, 13)",,Chemical + Properties CS Less,MLP,Time Series Split,"{""N_Splits"": 5, ""Repeats"": 3, ""Gap"": 0}",1.4071887613475869,0.08107827160748461,1.1106616567510081,0.06942870072483706,0.023910920509406876,0.001611804220240603,0.9540686061556225,0.006907110368227864,2.259435411245186,0.386245082325207,1.7312128402385307,0.26348075183287095,0.03725463432352848,0.006005680060664195,0.8632270177273553,0.040678125817082564
