Category,Company,Data Shape,Timesteps,Features,Model,Cross Validation,Cross Validation Params,RMSE Train,RMSE Train,MAE Train,MAE Train,MAPE Train,MAPE Train,R2 Train,R2 Train,RMSE Test,RMSE Test,MAE Test,MAE Test,MAPE Test,MAPE Test,R2 Test,R2 Test
,,,,,,,,mean,std,mean,std,mean,std,mean,std,mean,std,mean,std,mean,std,mean,std
Global Model,209,"(1414, 13)",1,Chemical + Properties CS Less,Transformer,Blocking Time Series Split,"{""N_Splits"": 5, ""Repeats"": 3, ""train_size"": 0.8}",2.15830530046608,0.21075556494889372,1.6600925861273872,0.08259795825979048,0.03619410931224243,0.002211891923718865,0.8796534443433782,0.027872999551156147,3.365547013261809,0.3000542065244511,2.259593530487597,0.15439079267601222,0.04981880475186848,0.0030327220083323746,0.6826759938406164,0.07382276499037227
Global Model,209,"(1414, 13)",1,Chemical + Properties CS Less,Transformer,Out of time Split,"{""Test Size"": 0.2}",2.0099751745852363,0.0,1.6038994429071434,0.0,0.03495534710562276,0.0,0.9019936437189834,1.1102230246251565e-16,2.350257245273446,0.0,1.9817085940088066,0.0,0.0422201120147833,6.938893903907228e-18,0.8299117959252831,0.0
Global Model,209,"(1414, 13)",1,Chemical + Properties CS Less,Transformer,Repeated KFold,"{""N_Splits"": 5, ""Repeats"": 3}",1.9999685533071088,0.013912044386322134,1.5930730797242127,0.015006342849187363,0.034587333463816636,0.0003478940322035739,0.898636979643811,0.001515182544007952,2.1688166978173076,0.12085967478479025,1.676926358355327,0.060982625395785015,0.036474070468477296,0.0015335101822709601,0.8801742640457443,0.011089723187759172
Global Model,209,"(1414, 13)",1,Chemical + Properties CS Less,Transformer,Time Series Split,"{""N_Splits"": 5, ""Repeats"": 3, ""Gap"": 0}",2.098343755051639,0.044102352244992545,1.623652029619408,0.024384154763777328,0.03537180195307514,0.0004726600021275559,0.8987343455475912,0.0021647298731339404,2.7463290319773894,0.4897305890255209,2.0386078188632393,0.2939647748106235,0.04460668950990769,0.007355807803720436,0.7932992570307419,0.07824827976674528
