Category,Company,Data Shape,Timesteps,Features,Model,Cross Validation,Cross Validation Params,RMSE Train,RMSE Train,MAE Train,MAE Train,MAPE Train,MAPE Train,R2 Train,R2 Train,RMSE Test,RMSE Test,MAE Test,MAE Test,MAPE Test,MAPE Test,R2 Test,R2 Test
,,,,,,,,mean,std,mean,std,mean,std,mean,std,mean,std,mean,std,mean,std,mean,std
Local Model,209,"(1757, 13)",,Chemical + Properties CS Less,Decision Tree,Blocking Time Series Split,"{""N_Splits"": 5, ""Repeats"": 1, ""train_size"": 0.8}",2.2043554609556324,0.5555763683167924,1.5235298977465175,0.3771803808050052,0.03559090373387442,0.008614164218678387,0.7928999769153104,0.06172044057908982,2.631167744836657,0.778602641696086,1.8382788514008321,0.5716687940659059,0.043753937523858304,0.012635575905551448,0.6761012097087077,0.11991731006979409
Local Model,209,"(1757, 13)",,Chemical + Properties CS Less,Decision Tree,Out of time Split,"{""Test Size"": 0.2}",3.1340824916013514,0.0,2.1845493232752626,0.0,0.05140842929333612,0.0,0.5956267593829241,0.0,4.870751101690594,0.0,2.99684197813607,0.0,0.07881690820303215,0.0,-0.023050608506287373,0.0
Local Model,209,"(1757, 13)",,Chemical + Properties CS Less,Decision Tree,Repeated KFold,"{""N_Splits"": 5, ""Repeats"": 3}",3.3405697544992146,0.0983726058225019,2.2549879874508627,0.07079330721860404,0.05386121209336141,0.001858086827583495,0.5368293973096022,0.026833458614660962,3.5240462418426897,0.1894692156314445,2.358789796348847,0.11291409692404107,0.05647250637625196,0.0029431791367092856,0.4831332959973455,0.04894792022725015
Local Model,209,"(1757, 13)",,Chemical + Properties CS Less,Decision Tree,Time Series Split,"{""N_Splits"": 5, ""Repeats"": 1, ""Gap"": 0}",3.0337991704445084,0.3490702892122337,2.158040689428569,0.1859119960032598,0.05035346243972725,0.004751622609060593,0.6559922908725088,0.07662793458708832,3.8146075841159286,1.283436786883545,2.6644710448300573,0.6984355835156917,0.06604786651901813,0.01931479625402671,0.30104523398162797,0.3851456776706462
