Category,Company,Data Shape,Timesteps,Features,Model,Cross Validation,Cross Validation Params,RMSE Train,RMSE Train,MAE Train,MAE Train,MAPE Train,MAPE Train,R2 Train,R2 Train,RMSE Test,RMSE Test,MAE Test,MAE Test,MAPE Test,MAPE Test,R2 Test,R2 Test
,,,,,,,,mean,std,mean,std,mean,std,mean,std,mean,std,mean,std,mean,std,mean,std
Local Model,209,"(1757, 11)",,Chemical + CS3 + CS7,Decision Tree,Blocking Time Series Split,"{""N_Splits"": 5, ""Repeats"": 1, ""train_size"": 0.8}",1.2987682179839797,0.16165436048395423,1.0038437488365726,0.13963523012971787,0.023316331034640668,0.0033026304392988664,0.9259202729573583,0.017545786787362273,1.7913573466818935,0.7627173815706213,1.448512308643322,0.5463480898672297,0.03393741034838507,0.012470689775147068,0.8125844447732774,0.1719047314689594
Local Model,209,"(1757, 11)",,Chemical + CS3 + CS7,Decision Tree,Out of time Split,"{""Test Size"": 0.2}",1.5428162593513417,0.0,1.1762920725701325,0.0,0.027045588041908066,0.0,0.9020081456343095,0.0,1.6377047351107108,0.0,1.1629220063032815,0.0,0.02767736224704616,0.0,0.8843417937344835,0.0
Local Model,209,"(1757, 11)",,Chemical + CS3 + CS7,Decision Tree,Repeated KFold,"{""N_Splits"": 5, ""Repeats"": 3}",1.522512794581552,0.02719173680058634,1.1452930165677448,0.023406777097966545,0.02648425527400079,0.0005843574830348438,0.9038331525247331,0.0035359457015472807,1.6183199024883315,0.08814313524395737,1.1986842428817346,0.05406847278050822,0.02777813051144493,0.0012321253084878843,0.8908544094392219,0.01148092013465648
Local Model,209,"(1757, 11)",,Chemical + CS3 + CS7,Decision Tree,Time Series Split,"{""N_Splits"": 5, ""Repeats"": 1, ""Gap"": 0}",1.5428769021284474,0.03052583471466234,1.1897560140865076,0.009774988168059391,0.027414396951306652,0.0005598417454410322,0.9116158713740958,0.010002109288511597,1.6690921315734186,0.16488512318484952,1.2645114013303305,0.15860121478814368,0.02938225813032134,0.0033946384937324258,0.8687773447477454,0.03664325290415985
