Category,Company,Data Shape,Timesteps,Features,Model,Cross Validation,Cross Validation Params,RMSE Train,RMSE Train,MAE Train,MAE Train,MAPE Train,MAPE Train,R2 Train,R2 Train,RMSE Test,RMSE Test,MAE Test,MAE Test,MAPE Test,MAPE Test,R2 Test,R2 Test
,,,,,,,,mean,std,mean,std,mean,std,mean,std,mean,std,mean,std,mean,std,mean,std
Local Model,209,"(1757, 15)",,Chemical + Physical,Decision Tree,Blocking Time Series Split,"{""N_Splits"": 5, ""Repeats"": 1, ""train_size"": 0.8}",1.4621632274275744,0.22924701086416827,1.138408490909323,0.18755393717292615,0.02620731815526293,0.004099491337196622,0.9057022400187187,0.02888997681555975,1.8077179339159308,0.4619929754422273,1.4670784495951033,0.2944313812019803,0.03417450363957694,0.006515089045117091,0.8329234109787439,0.09712109988937805
Local Model,209,"(1757, 15)",,Chemical + Physical,Decision Tree,Out of time Split,"{""Test Size"": 0.2}",1.5078624313800486,0.0,1.1573432196233497,0.0,0.026580246355094435,0.0,0.9063980269096518,0.0,1.8878018569694386,0.0,1.2659281681471606,0.0,0.030490165223027235,0.0,0.8463197490335704,0.0
Local Model,209,"(1757, 15)",,Chemical + Physical,Decision Tree,Repeated KFold,"{""N_Splits"": 5, ""Repeats"": 3}",1.5157818675777013,0.026671198250827633,1.141778776874145,0.02027860226887557,0.026407525072415138,0.0004906146379956303,0.9046822332179046,0.0034665700889006893,1.6135507583253041,0.09899596363281599,1.1951361753611138,0.062326654426347855,0.027710664980415734,0.0014328255143108743,0.8914097108736466,0.01281347562676716
Local Model,209,"(1757, 15)",,Chemical + Physical,Decision Tree,Time Series Split,"{""N_Splits"": 5, ""Repeats"": 1, ""Gap"": 0}",1.5268647492298508,0.02517454738345639,1.1831155415534305,0.015050268560426754,0.027266908563673038,0.0005643446498016423,0.913567689848479,0.008475375269596866,1.7264060098122573,0.0755659360856504,1.2922948856786562,0.09931680184185224,0.030175080810709055,0.0018710626370651649,0.862275050553543,0.0224066063260136
