Category,Company,Data Shape,Timesteps,Features,Model,Cross Validation,Cross Validation Params,RMSE Train,RMSE Train,MAE Train,MAE Train,MAPE Train,MAPE Train,R2 Train,R2 Train,RMSE Test,RMSE Test,MAE Test,MAE Test,MAPE Test,MAPE Test,R2 Test,R2 Test
,,,,,,,,mean,std,mean,std,mean,std,mean,std,mean,std,mean,std,mean,std,mean,std
Local Model,209,"(1757, 11)",,Chemical + CS3 + CS7,Linear Regression,Blocking Time Series Split,"{""N_Splits"": 5, ""Repeats"": 1, ""train_size"": 0.8}",1.2548752755704493,0.044432390815489047,0.9903921466808505,0.03916340419865885,0.02283469547757653,0.0009560670275740123,0.9300231295414745,0.015069302237266189,1.9111579517042567,0.7617486374426914,1.629179651849246,0.7408739654889683,0.03780693964923735,0.016454613185983624,0.7813646201105704,0.1920832928973034
Local Model,209,"(1757, 11)",,Chemical + CS3 + CS7,Linear Regression,Out of time Split,"{""Test Size"": 0.2}",1.4898083715577635,0.0,1.1742920087977176,0.0,0.027126838324088277,0.0,0.9086260535380308,0.0,1.9428312036979563,0.0,1.6015275678733971,0.0,0.037376983857128274,0.0,0.8372296178046776,0.0
Local Model,209,"(1757, 11)",,Chemical + CS3 + CS7,Linear Regression,Repeated KFold,"{""N_Splits"": 5, ""Repeats"": 3}",1.4982597049179127,0.013373445113817953,1.179458402690451,0.010187934791592582,0.027280704967830676,0.0002239084075904031,0.9068953127897191,0.0017866110542417127,1.5167669252728107,0.055387152169293595,1.1912470261052432,0.03871313227123236,0.02756230813278229,0.0008303449735432379,0.9042535067466263,0.007408297589073275
Local Model,209,"(1757, 11)",,Chemical + CS3 + CS7,Linear Regression,Time Series Split,"{""N_Splits"": 5, ""Repeats"": 1, ""Gap"": 0}",1.4170466547571354,0.07383726945179539,1.1138645700658178,0.05621367628927609,0.02554650152097231,0.0013337632109843615,0.9248589090134365,0.013593691894565671,1.9466913975573938,0.19102781407347338,1.5733705743274964,0.17318527456943514,0.03652351610468814,0.0036622220432806748,0.8238721389405314,0.04207662923109857
