Category,Company,Data Shape,Timesteps,Features,Model,Cross Validation,Cross Validation Params,RMSE Train,RMSE Train,MAE Train,MAE Train,MAPE Train,MAPE Train,R2 Train,R2 Train,RMSE Test,RMSE Test,MAE Test,MAE Test,MAPE Test,MAPE Test,R2 Test,R2 Test
,,,,,,,,mean,std,mean,std,mean,std,mean,std,mean,std,mean,std,mean,std,mean,std
Local Model,209,"(1757, 11)",,Chemical + CS3 + CS7,MLP,Blocking Time Series Split,"{""N_Splits"": 5, ""Repeats"": 3, ""train_size"": 0.8}",2.5216255008830064,0.34399124493439526,1.9980794425237758,0.28444105743989745,0.046126793471339786,0.006815425625005482,0.7085337582505967,0.10876580615801641,4.95063502174295,1.8194408542229679,3.9581654902355217,1.5205647387459365,0.09065181022416584,0.03339454804057958,-0.46327647183521564,1.194976912072627
Local Model,209,"(1757, 11)",,Chemical + CS3 + CS7,MLP,Out of time Split,"{""Test Size"": 0.2}",1.4413329065738383,0.020391009509123505,1.130403943587877,0.014168127449336964,0.025988857998914896,0.0002694070200624367,0.9144584569899816,0.0024134049279382164,1.5015150528090822,0.1264416184772711,1.1817899075421405,0.11226772884880899,0.027857690608608987,0.0025699163618266227,0.9020885613343621,0.016206216438853782
Local Model,209,"(1757, 11)",,Chemical + CS3 + CS7,MLP,Repeated KFold,"{""N_Splits"": 5, ""Repeats"": 3}",1.4511121262535553,0.037098715388644926,1.1378114609682526,0.03330724577923408,0.026154874098438478,0.0007368094858904901,0.9126199600871223,0.004369021820480553,1.4843297885174394,0.052009409727052806,1.162241582777652,0.037580452744352254,0.02673213813349114,0.0007309560035573724,0.9082277413980381,0.007958283821492199
Local Model,209,"(1757, 11)",,Chemical + CS3 + CS7,MLP,Time Series Split,"{""N_Splits"": 5, ""Repeats"": 3, ""Gap"": 0}",1.55537420333823,0.26818236105832405,1.2243015210366437,0.22547380879342202,0.02808695645681501,0.005589040183188722,0.9090872053661535,0.03042329928319884,3.137088570625694,2.7579926518232845,2.295311551986764,1.9377649345112276,0.052849346801499074,0.04259792899657101,0.31816383996551145,1.109319748025604
