Category,Company,Data Shape,Timesteps,Features,Model,Cross Validation,Cross Validation Params,RMSE Train,RMSE Train,MAE Train,MAE Train,MAPE Train,MAPE Train,R2 Train,R2 Train,RMSE Test,RMSE Test,MAE Test,MAE Test,MAPE Test,MAPE Test,R2 Test,R2 Test
,,,,,,,,mean,std,mean,std,mean,std,mean,std,mean,std,mean,std,mean,std,mean,std
Local Model,209,"(1757, 10)",,Chemical + CS7,MLP,Blocking Time Series Split,"{""N_Splits"": 5, ""Repeats"": 3, ""train_size"": 0.8}",2.3655989503895594,0.3383802260206277,1.8693409079597119,0.27395761119282525,0.04298089435599459,0.006571176352221596,0.7477986955829158,0.08518832284056331,5.069848870201422,2.112157763281185,3.966997535239923,1.7717062723480692,0.09028229627702063,0.03907210867552948,-0.5900128107831742,1.5240823147041695
Local Model,209,"(1757, 10)",,Chemical + CS7,MLP,Out of time Split,"{""Test Size"": 0.2}",1.4719818485081924,0.013167906481427951,1.1493302305680864,0.010714510616259611,0.02639475120275228,0.00019742450991279347,0.9107925296297733,0.001595783854737267,1.5385547819459404,0.09560667755905083,1.2131016073804897,0.08374333957371674,0.02848805170656109,0.0017156357677008387,0.897528062143269,0.012515098581483933
Local Model,209,"(1757, 10)",,Chemical + CS7,MLP,Repeated KFold,"{""N_Splits"": 5, ""Repeats"": 3}",1.4750871586733105,0.031577899074155515,1.1561012165181475,0.02661362319308435,0.026548371445860315,0.0005832510508280301,0.9097289430277152,0.0036803399249828164,1.5053316194328368,0.05687748070040819,1.1765782177813628,0.035766385573253436,0.027044461618651462,0.0006844302830231127,0.9055951456313256,0.008544021295763279
Local Model,209,"(1757, 10)",,Chemical + CS7,MLP,Time Series Split,"{""N_Splits"": 5, ""Repeats"": 3, ""Gap"": 0}",1.601075554033606,0.25104264854785086,1.2544788079656795,0.2092538509724162,0.028699569012914816,0.005174956433317709,0.904131456501428,0.027946244455778813,3.1501105199830963,2.6575182610039025,2.297409279270259,1.823041373646361,0.052706464704918694,0.03996408081951462,0.334243005845947,1.0599047927997687
