Category,Company,Data Shape,Timesteps,Features,Model,Cross Validation,Cross Validation Params,RMSE Train,RMSE Train,MAE Train,MAE Train,MAPE Train,MAPE Train,R2 Train,R2 Train,RMSE Test,RMSE Test,MAE Test,MAE Test,MAPE Test,MAPE Test,R2 Test,R2 Test
,,,,,,,,mean,std,mean,std,mean,std,mean,std,mean,std,mean,std,mean,std,mean,std
Local Model,209,"(1757, 10)",,Chemical + CS3,Random Forest,Blocking Time Series Split,"{""N_Splits"": 5, ""Repeats"": 1, ""train_size"": 0.8}",1.1632687689057035,0.1173709166880784,0.9164935238880345,0.1222521660841739,0.020970702797911283,0.0026829401120003838,0.9413828614885634,0.006367571226085897,1.6653690651068431,0.57362771017388,1.3233481093931092,0.4086093550920167,0.030779492412059732,0.009240964514236238,0.8474144101051253,0.12220454194501813
Local Model,209,"(1757, 10)",,Chemical + CS3,Random Forest,Out of time Split,"{""Test Size"": 0.2}",1.6318418254037874,0.0,1.2885922030528465,0.0,0.029481915452799996,0.0,0.8903729614199221,0.0,1.5001673328052911,0.0,1.1808376112649852,0.0,0.028270457079617305,0.0,0.9029524331182325,0.0
Local Model,209,"(1757, 10)",,Chemical + CS3,Random Forest,Repeated KFold,"{""N_Splits"": 5, ""Repeats"": 3}",1.5885869020181387,0.017690230259807045,1.231714831069333,0.013068479829759718,0.028247978992343867,0.0002813522876534044,0.8953301158255519,0.002268892997495177,1.6672303295911066,0.06380170588533773,1.2813513760497797,0.043860796008990934,0.02943726627970395,0.0009493444482055109,0.8843750595843713,0.008220148483702016
Local Model,209,"(1757, 10)",,Chemical + CS3,Random Forest,Time Series Split,"{""N_Splits"": 5, ""Repeats"": 1, ""Gap"": 0}",1.5232800064497884,0.09548676532196733,1.214505048869508,0.0673520495097775,0.02767351753588928,0.0015570903466093167,0.9128819504435752,0.017840560581162065,1.9005287445019678,0.323229893122059,1.5044364612622352,0.25486225634884213,0.03516352736060776,0.0059060135352769294,0.8260744633437577,0.063325174583387
