Category,Company,Data Shape,Timesteps,Features,Model,Cross Validation,Cross Validation Params,RMSE Train,RMSE Train,MAE Train,MAE Train,MAPE Train,MAPE Train,R2 Train,R2 Train,RMSE Test,RMSE Test,MAE Test,MAE Test,MAPE Test,MAPE Test,R2 Test,R2 Test
,,,,,,,,mean,std,mean,std,mean,std,mean,std,mean,std,mean,std,mean,std,mean,std
Local Model,209,"(1757, 12)",,Chemical + Feature Engineering,Random Forest,Blocking Time Series Split,"{""N_Splits"": 5, ""Repeats"": 1, ""train_size"": 0.8}",2.4429032515595095,0.2842222715911454,1.6537055948711372,0.1899663797414569,0.039161489341736244,0.004462187067719783,0.7294912583760816,0.08409832784474627,3.739966598542818,1.2311427014020913,2.6903610487291263,0.8112622509564221,0.06649895874967661,0.020416218414701457,0.2912920833099989,0.3673057114087726
Local Model,209,"(1757, 12)",,Chemical + Feature Engineering,Random Forest,Out of time Split,"{""Test Size"": 0.2}",3.5578837054342576,0.0,2.6258939885639845,0.0,0.0628240017550108,0.0,0.47887121940403266,0.0,2.8040416212623707,0.0,1.9381662628017196,0.0,0.04789943291099433,0.0,0.6609418761261744,0.0
Local Model,209,"(1757, 12)",,Chemical + Feature Engineering,Random Forest,Repeated KFold,"{""N_Splits"": 5, ""Repeats"": 3}",3.35910299249102,0.036437428250692246,2.428909558030256,0.037050466189183444,0.05788239751759539,0.0008264407995618451,0.5319756044605476,0.011095890530919063,3.540317423758911,0.11316350465101173,2.552141317785433,0.07272152460605916,0.06103352309981269,0.0017712024028551166,0.47822377015234047,0.04013602163986899
Local Model,209,"(1757, 12)",,Chemical + Feature Engineering,Random Forest,Time Series Split,"{""N_Splits"": 5, ""Repeats"": 1, ""Gap"": 0}",3.0126688223069062,0.5019243888566811,2.2042533180438935,0.37248710328870555,0.05199293125865726,0.009432521619307245,0.6462803345887342,0.1346656096039511,4.29074591076853,0.9072476275807029,3.0986056190362046,0.6419255087809406,0.07709061441470644,0.017136812571984707,0.08084750804222507,0.4157126587233278
