Category,Company,Data Shape,Timesteps,Features,Model,Cross Validation,Cross Validation Params,RMSE Train,RMSE Train,MAE Train,MAE Train,MAPE Train,MAPE Train,R2 Train,R2 Train,RMSE Test,RMSE Test,MAE Test,MAE Test,MAPE Test,MAPE Test,R2 Test,R2 Test
,,,,,,,,mean,std,mean,std,mean,std,mean,std,mean,std,mean,std,mean,std,mean,std
Local Model,209,"(1757, 15)",,Chemical + Physical,Random Forest,Blocking Time Series Split,"{""N_Splits"": 5, ""Repeats"": 1, ""train_size"": 0.8}",1.0698247479188252,0.0808040223624879,0.84342301225906,0.08418884898313508,0.019263212695241564,0.0016847369612519802,0.9501845650464815,0.005868064606027805,1.3525811895930333,0.34000931079640767,1.1039365306547477,0.28833999709428887,0.025568142656893132,0.006079783335909944,0.9090000955156308,0.042103303765194576
Local Model,209,"(1757, 15)",,Chemical + Physical,Random Forest,Out of time Split,"{""Test Size"": 0.2}",1.3650291035495963,0.0,1.0628032837349357,0.0,0.024338694029936585,0.0,0.923291165553588,0.0,1.7062888286598945,0.0,1.178089222223115,0.0,0.028419608367478547,0.0,0.8744518441176801,0.0
Local Model,209,"(1757, 15)",,Chemical + Physical,Random Forest,Repeated KFold,"{""N_Splits"": 5, ""Repeats"": 3}",1.333211812731901,0.021614536553454442,1.035451891421895,0.018615232209200677,0.02374016990519926,0.00041409349716207413,0.9262684991416311,0.0023378432685129988,1.415083797488403,0.0817453685230176,1.0836893726762216,0.05470914642360554,0.024912329607507055,0.001215031200206706,0.9164535352605416,0.009918432685927576
Local Model,209,"(1757, 15)",,Chemical + Physical,Random Forest,Time Series Split,"{""N_Splits"": 5, ""Repeats"": 1, ""Gap"": 0}",1.3116762177928862,0.07015586198933944,1.0335394327387681,0.052991100921764754,0.02350573691109605,0.0011751423536843471,0.9356472785196484,0.011363686730685297,1.6157214603722427,0.08522517238388691,1.2190339488869142,0.09327958138678843,0.02844577112202811,0.0018680698002692022,0.8796116206777519,0.01830656061261422
