Category,Company,Data Shape,Timesteps,Features,Model,Cross Validation,Cross Validation Params,RMSE Train,RMSE Train,MAE Train,MAE Train,MAPE Train,MAPE Train,R2 Train,R2 Train,RMSE Test,RMSE Test,MAE Test,MAE Test,MAPE Test,MAPE Test,R2 Test,R2 Test
,,,,,,,,mean,std,mean,std,mean,std,mean,std,mean,std,mean,std,mean,std,mean,std
Local Model,209,"(1757, 12)",,Chemical + Feature Engineering,XGBoost,Blocking Time Series Split,"{""N_Splits"": 5, ""Repeats"": 1, ""train_size"": 0.8}",2.22107795215111,0.1932711340724757,1.6341754967825761,0.13604292513316557,0.0390971374499793,0.003132726336958132,0.7754204991361985,0.07401080682829879,3.843630347535318,1.1970143164478324,2.750402875013748,0.8328987947603979,0.06871593011889661,0.020317010408163128,0.2586773359627196,0.34897550301111574
Local Model,209,"(1757, 12)",,Chemical + Feature Engineering,XGBoost,Out of time Split,"{""Test Size"": 0.2}",3.345748498780378,0.0,2.546541625324941,0.0,0.06124288924899809,0.0,0.5391621461186658,0.0,3.051140928483769,0.0,2.2749403173273244,0.0,0.056206039589808195,0.0,0.5985515564639274,0.0
Local Model,209,"(1757, 12)",,Chemical + Feature Engineering,XGBoost,Repeated KFold,"{""N_Splits"": 5, ""Repeats"": 3}",3.2153435507400987,0.03336446080055076,2.4126926802385804,0.024852507902241843,0.057953280161573424,0.000576127694712069,0.5711817746356065,0.009789972550069944,3.470717570594168,0.1183299746645703,2.5855207498359887,0.09574046980507513,0.062229226090796355,0.002269572088628425,0.4988649614181792,0.034224149142240125
Local Model,209,"(1757, 12)",,Chemical + Feature Engineering,XGBoost,Time Series Split,"{""N_Splits"": 5, ""Repeats"": 1, ""Gap"": 0}",2.8829074613827115,0.4456607962568379,2.22542951638152,0.3159787563737929,0.052917570248009624,0.007842727561763064,0.6777295990342044,0.11678001487787407,4.197382444347091,0.7106079824746374,3.0429878182607144,0.4891775156082346,0.07570755765924272,0.012494133193662538,0.14361750238539644,0.32595343966936746
