Category,Company,Data Shape,Timesteps,Features,Model,Cross Validation,Cross Validation Params,RMSE Train,RMSE Train,MAE Train,MAE Train,MAPE Train,MAPE Train,R2 Train,R2 Train,RMSE Test,RMSE Test,MAE Test,MAE Test,MAPE Test,MAPE Test,R2 Test,R2 Test
,,,,,,,,mean,std,mean,std,mean,std,mean,std,mean,std,mean,std,mean,std,mean,std
Local Model,209,"(1757, 10)",,Chemical + CS7,XGBoost,Blocking Time Series Split,"{""N_Splits"": 5, ""Repeats"": 1, ""train_size"": 0.8}",1.3013242139795993,0.117096616690353,1.026027398790632,0.12699249562356613,0.024271777217756592,0.0028016557059126544,0.9268831396579401,0.004077720820988738,1.8778465920158722,0.588338855096153,1.4635550055705282,0.5211425668693379,0.034854828134036744,0.010990917182064153,0.8121033177685485,0.1446307633334956
Local Model,209,"(1757, 10)",,Chemical + CS7,XGBoost,Out of time Split,"{""Test Size"": 0.2}",1.5596928478272192,0.0,1.244134600221898,0.0,0.029171027397924848,0.0,0.8998525897463029,0.0,1.6170921750378238,0.0,1.1862761215730138,0.0,0.029496259367621146,0.0,0.8872348779282745,0.0
Local Model,209,"(1757, 10)",,Chemical + CS7,XGBoost,Repeated KFold,"{""N_Splits"": 5, ""Repeats"": 3}",1.546755288532572,0.013128143799890217,1.2175039283588664,0.008996583237938964,0.028691756186950874,0.00019984591873633862,0.9007705223792413,0.0018711649100588968,1.6125959060167017,0.0538093502616387,1.2629764719679588,0.030057826728917693,0.029765635011790383,0.0007428772884914087,0.8918355067433676,0.007181699309828648
Local Model,209,"(1757, 10)",,Chemical + CS7,XGBoost,Time Series Split,"{""N_Splits"": 5, ""Repeats"": 1, ""Gap"": 0}",1.5446666029214273,0.04009064645940511,1.2543575329149332,0.017205746947406272,0.029358739978091342,0.00028161432460591286,0.9113193973565481,0.010903196289045894,1.7531806035425177,0.16996135315703328,1.3631498310663919,0.1710902756530604,0.03249341964871454,0.0030163771603880646,0.8576755104372576,0.02828901831931825
