Category,Company,Data Shape,Timesteps,Features,Model,Cross Validation,Cross Validation Params,RMSE Train,RMSE Train,MAE Train,MAE Train,MAPE Train,MAPE Train,R2 Train,R2 Train,RMSE Test,RMSE Test,MAE Test,MAE Test,MAPE Test,MAPE Test,R2 Test,R2 Test
,,,,,,,,mean,std,mean,std,mean,std,mean,std,mean,std,mean,std,mean,std,mean,std
Local Model,209,"(1414, 11)",,Chemical + Feature Engineering,Decision Tree,Blocking Time Series Split,"{""N_Splits"": 5, ""Repeats"": 1, ""train_size"": 0.8}",2.0672785676347085,0.6446046637094925,1.5214974732878612,0.3841151529176596,0.033015975867390635,0.009064013560409648,0.8791863168146203,0.08432035390736102,3.0602289891859957,1.0162942278096205,2.0185621420002637,0.6077495340324455,0.04468517267883641,0.01403312949900078,0.7115833870693092,0.1626530766013356
Local Model,209,"(1414, 11)",,Chemical + Feature Engineering,Decision Tree,Out of time Split,"{""Test Size"": 0.2}",2.7167743448720625,0.0,1.8522377123597233,0.0,0.040431892372577376,0.0,0.8209476641081689,0.0,2.4431650854616227,0.0,1.8004581963380593,0.0,0.038874536070311654,0.0,0.8161985124337112,0.0
Local Model,209,"(1414, 11)",,Chemical + Feature Engineering,Decision Tree,Repeated KFold,"{""N_Splits"": 5, ""Repeats"": 3}",2.718126469162777,0.2795023318799612,1.8688278141314474,0.13110781064539268,0.04089744371977982,0.003498412958628591,0.8111062189137532,0.041685669933499155,2.857935110024638,0.2529078875275473,1.937986945253257,0.10345359409093544,0.04252562822961478,0.0026967993567322615,0.7901066517280758,0.04044747439313291
Local Model,209,"(1414, 11)",,Chemical + Feature Engineering,Decision Tree,Time Series Split,"{""N_Splits"": 5, ""Repeats"": 1, ""Gap"": 0}",2.5065304850479766,0.17155813227499464,1.7134056421692108,0.12106163819301209,0.03715314650352232,0.002785915748258171,0.8538152203126568,0.02636502624076086,3.0503796360671025,0.30565084852983265,2.0830377681285768,0.16213760714166028,0.04549619856974824,0.003891271875763627,0.7521206967079709,0.044253293542729395
