Category,Company,Data Shape,Timesteps,Features,Model,Cross Validation,Cross Validation Params,RMSE Train,RMSE Train,MAE Train,MAE Train,MAPE Train,MAPE Train,R2 Train,R2 Train,RMSE Test,RMSE Test,MAE Test,MAE Test,MAPE Test,MAPE Test,R2 Test,R2 Test
,,,,,,,,mean,std,mean,std,mean,std,mean,std,mean,std,mean,std,mean,std,mean,std
Local Model,209,"(1414, 13)",,Chemical + Properties CS Less,Decision Tree,Blocking Time Series Split,"{""N_Splits"": 5, ""Repeats"": 1, ""train_size"": 0.8}",1.597907981487786,0.2063751347145743,1.2700717608901957,0.1834819345264731,0.027239850817639237,0.004199921692959524,0.9334603748838461,0.019962906964503195,1.9096036698294392,0.261362595809794,1.542711386374306,0.2182497582580147,0.03285794076539251,0.0042541554661301205,0.8972541926097243,0.026490902996568515
Local Model,209,"(1414, 13)",,Chemical + Properties CS Less,Decision Tree,Out of time Split,"{""Test Size"": 0.2}",1.820463824062928,0.0,1.4669742981860785,0.0,0.031415630719163916,0.0,0.9196035333156933,0.0,2.040394685225369,0.0,1.679917561647435,0.0,0.035714273003079916,0.0,0.8718048005368031,0.0
Local Model,209,"(1414, 13)",,Chemical + Properties CS Less,Decision Tree,Repeated KFold,"{""N_Splits"": 5, ""Repeats"": 3}",1.8096818422832035,0.039821041982244745,1.4769779908227394,0.022327472175554895,0.031554651028912674,0.0004768176605565018,0.9169616256455435,0.0038980849011440322,1.8730282447459528,0.05275483635727125,1.5336034391973499,0.03780999939438845,0.03283337383263301,0.000837611150785972,0.9104813660682857,0.007642424199194098
Local Model,209,"(1414, 13)",,Chemical + Properties CS Less,Decision Tree,Time Series Split,"{""N_Splits"": 5, ""Repeats"": 1, ""Gap"": 0}",1.7957027011112807,0.058645241956160866,1.4327158259582968,0.05780927387854838,0.030521495142444455,0.0013491534118886624,0.9255145518968911,0.007451771839307068,2.040847155616287,0.2138387298016216,1.6231947813705854,0.14505839073808624,0.034724962914907086,0.0032077667444749365,0.8887583904144052,0.021226667697386268
