Category,Company,Data Shape,Timesteps,Features,Model,Cross Validation,Cross Validation Params,RMSE Train,RMSE Train,MAE Train,MAE Train,MAPE Train,MAPE Train,R2 Train,R2 Train,RMSE Test,RMSE Test,MAE Test,MAE Test,MAPE Test,MAPE Test,R2 Test,R2 Test
,,,,,,,,mean,std,mean,std,mean,std,mean,std,mean,std,mean,std,mean,std,mean,std
Local Model,209,"(1414, 12)",,Chemical + CS3 + CS7,Decision Tree,Blocking Time Series Split,"{""N_Splits"": 5, ""Repeats"": 1, ""train_size"": 0.8}",1.5007760432056572,0.17983411978837752,1.1697692659708772,0.14539099736992087,0.025060540979341628,0.0034541299036035247,0.9415886665137009,0.014689081393182911,1.7338954949732215,0.2770347591004565,1.4155766300239532,0.22429475944199545,0.030100771210270605,0.004131605990526944,0.9148493247391694,0.024416380805042655
Local Model,209,"(1414, 12)",,Chemical + CS3 + CS7,Decision Tree,Out of time Split,"{""Test Size"": 0.2}",1.5522453115550614,0.0,1.2129678818707978,0.0,0.02605280913572145,0.0,0.9415487814068183,0.0,1.7323116591675645,0.0,1.3821201350486159,0.0,0.029451558312907872,0.0,0.9075950041352258,0.0
Local Model,209,"(1414, 12)",,Chemical + CS3 + CS7,Decision Tree,Repeated KFold,"{""N_Splits"": 5, ""Repeats"": 3}",1.6109852551999535,0.03243486046429821,1.2713685799037961,0.021002149008093572,0.027247576255250157,0.0004240627341662613,0.9342005578204673,0.002865482586869252,1.6755625802503533,0.07669186262705609,1.3261430170197608,0.06568839542173587,0.028433065147590586,0.0014062481056091156,0.9282128729479697,0.008377907619609557
Local Model,209,"(1414, 12)",,Chemical + CS3 + CS7,Decision Tree,Time Series Split,"{""N_Splits"": 5, ""Repeats"": 1, ""Gap"": 0}",1.575746600822604,0.0925209881852123,1.2118356646922777,0.06374556377040336,0.025781760943071302,0.0011783963067671238,0.942711579832417,0.006427679138484074,1.9351553451324837,0.19967962066157074,1.5189560636897608,0.13852083950651473,0.032355739176790674,0.0033108346031989117,0.9004986733241391,0.016597078355180865
