Category,Company,Data Shape,Timesteps,Features,Model,Cross Validation,Cross Validation Params,RMSE Train,RMSE Train,MAE Train,MAE Train,MAPE Train,MAPE Train,R2 Train,R2 Train,RMSE Test,RMSE Test,MAE Test,MAE Test,MAPE Test,MAPE Test,R2 Test,R2 Test
,,,,,,,,mean,std,mean,std,mean,std,mean,std,mean,std,mean,std,mean,std,mean,std
Local Model,209,"(1414, 11)",,Chemical + CS7,Decision Tree,Blocking Time Series Split,"{""N_Splits"": 5, ""Repeats"": 1, ""train_size"": 0.8}",1.533116014433458,0.16506082322091306,1.1915157792172322,0.14993070209242806,0.02552136035739865,0.003600550009887852,0.9392339037011391,0.014446628503238707,1.764731702094601,0.2861614457377185,1.4250865033670963,0.22564367477546762,0.030254970799230237,0.004221887769611649,0.9120395726410069,0.026068406285663606
Local Model,209,"(1414, 11)",,Chemical + CS7,Decision Tree,Out of time Split,"{""Test Size"": 0.2}",1.5918173107666231,0.0,1.2629456999166606,0.0,0.02702006017821041,0.0,0.9385305534634217,0.0,1.6849181319895494,0.0,1.3827995167772154,0.0,0.029421993567934554,0.0,0.9125819724687727,0.0
Local Model,209,"(1414, 11)",,Chemical + CS7,Decision Tree,Repeated KFold,"{""N_Splits"": 5, ""Repeats"": 3}",1.642121666724377,0.03874702808940523,1.3171281108587223,0.028766532042140122,0.028113634516774025,0.0005531836966361365,0.9316146927274239,0.0035874320045770824,1.7133971894980404,0.08595161300180294,1.3745728854217494,0.06531370505801153,0.029361465863112935,0.0013677180064173935,0.9249822889232706,0.008724732836799863
Local Model,209,"(1414, 11)",,Chemical + CS7,Decision Tree,Time Series Split,"{""N_Splits"": 5, ""Repeats"": 1, ""Gap"": 0}",1.6228286633306044,0.06158208448895099,1.272919185591633,0.034726587499308466,0.026946910179733642,0.0007336856379216242,0.9393340881494568,0.004503687336840095,1.9045222512039626,0.19799548801639488,1.5124393655251844,0.12525047176065005,0.03219331845929389,0.003104900514136106,0.9038530009365117,0.014683714114555019
