Category,Company,Data Shape,Timesteps,Features,Model,Cross Validation,Cross Validation Params,RMSE Train,RMSE Train,MAE Train,MAE Train,MAPE Train,MAPE Train,R2 Train,R2 Train,RMSE Test,RMSE Test,MAE Test,MAE Test,MAPE Test,MAPE Test,R2 Test,R2 Test
,,,,,,,,mean,std,mean,std,mean,std,mean,std,mean,std,mean,std,mean,std,mean,std
Local Model,209,"(1414, 15)",,Chemical + Physical,Linear Regression,Blocking Time Series Split,"{""N_Splits"": 5, ""Repeats"": 1, ""train_size"": 0.8}",1.3187205176169465,0.07921044406142314,1.044978210273268,0.06940773906376747,0.02276544813868852,0.001549124023147957,0.9553582823890686,0.007386198371527384,1.50414527348529,0.22004921153942134,1.2240064126434909,0.1731842838287383,0.026431707383689263,0.0036969680805543433,0.936747620053709,0.018037742350554872
Local Model,209,"(1414, 15)",,Chemical + Physical,Linear Regression,Out of time Split,"{""Test Size"": 0.2}",1.4017108734299306,0.0,1.1134663360997408,0.0,0.024181340758324937,0.0,0.9523360817690364,0.0,1.4527456932390017,0.0,1.1561981343646999,0.0,0.02499076693833913,0.0,0.9350135836816776,0.0
Local Model,209,"(1414, 15)",,Chemical + Physical,Linear Regression,Repeated KFold,"{""N_Splits"": 5, ""Repeats"": 3}",1.392663427391937,0.011149467905662342,1.1039876859922881,0.01006852670946499,0.023872908228039728,0.00021774102365526208,0.9508452266606505,0.0010347075341406095,1.4099369765674041,0.04393868981810347,1.1182532558293385,0.03922373572374969,0.024186115608895425,0.0008609986767364321,0.9492907042255684,0.004145011856214596
Local Model,209,"(1414, 15)",,Chemical + Physical,Linear Regression,Time Series Split,"{""N_Splits"": 5, ""Repeats"": 1, ""Gap"": 0}",1.3772877173565945,0.025367457429361844,1.0920609860790091,0.02541854992054109,0.023552458826148315,0.0005938256623633802,0.9562423568169829,0.0034664069486577908,1.460482864317294,0.06704933972513336,1.1609831095421128,0.0613652824849213,0.02524974865181779,0.001303882656648136,0.9430635562884655,0.007729054326584231
