Category,Company,Data Shape,Timesteps,Features,Model,Cross Validation,Cross Validation Params,RMSE Train,RMSE Train,MAE Train,MAE Train,MAPE Train,MAPE Train,R2 Train,R2 Train,RMSE Test,RMSE Test,MAE Test,MAE Test,MAPE Test,MAPE Test,R2 Test,R2 Test
,,,,,,,,mean,std,mean,std,mean,std,mean,std,mean,std,mean,std,mean,std,mean,std
Local Model,209,"(1414, 10)",,Chemical,Linear Regression,Blocking Time Series Split,"{""N_Splits"": 5, ""Repeats"": 1, ""train_size"": 0.8}",2.2566131324867147,0.32492765350927677,1.7464176885167784,0.2633632790180218,0.03866421819230699,0.006265609178133057,0.8680865228597806,0.03905670344600552,3.0126835465272293,0.775641622149766,2.3204463996042946,0.5839354518427835,0.050999205502736136,0.011686755905133784,0.7402508682674266,0.12371741699065184
Local Model,209,"(1414, 10)",,Chemical,Linear Regression,Out of time Split,"{""Test Size"": 0.2}",2.8371628695507414,0.0,2.144333218897916,0.0,0.04738292509284925,0.0,0.8047273629092135,0.0,2.835235981944418,0.0,2.196083616802979,0.0,0.04844618393666927,0.0,0.7524734327903243,0.0
Local Model,209,"(1414, 10)",,Chemical,Linear Regression,Repeated KFold,"{""N_Splits"": 5, ""Repeats"": 3}",2.7970662325527593,0.03312514403294674,2.1316425411147883,0.03129600207843281,0.04716175980230213,0.0007069737264660695,0.801736393094854,0.004090441259174608,2.8191857399036016,0.13061593984080455,2.151576249618183,0.11863677686336549,0.047620796211494336,0.0027224796342514273,0.7975806978652019,0.01587794174315404
Local Model,209,"(1414, 10)",,Chemical,Linear Regression,Time Series Split,"{""N_Splits"": 5, ""Repeats"": 1, ""Gap"": 0}",2.637378585927975,0.16418534465732362,2.0140192581055496,0.11364951942558695,0.044277790729962865,0.0027026727507528684,0.8383946084144916,0.02669582912467628,3.2755654205676548,0.3604768989559066,2.546751534048597,0.2561757650757938,0.056385188497140026,0.007115024414352525,0.7100351398272997,0.07466542868467131
