Category,Company,Data Shape,Timesteps,Features,Model,Cross Validation,Cross Validation Params,RMSE Train,RMSE Train,MAE Train,MAE Train,MAPE Train,MAPE Train,R2 Train,R2 Train,RMSE Test,RMSE Test,MAE Test,MAE Test,MAPE Test,MAPE Test,R2 Test,R2 Test
,,,,,,,,mean,std,mean,std,mean,std,mean,std,mean,std,mean,std,mean,std,mean,std
Local Model,209,"(1414, 11)",,Chemical + CS7,MLP,Blocking Time Series Split,"{""N_Splits"": 5, ""Repeats"": 3, ""train_size"": 0.8}",3.8069689402175895,0.40663606582025685,3.010975182630751,0.30994342683111037,0.06576751323950054,0.007068382599019711,0.6228099211735089,0.10038239058601532,4.474577946326093,0.5870660302653673,3.635640107628896,0.5406862337997422,0.07957706045322004,0.012627124731976887,0.4331287846578452,0.175616812204011
Local Model,209,"(1414, 11)",,Chemical + CS7,MLP,Out of time Split,"{""Test Size"": 0.2}",1.6641158431467897,0.035779594629877176,1.3235688670209267,0.029044992876464757,0.028513337089044712,0.0005229439815564664,0.9327889491819685,0.0029107364383663473,1.460412912896783,0.03818929075669671,1.1482158881053783,0.027985663458915407,0.024596870003025812,0.0007425118790888344,0.9342809018969035,0.0034104160400677554
Local Model,209,"(1414, 11)",,Chemical + CS7,MLP,Repeated KFold,"{""N_Splits"": 5, ""Repeats"": 3}",1.6302234778332299,0.05023374040637002,1.2891613195979947,0.04259973504268865,0.027568031370422793,0.0008206227612510536,0.9325782739208938,0.004425950096614414,1.6609895942735156,0.06664523925448294,1.317973152932386,0.05980460650977579,0.028212792985137732,0.0013575491692522509,0.9295993726221154,0.00660825036445767
Local Model,209,"(1414, 11)",,Chemical + CS7,MLP,Time Series Split,"{""N_Splits"": 5, ""Repeats"": 3, ""Gap"": 0}",1.929516999987031,0.5756454472767842,1.5385040376407941,0.46215478804506044,0.03301125861313474,0.010289960704269695,0.9077051468551635,0.059505428155688544,2.1500189963538214,0.9090767521374586,1.6301295933716697,0.6200570250726983,0.03558005375438722,0.013936056940527974,0.8675283537151713,0.10413501413647851
