Category,Company,Data Shape,Timesteps,Features,Model,Cross Validation,Cross Validation Params,RMSE Train,RMSE Train,MAE Train,MAE Train,MAPE Train,MAPE Train,R2 Train,R2 Train,RMSE Test,RMSE Test,MAE Test,MAE Test,MAPE Test,MAPE Test,R2 Test,R2 Test
,,,,,,,,mean,std,mean,std,mean,std,mean,std,mean,std,mean,std,mean,std,mean,std
Local Model,209,"(1414, 11)",,Chemical + CS3,MLP,Blocking Time Series Split,"{""N_Splits"": 5, ""Repeats"": 3, ""train_size"": 0.8}",3.7870545227607897,0.4348387832413213,3.000743269155997,0.3453030439550933,0.06554262492426886,0.00764654903153364,0.6262736400475318,0.10330332967355743,4.508461575382393,0.8074366740766723,3.6252115230448783,0.7378460718726377,0.07913433467065169,0.016289654788897323,0.42430902451752656,0.2022912712269326
Local Model,209,"(1414, 11)",,Chemical + CS3,MLP,Out of time Split,"{""Test Size"": 0.2}",1.6473374962682776,0.0364241003266485,1.3146070879355245,0.03522998851937818,0.028238584274958622,0.0006682708205582414,0.9341356674858425,0.002933507687476153,1.5117305757524442,0.026817318866345724,1.2141804536745358,0.02570321268912021,0.025990084210782412,0.0005849059942125677,0.9296071035236547,0.0025111640569217956
Local Model,209,"(1414, 11)",,Chemical + CS3,MLP,Repeated KFold,"{""N_Splits"": 5, ""Repeats"": 3}",1.630054419988088,0.047014029048930366,1.294484372903635,0.041399486492573224,0.027724684168944403,0.0007853013072583742,0.9326089829781757,0.004032754055753929,1.6651313637416725,0.06843621827876134,1.3206164385659664,0.056727591587893304,0.028302241801527864,0.0011690058207448027,0.9291749012906306,0.007501094012774874
Local Model,209,"(1414, 11)",,Chemical + CS3,MLP,Time Series Split,"{""N_Splits"": 5, ""Repeats"": 3, ""Gap"": 0}",1.9337631496319019,0.6212744752982551,1.5492108608268749,0.4992432826417059,0.03329958206492149,0.011066480036430862,0.9062005736082052,0.06586046968687304,2.201218856817811,0.9173416290558828,1.688215255152926,0.6420436406266328,0.03672060959533534,0.01437614236831576,0.8615235602744861,0.1063536335509418
