Category,Company,Data Shape,Timesteps,Features,Model,Cross Validation,Cross Validation Params,RMSE Train,RMSE Train,MAE Train,MAE Train,MAPE Train,MAPE Train,R2 Train,R2 Train,RMSE Test,RMSE Test,MAE Test,MAE Test,MAPE Test,MAPE Test,R2 Test,R2 Test
,,,,,,,,mean,std,mean,std,mean,std,mean,std,mean,std,mean,std,mean,std,mean,std
Local Model,209,"(1414, 13)",,Chemical + Properties CS Less,MLP,Blocking Time Series Split,"{""N_Splits"": 5, ""Repeats"": 3, ""train_size"": 0.8}",4.055651848252543,0.43988227520808093,3.2910363716182003,0.3661789051890939,0.07079739343239976,0.008164560324257119,0.5719428918363821,0.11662998232856046,5.030600296909418,0.8651497356583367,4.118876163058814,0.7417868857436705,0.08828303268993855,0.016123243483731637,0.28212978519189397,0.24327244488077016
Local Model,209,"(1414, 13)",,Chemical + Properties CS Less,MLP,Out of time Split,"{""Test Size"": 0.2}",1.9569005680097404,0.033369850523323565,1.5865755944065105,0.02727952564809926,0.03406744058887404,0.000487061204384454,0.9070741285573786,0.003176969404295711,1.729988406004481,0.03662324040467911,1.3783892313639328,0.035038429358675204,0.02980721538565836,0.000735324251154915,0.9078013912927378,0.0038811437239013023
Local Model,209,"(1414, 13)",,Chemical + Properties CS Less,MLP,Repeated KFold,"{""N_Splits"": 5, ""Repeats"": 3}",1.8990366999778374,0.04780369617952171,1.5312739820560988,0.04755062274214994,0.032931312874679035,0.0009371938012918902,0.90855313978827,0.004730494399010009,1.9646188893313052,0.07919043654069889,1.5833890448553853,0.0780398424815853,0.034169558421952254,0.0017337157849179922,0.9015623741683785,0.008595592992554843
Local Model,209,"(1414, 13)",,Chemical + Properties CS Less,MLP,Time Series Split,"{""N_Splits"": 5, ""Repeats"": 3, ""Gap"": 0}",2.2111943761078114,0.5634299326760737,1.800364900506051,0.4414265277823902,0.03859860480999246,0.009581059831972683,0.8811372189880741,0.06451099317064724,2.531799275709255,0.9204785975560659,1.9875665510461684,0.7170380614661598,0.04345354753737885,0.015580632634527285,0.8217274228945755,0.1124748384537873
