Category,Company,Data Shape,Timesteps,Features,Model,Cross Validation,Cross Validation Params,RMSE Train,RMSE Train,MAE Train,MAE Train,MAPE Train,MAPE Train,R2 Train,R2 Train,RMSE Test,RMSE Test,MAE Test,MAE Test,MAPE Test,MAPE Test,R2 Test,R2 Test
,,,,,,,,mean,std,mean,std,mean,std,mean,std,mean,std,mean,std,mean,std,mean,std
Local Model,209,"(1414, 11)",,Chemical + CS3,Random Forest,Blocking Time Series Split,"{""N_Splits"": 5, ""Repeats"": 1, ""train_size"": 0.8}",1.355498666426854,0.07880329595489889,1.0601003945074865,0.08124977376040632,0.022729095845608567,0.0018108494404136363,0.9526268631491168,0.008898378061296583,1.763738066171951,0.3803634936980522,1.3757801490154233,0.23675886345011388,0.029611272974682894,0.0051515186709861676,0.9092806830527556,0.039319530482898726
Local Model,209,"(1414, 11)",,Chemical + CS3,Random Forest,Out of time Split,"{""Test Size"": 0.2}",1.541893021185469,0.0,1.2133587987494225,0.0,0.026191444244369054,0.0,0.9423258315189167,0.0,1.696535659138555,0.0,1.3597349732425592,0.0,0.028985172892827385,0.0,0.9113723201890805,0.0
Local Model,209,"(1414, 11)",,Chemical + CS3,Random Forest,Repeated KFold,"{""N_Splits"": 5, ""Repeats"": 3}",1.5716219845119832,0.014102911684285707,1.2488997337070706,0.012887030017677936,0.026819810745128514,0.00027674896727470884,0.937396024829933,0.001563309865703187,1.6337852043581944,0.05703973795625228,1.3014387084535521,0.05439953397519314,0.028025311831644355,0.0011783217589905665,0.9318650672615163,0.00634334490024605
Local Model,209,"(1414, 11)",,Chemical + CS3,Random Forest,Time Series Split,"{""N_Splits"": 5, ""Repeats"": 1, ""Gap"": 0}",1.4658230620853314,0.06483488377387506,1.1409485640941253,0.06339075047516217,0.024470828316242255,0.0015109029271237718,0.9502375451335995,0.0066622963339443035,1.7386957213839156,0.09805295969736558,1.3738047710887842,0.10686757266585119,0.029575208403720195,0.002279858580472477,0.9188204733570862,0.014501798852544136
