Category,Company,Data Shape,Timesteps,Features,Model,Cross Validation,Cross Validation Params,RMSE Train,RMSE Train,MAE Train,MAE Train,MAPE Train,MAPE Train,R2 Train,R2 Train,RMSE Test,RMSE Test,MAE Test,MAE Test,MAPE Test,MAPE Test,R2 Test,R2 Test
,,,,,,,,mean,std,mean,std,mean,std,mean,std,mean,std,mean,std,mean,std,mean,std
Local Model,209,"(1414, 13)",,Chemical + Properties CS Less,Random Forest,Blocking Time Series Split,"{""N_Splits"": 5, ""Repeats"": 1, ""train_size"": 0.8}",1.4713219381325444,0.10975534065301414,1.1748435894611542,0.10635807932871204,0.025176504502550212,0.0023387954151027537,0.9439449366877494,0.012851252584195548,1.7304376969694182,0.19589822262009646,1.4030009442380016,0.1974737217477813,0.029862002254022236,0.0038284757630624904,0.9164354018041934,0.019059986840611838
Local Model,209,"(1414, 13)",,Chemical + Properties CS Less,Random Forest,Out of time Split,"{""Test Size"": 0.2}",1.7573089196942604,0.0,1.4306924351326957,0.0,0.030672993758324163,0.0,0.9250849483835798,0.0,1.7901929587809708,0.0,1.4559633477674778,0.0,0.031128429679632377,0.0,0.9013168316951282,0.0
Local Model,209,"(1414, 13)",,Chemical + Properties CS Less,Random Forest,Repeated KFold,"{""N_Splits"": 5, ""Repeats"": 3}",1.7317242105867947,0.0152817660775378,1.4155002095454932,0.012930500684191399,0.030291235134504605,0.00027291978505808624,0.9239971814842728,0.0016332796910481476,1.8018502533308578,0.04776092196948389,1.4818578096671784,0.04043348341841719,0.03180575091882852,0.0009563977232108381,0.9172084754721419,0.006287499781043196
Local Model,209,"(1414, 13)",,Chemical + Properties CS Less,Random Forest,Time Series Split,"{""N_Splits"": 5, ""Repeats"": 1, ""Gap"": 0}",1.6560058703469636,0.1136604089818832,1.3375989508144628,0.09641832901735982,0.028555684668334184,0.0021627408398189863,0.9362580727450724,0.010773176583656948,1.927581718495761,0.23385735101518534,1.5337455568372742,0.16554579683759096,0.032965272854249064,0.003780934725943434,0.900571061593425,0.02321224550220619
