Category,Company,Data Shape,Timesteps,Features,Model,Cross Validation,Cross Validation Params,RMSE Train,RMSE Train,MAE Train,MAE Train,MAPE Train,MAPE Train,R2 Train,R2 Train,RMSE Test,RMSE Test,MAE Test,MAE Test,MAPE Test,MAPE Test,R2 Test,R2 Test
,,,,,,,,mean,std,mean,std,mean,std,mean,std,mean,std,mean,std,mean,std,mean,std
Local Model,209,"(1414, 13)",,Chemical + Properties CS Less,XGBoost,Blocking Time Series Split,"{""N_Splits"": 5, ""Repeats"": 1, ""train_size"": 0.8}",1.779252567364329,0.08619118548431605,1.4401806262207035,0.08493637566218132,0.03220394127887656,0.0019319267271065,0.9192279891827766,0.010048741279475262,2.1617548283608485,0.4369144636052996,1.677403685452645,0.30888647527840524,0.03660135690855678,0.006024247795073019,0.8660167360964175,0.05126987951431575
Local Model,209,"(1414, 13)",,Chemical + Properties CS Less,XGBoost,Out of time Split,"{""Test Size"": 0.2}",2.0014248889167443,0.0,1.6403487635712841,0.0,0.03623751076189147,0.0,0.9028256937827469,0.0,1.940133598367957,0.0,1.5761751909559267,0.0,0.03478584671443957,0.0,0.8840937997804909,0.0
Local Model,209,"(1414, 13)",,Chemical + Properties CS Less,XGBoost,Repeated KFold,"{""N_Splits"": 5, ""Repeats"": 3}",1.9777444399129758,0.010805310696858654,1.6198536294100438,0.009633637406976482,0.03569950500626609,0.00021650719191057752,0.9008757493434487,0.001456562052745814,2.0635663756529063,0.08059253928419319,1.6876745957819588,0.07031658941527245,0.03717169700269023,0.0017220430692430615,0.8915172326150357,0.008066821601471243
Local Model,209,"(1414, 13)",,Chemical + Properties CS Less,XGBoost,Time Series Split,"{""N_Splits"": 5, ""Repeats"": 1, ""Gap"": 0}",1.9556583054790644,0.06538634988953998,1.6061003379350365,0.059417464202455715,0.035579413538244044,0.0011905231600487947,0.9116285517943961,0.009205844040342397,2.0890394869226023,0.1597557998482629,1.6706743627669973,0.1339517117851505,0.03665701382372104,0.00317662204239341,0.8845172667123288,0.011200472891796893
