Category,Company,Data Shape,Timesteps,Features,Model,Cross Validation,Cross Validation Params,RMSE Train,RMSE Train,MAE Train,MAE Train,MAPE Train,MAPE Train,R2 Train,R2 Train,RMSE Test,RMSE Test,MAE Test,MAE Test,MAPE Test,MAPE Test,R2 Test,R2 Test
,,,,,,,,mean,std,mean,std,mean,std,mean,std,mean,std,mean,std,mean,std,mean,std
Local Model,209,"(1414, 11)",,Chemical + Feature Engineering,XGBoost,Blocking Time Series Split,"{""N_Splits"": 5, ""Repeats"": 1, ""train_size"": 0.8}",1.9873660339351518,0.2451779435956449,1.5761690119086382,0.18573323083683446,0.035212289273149386,0.004321601718761017,0.8979613837547064,0.02863066425473862,2.7581829215646416,0.6761662286447258,2.0553536671420973,0.5378019692624356,0.04573052378748767,0.011268167144692582,0.7772572341038916,0.10047355148094149
Local Model,209,"(1414, 11)",,Chemical + Feature Engineering,XGBoost,Out of time Split,"{""Test Size"": 0.2}",2.5869131623457524,0.0,1.9506464467609386,0.0,0.04346446257129364,0.0,0.8376558822624234,0.0,2.30166761678406,0.0,1.753623002662253,0.0,0.039196664511046156,0.0,0.8368719630057578,0.0
Local Model,209,"(1414, 11)",,Chemical + Feature Engineering,XGBoost,Repeated KFold,"{""N_Splits"": 5, ""Repeats"": 3}",2.477476114094074,0.03910299380763262,1.891219805525505,0.026575367771714313,0.04203566116833825,0.0006031624014656604,0.84444629142992,0.004256870967130161,2.6770278373550926,0.17914787199045532,1.9955682983732401,0.10352807078821209,0.044440453540588926,0.002586124856445451,0.8173714776308689,0.020100288949585345
Local Model,209,"(1414, 11)",,Chemical + Feature Engineering,XGBoost,Time Series Split,"{""N_Splits"": 5, ""Repeats"": 1, ""Gap"": 0}",2.338454345553303,0.19084536913398564,1.8104832047864676,0.12457553765585175,0.040336408198807135,0.002678129134173583,0.8723887467282184,0.025932524055618248,2.8414047732704866,0.3262791480811242,2.049223647357047,0.13904212643107522,0.045652463328892105,0.004189729838205425,0.7826663362099486,0.054224860260913145
