Category,Company,Data Shape,Timesteps,Features,Model,Cross Validation,Cross Validation Params,RMSE Train,RMSE Train,MAE Train,MAE Train,MAPE Train,MAPE Train,R2 Train,R2 Train,RMSE Test,RMSE Test,MAE Test,MAE Test,MAPE Test,MAPE Test,R2 Test,R2 Test
,,,,,,,,mean,std,mean,std,mean,std,mean,std,mean,std,mean,std,mean,std,mean,std
Local Model,204,"(975, 3)",,Chemical + CS3,Decision Tree,Blocking Time Series Split,"{""N_Splits"": 5, ""Repeats"": 1, ""train_size"": 0.8}",1.420627845708185,0.21406506514322024,1.0872387780542454,0.17745047421713497,0.023280756214835115,0.0037266642689340623,0.6837183916759106,0.11208510386088938,2.087413347853308,0.4407950546804043,1.653404163092916,0.3708383361689638,0.03622804678282508,0.008384787445424336,0.25700591586664673,0.18652358291485985
Local Model,204,"(975, 3)",,Chemical + CS3,Decision Tree,Out of time Split,"{""Test Size"": 0.2}",1.6886245284262573,0.0,1.2716182961755835,0.0,0.02722574394724998,0.0,0.6123653911534402,0.0,2.5992628479169815,0.0,2.010654729759016,0.0,0.04470015378472784,0.0,-0.0981775510445202,0.0
Local Model,204,"(975, 3)",,Chemical + CS3,Decision Tree,Repeated KFold,"{""N_Splits"": 5, ""Repeats"": 3}",1.7745281129263901,0.019798654154108097,1.3794277698803172,0.017228883060470785,0.029594430277380814,0.0003682001918756927,0.567004995372257,0.008837823222852178,1.8645145963342264,0.09859442185446173,1.4455818068859838,0.07358343973513935,0.03101155302281326,0.001613144936727857,0.5166716307042852,0.0505991053277332
Local Model,204,"(975, 3)",,Chemical + CS3,Decision Tree,Time Series Split,"{""N_Splits"": 5, ""Repeats"": 1, ""Gap"": 0}",1.7302971022029088,0.04990756268239055,1.3321559964333178,0.047082673165072995,0.028447939573437497,0.0010447251790726565,0.5790829010286942,0.0402228257911279,2.3525398115520177,0.7668091491787231,1.9045911957716974,0.6751051717202132,0.04188115706663961,0.01579362810457566,0.011580460545705096,0.7252872009356122
