Category,Company,Data Shape,Timesteps,Features,Model,Cross Validation,Cross Validation Params,RMSE Train,RMSE Train,MAE Train,MAE Train,MAPE Train,MAPE Train,R2 Train,R2 Train,RMSE Test,RMSE Test,MAE Test,MAE Test,MAPE Test,MAPE Test,R2 Test,R2 Test
,,,,,,,,mean,std,mean,std,mean,std,mean,std,mean,std,mean,std,mean,std,mean,std
Local Model,204,"(975, 3)",,Chemical + CS7,Decision Tree,Blocking Time Series Split,"{""N_Splits"": 5, ""Repeats"": 1, ""train_size"": 0.8}",1.213347961846125,0.2015684089056724,0.9197350360574157,0.17669008068815456,0.019726763354983846,0.0036475366766296614,0.7684608389765358,0.09145476276700412,1.7063116980414086,0.5357553079750019,1.3615469781808034,0.5124521634150901,0.029377332700193937,0.010262061488150448,0.41864605026732005,0.3727070593394678
Local Model,204,"(975, 3)",,Chemical + CS7,Decision Tree,Out of time Split,"{""Test Size"": 0.2}",1.518761063706951,0.0,1.1792570990484241,0.0,0.025268821011306297,0.0,0.6864294502890768,0.0,1.9491368465366514,0.0,1.5240216351079996,0.0,0.033760876953065816,0.0,0.3824717558255969,0.0
Local Model,204,"(975, 3)",,Chemical + CS7,Decision Tree,Repeated KFold,"{""N_Splits"": 5, ""Repeats"": 3}",1.5596076197387991,0.014701067327304553,1.2014657255007108,0.01544827346601905,0.02577859846167173,0.0003514576153604217,0.6655093324053776,0.007580770775430568,1.6512600030483051,0.06067859845680744,1.2728355979721,0.05295892082630204,0.02730450089657754,0.0011378487080971414,0.6215188116830415,0.026004149195707045
Local Model,204,"(975, 3)",,Chemical + CS7,Decision Tree,Time Series Split,"{""N_Splits"": 5, ""Repeats"": 1, ""Gap"": 0}",1.5604034976560788,0.03234067264314367,1.2177134467908681,0.030651670710329097,0.02607109564466606,0.000641455239262584,0.6571079095215261,0.0382641315449478,1.8216339975431999,0.3348773158861044,1.4572771155394915,0.299785621798522,0.031768584742481294,0.007166626022998594,0.4605730321292752,0.2273548686721733
