Category,Company,Data Shape,Timesteps,Features,Model,Cross Validation,Cross Validation Params,RMSE Train,RMSE Train,MAE Train,MAE Train,MAPE Train,MAPE Train,R2 Train,R2 Train,RMSE Test,RMSE Test,MAE Test,MAE Test,MAPE Test,MAPE Test,R2 Test,R2 Test
,,,,,,,,mean,std,mean,std,mean,std,mean,std,mean,std,mean,std,mean,std,mean,std
Local Model,204,"(975, 3)",,Chemical + CS7,Linear Regression,Blocking Time Series Split,"{""N_Splits"": 5, ""Repeats"": 1, ""train_size"": 0.8}",1.4259542836915189,0.16172105468580986,1.1290048403214663,0.12025444547971213,0.02418348694956705,0.002256143895659761,0.6856212221574848,0.09085918022924629,1.7727702945820567,0.5614353358651226,1.5190302698910174,0.5515150997200645,0.033117148820934916,0.01149291580621347,0.4549586253362907,0.23836685968717067
Local Model,204,"(975, 3)",,Chemical + CS7,Linear Regression,Out of time Split,"{""Test Size"": 0.2}",1.5949849434499728,0.0,1.276371865105346,0.0,0.027315918638687712,0.0,0.6541645303382788,0.0,1.8370660164118982,0.0,1.5449212576683224,0.0,0.034292446592896014,0.0,0.45144309068452637,0.0
Local Model,204,"(975, 3)",,Chemical + CS7,Linear Regression,Repeated KFold,"{""N_Splits"": 5, ""Repeats"": 3}",1.6109103114424506,0.014051262832715928,1.3043181079836517,0.014564125315379152,0.027982613749569788,0.0003097304505537329,0.6431677718606904,0.006573033194151121,1.6174695876318197,0.0552117692152823,1.3100335298389896,0.05878171196691815,0.028106428901799176,0.0012628000698046745,0.6367978224062227,0.024551678739046894
Local Model,204,"(975, 3)",,Chemical + CS7,Linear Regression,Time Series Split,"{""N_Splits"": 5, ""Repeats"": 1, ""Gap"": 0}",1.6398755916843428,0.04090621824310261,1.304839765306651,0.029467659175287358,0.0278839518171502,0.0005004986410697833,0.6202734469948982,0.05279087070490523,1.8426289714713213,0.3234791925357823,1.5417071083328484,0.3113861018833764,0.0336370460408041,0.0076416184417206125,0.45414919767245054,0.23297695389123693
