Category,Company,Data Shape,Timesteps,Features,Model,Cross Validation,Cross Validation Params,RMSE Train,RMSE Train,MAE Train,MAE Train,MAPE Train,MAPE Train,R2 Train,R2 Train,RMSE Test,RMSE Test,MAE Test,MAE Test,MAPE Test,MAPE Test,R2 Test,R2 Test
,,,,,,,,mean,std,mean,std,mean,std,mean,std,mean,std,mean,std,mean,std,mean,std
Local Model,204,"(975, 2)",,Chemical,Linear Regression,Blocking Time Series Split,"{""N_Splits"": 5, ""Repeats"": 1, ""train_size"": 0.8}",2.4947886093711094,0.15087350628113472,2.167722579546427,0.20257876003827224,0.04654121918528242,0.004516278843323513,0.06216764636525529,0.06159333749549299,3.0819530135370288,0.5228633856322029,2.6165140514280045,0.38527627983361196,0.057077519578636673,0.007970534720247236,-0.6552865793670078,0.4323352146376638
Local Model,204,"(975, 2)",,Chemical,Linear Regression,Out of time Split,"{""Test Size"": 0.2}",2.7070759266313855,0.0,2.3926575013960303,0.0,0.05131601106782808,0.0,0.003775468863680631,0.0,2.6031321997566197,0.0,2.3240143441677263,0.0,0.051183057664292084,0.0,-0.10144955418920265,0.0
Local Model,204,"(975, 2)",,Chemical,Linear Regression,Repeated KFold,"{""N_Splits"": 5, ""Repeats"": 3}",2.678411116863569,0.023853360073915475,2.3564670955368148,0.02528938866171108,0.05064732447223178,0.0005339411455701545,0.01371258554223027,0.0035135880197851737,2.6892584876090067,0.09589558921306493,2.368303288751392,0.09345244616377647,0.05090307499262408,0.0020005511788857913,-0.0017849335792198273,0.01708320513068384
Local Model,204,"(975, 2)",,Chemical,Linear Regression,Time Series Split,"{""N_Splits"": 5, ""Repeats"": 1, ""Gap"": 0}",2.624035438242907,0.17848605251166233,2.2464892076532523,0.20075820302434863,0.048112190474986535,0.004547482136994943,0.03870733705573097,0.05269209588865388,3.0738621726618005,0.686725008297871,2.7338527935115016,0.5687807207502196,0.05938572142718636,0.014072617488939565,-0.5373909060864405,0.8328125786171935
