Category,Company,Data Shape,Timesteps,Features,Model,Cross Validation,Cross Validation Params,RMSE Train,RMSE Train,MAE Train,MAE Train,MAPE Train,MAPE Train,R2 Train,R2 Train,RMSE Test,RMSE Test,MAE Test,MAE Test,MAPE Test,MAPE Test,R2 Test,R2 Test
,,,,,,,,mean,std,mean,std,mean,std,mean,std,mean,std,mean,std,mean,std,mean,std
Local Model,204,"(975, 7)",,Chemical + Properties CS Less,MLP,Blocking Time Series Split,"{""N_Splits"": 5, ""Repeats"": 3, ""train_size"": 0.8}",6.137075774810996,0.8216509126827859,4.9275856308244235,0.6179920426695981,0.10575615719299195,0.013073274992781854,-4.742713968105077,1.378486155492213,10.865503975257772,5.04510812120116,7.522671124710996,1.5972418087762217,0.1639863518152727,0.035510148220292345,-22.298756982963823,17.630842472931253
Local Model,204,"(975, 7)",,Chemical + Properties CS Less,MLP,Out of time Split,"{""Test Size"": 0.2}",1.7434002593125022,0.02327601602997172,1.3869122268807175,0.023737757277247033,0.029487722337031303,0.0003991213565018628,0.5867356188607117,0.011019438563488528,1.5977579738284506,0.03252910377565049,1.3184106367062298,0.03948714011401028,0.0289519818284128,0.0010232659461496994,0.584879551385498,0.01688234287615474
Local Model,204,"(975, 7)",,Chemical + Properties CS Less,MLP,Repeated KFold,"{""N_Splits"": 5, ""Repeats"": 3}",1.6917860598145111,0.016865276343430328,1.336672748467861,0.020089416541113556,0.028506149174144953,0.0004187543755225677,0.6064069761912526,0.009200659480548429,1.7101078179472762,0.10976265003165901,1.3526136119875134,0.0897852058350011,0.028852127334967385,0.0017931404469771052,0.5936117696796532,0.04619995117952086
Local Model,204,"(975, 7)",,Chemical + Properties CS Less,MLP,Time Series Split,"{""N_Splits"": 5, ""Repeats"": 3, ""Gap"": 0}",2.4767738613501664,1.1618127930060602,2.0145312644095736,0.987357869581724,0.042502569785105575,0.02049737888037291,-0.15032960594113287,1.3399265377656873,2.723097727051949,1.538207656894267,2.2141251633883505,1.2327087763365316,0.0478127380778077,0.0274285220997484,-0.5573741845469112,2.0253394914391594
