Category,Company,Data Shape,Timesteps,Features,Model,Cross Validation,Cross Validation Params,RMSE Train,RMSE Train,MAE Train,MAE Train,MAPE Train,MAPE Train,R2 Train,R2 Train,RMSE Test,RMSE Test,MAE Test,MAE Test,MAPE Test,MAPE Test,R2 Test,R2 Test
,,,,,,,,mean,std,mean,std,mean,std,mean,std,mean,std,mean,std,mean,std,mean,std
Local Model,204,"(975, 2)",,Chemical,MLP,Blocking Time Series Split,"{""N_Splits"": 5, ""Repeats"": 3, ""train_size"": 0.8}",4.176825019091357,0.9382525299107644,3.2459048567877877,0.7605374252992685,0.06853029509458096,0.01607099117997205,-1.743292273925491,1.263248425810217,7.16272094624576,3.3232191890897713,5.616882847190922,2.737552883015212,0.12254496603057678,0.06072876257783802,-8.329338732388997,6.969413676313813
Local Model,204,"(975, 2)",,Chemical,MLP,Out of time Split,"{""Test Size"": 0.2}",2.740973157303491,0.020848469703905814,2.392932263561803,0.004019252312011622,0.050884886888210655,0.0001511506595125053,-0.02138869865234605,0.015497429370849736,2.5722543323442144,0.047793014008142086,2.2857818616557326,0.058492816092274774,0.05020795891000974,0.0014576558421150357,-0.0758454332219951,0.040218048125006844
Local Model,204,"(975, 2)",,Chemical,MLP,Repeated KFold,"{""N_Splits"": 5, ""Repeats"": 3}",2.696394450608346,0.021817788137822716,2.3427992637829904,0.024238965295026005,0.05002280970392691,0.0005598951617465026,0.0003707693961441031,0.00958494480708535,2.7087577933139286,0.12421714211242887,2.3547379335582765,0.10266831435513805,0.05027809941017138,0.002028473619521668,-0.016355688298560468,0.04517438187186028
Local Model,204,"(975, 2)",,Chemical,MLP,Time Series Split,"{""N_Splits"": 5, ""Repeats"": 3, ""Gap"": 0}",2.81232650776893,0.1585581668417208,2.3550284071086267,0.08646473546382377,0.04981947382463912,0.0015122921230132365,-0.12456974460490654,0.23692244748242086,3.475807177307388,1.317329484503919,2.947652077066555,0.9873278593305649,0.06361236775104549,0.023047445152775986,-1.1753205225198395,1.9788972277899253
