Category,Company,Data Shape,Timesteps,Features,Model,Cross Validation,Cross Validation Params,RMSE Train,RMSE Train,MAE Train,MAE Train,MAPE Train,MAPE Train,R2 Train,R2 Train,RMSE Test,RMSE Test,MAE Test,MAE Test,MAPE Test,MAPE Test,R2 Test,R2 Test
,,,,,,,,mean,std,mean,std,mean,std,mean,std,mean,std,mean,std,mean,std,mean,std
Local Model,204,"(975, 3)",,Chemical + CS3,MLP,Blocking Time Series Split,"{""N_Splits"": 5, ""Repeats"": 3, ""train_size"": 0.8}",3.9556968071130956,0.4614465220362722,3.185060773018079,0.4033781957377472,0.06771961012111086,0.008663894346011197,-1.3915813576824507,0.573149696802618,6.794711832766227,3.3073391857997803,5.501569078233507,2.600159420438653,0.11995289767709975,0.05715232319507635,-8.182824402891642,7.081552695396634
Local Model,204,"(975, 3)",,Chemical + CS3,MLP,Out of time Split,"{""Test Size"": 0.2}",1.866169114796193,0.05803446954961284,1.504338165674454,0.049309112269945006,0.031954655119231345,0.0009202331934288694,0.5261093335783303,0.029385108924883316,2.4273984794304937,0.14403300534320243,1.969218005318927,0.13002550629873047,0.04383569766400478,0.002925289667795323,0.03887318396586411,0.11572828223956423
Local Model,204,"(975, 3)",,Chemical + CS3,MLP,Repeated KFold,"{""N_Splits"": 5, ""Repeats"": 3}",1.9557215785793063,0.023149539921720225,1.5776242917704786,0.02296393777033111,0.03366047754347616,0.0004799523475286581,0.4740628236202725,0.011315512032039256,1.9698392348796105,0.11887420177059062,1.592758825840094,0.09115683679176091,0.03399183162694379,0.0018596793840761638,0.4618472382826127,0.046820382945575466
Local Model,204,"(975, 3)",,Chemical + CS3,MLP,Time Series Split,"{""N_Splits"": 5, ""Repeats"": 3, ""Gap"": 0}",2.192681521146017,0.526130339381651,1.74289642385993,0.43702450901989914,0.036743120990174766,0.00884181931223718,0.2512084166335865,0.5023904327493253,2.490913438689336,0.8806764736775473,1.9744179748409567,0.6296239963207402,0.04296771343803919,0.014445194276461765,-0.10307206838576172,0.9466157853297434
