Category,Company,Data Shape,Timesteps,Features,Model,Cross Validation,Cross Validation Params,RMSE Train,RMSE Train,MAE Train,MAE Train,MAPE Train,MAPE Train,R2 Train,R2 Train,RMSE Test,RMSE Test,MAE Test,MAE Test,MAPE Test,MAPE Test,R2 Test,R2 Test
,,,,,,,,mean,std,mean,std,mean,std,mean,std,mean,std,mean,std,mean,std,mean,std
Local Model,204,"(975, 3)",,Chemical + CS3,Random Forest,Blocking Time Series Split,"{""N_Splits"": 5, ""Repeats"": 1, ""train_size"": 0.8}",1.4105941538493023,0.18686665165880118,1.0788383068107141,0.17116985557037262,0.02314153641398643,0.003616700091775813,0.689937943970272,0.100574117244165,1.9916726337643282,0.4593948420313871,1.5636697397115655,0.41235206562680415,0.033920208343621645,0.0092407161597806,0.3282187195598555,0.18114086159304493
Local Model,204,"(975, 3)",,Chemical + CS3,Random Forest,Out of time Split,"{""Test Size"": 0.2}",1.670394291414753,0.0,1.2573710171648516,0.0,0.026902719421107262,0.0,0.6206899477459203,0.0,2.5803366783600805,0.0,1.9804010317837235,0.0,0.04401357913278935,0.0,-0.0822433213980529,0.0
Local Model,204,"(975, 3)",,Chemical + CS3,Random Forest,Repeated KFold,"{""N_Splits"": 5, ""Repeats"": 3}",1.7503406854991435,0.0259388940809039,1.3557374541969922,0.019831324731506388,0.02909453054113364,0.00042646053702515365,0.5786989964426233,0.01147781960702746,1.8320455025695717,0.10067623084897274,1.4150968205393668,0.07258082969254159,0.030362087640822318,0.0015851083808899279,0.5337467556777933,0.04680067990150655
Local Model,204,"(975, 3)",,Chemical + CS3,Random Forest,Time Series Split,"{""N_Splits"": 5, ""Repeats"": 1, ""Gap"": 0}",1.6840712514241907,0.029259543302892935,1.2957300228394317,0.029376192321059185,0.027679696069941917,0.000723400162843688,0.6020029830525292,0.026352437672070933,2.2761700227818027,0.6867609736031565,1.8601515369123274,0.6538474230271419,0.04097075031755902,0.015405965503794715,0.08825968315597901,0.6168138186648687
