Category,Company,Data Shape,Timesteps,Features,Model,Cross Validation,Cross Validation Params,RMSE Train,RMSE Train,MAE Train,MAE Train,MAPE Train,MAPE Train,R2 Train,R2 Train,RMSE Test,RMSE Test,MAE Test,MAE Test,MAPE Test,MAPE Test,R2 Test,R2 Test
,,,,,,,,mean,std,mean,std,mean,std,mean,std,mean,std,mean,std,mean,std,mean,std
Local Model,204,"(975, 2)",,Chemical,Random Forest,Blocking Time Series Split,"{""N_Splits"": 5, ""Repeats"": 1, ""train_size"": 0.8}",2.2507486303378395,0.11888993801923084,1.8938216766959148,0.13511391316434967,0.04067914835615153,0.003136523483515658,0.23622393648420528,0.0466292710240291,3.198940656445303,0.6921294849149053,2.627258144574271,0.5132952330273697,0.05712310511947324,0.010975665882842527,-0.7721025965475284,0.5246718417550181
Local Model,204,"(975, 2)",,Chemical,Random Forest,Out of time Split,"{""Test Size"": 0.2}",2.59124585836755,0.0,2.241908274114083,0.0,0.04798480163769226,0.0,0.0872042696931673,0.0,2.6712302219274044,0.0,2.39053217747477,0.0,0.052751366946819575,0.0,-0.15983123981311143,0.0
Local Model,204,"(975, 2)",,Chemical,Random Forest,Repeated KFold,"{""N_Splits"": 5, ""Repeats"": 3}",2.5753604884709893,0.024466864994713556,2.233267244437504,0.023110397811520383,0.04798060051730097,0.0004737336889042822,0.08814035616381795,0.006278967671249175,2.675968025149594,0.11395064559584284,2.3182877986488752,0.09722745349340559,0.049816267879128365,0.0020884665936928767,0.008211084766094282,0.03346472032402349
Local Model,204,"(975, 2)",,Chemical,Random Forest,Time Series Split,"{""N_Splits"": 5, ""Repeats"": 1, ""Gap"": 0}",2.483535180601658,0.21241763359780325,2.0865564503860967,0.20965542425765596,0.044603365487574244,0.00465943873005734,0.13881015392028612,0.0802586735793972,3.1745172945144313,0.8899291466604834,2.8061196508781188,0.7705290498596347,0.06119045184961012,0.018553772650238845,-0.6982996838070388,1.1612041590645596
