Category,Company,Data Shape,Timesteps,Features,Model,Cross Validation,Cross Validation Params,RMSE Train,RMSE Train,MAE Train,MAE Train,MAPE Train,MAPE Train,R2 Train,R2 Train,RMSE Test,RMSE Test,MAE Test,MAE Test,MAPE Test,MAPE Test,R2 Test,R2 Test
,,,,,,,,mean,std,mean,std,mean,std,mean,std,mean,std,mean,std,mean,std,mean,std
Local Model,204,"(975, 3)",,Chemical + CS7,Random Forest,Blocking Time Series Split,"{""N_Splits"": 5, ""Repeats"": 1, ""train_size"": 0.8}",1.1928667969567612,0.21113954909604457,0.9081859160646385,0.17674600403912952,0.019479874186436166,0.003669538992337455,0.7751857658298482,0.09302173868185401,1.686139326886575,0.5859457842291461,1.3434010142646882,0.5889671738485066,0.029033337723449116,0.012002698722290055,0.44398774673798636,0.3419632695700024
Local Model,204,"(975, 3)",,Chemical + CS7,Random Forest,Out of time Split,"{""Test Size"": 0.2}",1.4865405698507852,0.0,1.144842427820676,0.0,0.024489665940978414,0.0,0.6995931091276948,0.0,1.9873652341820358,0.0,1.5706114246528236,0.0,0.03484178905577542,0.0,0.358011070003348,0.0
Local Model,204,"(975, 3)",,Chemical + CS7,Random Forest,Repeated KFold,"{""N_Splits"": 5, ""Repeats"": 3}",1.5144047034021317,0.017457142651963013,1.1708134550102598,0.016881717475841558,0.02511440178098987,0.00038443294743452464,0.6845845403261523,0.008975995801577997,1.600447820866351,0.06035893028374655,1.2408627440077171,0.05146859700807681,0.02661059056493648,0.0010420286956905713,0.6443298455389229,0.026706352401313416
Local Model,204,"(975, 3)",,Chemical + CS7,Random Forest,Time Series Split,"{""N_Splits"": 5, ""Repeats"": 1, ""Gap"": 0}",1.5202414373126856,0.03175760103340964,1.1824497827091471,0.03308168589919808,0.025302580897387843,0.0007157121138159971,0.6750078280151619,0.031089798664316763,1.8198264820753576,0.39922766815832067,1.4648755054411493,0.3736911872436705,0.031975513765464834,0.008899837289101414,0.4525003076033395,0.27192401076543415
