Category,Company,Data Shape,Timesteps,Features,Model,Cross Validation,Cross Validation Params,RMSE Train,RMSE Train,MAE Train,MAE Train,MAPE Train,MAPE Train,R2 Train,R2 Train,RMSE Test,RMSE Test,MAE Test,MAE Test,MAPE Test,MAPE Test,R2 Test,R2 Test
,,,,,,,,mean,std,mean,std,mean,std,mean,std,mean,std,mean,std,mean,std,mean,std
Local Model,204,"(975, 4)",,Chemical + CS3 + CS7,Random Forest,Blocking Time Series Split,"{""N_Splits"": 5, ""Repeats"": 1, ""train_size"": 0.8}",1.1329493611468344,0.20651928044456816,0.8684182471992801,0.16802528866027908,0.018612412059706106,0.00350377868593272,0.7955803251940571,0.09463079372694597,1.6692916807514515,0.5189086051354125,1.3316934324825256,0.5305404676440609,0.028872153666714685,0.010770453439954534,0.46437673667097845,0.3002066991111277
Local Model,204,"(975, 4)",,Chemical + CS3 + CS7,Random Forest,Out of time Split,"{""Test Size"": 0.2}",1.4546712586507369,0.0,1.1203522827613044,0.0,0.023960929190334237,0.0,0.7123356295695609,0.0,2.1324841247003015,0.0,1.6510412216522645,0.0,0.03666190529791809,0.0,0.26083094601383583,0.0
Local Model,204,"(975, 4)",,Chemical + CS3 + CS7,Random Forest,Repeated KFold,"{""N_Splits"": 5, ""Repeats"": 3}",1.5101559250473273,0.015964259668167082,1.1656460558021504,0.017017538240254617,0.02500397144817651,0.00039165088534580915,0.6863634494466365,0.008278905551991341,1.6024267176566502,0.06546261099171607,1.2385855282590685,0.05465284566480308,0.026562891384323332,0.0011152909915677519,0.6434466108611413,0.028304896069759142
Local Model,204,"(975, 4)",,Chemical + CS3 + CS7,Random Forest,Time Series Split,"{""N_Splits"": 5, ""Repeats"": 1, ""Gap"": 0}",1.497972620946583,0.030560939564261796,1.1636867775962076,0.03652640400633581,0.024893319462430997,0.000786725686175156,0.6843139091806696,0.03184956756072657,1.8390982606353679,0.40568097850274965,1.4804294817333754,0.377372497529785,0.032368055199041554,0.008995311904380514,0.43949309214448407,0.2835526688974948
