Category,Company,Data Shape,Timesteps,Features,Model,Cross Validation,Cross Validation Params,RMSE Train,RMSE Train,MAE Train,MAE Train,MAPE Train,MAPE Train,R2 Train,R2 Train,RMSE Test,RMSE Test,MAE Test,MAE Test,MAPE Test,MAPE Test,R2 Test,R2 Test
,,,,,,,,mean,std,mean,std,mean,std,mean,std,mean,std,mean,std,mean,std,mean,std
Local Model,204,"(975, 9)",,Chemical + Physical,XGBoost,Blocking Time Series Split,"{""N_Splits"": 5, ""Repeats"": 1, ""train_size"": 0.8}",0.9861298598093351,0.15733181023412698,0.7854635991805637,0.1331570336714325,0.016830990052906124,0.002696227987540342,0.846872688662587,0.06213896492042102,1.6167184281527895,0.3879101091472695,1.3591823480068104,0.367868110081261,0.02961066748595066,0.007377973810872059,0.5220660964242031,0.1944788229932914
Local Model,204,"(975, 9)",,Chemical + Physical,XGBoost,Out of time Split,"{""Test Size"": 0.2}",1.2694937470009922,0.0,1.01229495317508,0.0,0.02168739485591826,0.0,0.7809125552460782,0.0,1.6169752525078647,0.0,1.31575679289989,0.0,0.029229200792627943,0.0,0.5750098061920794,0.0
Local Model,204,"(975, 9)",,Chemical + Physical,XGBoost,Repeated KFold,"{""N_Splits"": 5, ""Repeats"": 3}",1.281175842488231,0.014390557242284729,1.0209490899632117,0.010301866785184018,0.021917302939972974,0.0002217161891016469,0.774286171201473,0.005193745751881574,1.3911922838265263,0.08165803836267918,1.1096459434052817,0.055550783865663825,0.023807865651196698,0.001135854949956411,0.731752771974378,0.020512548381241932
Local Model,204,"(975, 9)",,Chemical + Physical,XGBoost,Time Series Split,"{""N_Splits"": 5, ""Repeats"": 1, ""Gap"": 0}",1.2970637688560962,0.028086376567937332,1.0404902837500476,0.027545345378625775,0.022212281490318612,0.0005700302332127832,0.7638351143035743,0.017383360782644762,1.6307661125036144,0.3459530405697835,1.3297583902618029,0.3248410899385397,0.0289365107271278,0.00779503908998779,0.565792983321787,0.20946907039608728
