Category,Company,Data Shape,Timesteps,Features,Model,Cross Validation,Cross Validation Params,RMSE Train,RMSE Train,MAE Train,MAE Train,MAPE Train,MAPE Train,R2 Train,R2 Train,RMSE Test,RMSE Test,MAE Test,MAE Test,MAPE Test,MAPE Test,R2 Test,R2 Test
,,,,,,,,mean,std,mean,std,mean,std,mean,std,mean,std,mean,std,mean,std,mean,std
Local Model,204,"(975, 2)",,Chemical,XGBoost,Blocking Time Series Split,"{""N_Splits"": 5, ""Repeats"": 1, ""train_size"": 0.8}",2.1819287079821432,0.13203511773903062,1.8407116767687675,0.14586637249367848,0.03956852348592231,0.003408458372478002,0.2821267367103551,0.05424611477138078,3.0831308137918,0.47316017703788976,2.5897957943647336,0.3621824933028914,0.05636778940582193,0.007096731493478989,-0.6565485306672103,0.40423428125292327
Local Model,204,"(975, 2)",,Chemical,XGBoost,Out of time Split,"{""Test Size"": 0.2}",2.5842672769272608,0.0,2.253581270071176,0.0,0.048334582838697446,0.0,0.09211421805079689,0.0,2.6698175405734057,0.0,2.39068844917493,0.0,0.05272895256378236,0.0,-0.1586048096091628,0.0
Local Model,204,"(975, 2)",,Chemical,XGBoost,Repeated KFold,"{""N_Splits"": 5, ""Repeats"": 3}",2.5530179830880617,0.022897287071853897,2.225424391982902,0.021977002510596987,0.047824699576853806,0.0004695033612666348,0.10387566397276947,0.0073894913458405626,2.6820618364502526,0.09272480323123672,2.335402810642862,0.08705758737046082,0.050191620681721574,0.0018831430491952044,0.003420489200250961,0.020913260339319624
Local Model,204,"(975, 2)",,Chemical,XGBoost,Time Series Split,"{""N_Splits"": 5, ""Repeats"": 1, ""Gap"": 0}",2.444744249892644,0.2329244814688494,2.074707720358419,0.2323637960891546,0.04443393927328096,0.0051654297082889145,0.16520848671488253,0.094627991887398,3.1342661167683183,0.8112888329428594,2.778672084101924,0.6803702288143442,0.060582282751390194,0.016596752061870446,-0.6340589461561263,1.0298256350448172
