Category,Company,Data Shape,Timesteps,Features,Model,Cross Validation,Cross Validation Params,RMSE Train,RMSE Train,MAE Train,MAE Train,MAPE Train,MAPE Train,R2 Train,R2 Train,RMSE Test,RMSE Test,MAE Test,MAE Test,MAPE Test,MAPE Test,R2 Test,R2 Test
,,,,,,,,mean,std,mean,std,mean,std,mean,std,mean,std,mean,std,mean,std,mean,std
Local Model,209,"(708, 17)",,Chemical + Physical,Decision Tree,Blocking Time Series Split,"{""N_Splits"": 5, ""Repeats"": 1, ""train_size"": 0.8}",0.5540383252261376,0.15527448833195323,0.41754429388522124,0.11179323632003987,0.011282978856274332,0.0027529993597164492,0.9630027683074527,0.020502357055315213,1.1665750807547894,0.43048717831992334,0.8906954736908299,0.4536928896696237,0.02347571156710177,0.011383397166189217,0.7887396430872415,0.12416621254557829
Local Model,209,"(708, 17)",,Chemical + Physical,Decision Tree,Out of time Split,"{""Test Size"": 0.2}",0.7193773594103916,0.0,0.5319085324021652,0.0,0.014377124111193448,0.0,0.9425713355835651,0.0,1.612353631008908,0.0,1.1881435251699985,0.0,0.03082460062469682,0.0,0.7121306429966793,0.0
Local Model,209,"(708, 17)",,Chemical + Physical,Decision Tree,Repeated KFold,"{""N_Splits"": 5, ""Repeats"": 3}",0.8725578367311154,0.02136281992053301,0.6254315128510191,0.013824205377893355,0.016766728173838737,0.0003626318175378853,0.9205224145239901,0.004104974311669299,0.9749991540004072,0.10195296864598334,0.687598469768762,0.06794184158814084,0.01841656527044153,0.001820813580074251,0.8989973517674293,0.022241477842172154
Local Model,209,"(708, 17)",,Chemical + Physical,Decision Tree,Time Series Split,"{""N_Splits"": 5, ""Repeats"": 1, ""Gap"": 0}",0.6327387148765782,0.07046947332905105,0.46453593391319287,0.05209734294993595,0.012687040132168276,0.0013297403018451425,0.9563601200122672,0.011666105138278674,1.271730868345323,0.3824776054055591,0.8724876868675107,0.2596211838476428,0.02316424186371778,0.006797481387313598,0.786218337406903,0.12073679920435272
