Category,Company,Data Shape,Timesteps,Features,Model,Cross Validation,Cross Validation Params,RMSE Train,RMSE Train,MAE Train,MAE Train,MAPE Train,MAPE Train,R2 Train,R2 Train,RMSE Test,RMSE Test,MAE Test,MAE Test,MAPE Test,MAPE Test,R2 Test,R2 Test
,,,,,,,,mean,std,mean,std,mean,std,mean,std,mean,std,mean,std,mean,std,mean,std
Local Model,209,"(708, 10)",,Chemical,Decision Tree,Blocking Time Series Split,"{""N_Splits"": 5, ""Repeats"": 1, ""train_size"": 0.8}",0.7160792957058862,0.2618613194393798,0.5189717024827702,0.18192645205251237,0.013876324653505653,0.004530583873141235,0.9356095419286937,0.04365047387020513,1.6981602552312123,0.5301696061863133,1.3136369651573685,0.4703529766610989,0.03453215540173242,0.011277795482637805,0.5641945192487838,0.20116068395215903
Local Model,209,"(708, 10)",,Chemical,Decision Tree,Out of time Split,"{""Test Size"": 0.2}",0.8734585784621859,0.0,0.6066462220760386,0.0,0.01630793866347418,0.0,0.915335798929156,0.0,1.9950372849110893,0.0,1.5927645048514492,0.0,0.041107927877107715,0.0,0.5592656794399136,0.0
Local Model,209,"(708, 10)",,Chemical,Decision Tree,Repeated KFold,"{""N_Splits"": 5, ""Repeats"": 3}",1.0260448553033756,0.019258567058845117,0.7224879724385236,0.023024339009833136,0.019205858336298412,0.000599200701448116,0.890153127918175,0.0038874970148311217,1.1687620200865312,0.08721247447945575,0.8132986220224702,0.05492883985131015,0.021625591247465388,0.0014604719339960893,0.856474332632361,0.01974844587309357
Local Model,209,"(708, 10)",,Chemical,Decision Tree,Time Series Split,"{""N_Splits"": 5, ""Repeats"": 1, ""Gap"": 0}",0.8234463431370538,0.06255009622877075,0.5776880038547173,0.04364101424998913,0.015687298262566228,0.0011304634281506893,0.9270104544618352,0.013100578407836789,1.507367113896434,0.3829898106500746,1.0854579127541144,0.28817944970826237,0.028652897310100633,0.007204925500985634,0.7190683083869203,0.11799406745302461
