Category,Company,Data Shape,Timesteps,Features,Model,Cross Validation,Cross Validation Params,RMSE Train,RMSE Train,MAE Train,MAE Train,MAPE Train,MAPE Train,R2 Train,R2 Train,RMSE Test,RMSE Test,MAE Test,MAE Test,MAPE Test,MAPE Test,R2 Test,R2 Test
,,,,,,,,mean,std,mean,std,mean,std,mean,std,mean,std,mean,std,mean,std,mean,std
Local Model,209,"(708, 11)",,Chemical + CS7,Linear Regression,Blocking Time Series Split,"{""N_Splits"": 5, ""Repeats"": 1, ""train_size"": 0.8}",0.8825635005330756,0.1372916872541801,0.6953526881614596,0.10384646580982983,0.018960403392574023,0.002526428144671644,0.9086224758613529,0.031293499101955564,1.1812493389686352,0.43113239299065614,0.985461687191348,0.3853121089535604,0.02632556431189158,0.009474689507010452,0.791816316552601,0.1173601939678174
Local Model,209,"(708, 11)",,Chemical + CS7,Linear Regression,Out of time Split,"{""Test Size"": 0.2}",1.0284966855501163,0.0,0.7979589485924151,0.0,0.02189286246049019,0.0,0.8826127365315467,0.0,1.3464935937608273,0.0,1.018117370435594,0.0,0.026466370960258893,0.0,0.799237118303038,0.0
Local Model,209,"(708, 11)",,Chemical + CS7,Linear Regression,Repeated KFold,"{""N_Splits"": 5, ""Repeats"": 3}",1.0747562922521396,0.014824272899634634,0.8384067031764457,0.012114271515103971,0.022801262482263267,0.00031930616382998945,0.8794777784917195,0.003622597052456046,1.1103923271418954,0.058637689348623546,0.8623536087153857,0.042517283148031666,0.023454625775440854,0.0011440281090633346,0.8704126824507668,0.014927763368903727
Local Model,209,"(708, 11)",,Chemical + CS7,Linear Regression,Time Series Split,"{""N_Splits"": 5, ""Repeats"": 1, ""Gap"": 0}",0.9348505608537998,0.06248611306031369,0.7320140038773753,0.04034043406925723,0.02024485746735161,0.0010318407879971942,0.9058312158989097,0.016420890138990965,1.3415130748817767,0.11710578403955256,1.042723651505065,0.1056166494896536,0.028250461330052212,0.0030594341147497798,0.7849472099720846,0.03500627047907726
