Category,Company,Data Shape,Timesteps,Features,Model,Cross Validation,Cross Validation Params,RMSE Train,RMSE Train,MAE Train,MAE Train,MAPE Train,MAPE Train,R2 Train,R2 Train,RMSE Test,RMSE Test,MAE Test,MAE Test,MAPE Test,MAPE Test,R2 Test,R2 Test
,,,,,,,,mean,std,mean,std,mean,std,mean,std,mean,std,mean,std,mean,std,mean,std
Local Model,209,"(708, 11)",,Chemical + CS3,MLP,Blocking Time Series Split,"{""N_Splits"": 5, ""Repeats"": 3, ""train_size"": 0.8}",6.072027221073863,0.6278063614480196,4.797224125407992,0.5699179061059951,0.13282881073486788,0.014659234799945093,-3.245483564122705,1.1386322742069306,12.073657391055301,2.9650123928410625,10.553178543880067,3.1610947208022933,0.28742604523144333,0.08454821496782745,-20.176159701857802,8.285200677706383
Local Model,209,"(708, 11)",,Chemical + CS3,MLP,Out of time Split,"{""Test Size"": 0.2}",1.0736479341297465,0.058419686082975056,0.8059648787877013,0.0407027155927002,0.021617239927725917,0.0010331204424957293,0.8717011133134008,0.01411953245632268,2.6257322789961894,0.6395272349451087,1.5543092360518906,0.08538942370893808,0.040252408239744096,0.0025565494551220334,0.1912695501415166,0.39664184600313435
Local Model,209,"(708, 11)",,Chemical + CS3,MLP,Repeated KFold,"{""N_Splits"": 5, ""Repeats"": 3}",1.1631913838946562,0.0436714784337297,0.8864627833891218,0.04088610579615581,0.02363464796808797,0.0011367237995706767,0.8586840467440305,0.01034785304243336,1.2986753182383377,0.2829905358440647,0.9282754956308515,0.07681820408486795,0.02479496959249154,0.0020955503556494056,0.814924439925077,0.09724472549622164
Local Model,209,"(708, 11)",,Chemical + CS3,MLP,Time Series Split,"{""N_Splits"": 5, ""Repeats"": 3, ""Gap"": 0}",2.295696776351169,1.6730629682666625,1.7690281569306692,1.347918496014165,0.0490898568681694,0.038517433241267815,0.1791670785153802,1.1339678701660463,3.3322752889685185,2.525476727603429,2.5537447428299194,2.067195331388043,0.07043266457849026,0.05993060571336486,-0.7882554035946053,2.371171635322874
