Category,Company,Data Shape,Timesteps,Features,Model,Cross Validation,Cross Validation Params,RMSE Train,RMSE Train,MAE Train,MAE Train,MAPE Train,MAPE Train,R2 Train,R2 Train,RMSE Test,RMSE Test,MAE Test,MAE Test,MAPE Test,MAPE Test,R2 Test,R2 Test
,,,,,,,,mean,std,mean,std,mean,std,mean,std,mean,std,mean,std,mean,std,mean,std
Local Model,209,"(708, 10)",,Chemical,Random Forest,Blocking Time Series Split,"{""N_Splits"": 5, ""Repeats"": 1, ""train_size"": 0.8}",0.7401449919885362,0.2479578903099768,0.5455941302515384,0.19264225778101748,0.014602947885770915,0.004941215435191686,0.9321638336907491,0.04320450033131937,1.4626390775906957,0.6452311526706329,1.179913262288506,0.5788139578101147,0.031993673708467646,0.01633146853759059,0.641833142955807,0.277424412345038
Local Model,209,"(708, 10)",,Chemical,Random Forest,Out of time Split,"{""Test Size"": 0.2}",0.8622837328791723,0.0,0.6009631860083353,0.0,0.016155722198432653,0.0,0.917488293012469,0.0,1.885996142756899,0.0,1.4864484372991613,0.0,0.03856249873391626,0.0,0.6061267939206135,0.0
Local Model,209,"(708, 10)",,Chemical,Random Forest,Repeated KFold,"{""N_Splits"": 5, ""Repeats"": 3}",0.9967498466648747,0.02376319997692321,0.7131002470571904,0.019819104245288214,0.018981286114783537,0.0005356146932838412,0.8963144497000075,0.004735534789594456,1.117882100634998,0.0788133563947808,0.7925227626725059,0.05764888194064955,0.021100371462185973,0.0015325666936142881,0.8686711900806648,0.01772053608662578
Local Model,209,"(708, 10)",,Chemical,Random Forest,Time Series Split,"{""N_Splits"": 5, ""Repeats"": 1, ""Gap"": 0}",0.7861888551820255,0.05786852551433302,0.5694839604830825,0.034922154609566165,0.015459124774399396,0.0008651929127141072,0.9335151631932224,0.011527315764865518,1.3283064105728006,0.29631433563526643,1.038071569565421,0.24083238361220935,0.02756362900616479,0.00584404493561385,0.7842858996344366,0.08229393816482554
