Category,Company,Data Shape,Timesteps,Features,Model,Cross Validation,Cross Validation Params,RMSE Train,RMSE Train,MAE Train,MAE Train,MAPE Train,MAPE Train,R2 Train,R2 Train,RMSE Test,RMSE Test,MAE Test,MAE Test,MAPE Test,MAPE Test,R2 Test,R2 Test
,,,,,,,,mean,std,mean,std,mean,std,mean,std,mean,std,mean,std,mean,std,mean,std
Local Model,209,"(708, 17)",,Chemical + Physical,Random Forest,Blocking Time Series Split,"{""N_Splits"": 5, ""Repeats"": 1, ""train_size"": 0.8}",0.5795254932310354,0.15288784471696087,0.4351270273750993,0.10501038172094353,0.011781687420142257,0.0026811505509287594,0.9594515515472244,0.021883473857027907,1.0078931453323041,0.34847362787833247,0.7770543339977359,0.3486247453942616,0.020755057410904495,0.008706453287766834,0.8474780178228238,0.0838503749359079
Local Model,209,"(708, 17)",,Chemical + Physical,Random Forest,Out of time Split,"{""Test Size"": 0.2}",0.7002803551797787,0.0,0.5240650369832014,0.0,0.014200983549099074,0.0,0.9455799329888923,0.0,1.7010467164991812,0.0,1.2453774666042057,0.0,0.03224263762917632,0.0,0.6795890720407723,0.0
Local Model,209,"(708, 17)",,Chemical + Physical,Random Forest,Repeated KFold,"{""N_Splits"": 5, ""Repeats"": 3}",0.8279898477071791,0.019068177907747782,0.600447492581256,0.011927955324958146,0.01609606653887187,0.00032607961785972715,0.9284383179053799,0.003549551801299344,0.9436739591442549,0.0847539388080957,0.6712606138169253,0.05470854599344852,0.01799062770165976,0.001489005596898971,0.9058006741362773,0.017729463464005425
Local Model,209,"(708, 17)",,Chemical + Physical,Random Forest,Time Series Split,"{""N_Splits"": 5, ""Repeats"": 1, ""Gap"": 0}",0.614608608101678,0.05303157368959058,0.46357093636879537,0.03863225898966248,0.012667773189334808,0.0009527811197024389,0.9591483976119234,0.008922576313945245,1.0658581242493077,0.32898774303907447,0.8012367060731688,0.2294047799372092,0.02118163807620299,0.0057103715353153004,0.8543086317980139,0.07571916538889195
