Category,Company,Data Shape,Timesteps,Features,Model,Cross Validation,Cross Validation Params,RMSE Train,RMSE Train,MAE Train,MAE Train,MAPE Train,MAPE Train,R2 Train,R2 Train,RMSE Test,RMSE Test,MAE Test,MAE Test,MAPE Test,MAPE Test,R2 Test,R2 Test
,,,,,,,,mean,std,mean,std,mean,std,mean,std,mean,std,mean,std,mean,std,mean,std
Local Model,209,"(708, 13)",,Chemical + Feature Engineering,Random Forest,Blocking Time Series Split,"{""N_Splits"": 5, ""Repeats"": 1, ""train_size"": 0.8}",0.734287693214347,0.24547975356774349,0.5400230792525078,0.19006608385477683,0.01445628209996575,0.004882146995480755,0.9333062839536351,0.044133185781699814,1.4466818265295576,0.5669731762829162,1.1689439068351621,0.5079693848797865,0.03157481938147537,0.014255061270151748,0.6620259605635325,0.23416610054350226
Local Model,209,"(708, 13)",,Chemical + Feature Engineering,Random Forest,Out of time Split,"{""Test Size"": 0.2}",0.8589764326596244,0.0,0.5983037458636127,0.0,0.01607933904546734,0.0,0.9181200285719501,0.0,1.8894991828878869,0.0,1.4933755950637828,0.0,0.03877302612653444,0.0,0.6046622787076819,0.0
Local Model,209,"(708, 13)",,Chemical + Feature Engineering,Random Forest,Repeated KFold,"{""N_Splits"": 5, ""Repeats"": 3}",0.9782821180140768,0.02094609561931491,0.6972237864999067,0.017924840732881975,0.01856695746456231,0.00048127972678601417,0.9001313182664777,0.004088277321029853,1.1027228771620223,0.08486122285457298,0.7743212948363116,0.059770082364989846,0.020631038844098316,0.0016131420628407922,0.8719927570112792,0.019426151142156792
Local Model,209,"(708, 13)",,Chemical + Feature Engineering,Random Forest,Time Series Split,"{""N_Splits"": 5, ""Repeats"": 1, ""Gap"": 0}",0.7949355210706041,0.05494571112560655,0.5718200188094157,0.03738234875841506,0.015506164589425567,0.0009641156570175661,0.9321483474220624,0.010741984680972243,1.3550352484768273,0.2739298912332503,1.0301943859535276,0.22101915311048467,0.027304815730501576,0.005395199659225723,0.777934355916629,0.07384287096408719
