Category,Company,Data Shape,Timesteps,Features,Model,Cross Validation,Cross Validation Params,RMSE Train,RMSE Train,MAE Train,MAE Train,MAPE Train,MAPE Train,R2 Train,R2 Train,RMSE Test,RMSE Test,MAE Test,MAE Test,MAPE Test,MAPE Test,R2 Test,R2 Test
,,,,,,,,mean,std,mean,std,mean,std,mean,std,mean,std,mean,std,mean,std,mean,std
Local Model,209,"(708, 15)",,Chemical + Properties CS Less,XGBoost,Blocking Time Series Split,"{""N_Splits"": 5, ""Repeats"": 1, ""train_size"": 0.8}",0.8272790855300117,0.15688808376481678,0.6314945016588502,0.11772417422741432,0.017051206135882797,0.0028412169319495203,0.9215146676475718,0.02765104705534327,1.8022086363948453,0.7911989857607558,1.3443885540140024,0.5746989577757939,0.0361273797514419,0.01664579572853211,0.45432497392775495,0.4922133373341216
Local Model,209,"(708, 15)",,Chemical + Properties CS Less,XGBoost,Out of time Split,"{""Test Size"": 0.2}",0.9430465994570374,0.0,0.6980618722868469,0.0,0.019004899560702178,0.0,0.9013081040284324,0.0,1.8916561762660002,0.0,1.5122868712519246,0.0,0.03908527727941679,0.0,0.6037591530690363,0.0
Local Model,209,"(708, 15)",,Chemical + Properties CS Less,XGBoost,Repeated KFold,"{""N_Splits"": 5, ""Repeats"": 3}",1.0666710626314213,0.019888665225871252,0.8024687033222421,0.01533407205696456,0.021624819384610208,0.000404730327964981,0.8812805185043527,0.004241479358766137,1.1871311307582768,0.07587148730597017,0.8849892988907679,0.05066014428095666,0.023839466814631362,0.0014141418741521353,0.8522477926749851,0.015753245491973634
Local Model,209,"(708, 15)",,Chemical + Properties CS Less,XGBoost,Time Series Split,"{""N_Splits"": 5, ""Repeats"": 1, ""Gap"": 0}",0.8919944070604892,0.0447118020926738,0.6630795836583372,0.036254397926424514,0.018093664786355445,0.0009579400512702775,0.9147893143083105,0.010812415959577444,1.2551863734612825,0.40435768737384004,0.9754615913003178,0.3425669706438162,0.026271793168959872,0.00846599602163536,0.8040714678677114,0.10932340673176527
