Category,Company,Data Shape,Timesteps,Features,Model,Cross Validation,Cross Validation Params,RMSE Train,RMSE Train,MAE Train,MAE Train,MAPE Train,MAPE Train,R2 Train,R2 Train,RMSE Test,RMSE Test,MAE Test,MAE Test,MAPE Test,MAPE Test,R2 Test,R2 Test
,,,,,,,,mean,std,mean,std,mean,std,mean,std,mean,std,mean,std,mean,std,mean,std
Local Model,209,"(708, 12)",,Chemical + CS3 + CS7,XGBoost,Blocking Time Series Split,"{""N_Splits"": 5, ""Repeats"": 1, ""train_size"": 0.8}",0.7412325585873312,0.07231970809868296,0.5723289694104904,0.04103939125314686,0.015554383555460283,0.0009224390794263426,0.9379878621460254,0.010879448213121602,1.4950012648894677,0.6539690757205163,1.1213474668305459,0.4398128934783396,0.030184104780521602,0.012537437185750252,0.6231271916663313,0.35510357663488534
Local Model,209,"(708, 12)",,Chemical + CS3 + CS7,XGBoost,Out of time Split,"{""Test Size"": 0.2}",0.8414877031309989,0.0,0.6510503586947711,0.0,0.017734581210815604,0.0,0.9214202336141896,0.0,1.6191117092167961,0.0,1.2377475147515946,0.0,0.03173983061032485,0.0,0.7097124132824085,0.0
Local Model,209,"(708, 12)",,Chemical + CS3 + CS7,XGBoost,Repeated KFold,"{""N_Splits"": 5, ""Repeats"": 3}",0.9399110226005258,0.013374856649617992,0.7306087519017,0.010265922273454117,0.019775333901062946,0.0002773142211687246,0.9078214262943156,0.0028708473008849027,1.05782973360554,0.06779405425063136,0.8030227341812428,0.04415418108545696,0.021696104848605176,0.001213342553152127,0.8824498935783931,0.014535890077534868
Local Model,209,"(708, 12)",,Chemical + CS3 + CS7,XGBoost,Time Series Split,"{""N_Splits"": 5, ""Repeats"": 1, ""Gap"": 0}",0.7990891034199594,0.029922662816428455,0.6096165141951575,0.03168967195359383,0.016621169358640324,0.0008764583357907795,0.9316255693393865,0.007850416489230143,1.1986966158224306,0.3475971288827814,0.8805523629915923,0.2861663274748702,0.023215493517789558,0.0071183598702815615,0.8257518522746861,0.07803415518557148
