Category,Company,Data Shape,Timesteps,Features,Model,Cross Validation,Cross Validation Params,RMSE Train,RMSE Train,MAE Train,MAE Train,MAPE Train,MAPE Train,R2 Train,R2 Train,RMSE Test,RMSE Test,MAE Test,MAE Test,MAPE Test,MAPE Test,R2 Test,R2 Test
,,,,,,,,mean,std,mean,std,mean,std,mean,std,mean,std,mean,std,mean,std,mean,std
Local Model,209,"(708, 11)",,Chemical + CS7,XGBoost,Blocking Time Series Split,"{""N_Splits"": 5, ""Repeats"": 1, ""train_size"": 0.8}",0.7539863511458982,0.06827969489187981,0.5768860340118429,0.0415521222073247,0.015669260369310982,0.0009482984081982836,0.9358781878041571,0.010468518067065414,1.4556046680267003,0.5596867785553691,1.0908373339422788,0.4103513373117334,0.02929771721955231,0.011538675279678239,0.6573449095917179,0.2793424817955678
Local Model,209,"(708, 11)",,Chemical + CS7,XGBoost,Out of time Split,"{""Test Size"": 0.2}",0.8454466373557448,0.0,0.6566610370002454,0.0,0.017889927103636002,0.0,0.9206791082940617,0.0,1.6409249703297009,0.0,1.255862276319047,0.0,0.032264025838533245,0.0,0.7018380051191829,0.0
Local Model,209,"(708, 11)",,Chemical + CS7,XGBoost,Repeated KFold,"{""N_Splits"": 5, ""Repeats"": 3}",0.9447940354875863,0.014835755001368852,0.7334318574908913,0.012183336895277449,0.01984747683501921,0.0003339659938200772,0.9068591771026766,0.0030966203362355277,1.0538556448497949,0.06367598323228052,0.8024257285466412,0.04601063357290557,0.021686729291391416,0.001278821556073609,0.8833828753336709,0.013624244605492402
Local Model,209,"(708, 11)",,Chemical + CS7,XGBoost,Time Series Split,"{""N_Splits"": 5, ""Repeats"": 1, ""Gap"": 0}",0.8049143563352359,0.02731343658078341,0.6128177820625956,0.03071721618211167,0.01670672714731457,0.0008505344175580968,0.9306579098569909,0.007479086019307651,1.1793028203122773,0.3576153416863005,0.8764545828609152,0.2855697195612821,0.023168218563090943,0.007101150848738201,0.8311431196103664,0.07859328898374585
