Category,Company,Data Shape,Timesteps,Features,Model,Cross Validation,Cross Validation Params,RMSE Train,RMSE Train,MAE Train,MAE Train,MAPE Train,MAPE Train,R2 Train,R2 Train,RMSE Test,RMSE Test,MAE Test,MAE Test,MAPE Test,MAPE Test,R2 Test,R2 Test
,,,,,,,,mean,std,mean,std,mean,std,mean,std,mean,std,mean,std,mean,std,mean,std
Local Model,209,"(708, 11)",,Chemical + CS3,XGBoost,Blocking Time Series Split,"{""N_Splits"": 5, ""Repeats"": 1, ""train_size"": 0.8}",0.8042412435994952,0.10776321253227705,0.619571903773718,0.08344397437810512,0.016776510712362264,0.0020177221209431093,0.9264991300455625,0.017641460658564662,1.480198539610726,0.46262243242741297,1.1372454939217351,0.3795399224025753,0.030441313305857608,0.010192024900333876,0.6669149002811151,0.18579283278567768
Local Model,209,"(708, 11)",,Chemical + CS3,XGBoost,Out of time Split,"{""Test Size"": 0.2}",0.915548245615324,0.0,0.6822724628785477,0.0,0.01854095871110872,0.0,0.9069797172969529,0.0,1.822234201082812,0.0,1.4397963402976457,0.0,0.03698621526980153,0.0,0.6323088093728749,0.0
Local Model,209,"(708, 11)",,Chemical + CS3,XGBoost,Repeated KFold,"{""N_Splits"": 5, ""Repeats"": 3}",1.0326204625749833,0.014341746126673235,0.7858922789444484,0.012545718638985385,0.021164312150995748,0.0003393279975571319,0.8887532717907671,0.002981005202596872,1.139623881671862,0.07288818596172128,0.8546414985716436,0.05260137039227382,0.022994076805240272,0.001478767251686366,0.8637564556507883,0.015305276435431201
Local Model,209,"(708, 11)",,Chemical + CS3,XGBoost,Time Series Split,"{""N_Splits"": 5, ""Repeats"": 1, ""Gap"": 0}",0.8812554431129268,0.044461797970820366,0.6554308676854369,0.03754080872300733,0.01785631413879043,0.000985132002010651,0.9168323172524872,0.01054313811503333,1.2253083300208671,0.4497226473138473,0.9249256651280289,0.3716059196896714,0.024558706710268115,0.009276049280692042,0.806824701211885,0.12312216452961121
