Category,Company,Data Shape,Timesteps,Features,Model,Cross Validation,Cross Validation Params,RMSE Train,RMSE Train,MAE Train,MAE Train,MAPE Train,MAPE Train,R2 Train,R2 Train,RMSE Test,RMSE Test,MAE Test,MAE Test,MAPE Test,MAPE Test,R2 Test,R2 Test
,,,,,,,,mean,std,mean,std,mean,std,mean,std,mean,std,mean,std,mean,std,mean,std
Local Model,209,"(708, 17)",,Chemical + Physical,XGBoost,Blocking Time Series Split,"{""N_Splits"": 5, ""Repeats"": 1, ""train_size"": 0.8}",0.7354653804712081,0.07053839845332253,0.5699916907719226,0.04561625161713199,0.015480869244955179,0.0010406248663297516,0.9389665241982789,0.010432955203503144,1.4976335837161256,0.6413258427451314,1.116467179923219,0.41621606001745487,0.030042993057712027,0.011983471927202283,0.6243146225340542,0.3464541813649249
Local Model,209,"(708, 17)",,Chemical + Physical,XGBoost,Out of time Split,"{""Test Size"": 0.2}",0.8297159437988596,0.0,0.6437083267912849,0.0,0.017543053846636243,0.0,0.9236033954703518,0.0,1.6472399720664783,0.0,1.2655399483694156,0.0,0.03243255044357827,0.0,0.6995386719366921,0.0
Local Model,209,"(708, 17)",,Chemical + Physical,XGBoost,Repeated KFold,"{""N_Splits"": 5, ""Repeats"": 3}",0.9387878835969422,0.013513960781744733,0.7285746458354172,0.011520888169728058,0.019722191992109984,0.0003112091210743492,0.9080408257413732,0.0029093393369663567,1.0590311361780036,0.06310194458966988,0.8052981532021313,0.04211286355791256,0.02177298025962977,0.0011712025334525602,0.882235798229989,0.01361251824735806
Local Model,209,"(708, 17)",,Chemical + Physical,XGBoost,Time Series Split,"{""N_Splits"": 5, ""Repeats"": 1, ""Gap"": 0}",0.7911028434419374,0.031623276214927394,0.6052688595400022,0.031875933392249055,0.01650058198307085,0.0008739515548623184,0.9329910311398548,0.007812739401782237,1.179495435991035,0.3317479472684071,0.8586206791764617,0.28314236496897427,0.02270544903715046,0.0069998424967051874,0.8304029400614745,0.07740924124547949
