Category,Company,Data Shape,Timesteps,Features,Model,Cross Validation,Cross Validation Params,RMSE Train,RMSE Train,MAE Train,MAE Train,MAPE Train,MAPE Train,R2 Train,R2 Train,RMSE Test,RMSE Test,MAE Test,MAE Test,MAPE Test,MAPE Test,R2 Test,R2 Test
,,,,,,,,mean,std,mean,std,mean,std,mean,std,mean,std,mean,std,mean,std,mean,std
Local Model,209,"(294, 12)",,Chemical + CS7,Decision Tree,Blocking Time Series Split,"{""N_Splits"": 5, ""Repeats"": 1, ""train_size"": 0.8}",0.7712177770140054,0.18305714631427816,0.5844781168256411,0.14169889576408756,0.012064941218956347,0.003156504274646648,0.7421724071686169,0.08043123515244585,1.380030563432573,0.2939660969423783,1.1493935111156475,0.2089867562981792,0.022862267952705337,0.003913499731685983,-0.34053134258537615,0.4248494422864505
Local Model,209,"(294, 12)",,Chemical + CS7,Decision Tree,Out of time Split,"{""Test Size"": 0.2}",1.0676232642332166,0.0,0.848669672849898,0.0,0.017175825544790503,0.0,0.6484371807151317,0.0,1.7306584242289027,0.0,1.3958597611716412,0.0,0.029831872789994364,0.0,0.10873782582239544,0.0
Local Model,209,"(294, 12)",,Chemical + CS7,Decision Tree,Repeated KFold,"{""N_Splits"": 5, ""Repeats"": 3}",1.2341066847908242,0.14176591834486804,0.9623346477202582,0.09468357622479999,0.019700106552702535,0.0020104866151153824,0.572798533661939,0.09805461526460683,1.393886061784157,0.1466146712095875,1.1138858685073882,0.11979406384924227,0.022794886637497628,0.0024418286121745602,0.4445185012769868,0.08508546969769665
Local Model,209,"(294, 12)",,Chemical + CS7,Decision Tree,Time Series Split,"{""N_Splits"": 5, ""Repeats"": 1, ""Gap"": 0}",0.9512029326005994,0.2068322653253189,0.7445600731818333,0.16570169032213414,0.015083095718521355,0.0032608122514595746,0.7274165059088323,0.08315506398904601,1.674356659245202,0.4542331281683491,1.3695232288092025,0.41632571953917263,0.027833375100727274,0.007871375633931742,-0.36406218996170664,1.0642010403563154
