Category,Company,Data Shape,Timesteps,Features,Model,Cross Validation,Cross Validation Params,RMSE Train,RMSE Train,MAE Train,MAE Train,MAPE Train,MAPE Train,R2 Train,R2 Train,RMSE Test,RMSE Test,MAE Test,MAE Test,MAPE Test,MAPE Test,R2 Test,R2 Test
,,,,,,,,mean,std,mean,std,mean,std,mean,std,mean,std,mean,std,mean,std,mean,std
Local Model,209,"(294, 13)",,Chemical + CS3 + CS7,Linear Regression,Blocking Time Series Split,"{""N_Splits"": 5, ""Repeats"": 1, ""train_size"": 0.8}",0.807883314434843,0.12274980337610202,0.6354778201978083,0.08302999766229072,0.013014342407859009,0.0015642522334233912,0.7115720473670926,0.08905087092235622,1.280670957082006,0.3002214703502267,1.0662791750160834,0.22284443376499777,0.02127166435572017,0.004148382155475065,-0.3069244318713018,0.7236605365331374
Local Model,209,"(294, 13)",,Chemical + CS3 + CS7,Linear Regression,Out of time Split,"{""Test Size"": 0.2}",1.071065106687411,0.0,0.8352197908382206,0.0,0.016908070143132798,0.0,0.6461667650420827,0.0,1.4050862159999153,0.0,1.1604109592831116,0.0,0.024581416338679326,0.0,0.41252593273171434,0.0
Local Model,209,"(294, 13)",,Chemical + CS3 + CS7,Linear Regression,Repeated KFold,"{""N_Splits"": 5, ""Repeats"": 3}",1.0634708776550688,0.02034766871584737,0.8402132516215685,0.016676109779319714,0.017118813783924172,0.0003349195798680638,0.6872019954206032,0.012936632574260311,1.1335714616600538,0.07857320055241448,0.8959134495829275,0.0653127925655651,0.018252398734705456,0.0013121267685308148,0.6287625009785603,0.06786184702487466
Local Model,209,"(294, 13)",,Chemical + CS3 + CS7,Linear Regression,Time Series Split,"{""N_Splits"": 5, ""Repeats"": 1, ""Gap"": 0}",0.9656335379179388,0.15701700849782876,0.7486593596181711,0.11030331624896487,0.015198105682640194,0.0021188752204699137,0.7220457031863207,0.05793325389226962,1.3760890084925044,0.2531079656992807,1.1209250756627032,0.23910261049751766,0.0229098215471114,0.00502817768950213,0.19119027708785044,0.40275726507132237
