Category,Company,Data Shape,Timesteps,Features,Model,Cross Validation,Cross Validation Params,RMSE Train,RMSE Train,MAE Train,MAE Train,MAPE Train,MAPE Train,R2 Train,R2 Train,RMSE Test,RMSE Test,MAE Test,MAE Test,MAPE Test,MAPE Test,R2 Test,R2 Test
,,,,,,,,mean,std,mean,std,mean,std,mean,std,mean,std,mean,std,mean,std,mean,std
Local Model,209,"(294, 12)",,Chemical + CS7,Linear Regression,Blocking Time Series Split,"{""N_Splits"": 5, ""Repeats"": 1, ""train_size"": 0.8}",0.8492349519373323,0.11031219778046249,0.676902557151077,0.07777081238434211,0.01386072704892087,0.001575376688267117,0.6843286711291258,0.07640414419792772,1.3073279941664107,0.3684852444181274,1.0727204942664146,0.2751360709692158,0.02135661648259434,0.004977112154469524,-0.4254724066206693,0.9451559154028485
Local Model,209,"(294, 12)",,Chemical + CS7,Linear Regression,Out of time Split,"{""Test Size"": 0.2}",1.099569624366181,0.0,0.8541591462436605,0.0,0.017294020423629146,0.0,0.6270828565536788,0.0,1.497267291301917,0.0,1.2386542324637746,0.0,0.026274322403587097,0.0,0.3329146113936108,0.0
Local Model,209,"(294, 12)",,Chemical + CS7,Linear Regression,Repeated KFold,"{""N_Splits"": 5, ""Repeats"": 3}",1.0907741554698769,0.02010545417748838,0.856591030501349,0.019751392262135233,0.01745689331075457,0.0003970169390717171,0.6709856669993975,0.01203406339192831,1.162446579917494,0.0783624121997507,0.9137550156439456,0.06996250165270772,0.018617911716916388,0.0014048257947470652,0.6102513097704005,0.06762676337994926
Local Model,209,"(294, 12)",,Chemical + CS7,Linear Regression,Time Series Split,"{""N_Splits"": 5, ""Repeats"": 1, ""Gap"": 0}",0.9892108061414143,0.1491846807484555,0.7662568357248375,0.10422516474997454,0.015557732357972781,0.0020005919313962122,0.7083905958566331,0.05582517234404046,1.3624037908433762,0.21049890261886972,1.083328588262182,0.19949214578330482,0.022154884544375586,0.004418398188808724,0.23244728011567517,0.2901598529666502
