Category,Company,Data Shape,Timesteps,Features,Model,Cross Validation,Cross Validation Params,RMSE Train,RMSE Train,MAE Train,MAE Train,MAPE Train,MAPE Train,R2 Train,R2 Train,RMSE Test,RMSE Test,MAE Test,MAE Test,MAPE Test,MAPE Test,R2 Test,R2 Test
,,,,,,,,mean,std,mean,std,mean,std,mean,std,mean,std,mean,std,mean,std,mean,std
Local Model,209,"(294, 14)",,Chemical + Feature Engineering,Linear Regression,Blocking Time Series Split,"{""N_Splits"": 5, ""Repeats"": 1, ""train_size"": 0.8}",0.9345039464679662,0.14449017632026492,0.7568235672165,0.12469517816757598,0.015549508714842824,0.002683433935174955,0.6247006740482197,0.06247657271222461,2.5153620571652495,1.411029740788763,1.9849762333478709,1.08880108572997,0.03940793544393996,0.02079559373470105,-4.288404536445489,3.886167954340809
Local Model,209,"(294, 14)",,Chemical + Feature Engineering,Linear Regression,Out of time Split,"{""Test Size"": 0.2}",1.4049696518288146,0.0,1.1349742798100493,0.0,0.022972546624828977,0.0,0.39116337811147495,0.0,2.238259931185473,0.0,1.7619951362768567,0.0,0.03774561048155097,0.0,-0.49074648499477136,0.0
Local Model,209,"(294, 14)",,Chemical + Feature Engineering,Linear Regression,Repeated KFold,"{""N_Splits"": 5, ""Repeats"": 3}",1.459870050555498,0.029453209515753618,1.1923609036996246,0.026834628177100604,0.024351511709856367,0.0005494466995163697,0.4108556242488918,0.016383527285651654,1.5645718092111123,0.12025023735281068,1.287890559764858,0.11491832495603774,0.026297576646692168,0.002362939899342085,0.2976051289636511,0.1095617784738536
Local Model,209,"(294, 14)",,Chemical + Feature Engineering,Linear Regression,Time Series Split,"{""N_Splits"": 5, ""Repeats"": 1, ""Gap"": 0}",1.2085598631440058,0.2588189255765673,0.972273290377298,0.20402647589114212,0.019741939322936247,0.004033707417558524,0.5589317485818952,0.14016223838987873,2.113631990609707,0.4029891681136778,1.6952377903492615,0.33475451653740085,0.03454737163556475,0.007346309500033066,-0.8459273240366659,0.8026813066248747
