Category,Company,Data Shape,Timesteps,Features,Model,Cross Validation,Cross Validation Params,RMSE Train,RMSE Train,MAE Train,MAE Train,MAPE Train,MAPE Train,R2 Train,R2 Train,RMSE Test,RMSE Test,MAE Test,MAE Test,MAPE Test,MAPE Test,R2 Test,R2 Test
,,,,,,,,mean,std,mean,std,mean,std,mean,std,mean,std,mean,std,mean,std,mean,std
Local Model,209,"(294, 16)",,Chemical + Properties CS Less,Linear Regression,Blocking Time Series Split,"{""N_Splits"": 5, ""Repeats"": 1, ""train_size"": 0.8}",0.8749621030631303,0.18135667089838495,0.7022584231460847,0.14924280094011705,0.014415369222600938,0.0031266741913325404,0.6735623823749415,0.07394852585149393,1.787290620433188,0.8863432764250306,1.5497044049659088,0.8026942346274234,0.030698684081531046,0.015100242845342298,-1.8015066523067613,2.3611860243658938
Local Model,209,"(294, 16)",,Chemical + Properties CS Less,Linear Regression,Out of time Split,"{""Test Size"": 0.2}",1.392612042830946,0.0,1.1305034530980316,0.0,0.022887743683550864,0.0,0.4018264934872039,0.0,2.188774916138791,0.0,1.7769823498445543,0.0,0.03799057503645118,0.0,-0.4255582232124646,0.0
Local Model,209,"(294, 16)",,Chemical + Properties CS Less,Linear Regression,Repeated KFold,"{""N_Splits"": 5, ""Repeats"": 3}",1.429739919848949,0.027163105444229178,1.1651030635216622,0.025431481497460415,0.023787237609688795,0.0005257501994754548,0.43492541899350895,0.01474683952642658,1.5498613029673265,0.10879136357885931,1.2774612561907797,0.10505003618139368,0.02606870160777558,0.002190014948685652,0.31233060638041293,0.08616727834195623
Local Model,209,"(294, 16)",,Chemical + Properties CS Less,Linear Regression,Time Series Split,"{""N_Splits"": 5, ""Repeats"": 1, ""Gap"": 0}",1.1714633298611614,0.28055499627752684,0.9398401742220793,0.22906459514359398,0.019069304466741516,0.004548755802582644,0.5830584142746418,0.1478414228688679,2.026803829561903,0.3881004490647303,1.6429701264662377,0.33066627460805975,0.0334207558240469,0.006702688074920717,-0.7502282321644671,0.9313070072584213
