Category,Company,Data Shape,Timesteps,Features,Model,Cross Validation,Cross Validation Params,RMSE Train,RMSE Train,MAE Train,MAE Train,MAPE Train,MAPE Train,R2 Train,R2 Train,RMSE Test,RMSE Test,MAE Test,MAE Test,MAPE Test,MAPE Test,R2 Test,R2 Test
,,,,,,,,mean,std,mean,std,mean,std,mean,std,mean,std,mean,std,mean,std,mean,std
Local Model,209,"(294, 12)",,Chemical + CS7,MLP,Blocking Time Series Split,"{""N_Splits"": 5, ""Repeats"": 3, ""train_size"": 0.8}",19.52531771563954,3.3589414429661635,17.639148543537527,3.6366044946234863,0.36123793816902905,0.07323731471819503,-172.51069901181887,69.50963277280691,21.786877527738092,7.595835796358164,20.124232954449123,8.16269716967259,0.40105019214479004,0.15995851981513642,-453.17968999075634,440.6525017949024
Local Model,209,"(294, 12)",,Chemical + CS7,MLP,Out of time Split,"{""Test Size"": 0.2}",3.8592360456222807,0.6155335507013419,3.149790261992326,0.5176607184896681,0.06375256767280423,0.01054797775741035,-3.7106345711181947,1.5458136762685344,16.497684123755807,0.9275463805859356,11.99373348257636,0.6765655000454861,0.2541460082330639,0.014549010303930115,-80.24550903491604,9.066995869974141
Local Model,209,"(294, 12)",,Chemical + CS7,MLP,Repeated KFold,"{""N_Splits"": 5, ""Repeats"": 3}",4.215473474762577,0.4282180800788014,3.353150903732276,0.3385326960704221,0.06836995145999049,0.00689129831719215,-3.976901113876343,1.0721811158897383,5.312166322389976,1.093165217798404,4.193226647509856,0.8923100380929898,0.08559551194579731,0.018412506264133988,-7.23367261064657,2.95807619494923
Local Model,209,"(294, 12)",,Chemical + CS7,MLP,Time Series Split,"{""N_Splits"": 5, ""Repeats"": 3, ""Gap"": 0}",7.816782725921943,3.9318158759300603,6.248273754059322,3.302117931196654,0.12729018066952064,0.06861097623985694,-24.948291652528425,30.42963440643889,12.689165146270946,5.1123433037886405,10.49166163230429,4.683299758590455,0.21244026385166895,0.09014835622338797,-84.49568489065562,89.38166256244332
