Category,Company,Data Shape,Timesteps,Features,Model,Cross Validation,Cross Validation Params,RMSE Train,RMSE Train,MAE Train,MAE Train,MAPE Train,MAPE Train,R2 Train,R2 Train,RMSE Test,RMSE Test,MAE Test,MAE Test,MAPE Test,MAPE Test,R2 Test,R2 Test
,,,,,,,,mean,std,mean,std,mean,std,mean,std,mean,std,mean,std,mean,std,mean,std
Local Model,209,"(294, 18)",,Chemical + Physical,Random Forest,Blocking Time Series Split,"{""N_Splits"": 5, ""Repeats"": 1, ""train_size"": 0.8}",0.6981215687458485,0.09173650468326247,0.5456254344590544,0.0672246291392698,0.011198867419991864,0.0012292989922892965,0.7812927386258223,0.07202676665824893,1.4586299125522402,0.3798542573907544,1.2368398148349238,0.3540506418638521,0.02466538382255446,0.006766041498515144,-0.5550988264431649,0.7068057059787615
Local Model,209,"(294, 18)",,Chemical + Physical,Random Forest,Out of time Split,"{""Test Size"": 0.2}",0.9963974381566696,0.0,0.7980766083925128,0.0,0.016203008445910744,0.0,0.6937810341565509,0.0,1.5116577554209782,0.0,1.2298540776399687,0.0,0.026288171803627816,0.0,0.32003007121448823,0.0
Local Model,209,"(294, 18)",,Chemical + Physical,Random Forest,Repeated KFold,"{""N_Splits"": 5, ""Repeats"": 3}",1.0140608634201114,0.02874831140634418,0.8018443435833068,0.022025735164990325,0.01634796900810392,0.00045008050514570933,0.715455014001804,0.016886502398616315,1.2220636050086995,0.10926481224146627,0.9677686404617784,0.09586468371901848,0.019733978467028776,0.0019842115674995548,0.5701759042064972,0.07974291781905386
Local Model,209,"(294, 18)",,Chemical + Physical,Random Forest,Time Series Split,"{""N_Splits"": 5, ""Repeats"": 1, ""Gap"": 0}",0.8759434290768183,0.1771710731598098,0.6959901667878642,0.1296254528595304,0.014118332193549849,0.002536940035720915,0.7694786459130107,0.06570559943291471,1.5666365141066216,0.3963834996474076,1.266930577916344,0.36542864123175167,0.025759660167372505,0.006828385306872288,-0.16359511364686538,0.8830935435675186
