Category,Company,Data Shape,Timesteps,Features,Model,Cross Validation,Cross Validation Params,RMSE Train,RMSE Train,MAE Train,MAE Train,MAPE Train,MAPE Train,R2 Train,R2 Train,RMSE Test,RMSE Test,MAE Test,MAE Test,MAPE Test,MAPE Test,R2 Test,R2 Test
,,,,,,,,mean,std,mean,std,mean,std,mean,std,mean,std,mean,std,mean,std,mean,std
Local Model,209,"(294, 11)",,Chemical,XGBoost,Blocking Time Series Split,"{""N_Splits"": 5, ""Repeats"": 1, ""train_size"": 0.8}",0.6906016314821132,0.10814964244029707,0.5519976342242697,0.08956855729286883,0.011311081612810105,0.001729605636805364,0.7901554740483275,0.0599269104629257,1.8463291972339682,0.4307138164668692,1.6400023269653317,0.36812019412971725,0.032626663665308614,0.006736963503780506,-1.7673516986718627,1.6735739339996416
Local Model,209,"(294, 11)",,Chemical,XGBoost,Out of time Split,"{""Test Size"": 0.2}",1.191209646170465,0.0,0.9741458779192985,0.0,0.019736836795013868,0.0,0.5623335220155239,0.0,2.156446274327796,0.0,1.7090439618644064,0.0,0.036670545126876966,0.0,-0.3837576630260078,0.0
Local Model,209,"(294, 11)",,Chemical,XGBoost,Repeated KFold,"{""N_Splits"": 5, ""Repeats"": 3}",1.2365924298085502,0.03197551550847714,1.0124682281811457,0.03198638843837286,0.02066719231481182,0.000663491441520956,0.5772251750148835,0.01685801999105695,1.5492733650594048,0.11996068096283499,1.2666496082887808,0.1254976300437063,0.025847903866394295,0.0026028216025748858,0.3149048756054812,0.07027468463465822
Local Model,209,"(294, 11)",,Chemical,XGBoost,Time Series Split,"{""N_Splits"": 5, ""Repeats"": 1, ""Gap"": 0}",1.0056663397198309,0.23500295498532245,0.812658846692974,0.18848743630643788,0.01648732431437748,0.003747322707539339,0.6924742271879184,0.10953499827759473,2.0006452117778077,0.28674282727360395,1.6586498276068238,0.2664826881978712,0.03383437801508613,0.004881778666218594,-0.6995413409110132,0.8285216482649264
