Category,Company,Data Shape,Timesteps,Features,Model,Cross Validation,Cross Validation Params,RMSE Train,RMSE Train,MAE Train,MAE Train,MAPE Train,MAPE Train,R2 Train,R2 Train,RMSE Test,RMSE Test,MAE Test,MAE Test,MAPE Test,MAPE Test,R2 Test,R2 Test
,,,,,,,,mean,std,mean,std,mean,std,mean,std,mean,std,mean,std,mean,std,mean,std
Local Model,209,"(294, 18)",,Chemical + Physical,XGBoost,Blocking Time Series Split,"{""N_Splits"": 5, ""Repeats"": 1, ""train_size"": 0.8}",0.5773083812060854,0.08539072587991699,0.45416841258173396,0.06147066008929006,0.009296531695097681,0.0011347010472577191,0.8540913315743452,0.039659254405655923,1.5446265879401169,0.46099505991316647,1.3244066747029621,0.43785606610970984,0.026289912572064145,0.008207383545150453,-0.6879421480085837,0.7453802435934689
Local Model,209,"(294, 18)",,Chemical + Physical,XGBoost,Out of time Split,"{""Test Size"": 0.2}",0.9711453587499626,0.0,0.7844072122776761,0.0,0.015931187262162437,0.0,0.7091056012522275,0.0,1.62483614877088,0.0,1.2799417528055477,0.0,0.027462466415519495,0.0,0.2143992330023996,0.0
Local Model,209,"(294, 18)",,Chemical + Physical,XGBoost,Repeated KFold,"{""N_Splits"": 5, ""Repeats"": 3}",0.9609008117390524,0.021982227588928836,0.7770865352688852,0.01808306574033874,0.015864020707870356,0.0003688008196096435,0.7446332258017522,0.011449834264856613,1.2050790160220362,0.10833650359538143,0.9743424667486222,0.09419882427400196,0.019886548910831348,0.0019304250471055974,0.5846329359126743,0.05812773933126714
Local Model,209,"(294, 18)",,Chemical + Physical,XGBoost,Time Series Split,"{""N_Splits"": 5, ""Repeats"": 1, ""Gap"": 0}",0.8059618290520557,0.1582936275173012,0.6536594167696375,0.13040984561388044,0.013288611765680348,0.002599664186878404,0.8043914337986535,0.05718540053591295,1.6243533850567122,0.4674238328224144,1.3449328333017774,0.43634948956573794,0.027382934472059067,0.00820633607482742,-0.28046760469466325,1.0559061016897264
