Category,Company,Data Shape,Timesteps,Features,Model,Cross Validation,Cross Validation Params,RMSE Train,RMSE Train,MAE Train,MAE Train,MAPE Train,MAPE Train,R2 Train,R2 Train,RMSE Test,RMSE Test,MAE Test,MAE Test,MAPE Test,MAPE Test,R2 Test,R2 Test
,,,,,,,,mean,std,mean,std,mean,std,mean,std,mean,std,mean,std,mean,std,mean,std
Local Model,209,"(294, 16)",,Chemical + Properties CS Less,XGBoost,Blocking Time Series Split,"{""N_Splits"": 5, ""Repeats"": 1, ""train_size"": 0.8}",0.6688223775868396,0.10998345521098178,0.5385254702360733,0.09583378647440328,0.011030999673468317,0.0018567599630667786,0.8038245246483864,0.05563778948909597,2.157555478842775,0.38356127088644826,1.9163641484578449,0.35974107714977316,0.03808881668295371,0.006409533701299836,-2.5469738001972964,1.8046406299304933
Local Model,209,"(294, 16)",,Chemical + Properties CS Less,XGBoost,Out of time Split,"{""Test Size"": 0.2}",1.1809648718084766,0.0,0.9607016380797039,0.0,0.019467350156448203,0.0,0.5698292861953528,0.0,2.1561813242168886,0.0,1.7065178176104008,0.0,0.036607211967290415,0.0,-0.3834176552752975,0.0
Local Model,209,"(294, 16)",,Chemical + Properties CS Less,XGBoost,Repeated KFold,"{""N_Splits"": 5, ""Repeats"": 3}",1.2098463064443414,0.025192881312283227,0.993879989167305,0.027902355922979738,0.02029535302406188,0.0005785771324807824,0.595051432631985,0.02002576235825733,1.5621973994221647,0.12822508762552445,1.2828003058999269,0.11853757348565461,0.026174041111492772,0.0024797354629303146,0.3042406958982907,0.06643461896654382
Local Model,209,"(294, 16)",,Chemical + Properties CS Less,XGBoost,Time Series Split,"{""N_Splits"": 5, ""Repeats"": 1, ""Gap"": 0}",0.9830070750122012,0.24436433400046492,0.7927671985755972,0.20857301735374922,0.016087742084620563,0.004165614416464195,0.7048257670008191,0.11148122022196492,1.9791195718491195,0.3149883158363647,1.6487323434012275,0.3062676990485157,0.0336482321551652,0.005597157683254518,-0.6863501629396918,0.9097737540161588
