Category,Company,Data Shape,Timesteps,Features,Model,Cross Validation,Cross Validation Params,RMSE Train,RMSE Train,MAE Train,MAE Train,MAPE Train,MAPE Train,R2 Train,R2 Train,RMSE Test,RMSE Test,MAE Test,MAE Test,MAPE Test,MAPE Test,R2 Test,R2 Test
,,,,,,,,mean,std,mean,std,mean,std,mean,std,mean,std,mean,std,mean,std,mean,std
Local Model,209,"(294, 12)",,Chemical + CS3,XGBoost,Blocking Time Series Split,"{""N_Splits"": 5, ""Repeats"": 1, ""train_size"": 0.8}",0.6158002062769908,0.08970915626672508,0.48174604001252536,0.06771819166592258,0.009856136180896397,0.0012317369877437652,0.8324524139755614,0.05074847265500155,1.5939268687958392,0.4558653640112369,1.3759130859375,0.44698214764206157,0.027314932145791438,0.008406118393073108,-0.9742304420128611,1.0717772853897367
Local Model,209,"(294, 12)",,Chemical + CS3,XGBoost,Out of time Split,"{""Test Size"": 0.2}",1.037512407564954,0.0,0.8421902628147854,0.0,0.01708554392777793,0.0,0.6679882305641833,0.0,1.7523563969726519,0.0,1.4026355420128773,0.0,0.030085420103931792,0.0,0.08624949427178041,0.0
Local Model,209,"(294, 12)",,Chemical + CS3,XGBoost,Repeated KFold,"{""N_Splits"": 5, ""Repeats"": 3}",1.0482417214575253,0.024751730699397782,0.8451260808483168,0.0249106316521679,0.017244481396594343,0.0005161206083536764,0.6959157943923711,0.01749082132277115,1.2938847679894856,0.1162044515863107,1.0502222906514354,0.11757310877928584,0.02141874185587551,0.00244732727756532,0.5211410908301545,0.06658313836464276
Local Model,209,"(294, 12)",,Chemical + CS3,XGBoost,Time Series Split,"{""N_Splits"": 5, ""Repeats"": 1, ""Gap"": 0}",0.8807436482474735,0.18108303810878387,0.7115246200042517,0.14162261857910838,0.014449068510345617,0.0028052201934371398,0.7658472598828133,0.0723447025842414,1.7520129565126468,0.3854280660262005,1.4394158468441085,0.3563146753612524,0.029386812628499216,0.006648951515621639,-0.4009439641428858,0.9380254737747681
