Category,Company,Data Shape,Timesteps,Features,Model,Cross Validation,Cross Validation Params,RMSE Train,RMSE Train,MAE Train,MAE Train,MAPE Train,MAPE Train,R2 Train,R2 Train,RMSE Test,RMSE Test,MAE Test,MAE Test,MAPE Test,MAPE Test,R2 Test,R2 Test
,,,,,,,,mean,std,mean,std,mean,std,mean,std,mean,std,mean,std,mean,std,mean,std
Local Model,209,"(294, 12)",,Chemical + CS7,XGBoost,Blocking Time Series Split,"{""N_Splits"": 5, ""Repeats"": 1, ""train_size"": 0.8}",0.6206302125957043,0.08081650964062774,0.4914025812563688,0.07050038450005151,0.010061654998969898,0.0013432520541547001,0.8309964505073462,0.041071892856702416,1.5068084950953609,0.3648366632523464,1.294359893798828,0.3203552778780898,0.025696788420340698,0.00584412245438812,-0.5813729443094307,0.5415936635831229
Local Model,209,"(294, 12)",,Chemical + CS7,XGBoost,Out of time Split,"{""Test Size"": 0.2}",0.9835000663595272,0.0,0.7945039400141287,0.0,0.016126398789564296,0.0,0.701657126670659,0.0,1.7980313640295957,0.0,1.4285851430084744,0.0,0.03067995515486503,0.0,0.03799510934234651,0.0
Local Model,209,"(294, 12)",,Chemical + CS7,XGBoost,Repeated KFold,"{""N_Splits"": 5, ""Repeats"": 3}",0.985215265858356,0.01952808617098969,0.7879189934815934,0.018313201464214727,0.01607603353135097,0.0003803646009035482,0.7315778665185037,0.010340496832785526,1.2067436180550593,0.10804153988197941,0.9658089500678436,0.096085345856853,0.019713167356859844,0.0019727842377570064,0.5839990169776843,0.05542172685043891
Local Model,209,"(294, 12)",,Chemical + CS7,XGBoost,Time Series Split,"{""N_Splits"": 5, ""Repeats"": 1, ""Gap"": 0}",0.8421124493361105,0.16051754428004714,0.6755568537290403,0.12726615265480282,0.013725984465336214,0.002527467683661217,0.7873587698643154,0.05718479237751274,1.607915531986357,0.355857629733557,1.3070635830626194,0.30891975172648084,0.02668186325794624,0.005790226872061761,-0.1700552923561715,0.7757451448960997
