Category,Company,Data Shape,Timesteps,Features,Model,Cross Validation,Cross Validation Params,RMSE Train,RMSE Train,MAE Train,MAE Train,MAPE Train,MAPE Train,R2 Train,R2 Train,RMSE Test,RMSE Test,MAE Test,MAE Test,MAPE Test,MAPE Test,R2 Test,R2 Test
,,,,,,,,mean,std,mean,std,mean,std,mean,std,mean,std,mean,std,mean,std,mean,std
Global Model,207,"(1729, 12)",14,Chemical,BidirectionalLSTM,Blocking Time Series Split,"{""N_Splits"": 5, ""Repeats"": 3, ""train_size"": 0.8}",8.549007954273954,7.4590242944548875,4.486236613437287,3.5101547917638736,0.09879884520798471,0.07602661796754227,-28.92700014969957,63.45970113313313,10.467900118404048,3.8735714038651827,7.424557636406378,2.4262803859547395,0.16136962088217816,0.052429598717545024,-27.489536527685367,31.353196893439083
Global Model,207,"(1729, 12)",14,Chemical,BidirectionalLSTM,Out of time Split,"{""Test Size"": 0.2}",1.8957752992395793,0.402095528234386,1.2742335767973036,0.17013703028038818,0.027961940032615512,0.0037388705719782005,0.46268081381017767,0.21715139957036403,9.910926896503184,4.612065729489618,5.779479402931454,2.141420504769852,0.14399211922934638,0.06066508629176625,-4.246152398409067,4.495821755280141
Global Model,207,"(1729, 12)",14,Chemical,BidirectionalLSTM,Repeated KFold,"{""N_Splits"": 5, ""Repeats"": 3}",2.689282800295319,1.341673900957758,1.6378166836448114,0.5204776019813889,0.03681051048483446,0.011804941192447087,0.18065118193983631,0.8990725657788157,3.163436290427948,0.9234307350513731,2.228184603755483,0.359751086925349,0.049780368015368656,0.008124171037276884,-0.17424744843943343,0.8013475356616211
Global Model,207,"(1729, 12)",14,Chemical,BidirectionalLSTM,Time Series Split,"{""N_Splits"": 5, ""Repeats"": 3, ""Gap"": 0}",6.673706196811756,5.102701268228611,3.375120387599306,1.9716058301985933,0.07339115981798462,0.04283380710012388,-11.561454193946558,16.766383875577365,13.725373658904463,6.5098299230285726,7.997680986468096,2.7757885817708687,0.1791747872645314,0.05967877543269806,-37.58931423917641,47.748063720351894
