Category,Company,Data Shape,Timesteps,Features,Model,Cross Validation,Cross Validation Params,RMSE Train,RMSE Train,MAE Train,MAE Train,MAPE Train,MAPE Train,R2 Train,R2 Train,RMSE Test,RMSE Test,MAE Test,MAE Test,MAPE Test,MAPE Test,R2 Test,R2 Test
,,,,,,,,mean,std,mean,std,mean,std,mean,std,mean,std,mean,std,mean,std,mean,std
Global Model,207,"(1729, 16)",1,Chemical + Properties CS Less,LSTM,Blocking Time Series Split,"{""N_Splits"": 5, ""Repeats"": 3, ""train_size"": 0.8}",0.9157889919455607,0.06802332802319966,0.6912379591937224,0.05686420302728442,0.015464801509212114,0.001030188750614862,0.8667964051179655,0.052939244499570284,2.708925561908837,0.9177078847505798,2.0556793563031923,0.6735691564648392,0.04571181703584012,0.01455976618670285,-0.6476656162172578,1.892127840560501
Global Model,207,"(1729, 16)",1,Chemical + Properties CS Less,LSTM,Out of time Split,"{""Test Size"": 0.2}",1.1326243066170003,0.002030298234322467,0.868021604841834,0.0007385076693687693,0.019157169703935835,1.3098849597927718e-05,0.8314957566502154,0.0006039507311252949,2.9125533213669086,0.024271825958499277,2.1318777668682825,0.02853291248024438,0.05087550322631157,0.0006989948482865355,0.6140733751830543,0.006438563640507205
Global Model,207,"(1729, 16)",1,Chemical + Properties CS Less,LSTM,Repeated KFold,"{""N_Splits"": 5, ""Repeats"": 3}",1.1583373444914054,0.01738010885103557,0.8840056884374766,0.01578269926793669,0.0197050900894528,0.0003384632576689657,0.8829647628061609,0.004739648243433412,2.0093005909228085,0.0692458027050497,1.5363916825136334,0.054198141310114654,0.03437549657662016,0.0013384104812284548,0.6455983413354346,0.03206833332950287
Global Model,207,"(1729, 16)",1,Chemical + Properties CS Less,LSTM,Time Series Split,"{""N_Splits"": 5, ""Repeats"": 3, ""Gap"": 0}",1.1013089222744195,0.09943956632062223,0.8341389319323465,0.08510963039312848,0.018309353942090455,0.0018405868324218588,0.7997873850313165,0.029101462478942155,3.49697888049424,0.522908207167274,2.5716930468877157,0.3251666924179405,0.05775192421822395,0.005690555377870788,-0.7723656028974762,0.9878796936688168
