Category,Company,Data Shape,Timesteps,Features,Model,Cross Validation,Cross Validation Params,RMSE Train,RMSE Train,MAE Train,MAE Train,MAPE Train,MAPE Train,R2 Train,R2 Train,RMSE Test,RMSE Test,MAE Test,MAE Test,MAPE Test,MAPE Test,R2 Test,R2 Test
,,,,,,,,mean,std,mean,std,mean,std,mean,std,mean,std,mean,std,mean,std,mean,std
Global Model,207,"(1729, 16)",,Chemical + Properties CS Less,MLP,Blocking Time Series Split,"{""N_Splits"": 5, ""Repeats"": 3, ""train_size"": 0.8}",1.6051683133280477,0.18548829494081748,1.2757554510365359,0.16240290768418836,0.028607862900725815,0.0032990397006803936,0.5795609710339844,0.20229844328868252,2.246884357615669,0.41537249128684417,1.8082563759624095,0.37131656505720906,0.04021817288173509,0.007159498281781944,0.11697318866733536,0.7025897321843847
Global Model,207,"(1729, 16)",,Chemical + Properties CS Less,MLP,Out of time Split,"{""Test Size"": 0.2}",2.0771988336815923,0.0,1.4854007260314985,0.0,0.03377283844414349,0.0,0.4332469949877602,0.0,3.9294650749267563,0.0,2.7715920575092294,0.0,0.07067681433096878,0.0,0.2975851605826172,0.0
Global Model,207,"(1729, 16)",,Chemical + Properties CS Less,MLP,Repeated KFold,"{""N_Splits"": 5, ""Repeats"": 3}",1.6239290414281498,0.012743464370996256,1.2662306100686413,0.010248180319104613,0.028337275786811725,0.0002245167556900424,0.7700509472918703,0.005651651560989652,1.8220939390162647,0.03879010185027544,1.4106004877189784,0.030194265972081708,0.03157584728474246,0.000699133839222447,0.7087059341246936,0.02271165761768821
Global Model,207,"(1729, 16)",,Chemical + Properties CS Less,MLP,Time Series Split,"{""N_Splits"": 5, ""Repeats"": 3, ""Gap"": 0}",1.6437911870506199,0.13884773611636542,1.289221371063314,0.10127470246762102,0.028446528286071894,0.0024059745660879647,0.5571787518685593,0.02501931042512608,2.6694722326670237,0.279327697804745,2.0689788566695317,0.20689327487528525,0.04715337633499149,0.005488720415171025,0.0839969222773108,0.38402125157912104
