Category,Company,Data Shape,Timesteps,Features,Model,Cross Validation,Cross Validation Params,RMSE Train,RMSE Train,MAE Train,MAE Train,MAPE Train,MAPE Train,R2 Train,R2 Train,RMSE Test,RMSE Test,MAE Test,MAE Test,MAPE Test,MAPE Test,R2 Test,R2 Test
,,,,,,,,mean,std,mean,std,mean,std,mean,std,mean,std,mean,std,mean,std,mean,std
Global Model,207,"(1729, 18)",,Chemical + Physical,MLP,Blocking Time Series Split,"{""N_Splits"": 5, ""Repeats"": 3, ""train_size"": 0.8}",1.3107367363709388,0.197872225121481,1.0394858733467431,0.15622442512357906,0.02317740069738759,0.0029964218370655267,0.7086756474327962,0.1486247181100995,2.053504828161905,0.43166784914032963,1.6614423226619115,0.3530650139466927,0.036985276246479154,0.006658927367803049,0.32111329815186657,0.44132382039225504
Global Model,207,"(1729, 18)",,Chemical + Physical,MLP,Out of time Split,"{""Test Size"": 0.2}",1.4472871522667965,0.0,1.1266602566512873,0.0,0.02479738150693099,0.0,0.7248641989639232,0.0,1.775323170109352,2.220446049250313e-16,1.389889921067078,0.0,0.03344932124069048,0.0,0.8566222852127545,0.0
Global Model,207,"(1729, 18)",,Chemical + Physical,MLP,Repeated KFold,"{""N_Splits"": 5, ""Repeats"": 3}",1.410660574244885,0.017353822618262443,1.1008201159052327,0.013198609901812765,0.024576385811273752,0.0002860611706220882,0.8264944322567135,0.0044194205338688956,1.6152564497250026,0.05697650227522455,1.2658027073402995,0.04001239241452808,0.028260246269772867,0.00085616659048464,0.7709379585809739,0.02141922493776212
Global Model,207,"(1729, 18)",,Chemical + Physical,MLP,Time Series Split,"{""N_Splits"": 5, ""Repeats"": 3, ""Gap"": 0}",1.3626729040930547,0.10266678852771957,1.056903149969362,0.07618839088928833,0.02314580527081849,0.0015788525378459541,0.6928730463599343,0.04145885256306455,2.0356828358066705,0.3966884799960168,1.5847461038165622,0.28765407620951283,0.03533589088225696,0.00492169790133611,0.3572177525885209,0.4028262582903495
