Category,Company,Data Shape,Timesteps,Features,Model,Cross Validation,Cross Validation Params,RMSE Train,RMSE Train,MAE Train,MAE Train,MAPE Train,MAPE Train,R2 Train,R2 Train,RMSE Test,RMSE Test,MAE Test,MAE Test,MAPE Test,MAPE Test,R2 Test,R2 Test
,,,,,,,,mean,std,mean,std,mean,std,mean,std,mean,std,mean,std,mean,std,mean,std
Global Model,207,"(1729, 12)",14,Chemical,Transformer,Blocking Time Series Split,"{""N_Splits"": 5, ""Repeats"": 3, ""train_size"": 0.8}",1.5878285891619248,0.15318809061717553,1.259577548858553,0.1340207013492955,0.02816734252986566,0.002875933437573642,0.5669231135638941,0.17526930946791044,2.06020432420034,0.48038259009317963,1.6690174709980488,0.4672270086073802,0.03623525518562009,0.009083809888750342,0.23792368456905455,0.44935689842759274
Global Model,207,"(1729, 12)",14,Chemical,Transformer,Out of time Split,"{""Test Size"": 0.2}",1.6258014256357143,0.007615732472519364,1.2861680161385307,0.005399854130845145,0.028392639976683693,8.71584578598178e-05,0.6218253906378047,0.0035407702411756024,3.044213606856641,0.04318024147599367,2.5372650320444508,0.032585238469443355,0.0610249155737461,0.0008032433821386109,0.5930704258231565,0.011569912567777832
Global Model,207,"(1729, 12)",14,Chemical,Transformer,Repeated KFold,"{""N_Splits"": 5, ""Repeats"": 3}",1.6566144126507751,0.029324091413271015,1.2930123338564563,0.026478441651493472,0.02888801253647886,0.0005787499444756435,0.7513796724980388,0.011011085440870686,2.2952772593903825,0.1477286099363354,1.8008970616296314,0.11898094810813435,0.03992059507791297,0.002795028884921578,0.43989742146385885,0.07518997374495337
Global Model,207,"(1729, 12)",14,Chemical,Transformer,Time Series Split,"{""N_Splits"": 5, ""Repeats"": 3, ""Gap"": 0}",1.5902170842735743,0.047644618161055544,1.2500275828054301,0.03736416313415505,0.0274209714310069,0.0008272362601118929,0.552430953683476,0.07897542343239031,2.9161470417502597,0.2937959700051956,2.3812514369523354,0.2503240141309203,0.05380920217118775,0.008232942123139754,-0.18951700273945538,0.6360734284043769
