Category,Company,Data Shape,Timesteps,Features,Model,Cross Validation,Cross Validation Params,RMSE Train,RMSE Train,MAE Train,MAE Train,MAPE Train,MAPE Train,R2 Train,R2 Train,RMSE Test,RMSE Test,MAE Test,MAE Test,MAPE Test,MAPE Test,R2 Test,R2 Test
,,,,,,,,mean,std,mean,std,mean,std,mean,std,mean,std,mean,std,mean,std,mean,std
Global Model,207,"(1729, 18)",1,Chemical + Physical,Transformer,Blocking Time Series Split,"{""N_Splits"": 5, ""Repeats"": 3, ""train_size"": 0.8}",1.6612118089528267,0.1646681363983685,1.3040295411999099,0.1615464500893375,0.0292576474029668,0.003066666391989995,0.5555343110479348,0.20144927964510645,1.9450132323467395,0.45000089028868506,1.548566742680499,0.37032481119733024,0.03452376341809286,0.007026246776137486,0.3915409708620643,0.39236293470912814
Global Model,207,"(1729, 18)",1,Chemical + Physical,Transformer,Out of time Split,"{""Test Size"": 0.2}",1.79741090414519,0.01326202043284906,1.4138993350360216,0.00983732040625974,0.031277425409734216,0.00019929867735879,0.5756188570146058,0.0062578860044743305,2.83043410279666,0.06573761752443329,2.0445437826402846,0.017200324484484993,0.05106630160835433,0.0005125611434135926,0.6353576477375156,0.016792048665600093
Global Model,207,"(1729, 18)",1,Chemical + Physical,Transformer,Repeated KFold,"{""N_Splits"": 5, ""Repeats"": 3}",1.780634452414012,0.02041325250696323,1.40309589019364,0.016970276021439454,0.03139406165345558,0.00041159110861002174,0.7235732841478487,0.005800549122808852,1.906839845787903,0.07941683989832753,1.4958510356953247,0.05569315232775514,0.03352217556818919,0.001360374100483304,0.6811684556145008,0.02769361355981582
Global Model,207,"(1729, 18)",1,Chemical + Physical,Transformer,Time Series Split,"{""N_Splits"": 5, ""Repeats"": 3, ""Gap"": 0}",1.8069886756929385,0.10459928978210335,1.3901359308871255,0.09437427933208858,0.03061750232356643,0.0018076241728669454,0.456505872538041,0.08198851893581409,2.9651254992566694,0.6468304799260135,2.243967056274414,0.39395119796525774,0.051866536305557924,0.011324049084849741,-0.09944427420888641,0.39589927682940823
