Category,Company,Data Shape,Timesteps,Features,Model,Cross Validation,Cross Validation Params,RMSE Train,RMSE Train,MAE Train,MAE Train,MAPE Train,MAPE Train,R2 Train,R2 Train,RMSE Test,RMSE Test,MAE Test,MAE Test,MAPE Test,MAPE Test,R2 Test,R2 Test
,,,,,,,,mean,std,mean,std,mean,std,mean,std,mean,std,mean,std,mean,std,mean,std
Local Model,204,"(1016, 12)",,Chemical + Feature Engineering,Decision Tree,Blocking Time Series Split,"{""N_Splits"": 5, ""Repeats"": 1, ""train_size"": 0.8}",1.0871415586982471,0.176719668067788,0.8530007831651656,0.13469401162846345,0.021227581182638542,0.0029417486553201325,0.9603501527749948,0.012132791789118701,1.760305063355948,0.44307708756288344,1.407710893149599,0.36357265784776177,0.03498379428672408,0.009035325268733565,0.8719682035892863,0.07242642918221476
Local Model,204,"(1016, 12)",,Chemical + Feature Engineering,Decision Tree,Out of time Split,"{""Test Size"": 0.2}",1.519996863346293,0.0,1.1673713048467205,0.0,0.028868975997511256,0.0,0.9201422000091697,0.0,1.8518898995745803,0.0,1.4815674771486465,0.0,0.03499251311392616,0.0,0.9049632858590579,0.0
Local Model,204,"(1016, 12)",,Chemical + Feature Engineering,Decision Tree,Repeated KFold,"{""N_Splits"": 5, ""Repeats"": 3}",1.5168775032465533,0.05879802812863973,1.1944991770564495,0.04890439111248295,0.029514170716696878,0.0010902975679729083,0.9244696807170504,0.005692730988562698,1.590886947933556,0.09914783326847491,1.2433878930328655,0.0705965410215872,0.030838589292898917,0.001728354223091217,0.9163818027299803,0.010688312565033685
Local Model,204,"(1016, 12)",,Chemical + Feature Engineering,Decision Tree,Time Series Split,"{""N_Splits"": 5, ""Repeats"": 1, ""Gap"": 0}",1.4667393555953967,0.055347505153182416,1.1453546710562919,0.04680656977631682,0.028120107954023622,0.0014448974184946032,0.9283857375735982,0.007682380402757588,1.7236562451229915,0.14628249541846816,1.4055522756308765,0.12486138153381562,0.035398815600138564,0.002009124933113887,0.8984801390280129,0.015039033864678123
