Category,Company,Data Shape,Timesteps,Features,Model,Cross Validation,Cross Validation Params,RMSE Train,RMSE Train,MAE Train,MAE Train,MAPE Train,MAPE Train,R2 Train,R2 Train,RMSE Test,RMSE Test,MAE Test,MAE Test,MAPE Test,MAPE Test,R2 Test,R2 Test
,,,,,,,,mean,std,mean,std,mean,std,mean,std,mean,std,mean,std,mean,std,mean,std
Local Model,204,"(1016, 11)",,Chemical + CS3 + CS7,Decision Tree,Blocking Time Series Split,"{""N_Splits"": 5, ""Repeats"": 1, ""train_size"": 0.8}",0.9519996681151939,0.2144197218601761,0.7368422718141935,0.15264190899219934,0.01834192197874715,0.003270101750688728,0.9685116963488845,0.013844832224812757,1.5054484013866136,0.4054758198455212,1.1577260965304592,0.28879777508422877,0.028744646089802907,0.00702392818969966,0.9052382764872553,0.055279161447985385
Local Model,204,"(1016, 11)",,Chemical + CS3 + CS7,Decision Tree,Out of time Split,"{""Test Size"": 0.2}",1.1954649306023581,0.0,0.9290133210198558,0.0,0.023424483954669045,0.0,0.9506024238914089,0.0,1.1406530765662939,0.0,0.9211223156810173,0.0,0.022610063874456337,0.0,0.9639447726233212,0.0
Local Model,204,"(1016, 11)",,Chemical + CS3 + CS7,Decision Tree,Repeated KFold,"{""N_Splits"": 5, ""Repeats"": 3}",1.296316689626005,0.14078184740117328,1.0190904722085212,0.11100655614293162,0.025281944627082966,0.0026091235560616968,0.9442771265001446,0.012030941994473732,1.3756729247238968,0.13610300786708346,1.0666024375741148,0.09335665380411728,0.02648819238723662,0.0022273082252024243,0.9371852849320655,0.012423721973800641
Local Model,204,"(1016, 11)",,Chemical + CS3 + CS7,Decision Tree,Time Series Split,"{""N_Splits"": 5, ""Repeats"": 1, ""Gap"": 0}",1.2609319138627622,0.05824257297843388,0.977011333629102,0.046499366643731964,0.024058890305141342,0.0011346267793120814,0.9471967773809752,0.004840347833200456,1.376774330422911,0.17160649034060232,1.0888086317624324,0.10293277189903079,0.02746032599174313,0.0027413329148110207,0.9334255184253383,0.019143442165644137
