Category,Company,Data Shape,Timesteps,Features,Model,Cross Validation,Cross Validation Params,RMSE Train,RMSE Train,MAE Train,MAE Train,MAPE Train,MAPE Train,R2 Train,R2 Train,RMSE Test,RMSE Test,MAE Test,MAE Test,MAPE Test,MAPE Test,R2 Test,R2 Test
,,,,,,,,mean,std,mean,std,mean,std,mean,std,mean,std,mean,std,mean,std,mean,std
Local Model,204,"(1016, 9)",,Chemical,Decision Tree,Blocking Time Series Split,"{""N_Splits"": 5, ""Repeats"": 1, ""train_size"": 0.8}",1.0920192528253203,0.1793067179267289,0.8569711679792874,0.1370336471756061,0.021320021666555087,0.003005773034393181,0.9599504200965914,0.012426260294909194,1.7508541525295818,0.4406214918257677,1.3995055594400116,0.3504891473079718,0.03478846454581743,0.008652251513072806,0.8737109744147636,0.07011506829818981
Local Model,204,"(1016, 9)",,Chemical,Decision Tree,Out of time Split,"{""Test Size"": 0.2}",1.5205514693741977,0.0,1.1689033081785436,0.0,0.02891364414250714,0.0,0.9200839134450798,0.0,1.851028693318851,0.0,1.4806929648563345,0.0,0.03496897257433663,0.0,0.9050516573997256,0.0
Local Model,204,"(1016, 9)",,Chemical,Decision Tree,Repeated KFold,"{""N_Splits"": 5, ""Repeats"": 3}",1.517119097161243,0.05880010428087386,1.1950058756341064,0.048861621799279886,0.02952812947777167,0.0010879910654840945,0.9244455869353323,0.00569523142923162,1.5883955047858545,0.10082365327071334,1.2412316882506722,0.07269255884481744,0.030778784298562196,0.0017843458392905011,0.9166410798072924,0.01079583400848898
Local Model,204,"(1016, 9)",,Chemical,Decision Tree,Time Series Split,"{""N_Splits"": 5, ""Repeats"": 1, ""Gap"": 0}",1.489201913050228,0.05352414938900938,1.1568730401446863,0.039591627173096264,0.028420869910588335,0.0012498259975199484,0.926244078452747,0.007011962746787787,1.7169209887791284,0.20616675220401345,1.3929154750561596,0.1658809344602565,0.03492045946362673,0.0031499544578073636,0.8983621508433757,0.022281278312009534
