Category,Company,Data Shape,Timesteps,Features,Model,Cross Validation,Cross Validation Params,RMSE Train,RMSE Train,MAE Train,MAE Train,MAPE Train,MAPE Train,R2 Train,R2 Train,RMSE Test,RMSE Test,MAE Test,MAE Test,MAPE Test,MAPE Test,R2 Test,R2 Test
,,,,,,,,mean,std,mean,std,mean,std,mean,std,mean,std,mean,std,mean,std,mean,std
Local Model,204,"(1016, 11)",,Chemical + CS3 + CS7,Linear Regression,Blocking Time Series Split,"{""N_Splits"": 5, ""Repeats"": 1, ""train_size"": 0.8}",0.8918431776084017,0.18157994595651925,0.6896916143161114,0.13864458711485886,0.017314326474921066,0.003428420297933785,0.9720860547099275,0.01209461064869301,1.2798913253973871,0.4383454254065117,0.9847538058995516,0.32556178955411424,0.02434215743016699,0.007744790055047329,0.9296526754461427,0.04688034834543452
Local Model,204,"(1016, 11)",,Chemical + CS3 + CS7,Linear Regression,Out of time Split,"{""Test Size"": 0.2}",1.1195683353285815,0.0,0.8463426898262568,0.0,0.021292424444412258,0.0,0.9566755386540206,0.0,0.8281498265986019,0.0,0.661132978607607,0.0,0.01629486475168058,0.0,0.9809945167491513,0.0
Local Model,204,"(1016, 11)",,Chemical + CS3 + CS7,Linear Regression,Repeated KFold,"{""N_Splits"": 5, ""Repeats"": 3}",1.0614966241987447,0.01976054156039076,0.8026761233486555,0.012166798461066882,0.020130812448572455,0.00028612904587944037,0.9630605072014973,0.0012258767938455894,1.0742603894497298,0.07955725115626741,0.8122556634221202,0.04989656499693343,0.020368175476309727,0.0011840035130913909,0.9619005369657115,0.005005870962664504
Local Model,204,"(1016, 11)",,Chemical + CS3 + CS7,Linear Regression,Time Series Split,"{""N_Splits"": 5, ""Repeats"": 1, ""Gap"": 0}",1.082397865948709,0.0697931699585891,0.8240645492993292,0.05168260055118768,0.020460984639831706,0.001438810298617775,0.9608449450996106,0.006139997440301239,1.117155841699074,0.24774437889319614,0.8807896852638682,0.18735198968156438,0.02230051214450211,0.004801475221542122,0.9534950112545697,0.023787735207663856
