Category,Company,Data Shape,Timesteps,Features,Model,Cross Validation,Cross Validation Params,RMSE Train,RMSE Train,MAE Train,MAE Train,MAPE Train,MAPE Train,R2 Train,R2 Train,RMSE Test,RMSE Test,MAE Test,MAE Test,MAPE Test,MAPE Test,R2 Test,R2 Test
,,,,,,,,mean,std,mean,std,mean,std,mean,std,mean,std,mean,std,mean,std,mean,std
Local Model,204,"(1016, 14)",,Chemical + Properties CS Less,Linear Regression,Blocking Time Series Split,"{""N_Splits"": 5, ""Repeats"": 1, ""train_size"": 0.8}",1.0962574541839434,0.12195679370570586,0.8593620142691805,0.10500728822000736,0.021397253642323817,0.002442157141282295,0.9597328779253328,0.00928051534375984,1.5044537783529737,0.3022241367782484,1.1904539118882966,0.25149088606813363,0.029683095035125583,0.006102917754274351,0.9107580877651852,0.035117696967970236
Local Model,204,"(1016, 14)",,Chemical + Properties CS Less,Linear Regression,Out of time Split,"{""Test Size"": 0.2}",1.378161333381835,0.0,1.07650450000553,0.0,0.027042671361616633,0.0,0.9343504006623738,0.0,1.7494749380745886,0.0,1.3547064709163745,0.0,0.031912965201260385,0.0,0.9151842440634557,0.0
Local Model,204,"(1016, 14)",,Chemical + Properties CS Less,Linear Regression,Repeated KFold,"{""N_Splits"": 5, ""Repeats"": 3}",1.3863375960054936,0.01801614727785499,1.0861116585584325,0.014860668941648393,0.027170228670355814,0.00034743567525533016,0.9369988152218881,0.0014793863156599863,1.4124789571656748,0.07297827912011452,1.107407597589938,0.05933801047620725,0.027715267470575896,0.0013588162052792152,0.934242118223425,0.0059892350046347066
Local Model,204,"(1016, 14)",,Chemical + Properties CS Less,Linear Regression,Time Series Split,"{""N_Splits"": 5, ""Repeats"": 1, ""Gap"": 0}",1.3191461966951834,0.04331792943946853,1.0360074024781163,0.024646237447845942,0.025723253311023642,0.0007994492117983653,0.9421117628792128,0.005735670510417105,1.6285549183777548,0.15509083783207034,1.318099134879012,0.11882137904303913,0.03338776760516311,0.0029051511718896274,0.9082140852356279,0.02172485446866244
