Category,Company,Data Shape,Timesteps,Features,Model,Cross Validation,Cross Validation Params,RMSE Train,RMSE Train,MAE Train,MAE Train,MAPE Train,MAPE Train,R2 Train,R2 Train,RMSE Test,RMSE Test,MAE Test,MAE Test,MAPE Test,MAPE Test,R2 Test,R2 Test
,,,,,,,,mean,std,mean,std,mean,std,mean,std,mean,std,mean,std,mean,std,mean,std
Local Model,204,"(1016, 10)",,Chemical + CS7,Linear Regression,Blocking Time Series Split,"{""N_Splits"": 5, ""Repeats"": 1, ""train_size"": 0.8}",0.9071883993773076,0.18210584532869906,0.7032895275848726,0.13835440566863055,0.017646627558226928,0.003415524939529885,0.9711577001667685,0.012538334212486298,1.3351254102392303,0.4577648473413123,1.0384744474600118,0.3414817272445816,0.025792164183667598,0.008158263982012439,0.9229811991977248,0.05162806249142547
Local Model,204,"(1016, 10)",,Chemical + CS7,Linear Regression,Out of time Split,"{""Test Size"": 0.2}",1.1317735709581584,0.0,0.8517292978514881,0.0,0.021410396441029277,0.0,0.9557257661739257,0.0,0.858849814752469,0.0,0.6776408053808203,0.0,0.016611079383316123,0.0,0.9795593106064722,0.0
Local Model,204,"(1016, 10)",,Chemical + CS7,Linear Regression,Repeated KFold,"{""N_Splits"": 5, ""Repeats"": 3}",1.07600920251168,0.019506277624001925,0.8099816682719226,0.012640834031572866,0.02028848934333833,0.00030327506556127634,0.962044129320434,0.0012193526673254164,1.0885805529658301,0.078165339536902,0.8199672895198357,0.051497250242848895,0.02053433182315626,0.0012382397283434063,0.9608914306648497,0.004960711379552614
Local Model,204,"(1016, 10)",,Chemical + CS7,Linear Regression,Time Series Split,"{""N_Splits"": 5, ""Repeats"": 1, ""Gap"": 0}",1.0898747873319314,0.07464025168045091,0.8281722490548307,0.053466852678969425,0.02055592037031529,0.0014903579421196656,0.960269997414524,0.006545198172663851,1.1363647868983002,0.24544509950718518,0.8927676657904998,0.18592190174724055,0.022548743283851657,0.0048127623571610515,0.9520165433953821,0.024358713895536163
