Category,Company,Data Shape,Timesteps,Features,Model,Cross Validation,Cross Validation Params,RMSE Train,RMSE Train,MAE Train,MAE Train,MAPE Train,MAPE Train,R2 Train,R2 Train,RMSE Test,RMSE Test,MAE Test,MAE Test,MAPE Test,MAPE Test,R2 Test,R2 Test
,,,,,,,,mean,std,mean,std,mean,std,mean,std,mean,std,mean,std,mean,std,mean,std
Local Model,204,"(1016, 9)",,Chemical,Linear Regression,Blocking Time Series Split,"{""N_Splits"": 5, ""Repeats"": 1, ""train_size"": 0.8}",1.2125096679462044,0.17245719988222866,0.9422259173426489,0.14678576849272587,0.023532025074607603,0.0035747372445839804,0.9505826534268813,0.013798778587485887,1.7823059999114133,0.4861541180506982,1.3968898772000973,0.4108952207362165,0.034901715250089206,0.010252676207475888,0.8681008333707128,0.07205687586809015
Local Model,204,"(1016, 9)",,Chemical,Linear Regression,Out of time Split,"{""Test Size"": 0.2}",1.4954454515540168,0.0,1.159568063592069,0.0,0.029115669442463462,0.0,0.9227011361829565,0.0,1.618650672291524,0.0,1.2453403873651132,0.0,0.029399325843012546,0.0,0.9273948628266572,0.0
Local Model,204,"(1016, 9)",,Chemical,Linear Regression,Repeated KFold,"{""N_Splits"": 5, ""Repeats"": 3}",1.4850282486279305,0.019236620232934806,1.1562757671250108,0.01581389249906957,0.028868039644612698,0.0003684741800369637,0.9277098079560168,0.001686347657973025,1.5016546288608297,0.07878556713358467,1.1694202691439783,0.0666129530905596,0.02919374585848887,0.0016116658488132527,0.9256766047222278,0.006875769088998474
Local Model,204,"(1016, 9)",,Chemical,Linear Regression,Time Series Split,"{""N_Splits"": 5, ""Repeats"": 1, ""Gap"": 0}",1.4576446798546976,0.04800896021788367,1.1382382871799408,0.03630100280582531,0.028333376233338137,0.0009924930697086738,0.9293855263869542,0.006181486274738412,1.6821247885941293,0.21744281394444837,1.3437663407146245,0.19976584001514366,0.03398027881837653,0.005818590374795351,0.9012133565509547,0.028759601074407976
