Category,Company,Data Shape,Timesteps,Features,Model,Cross Validation,Cross Validation Params,RMSE Train,RMSE Train,MAE Train,MAE Train,MAPE Train,MAPE Train,R2 Train,R2 Train,RMSE Test,RMSE Test,MAE Test,MAE Test,MAPE Test,MAPE Test,R2 Test,R2 Test
,,,,,,,,mean,std,mean,std,mean,std,mean,std,mean,std,mean,std,mean,std,mean,std
Local Model,204,"(1016, 12)",,Chemical + Feature Engineering,Linear Regression,Blocking Time Series Split,"{""N_Splits"": 5, ""Repeats"": 1, ""train_size"": 0.8}",1.1722846055774891,0.15747072045074467,0.9110753762090347,0.1250944804001486,0.022763614889821662,0.0029995803164096346,0.953792211919852,0.012360223344241325,1.972648978223735,0.5259962260785562,1.5135104338593905,0.40467640341438926,0.03822855499041454,0.010339855710202706,0.8422503435441954,0.07105471616089383
Local Model,204,"(1016, 12)",,Chemical + Feature Engineering,Linear Regression,Out of time Split,"{""Test Size"": 0.2}",1.4890634564447016,0.0,1.1526090886868148,0.0,0.028955237477140145,0.0,0.9233594929511586,0.0,1.5969685677966756,0.0,1.2271884608232373,0.0,0.029005642433483993,0.0,0.9293269518713312,0.0
Local Model,204,"(1016, 12)",,Chemical + Feature Engineering,Linear Regression,Repeated KFold,"{""N_Splits"": 5, ""Repeats"": 3}",1.477329460567886,0.01883422818468108,1.1468290139278465,0.014952071466306015,0.02862522136295435,0.00034566050645993754,0.9284579032693465,0.0016306106727921874,5.365781434923021,8.312812219053928,1.456307161092709,0.6258071716283008,0.0374257026032068,0.017659376549716443,-2.1767608067422457,7.557892010456644
Local Model,204,"(1016, 12)",,Chemical + Feature Engineering,Linear Regression,Time Series Split,"{""N_Splits"": 5, ""Repeats"": 1, ""Gap"": 0}",1.440833517274136,0.050156227295643487,1.1241284961415927,0.04074685340705706,0.02796675645100603,0.0011173366104979222,0.9309664901526,0.00657497541467873,1.7317825718731847,0.15180821124693702,1.3878630339408011,0.14506342143042258,0.03512626509745305,0.004644300623191187,0.8961740107567644,0.02361947467814249
