Category,Company,Data Shape,Timesteps,Features,Model,Cross Validation,Cross Validation Params,RMSE Train,RMSE Train,MAE Train,MAE Train,MAPE Train,MAPE Train,R2 Train,R2 Train,RMSE Test,RMSE Test,MAE Test,MAE Test,MAPE Test,MAPE Test,R2 Test,R2 Test
,,,,,,,,mean,std,mean,std,mean,std,mean,std,mean,std,mean,std,mean,std,mean,std
Local Model,204,"(1016, 16)",,Chemical + Physical,Linear Regression,Blocking Time Series Split,"{""N_Splits"": 5, ""Repeats"": 1, ""train_size"": 0.8}",0.8491003257314647,0.17572989515762788,0.6600344266515297,0.14178495587123174,0.01650773058649719,0.0034908466681541975,0.9746142392768318,0.010785521063640504,1.2250130958925254,0.4087206558782076,0.9592870501439373,0.3017813541885199,0.023790470122926462,0.007004747176486639,0.937572164287445,0.04220361366207731
Local Model,204,"(1016, 16)",,Chemical + Physical,Linear Regression,Out of time Split,"{""Test Size"": 0.2}",1.0992903242605663,0.0,0.83611288576191,0.0,0.02095513858420479,0.0,0.9582307411787524,0.0,0.9099219728786058,0.0,0.7066781753681213,0.0,0.017011521813932135,0.0,0.9770559864004744,0.0
Local Model,204,"(1016, 16)",,Chemical + Physical,Linear Regression,Repeated KFold,"{""N_Splits"": 5, ""Repeats"": 3}",1.0475310824672903,0.0171908257220548,0.7957472940863839,0.010582330300691344,0.019903155071062814,0.00023797390896473485,0.9640276183672667,0.0010580786670069163,1.0678744921077397,0.0687449897109895,0.8102914662315545,0.04171267321717425,0.02026995236081461,0.0009547703850856237,0.9623760536172183,0.004342283849067398
Local Model,204,"(1016, 16)",,Chemical + Physical,Linear Regression,Time Series Split,"{""N_Splits"": 5, ""Repeats"": 1, ""Gap"": 0}",1.0562947682003405,0.06820169998138743,0.8099783204533553,0.04822004542528055,0.02005512184104003,0.0013159498547931905,0.9627058046536645,0.005856673352793617,1.1540751626372052,0.19496498698152342,0.9096202462916132,0.15277856098573067,0.022957807021450734,0.0040343792235472235,0.9519454270872736,0.0195730257218342
