Category,Company,Data Shape,Timesteps,Features,Model,Cross Validation,Cross Validation Params,RMSE Train,RMSE Train,MAE Train,MAE Train,MAPE Train,MAPE Train,R2 Train,R2 Train,RMSE Test,RMSE Test,MAE Test,MAE Test,MAPE Test,MAPE Test,R2 Test,R2 Test
,,,,,,,,mean,std,mean,std,mean,std,mean,std,mean,std,mean,std,mean,std,mean,std
Local Model,204,"(1016, 10)",,Chemical + CS3,MLP,Blocking Time Series Split,"{""N_Splits"": 5, ""Repeats"": 3, ""train_size"": 0.8}",4.9300104589588125,0.485279238211032,3.751464614083247,0.3106485822555388,0.09330193137087452,0.007411783764165914,0.19085779742257897,0.16749078918389187,7.5904388081948415,2.3969042496708886,5.45961813515764,1.2470649377403016,0.13384115707751557,0.030804770012678975,-1.379830851094991,1.513773723383225
Local Model,204,"(1016, 10)",,Chemical + CS3,MLP,Out of time Split,"{""Test Size"": 0.2}",1.334193531758712,0.0367519876233051,1.031881859345585,0.028448866040825135,0.025622512375988282,0.0006742291066567509,0.9384257635651959,0.0033573445063513445,1.4503916319528114,0.18683373598612255,1.145442279491549,0.1520055340367016,0.026938596772849394,0.0031086280962053046,0.9407376295707858,0.015698009933749646
Local Model,204,"(1016, 10)",,Chemical + CS3,MLP,Repeated KFold,"{""N_Splits"": 5, ""Repeats"": 3}",1.2653064185370226,0.042456691121121035,0.977357739276131,0.036246903162539604,0.02422500325417548,0.0008505479543357371,0.9474694527297568,0.003491484405554105,1.3120005073830077,0.09070533681422437,1.0100398910424448,0.0775120295532165,0.025042357166159303,0.0017822107245674393,0.9431185154468117,0.007636178292985396
Local Model,204,"(1016, 10)",,Chemical + CS3,MLP,Time Series Split,"{""N_Splits"": 5, ""Repeats"": 3, ""Gap"": 0}",2.326106227803169,1.3244539308444097,1.8010741923935014,1.0250544330337599,0.04439480281244513,0.02543796862560532,0.7699789888037868,0.26488301427692573,3.6246833217892083,2.6699447820340576,2.7038200989371455,1.8353083177517948,0.06565808816963077,0.04446621553613775,0.2980693219034815,0.9457520060286785
