Category,Company,Data Shape,Timesteps,Features,Model,Cross Validation,Cross Validation Params,RMSE Train,RMSE Train,MAE Train,MAE Train,MAPE Train,MAPE Train,R2 Train,R2 Train,RMSE Test,RMSE Test,MAE Test,MAE Test,MAPE Test,MAPE Test,R2 Test,R2 Test
,,,,,,,,mean,std,mean,std,mean,std,mean,std,mean,std,mean,std,mean,std,mean,std
Local Model,204,"(1016, 12)",,Chemical + Feature Engineering,MLP,Blocking Time Series Split,"{""N_Splits"": 5, ""Repeats"": 3, ""train_size"": 0.8}",5.256035979054846,0.6171264792362172,4.007560933744957,0.45522242383356887,0.09957348531339946,0.011108996166827072,0.08014751835766659,0.21355962959267136,8.478425631750067,3.322151234910398,6.094309461950287,1.936474140894863,0.14930209130753597,0.04775701180840225,-2.142025332532179,2.5017279540129183
Local Model,204,"(1016, 12)",,Chemical + Feature Engineering,MLP,Out of time Split,"{""Test Size"": 0.2}",1.5085431390748507,0.04516799906027707,1.1622690404381462,0.034394033463076526,0.028879483804206834,0.000927745622579702,0.9212706631957134,0.004716825295207708,1.980156852951821,0.15402832482119094,1.5474674885569053,0.11943709787213747,0.03603409200362323,0.002468578116585384,0.8906849095739733,0.017322387933593242
Local Model,204,"(1016, 12)",,Chemical + Feature Engineering,MLP,Repeated KFold,"{""N_Splits"": 5, ""Repeats"": 3}",1.4916640207595033,0.032037584913722064,1.1548923914562979,0.022740247847287346,0.028492808225163188,0.0005936179293845812,0.9270374013556865,0.003105795941959271,1.8618090590059813,0.7079599750352898,1.22786460615286,0.1209138812673042,0.030485541806356764,0.002942502544345402,0.8703346996219342,0.12251585835166612
Local Model,204,"(1016, 12)",,Chemical + Feature Engineering,MLP,Time Series Split,"{""N_Splits"": 5, ""Repeats"": 3, ""Gap"": 0}",2.327897292226538,1.3036018632839512,1.8198540239921317,1.0308787095701024,0.044856982617722266,0.02549763626404495,0.7713119822565482,0.26517907114748235,3.489742681288651,2.6574731624147976,2.589247315085146,1.8002079119493801,0.06300628555178314,0.043080807194075525,0.34129072484972994,1.0330121859682833
