Category,Company,Data Shape,Timesteps,Features,Model,Cross Validation,Cross Validation Params,RMSE Train,RMSE Train,MAE Train,MAE Train,MAPE Train,MAPE Train,R2 Train,R2 Train,RMSE Test,RMSE Test,MAE Test,MAE Test,MAPE Test,MAPE Test,R2 Test,R2 Test
,,,,,,,,mean,std,mean,std,mean,std,mean,std,mean,std,mean,std,mean,std,mean,std
Local Model,204,"(1016, 10)",,Chemical + CS7,MLP,Blocking Time Series Split,"{""N_Splits"": 5, ""Repeats"": 3, ""train_size"": 0.8}",4.922414077202739,0.5386279194459722,3.730436585979697,0.34166758984120577,0.09291087418623882,0.00842214677809477,0.19100340293902043,0.1881912835415194,7.399411498542567,2.6761750404019264,5.346367267980808,1.3451982434811136,0.13166298820167283,0.03348915183330151,-1.311958460560158,1.7318092586076987
Local Model,204,"(1016, 10)",,Chemical + CS7,MLP,Out of time Split,"{""Test Size"": 0.2}",1.2404747274713468,0.04297885511226752,0.9446717949727877,0.0358593494402847,0.02344093431737813,0.0008556974542373163,0.9467488705681467,0.0036404723703112015,1.2660025154275452,0.2635783108781134,0.9834639480690548,0.22004346239204556,0.02335997069898096,0.004680434619439977,0.9536597227529194,0.0197234015399612
Local Model,204,"(1016, 10)",,Chemical + CS7,MLP,Repeated KFold,"{""N_Splits"": 5, ""Repeats"": 3}",1.1565726199497839,0.04128247428573604,0.8766030074866789,0.0369057563051885,0.021733595476723388,0.0008367656133343145,0.9560993455053137,0.003153860868630101,1.198955375689632,0.08553846725891812,0.9043129850908518,0.062057541549216715,0.02242054388396147,0.0013239845729673396,0.9525506925312117,0.006000943563751916
Local Model,204,"(1016, 10)",,Chemical + CS7,MLP,Time Series Split,"{""N_Splits"": 5, ""Repeats"": 3, ""Gap"": 0}",2.217732993826122,1.3034623349434238,1.6889054720878678,0.9795019753791836,0.04178035212451155,0.02450005805133844,0.7877252843790218,0.250948624076339,3.615283203557267,2.916994231850146,2.7048039260653587,2.025113619748976,0.06569683228098372,0.048732073821437856,0.2513661366868805,1.0632594559622044
