Category,Company,Data Shape,Timesteps,Features,Model,Cross Validation,Cross Validation Params,RMSE Train,RMSE Train,MAE Train,MAE Train,MAPE Train,MAPE Train,R2 Train,R2 Train,RMSE Test,RMSE Test,MAE Test,MAE Test,MAPE Test,MAPE Test,R2 Test,R2 Test
,,,,,,,,mean,std,mean,std,mean,std,mean,std,mean,std,mean,std,mean,std,mean,std
Local Model,204,"(1016, 9)",,Chemical,Random Forest,Blocking Time Series Split,"{""N_Splits"": 5, ""Repeats"": 1, ""train_size"": 0.8}",1.0494314413541406,0.12230482295233355,0.8076160375173954,0.08941521632544575,0.02017062032945486,0.0019785020726997113,0.9635827995369002,0.006959262668797353,1.6473316896380048,0.47280013807528276,1.2733551213985865,0.3757915167877956,0.03186209273034295,0.009434730358181077,0.8846144519085805,0.07321618118807144
Local Model,204,"(1016, 9)",,Chemical,Random Forest,Out of time Split,"{""Test Size"": 0.2}",1.3146309586129967,0.0,1.0340034110046896,0.0,0.025889081589829745,0.0,0.9402635143758992,0.0,2.182917754133341,0.0,1.7684809104989136,0.0,0.04108931511865053,0.0,0.8679507823461897,0.0
Local Model,204,"(1016, 9)",,Chemical,Random Forest,Repeated KFold,"{""N_Splits"": 5, ""Repeats"": 3}",1.3680028099468347,0.023289069635325437,1.0840259588185281,0.022709548878766195,0.026979081042591332,0.0005225829627392596,0.9386406293741822,0.002146731206246392,1.4638631678817997,0.08365014859632708,1.1488606980276055,0.06545436964973485,0.028600745476110512,0.0015475481017574383,0.9292213425364186,0.008468497581667223
Local Model,204,"(1016, 9)",,Chemical,Random Forest,Time Series Split,"{""N_Splits"": 5, ""Repeats"": 1, ""Gap"": 0}",1.2752838769120602,0.06635564497290214,1.001350681650568,0.054621476623664726,0.024793030695778318,0.0015815076462497777,0.9457516622564712,0.007275176227895846,1.6913431515601673,0.33509702582971973,1.38524292685998,0.2770657868285599,0.03458454446676386,0.0054047183568317544,0.9009569155792552,0.03156960755502116
