Category,Company,Data Shape,Timesteps,Features,Model,Cross Validation,Cross Validation Params,RMSE Train,RMSE Train,MAE Train,MAE Train,MAPE Train,MAPE Train,R2 Train,R2 Train,RMSE Test,RMSE Test,MAE Test,MAE Test,MAPE Test,MAPE Test,R2 Test,R2 Test
,,,,,,,,mean,std,mean,std,mean,std,mean,std,mean,std,mean,std,mean,std,mean,std
Local Model,204,"(1016, 10)",,Chemical + CS7,Random Forest,Blocking Time Series Split,"{""N_Splits"": 5, ""Repeats"": 1, ""train_size"": 0.8}",0.8517221220534665,0.13182943399949207,0.6619672728786268,0.0895498417197434,0.016575916987536438,0.0019712944738143248,0.9752227739456213,0.008130824853140437,1.4748313069303025,0.3409970769659272,1.1691947833199232,0.27440048000882045,0.028982005491697677,0.006482295632348848,0.9124755256973975,0.04134112589547357
Local Model,204,"(1016, 10)",,Chemical + CS7,Random Forest,Out of time Split,"{""Test Size"": 0.2}",1.098489894764904,0.0,0.8574556324790844,0.0,0.021493509264168334,0.0,0.9582915461800781,0.0,1.0639110249567145,0.0,0.8589560889595609,0.0,0.02095156489625351,0.0,0.9686330923668287,0.0
Local Model,204,"(1016, 10)",,Chemical + CS7,Random Forest,Repeated KFold,"{""N_Splits"": 5, ""Repeats"": 3}",1.0656017811605294,0.019102738938668193,0.8275998086396099,0.014863361884116914,0.020698158174280158,0.00033310859219734957,0.9627727103546397,0.001256506774166283,1.1320058116780265,0.07466129556447455,0.87896237363951,0.04875826658210079,0.021956471464852145,0.0010724336300099227,0.9577000863720337,0.005104657661216784
Local Model,204,"(1016, 10)",,Chemical + CS7,Random Forest,Time Series Split,"{""N_Splits"": 5, ""Repeats"": 1, ""Gap"": 0}",1.0660711926972612,0.06326885298054888,0.8208277157721927,0.06144723066616043,0.02026529382471814,0.0017660725078494225,0.962063242845535,0.005475698406378117,1.23886737768282,0.17905326639435054,0.954908182284173,0.10648547475120168,0.02398799859710854,0.0024617107626917737,0.9460835557858195,0.016727459505390386
