Category,Company,Data Shape,Timesteps,Features,Model,Cross Validation,Cross Validation Params,RMSE Train,RMSE Train,MAE Train,MAE Train,MAPE Train,MAPE Train,R2 Train,R2 Train,RMSE Test,RMSE Test,MAE Test,MAE Test,MAPE Test,MAPE Test,R2 Test,R2 Test
,,,,,,,,mean,std,mean,std,mean,std,mean,std,mean,std,mean,std,mean,std,mean,std
Local Model,204,"(1016, 10)",,Chemical + CS7,XGBoost,Blocking Time Series Split,"{""N_Splits"": 5, ""Repeats"": 1, ""train_size"": 0.8}",1.2624553073498916,0.0719464361597521,1.047605972290039,0.06371128253786243,0.026600066550610653,0.0012246397352900684,0.9472603094752545,0.006539341716165403,1.6306478088353764,0.2834936565335143,1.263112506401248,0.13244910969786947,0.03174405229804513,0.003218343805526677,0.8990837943320951,0.03381748670699672
Local Model,204,"(1016, 10)",,Chemical + CS7,XGBoost,Out of time Split,"{""Test Size"": 0.2}",1.384901643979204,0.0,1.1176125794208696,0.0,0.028361552809068023,0.0,0.933706672289586,0.0,1.8047914986258728,0.0,1.5264339447021482,0.0,0.036527157589244325,0.0,0.9097358785448647,0.0
Local Model,204,"(1016, 10)",,Chemical + CS7,XGBoost,Repeated KFold,"{""N_Splits"": 5, ""Repeats"": 3}",1.382545857272274,0.01221175570425045,1.1310506343941904,0.008546658417488561,0.028591305826332656,0.00019532198974746339,0.9373486812226379,0.000859649627081256,1.4537824582729015,0.07785974043997083,1.1901832819170752,0.061463965005987845,0.0300468279442717,0.0014349309629123335,0.930400807532405,0.0058171953429642775
Local Model,204,"(1016, 10)",,Chemical + CS7,XGBoost,Time Series Split,"{""N_Splits"": 5, ""Repeats"": 1, ""Gap"": 0}",1.3675928555638166,0.03905351923733841,1.1243460417575326,0.023079129377987527,0.02819028593153892,0.0007347393827629663,0.9378368524935512,0.005315487864001655,1.6237121162708632,0.15582706891540588,1.3313004117886695,0.12154497845679015,0.034075995831628035,0.002710445631019317,0.9099879664295758,0.014582930350102023
