Category,Company,Data Shape,Timesteps,Features,Model,Cross Validation,Cross Validation Params,RMSE Train,RMSE Train,MAE Train,MAE Train,MAPE Train,MAPE Train,R2 Train,R2 Train,RMSE Test,RMSE Test,MAE Test,MAE Test,MAPE Test,MAPE Test,R2 Test,R2 Test
,,,,,,,,mean,std,mean,std,mean,std,mean,std,mean,std,mean,std,mean,std,mean,std
Local Model,204,"(1016, 10)",,Chemical + CS3,XGBoost,Blocking Time Series Split,"{""N_Splits"": 5, ""Repeats"": 1, ""train_size"": 0.8}",1.3044913014472748,0.07691255346180893,1.0771665332935474,0.07365682142329648,0.027279030866154453,0.0014429597229772186,0.9437587468960359,0.006470365158891853,1.7942579828931606,0.33358281010397944,1.395799560546875,0.2864404311784326,0.03511580428569937,0.006902812153406178,0.8719584846595151,0.06348867868274324
Local Model,204,"(1016, 10)",,Chemical + CS3,XGBoost,Out of time Split,"{""Test Size"": 0.2}",1.4561384497327168,0.0,1.1918354222339949,0.0,0.030270365053794074,0.0,0.9267112528694266,0.0,1.8848842420796363,0.0,1.556551342384488,0.0,0.03642866214289633,0.0,0.9015466600776455,0.0
Local Model,204,"(1016, 10)",,Chemical + CS3,XGBoost,Repeated KFold,"{""N_Splits"": 5, ""Repeats"": 3}",1.4580723021030628,0.012300870360917536,1.1972116963201838,0.011862636937815167,0.030259429889152235,0.00027367362510669275,0.93031421049359,0.0010846946956864893,1.5461490292330409,0.0696154950531682,1.2683136135678452,0.056644339803948895,0.03205128043624036,0.001349120328489342,0.9212887538219778,0.00561462173908416
Local Model,204,"(1016, 10)",,Chemical + CS3,XGBoost,Time Series Split,"{""N_Splits"": 5, ""Repeats"": 1, ""Gap"": 0}",1.434027159011746,0.038263195088894246,1.181104016252212,0.022943625695226667,0.029594879929992452,0.000847518716026066,0.9316527640806344,0.005748722897188857,1.7969471550393572,0.15653998729367302,1.4876252015243618,0.1271094093911106,0.03806087671875751,0.0035966698799526392,0.8896951653546156,0.017613000178675012
