Category,Company,Data Shape,Timesteps,Features,Model,Cross Validation,Cross Validation Params,RMSE Train,RMSE Train,MAE Train,MAE Train,MAPE Train,MAPE Train,R2 Train,R2 Train,RMSE Test,RMSE Test,MAE Test,MAE Test,MAPE Test,MAPE Test,R2 Test,R2 Test
,,,,,,,,mean,std,mean,std,mean,std,mean,std,mean,std,mean,std,mean,std,mean,std
Global Model,203,"(1098, 15)",7,Chemical + Properties CS Less,BidirectionalLSTM,Blocking Time Series Split,"{""N_Splits"": 5, ""Repeats"": 3, ""train_size"": 0.8}",1.507391265644929,0.14623949966083416,0.9147884608319043,0.056453776336225815,0.021118839795376522,0.0016052136488035442,0.8873443592955147,0.03684183344061974,5.358116873537213,1.2829098192621915,3.8831014840262275,0.8439411844756823,0.093104380989597,0.022237161380562937,-1.5933997892451754,2.1873120717607444
Global Model,203,"(1098, 15)",7,Chemical + Properties CS Less,BidirectionalLSTM,Out of time Split,"{""Test Size"": 0.2}",1.0631048875981226,0.0,0.7590896453497544,0.0,0.01720667376435909,0.0,0.945546934810967,0.0,3.4004328710817115,0.0,2.685625178688452,4.440892098500626e-16,0.06725400560507638,0.0,0.5396003907546701,0.0
Global Model,203,"(1098, 15)",7,Chemical + Properties CS Less,BidirectionalLSTM,Repeated KFold,"{""N_Splits"": 5, ""Repeats"": 3}",1.1967811985090684,0.12037144171922745,0.8447666601121234,0.09854944088186442,0.019397131863782432,0.0022856589329079175,0.9364514592104386,0.013156095305825724,2.5492042731718447,0.19213815940995438,2.004729551345937,0.1311950174180013,0.04698872802512281,0.0030280587833618968,0.6971728011400351,0.03923973046569035
Global Model,203,"(1098, 15)",7,Chemical + Properties CS Less,BidirectionalLSTM,Time Series Split,"{""N_Splits"": 5, ""Repeats"": 3, ""Gap"": 0}",1.5562924439038919,0.7784453670926615,0.9447574913096997,0.27190526868774517,0.021195738750476343,0.005806282489112237,0.8394688707078303,0.17241146302951194,3.603659179375674,0.4328356507545779,2.8574035706466403,0.3371786397711173,0.06684294258915653,0.006779313105893097,0.2741904422558675,0.32980632043843316
