Category,Company,Data Shape,Timesteps,Features,Model,Cross Validation,Cross Validation Params,RMSE Train,RMSE Train,MAE Train,MAE Train,MAPE Train,MAPE Train,R2 Train,R2 Train,RMSE Test,RMSE Test,MAE Test,MAE Test,MAPE Test,MAPE Test,R2 Test,R2 Test
,,,,,,,,mean,std,mean,std,mean,std,mean,std,mean,std,mean,std,mean,std,mean,std
Global Model,203,"(1098, 18)",7,Chemical + Physical,BidirectionalLSTM,Blocking Time Series Split,"{""N_Splits"": 5, ""Repeats"": 3, ""train_size"": 0.8}",0.48310235391716483,0.11189661415081262,0.3547194510157399,0.08031492254538293,0.008224300176710228,0.0021413327867854577,0.9890533076433428,0.0034632674090034087,2.5687607854169,0.20138259614714954,2.0260942764282226,0.10706292717844973,0.04782159392019139,0.004334993692642084,0.47568744761010767,0.27827723988952635
Global Model,203,"(1098, 18)",7,Chemical + Physical,BidirectionalLSTM,Out of time Split,"{""Test Size"": 0.2}",0.5098476565736042,0.0,0.37595288888463446,0.0,0.008491055528757488,0.0,0.9874757722439229,0.0,2.2907674593084435,0.0,1.8782515315005657,2.220446049250313e-16,0.04669671204731951,0.0,0.7910566538816282,0.0
Global Model,203,"(1098, 18)",7,Chemical + Physical,BidirectionalLSTM,Repeated KFold,"{""N_Splits"": 5, ""Repeats"": 3}",0.5409951003801841,0.10030880952961771,0.3936461845948249,0.0696529459413095,0.00902555503790654,0.0015475916710281374,0.9867005008471713,0.005506897054074114,2.0671976137043897,0.1572434631411996,1.601354601394142,0.1129993326360621,0.037228817742340194,0.002704114665682397,0.8013867981728198,0.02153514119744956
Global Model,203,"(1098, 18)",7,Chemical + Physical,BidirectionalLSTM,Time Series Split,"{""N_Splits"": 5, ""Repeats"": 3, ""Gap"": 0}",0.4842305736437915,0.07315808647832713,0.35112139845926327,0.044237471094911746,0.007940300952084292,0.0009346463914139978,0.9870803768940257,0.004550941556661455,3.0047401623468613,0.5382484053564517,2.360244433598501,0.31444704504433246,0.055485420840402415,0.00554562361227553,0.4765563595511535,0.29887972376543215
