Category,Company,Data Shape,Timesteps,Features,Model,Cross Validation,Cross Validation Params,RMSE Train,RMSE Train,MAE Train,MAE Train,MAPE Train,MAPE Train,R2 Train,R2 Train,RMSE Test,RMSE Test,MAE Test,MAE Test,MAPE Test,MAPE Test,R2 Test,R2 Test
,,,,,,,,mean,std,mean,std,mean,std,mean,std,mean,std,mean,std,mean,std,mean,std
Global Model,203,"(1098, 18)",7,Chemical + Physical,Conv1D,Blocking Time Series Split,"{""N_Splits"": 5, ""Repeats"": 3, ""train_size"": 0.8}",2.606786754687184,0.5721447137078853,2.0240017143966433,0.3599606432065268,0.04679944106901121,0.007793822812440574,0.6525505083155747,0.14102961270640368,2.927639422247468,0.5142588950478838,2.3626957242451017,0.31618503441038454,0.055495513065297826,0.007965525423974744,0.3808119434569764,0.3338349236608505
Global Model,203,"(1098, 18)",7,Chemical + Physical,Conv1D,Out of time Split,"{""Test Size"": 0.2}",1.6979406339859953,0.0,1.3615358955455277,0.0,0.031457965554875754,0.0,0.8610958871091811,1.1102230246251565e-16,2.7364115388039068,0.0,2.229876624659488,0.0,0.057207408818418994,0.0,0.7018537433028585,0.0
Global Model,203,"(1098, 18)",7,Chemical + Physical,Conv1D,Repeated KFold,"{""N_Splits"": 5, ""Repeats"": 3}",1.7729656098023185,0.04936358589168063,1.424077100789673,0.04411073643649857,0.03313795855032079,0.001000725392043931,0.8617691242055614,0.00754174098600055,2.072164706521096,0.13825792722956384,1.6486695074245898,0.11244337870922379,0.03829732580544596,0.002491217973379957,0.7996936644887461,0.025514585938849477
Global Model,203,"(1098, 18)",7,Chemical + Physical,Conv1D,Time Series Split,"{""N_Splits"": 5, ""Repeats"": 3, ""Gap"": 0}",2.0338900619377447,0.26317905153804894,1.6721126907503971,0.25316888908956947,0.03822524712418245,0.005736673793333729,0.7735723031709973,0.06074323549790886,2.739519666510307,0.40532681939893667,2.2089147802381808,0.2751340564198421,0.05185986200986149,0.0034484131881048264,0.5732866956030518,0.22103508968443167
