Category,Company,Data Shape,Timesteps,Features,Model,Cross Validation,Cross Validation Params,RMSE Train,RMSE Train,MAE Train,MAE Train,MAPE Train,MAPE Train,R2 Train,R2 Train,RMSE Test,RMSE Test,MAE Test,MAE Test,MAPE Test,MAPE Test,R2 Test,R2 Test
,,,,,,,,mean,std,mean,std,mean,std,mean,std,mean,std,mean,std,mean,std,mean,std
Global Model,203,"(1098, 10)",7,Chemical,Conv1D,Blocking Time Series Split,"{""N_Splits"": 5, ""Repeats"": 3, ""train_size"": 0.8}",4.269456844461869,0.24043656418639772,3.3326177130518615,0.2116816382724946,0.07941618889475303,0.0028655010097906027,0.10859356038770596,0.26202767395801263,7.8144900430674875,2.447018938416256,6.114443899972098,1.5239261309401604,0.14716179876330593,0.04095549266490314,-3.2198004187015514,1.8357339804442412
Global Model,203,"(1098, 10)",7,Chemical,Conv1D,Out of time Split,"{""Test Size"": 0.2}",2.371094622542888,0.0,1.8991591768444713,2.220446049250313e-16,0.04362889221327259,0.0,0.7291256557519826,1.1102230246251565e-16,4.644530731757305,0.0,3.3803832746806894,0.0,0.08499615945369103,1.3877787807814457e-17,0.14108494204387345,0.0
Global Model,203,"(1098, 10)",7,Chemical,Conv1D,Repeated KFold,"{""N_Splits"": 5, ""Repeats"": 3}",2.3105199239586502,0.035404314920411045,1.8318564556355894,0.03146233463056615,0.04257209901270298,0.0007669334888362739,0.7653851664635163,0.006243012914759327,2.656396616813972,0.22840000224204499,2.0711405268235095,0.15080283551934834,0.04793099673478255,0.0032467785811596318,0.6704956176741835,0.05239384031387124
Global Model,203,"(1098, 10)",7,Chemical,Conv1D,Time Series Split,"{""N_Splits"": 5, ""Repeats"": 3, ""Gap"": 0}",2.8853826010133643,0.6849118257432055,2.353490152928641,0.5637498656014994,0.054064509007719794,0.013732826754391126,0.5304426804987118,0.23915702199207817,5.607724356592592,2.5485001030605825,4.219783448277557,1.8630201853410455,0.09873191680407628,0.03776095604355826,-1.23825433802553,2.5369864655866823
