Category,Company,Data Shape,Timesteps,Features,Model,Cross Validation,Cross Validation Params,RMSE Train,RMSE Train,MAE Train,MAE Train,MAPE Train,MAPE Train,R2 Train,R2 Train,RMSE Test,RMSE Test,MAE Test,MAE Test,MAPE Test,MAPE Test,R2 Test,R2 Test
,,,,,,,,mean,std,mean,std,mean,std,mean,std,mean,std,mean,std,mean,std,mean,std
Global Model,203,"(1098, 18)",,Chemical + Physical,MLP,Blocking Time Series Split,"{""N_Splits"": 5, ""Repeats"": 3, ""train_size"": 0.8}",1.2285819986461928,0.07209361885371701,0.9409835876464843,0.053567613948610544,0.021760232432610247,0.0010401516346102877,0.9270217367299332,0.019749534236654355,1.6104278990775522,0.14544577092722658,1.2991731851751154,0.18457395882674754,0.02993760154344794,0.004491603343054851,0.835643675908299,0.07628691364141942
Global Model,203,"(1098, 18)",,Chemical + Physical,MLP,Out of time Split,"{""Test Size"": 0.2}",1.2900300800159548,0.0,0.9901185342010984,0.0,0.02249924272326631,0.0,0.9212554913005894,1.1102230246251565e-16,2.0539580084542184,0.0,1.6867881289395419,0.0,0.04219700656308762,0.0,0.8331380396677576,1.1102230246251565e-16
Global Model,203,"(1098, 18)",,Chemical + Physical,MLP,Repeated KFold,"{""N_Splits"": 5, ""Repeats"": 3}",1.2433041062839825,0.023447998809046102,0.9582498158783489,0.021866431909845833,0.022111393307661778,0.0005111033772791352,0.9329680051003592,0.0030454270135943902,1.6508448445278647,0.07253324527299902,1.2894502051292622,0.06137889616615909,0.02979220234943064,0.0013434010025711362,0.8808306259601241,0.013268309933654139
Global Model,203,"(1098, 18)",,Chemical + Physical,MLP,Time Series Split,"{""N_Splits"": 5, ""Repeats"": 3, ""Gap"": 0}",1.2400516235329229,0.02518565484365418,0.9502393955724052,0.029133530867043175,0.021539361133361166,0.0008698820852760809,0.9199923357666445,0.004185695912993254,1.859131477771466,0.11405116883701844,1.4369384932387723,0.0844598539091991,0.03352669444737685,0.0025205624573443183,0.8270561764542586,0.05246484080698724
