Category,Company,Data Shape,Timesteps,Features,Model,Cross Validation,Cross Validation Params,RMSE Train,RMSE Train,MAE Train,MAE Train,MAPE Train,MAPE Train,R2 Train,R2 Train,RMSE Test,RMSE Test,MAE Test,MAE Test,MAPE Test,MAPE Test,R2 Test,R2 Test
,,,,,,,,mean,std,mean,std,mean,std,mean,std,mean,std,mean,std,mean,std,mean,std
Global Model,203,"(1098, 18)",1,Chemical + Physical,Transformer,Blocking Time Series Split,"{""N_Splits"": 5, ""Repeats"": 3, ""train_size"": 0.8}",1.7488160523505882,0.19160960830815818,1.4012160295758926,0.15679291846927332,0.032837348017600416,0.003314029251326149,0.850932347467403,0.04790138336626841,2.0412033540114027,0.20782183893726808,1.7199403034557,0.19767131036548424,0.040519167117227216,0.004571320664101571,0.7187703770645333,0.16037291137457324
Global Model,203,"(1098, 18)",1,Chemical + Physical,Transformer,Out of time Split,"{""Test Size"": 0.2}",1.7139794395178285,0.0,1.3576062126420354,0.0,0.031407853745204176,0.0,0.8609945527007924,0.0,2.356669905904927,0.0,2.005483290932395,0.0,0.04905196192401607,0.0,0.7803295031038596,1.1102230246251565e-16
Global Model,203,"(1098, 18)",1,Chemical + Physical,Transformer,Repeated KFold,"{""N_Splits"": 5, ""Repeats"": 3}",1.7504955516203695,0.0210807992699359,1.4051398765788852,0.01731739220328273,0.03289206821769034,0.0003613398262400539,0.8671757020705246,0.0038309427022617634,1.9369496016546526,0.07554153149249812,1.5407230455782035,0.05717277193338678,0.03616744225779559,0.0012814006859301979,0.8362013674508192,0.015684897705614747
Global Model,203,"(1098, 18)",1,Chemical + Physical,Transformer,Time Series Split,"{""N_Splits"": 5, ""Repeats"": 3, ""Gap"": 0}",1.777607381016791,0.07465234437726227,1.4216994936583471,0.07597897993130871,0.03259423814387,0.0018371384189313836,0.8352760103681608,0.015513323903892668,2.2852753164501913,0.14675387068054369,1.8278706401553961,0.12233477183324044,0.0432319114209494,0.003627060585241062,0.7406425417246889,0.07488200936836972
