Category,Company,Data Shape,Timesteps,Features,Model,Cross Validation,Cross Validation Params,RMSE Train,RMSE Train,MAE Train,MAE Train,MAPE Train,MAPE Train,R2 Train,R2 Train,RMSE Test,RMSE Test,MAE Test,MAE Test,MAPE Test,MAPE Test,R2 Test,R2 Test
,,,,,,,,mean,std,mean,std,mean,std,mean,std,mean,std,mean,std,mean,std,mean,std
Global Model,204,"(2514, 17)",7,Chemical + Physical,Conv1D,Blocking Time Series Split,"{""N_Splits"": 5, ""Repeats"": 3, ""train_size"": 0.8}",0.8733505584376658,0.07062307546993024,0.6806693821905175,0.06384454935558825,0.015507061100779936,0.0011025173232927662,0.9834623841486466,0.002451607266225371,1.7147139201173978,0.24221310498086118,1.34703688813025,0.19237719802192252,0.03037117985737595,0.003748529668381966,0.9228298289217178,0.01965228051485615
Global Model,204,"(2514, 17)",7,Chemical + Physical,Conv1D,Out of time Split,"{""Test Size"": 0.2}",0.815722000375529,0.006223315446339784,0.6252721539053995,0.005129031459760208,0.014327927555658147,0.00016044367904803717,0.9862374877693444,0.00021037260005342767,1.1681201015411327,0.028292411394032373,0.9357680656105133,0.023369804186308518,0.021761839631450453,0.0005976993037232573,0.9687794013677719,0.0015136897872084416
Global Model,204,"(2514, 17)",7,Chemical + Physical,Conv1D,Repeated KFold,"{""N_Splits"": 5, ""Repeats"": 3}",0.8114172203712603,0.019309419629993836,0.6299653473189514,0.015142199905705216,0.014396925008979506,0.0003614628115815005,0.9862000114807962,0.0006663715072189531,1.2464962833326143,0.05747505074329135,0.9696144761938827,0.04162950654381255,0.022357101645109047,0.0010217610252895798,0.9666920163892694,0.0033436151166329055
Global Model,204,"(2514, 17)",7,Chemical + Physical,Conv1D,Time Series Split,"{""N_Splits"": 5, ""Repeats"": 3, ""Gap"": 0}",0.7949121127626896,0.03190733305922378,0.6062946060096394,0.024027052265778042,0.013929009806360691,0.0005246160088158771,0.9868285007152867,0.0012659124225230774,1.4099919568086385,0.22139288341572927,1.1017253689472015,0.16430032891612129,0.02528512236421316,0.003600880185652018,0.9553701823955884,0.013310262287618287
