Category,Company,Data Shape,Timesteps,Features,Model,Cross Validation,Cross Validation Params,RMSE Train,RMSE Train,MAE Train,MAE Train,MAPE Train,MAPE Train,R2 Train,R2 Train,RMSE Test,RMSE Test,MAE Test,MAE Test,MAPE Test,MAPE Test,R2 Test,R2 Test
,,,,,,,,mean,std,mean,std,mean,std,mean,std,mean,std,mean,std,mean,std,mean,std
Global Model,204,"(2514, 9)",7,Chemical,Conv1D,Blocking Time Series Split,"{""N_Splits"": 5, ""Repeats"": 3, ""train_size"": 0.8}",1.1647248878086616,0.10303081280814468,0.9101453917366662,0.09759399587264363,0.020846620773750303,0.001924052454871131,0.9705372595758859,0.004978627427844372,2.760942065956478,0.6426351824552243,2.1111893586052037,0.3827349684528558,0.04856300851638391,0.008605687297661395,0.7924272276437876,0.09350395378090595
Global Model,204,"(2514, 9)",7,Chemical,Conv1D,Out of time Split,"{""Test Size"": 0.2}",1.2068527089912175,0.0017542358534253317,0.9461249092534677,0.0019256717692016736,0.02170391679776594,6.61555039002132e-05,0.9698770468526373,8.752803178436958e-05,1.3819909322734043,0.004531206880521534,1.0966183405009853,0.005923794637005294,0.02583972133752362,0.00013378342948617612,0.9563256358484238,0.0002861449568122969
Global Model,204,"(2514, 9)",7,Chemical,Conv1D,Repeated KFold,"{""N_Splits"": 5, ""Repeats"": 3}",1.1614204159288861,0.014777256318569229,0.9065295414312993,0.012220051821882039,0.020876622341636803,0.00030747775872574105,0.9717391519260619,0.0007067091166230398,1.5978342942233534,0.11542201480427255,1.2222635354280935,0.06610944259516069,0.02830066445500565,0.0017102354151665503,0.945155197740825,0.008108779189048653
Global Model,204,"(2514, 9)",7,Chemical,Conv1D,Time Series Split,"{""N_Splits"": 5, ""Repeats"": 3, ""Gap"": 0}",1.1231165399441825,0.061245154887948794,0.8674748676591777,0.05770071546753163,0.020119554205489155,0.001180008584563928,0.9736784228952193,0.0030925121123622622,2.0203778432806065,0.6711549124922753,1.5618820647688887,0.4471676967290293,0.03646712072457595,0.010994415248141359,0.9002669121883915,0.06517293445711872
