Category,Company,Data Shape,Timesteps,Features,Model,Cross Validation,Cross Validation Params,RMSE Train,RMSE Train,MAE Train,MAE Train,MAPE Train,MAPE Train,R2 Train,R2 Train,RMSE Test,RMSE Test,MAE Test,MAE Test,MAPE Test,MAPE Test,R2 Test,R2 Test
,,,,,,,,mean,std,mean,std,mean,std,mean,std,mean,std,mean,std,mean,std,mean,std
Global Model,204,"(2514, 9)",7,Chemical,LSTM,Blocking Time Series Split,"{""N_Splits"": 5, ""Repeats"": 3, ""train_size"": 0.8}",0.4608167628193458,0.06543544834002758,0.3209794736049138,0.03652528041817083,0.007267843636796943,0.0007676969514497571,0.9953341708011277,0.0012804964998797395,14.4775340417012,14.29783756255008,5.522942816722042,2.4291364903779633,0.12122075211898746,0.05313730876575125,-10.510360726823318,19.555815563413137
Global Model,204,"(2514, 9)",7,Chemical,LSTM,Out of time Split,"{""Test Size"": 0.2}",0.5216774388798778,0.05086030870664178,0.3755297531135631,0.037292235222991556,0.008493341892288687,0.0009162405689388749,0.9943180070511436,0.0010985328025658024,8.66209899853388,0.9497417719686012,2.636801525973534,0.03172110421057098,0.05828171526528306,0.0009637563502780905,-0.7363914268559114,0.3837335686635773
Global Model,204,"(2514, 9)",7,Chemical,LSTM,Repeated KFold,"{""N_Splits"": 5, ""Repeats"": 3}",0.4847023720757718,0.029519721863092367,0.35422880515996363,0.020797954242951066,0.00805788257376818,0.00046836898984222185,0.9950592329724163,0.0006079477403225132,3.1905456781999795,1.2023610795110402,1.8096271095031653,0.18950892356565593,0.04092893446806875,0.0038073781213502737,0.7493734643123834,0.23485211884284354
Global Model,204,"(2514, 9)",7,Chemical,LSTM,Time Series Split,"{""N_Splits"": 5, ""Repeats"": 3, ""Gap"": 0}",0.48152658593436026,0.054136936937454624,0.35043447260663213,0.04190780686192685,0.008068234898215655,0.0009026633228844853,0.9951039372740491,0.0011224991569602604,6.848880123145887,4.692760132337704,3.2163692910374375,1.5141501839937221,0.07418794792235199,0.03876044146079638,-0.53187271460265,2.1847037776582137
