Category,Company,Data Shape,Timesteps,Features,Model,Cross Validation,Cross Validation Params,RMSE Train,RMSE Train,MAE Train,MAE Train,MAPE Train,MAPE Train,R2 Train,R2 Train,RMSE Test,RMSE Test,MAE Test,MAE Test,MAPE Test,MAPE Test,R2 Test,R2 Test
,,,,,,,,mean,std,mean,std,mean,std,mean,std,mean,std,mean,std,mean,std,mean,std
Global Model,204,"(2514, 14)",,Chemical + Properties CS Less,MLP,Blocking Time Series Split,"{""N_Splits"": 5, ""Repeats"": 3, ""train_size"": 0.8}",1.1769828339633654,0.12648290430922027,0.9401010273388793,0.11482361135625244,0.02198994437537634,0.002437430137911726,0.9710128783134007,0.005553705676990734,1.3725383223979004,0.29518452607746803,1.0816068068400468,0.22829211875814948,0.02516835390362042,0.005642969023305881,0.9572556176429334,0.018384623147573487
Global Model,204,"(2514, 14)",,Chemical + Properties CS Less,MLP,Out of time Split,"{""Test Size"": 0.2}",1.2901840261992246,0.0,1.0264156376835363,0.0,0.024200105786101406,0.0,0.9658015943025925,0.0,1.3810528651531906,0.0,1.1513600040382705,0.0,0.027481796522864196,0.0,0.9577251340814202,0.0
Global Model,204,"(2514, 14)",,Chemical + Properties CS Less,MLP,Repeated KFold,"{""N_Splits"": 5, ""Repeats"": 3}",1.290228755223666,0.020296247604883518,1.0290158436231025,0.016326599707117223,0.024417621538581406,0.0004795343994212381,0.965355001551201,0.0011723292538125664,1.3741115891266797,0.06158670015577409,1.089668393339778,0.0469675711999227,0.025835566176749848,0.0012451268286680338,0.9605900149184551,0.003243053450563113
Global Model,204,"(2514, 14)",,Chemical + Properties CS Less,MLP,Time Series Split,"{""N_Splits"": 5, ""Repeats"": 3, ""Gap"": 0}",1.2128938872443438,0.0793800141536111,0.9490339423131827,0.06954297939058154,0.02266807339601835,0.0015130565836441831,0.9695237425970016,0.004343886360472278,1.6269089221485173,0.2731381653942792,1.2874003443023754,0.19750380581910307,0.030367237662376822,0.004771147880333489,0.9421745863817843,0.020827460239328504
