Category,Company,Data Shape,Timesteps,Features,Model,Cross Validation,Cross Validation Params,RMSE Train,RMSE Train,MAE Train,MAE Train,MAPE Train,MAPE Train,R2 Train,R2 Train,RMSE Test,RMSE Test,MAE Test,MAE Test,MAPE Test,MAPE Test,R2 Test,R2 Test
,,,,,,,,mean,std,mean,std,mean,std,mean,std,mean,std,mean,std,mean,std,mean,std
Local Model,209,"(1056, 17)",,Chemical + Physical,Decision Tree,Blocking Time Series Split,"{""N_Splits"": 5, ""Repeats"": 1, ""train_size"": 0.8}",1.1037234394295388,0.2032562917354413,0.8384082842042165,0.1631700099550557,0.020877275058206305,0.004394379951070329,0.8936226321866896,0.036792700297083834,1.3053030213483234,0.3412829602331191,1.0368501437038593,0.24877794832220973,0.025854751233165822,0.006101153109377072,0.8512191273888721,0.08649411574827476
Local Model,209,"(1056, 17)",,Chemical + Physical,Decision Tree,Out of time Split,"{""Test Size"": 0.2}",1.048283874209741,0.0,0.8157223349794926,0.0,0.0203617689660449,0.0,0.9078559230504666,0.0,1.4292716439923316,0.0,0.8681945273309968,0.0,0.02164513703040053,0.0,0.8461821319354575,0.0
Local Model,209,"(1056, 17)",,Chemical + Physical,Decision Tree,Repeated KFold,"{""N_Splits"": 5, ""Repeats"": 3}",1.1145504125080836,0.04583342136215187,0.8358057429422805,0.03318609988075996,0.02076782927713809,0.0009194389671134392,0.8987573153559675,0.008547113111641315,1.2699192647578705,0.14667218744566468,0.9188442945970787,0.07961363028722179,0.02280723788825599,0.0019930229739939477,0.866046413144193,0.03363943985867093
Local Model,209,"(1056, 17)",,Chemical + Physical,Decision Tree,Time Series Split,"{""N_Splits"": 5, ""Repeats"": 1, ""Gap"": 0}",1.024414674085221,0.1963466073310311,0.7967720865633556,0.15032661431756925,0.019816959406686513,0.003968320289469371,0.9054647664950185,0.032702796242877585,1.4015558623988873,0.24383707797052778,1.0313925697199866,0.1888283510233001,0.025718772925158073,0.0050059060059465055,0.834248230746914,0.05428915982068741
