Category,Company,Data Shape,Timesteps,Features,Model,Cross Validation,Cross Validation Params,RMSE Train,RMSE Train,MAE Train,MAE Train,MAPE Train,MAPE Train,R2 Train,R2 Train,RMSE Test,RMSE Test,MAE Test,MAE Test,MAPE Test,MAPE Test,R2 Test,R2 Test
,,,,,,,,mean,std,mean,std,mean,std,mean,std,mean,std,mean,std,mean,std,mean,std
Local Model,209,"(1056, 13)",,Chemical + Feature Engineering,Decision Tree,Blocking Time Series Split,"{""N_Splits"": 5, ""Repeats"": 1, ""train_size"": 0.8}",2.130863496162986,0.30580963879664175,1.5632484283155834,0.3159268602006507,0.038630348061965934,0.007767735569909488,0.6061454032410256,0.10836985063353721,3.34351792442636,0.6930179433323657,2.4345307923990918,0.5696540945269742,0.06109491885182304,0.014686909018701282,0.06373817043286056,0.411154317917953
Local Model,209,"(1056, 13)",,Chemical + Feature Engineering,Decision Tree,Out of time Split,"{""Test Size"": 0.2}",2.6857917281921773,0.0,2.0923196880931845,0.0,0.05223770193626846,0.0,0.39514081830437686,0.0,3.7421382705087316,0.0,3.017143038817977,0.0,0.07097085996181508,0.0,-0.05442791119967638,0.0
Local Model,209,"(1056, 13)",,Chemical + Feature Engineering,Decision Tree,Repeated KFold,"{""N_Splits"": 5, ""Repeats"": 3}",2.8920559500953775,0.050283269992972036,2.3234760093386178,0.05956732278812802,0.05776075938307132,0.0014758706799524546,0.31924541886743296,0.025676932940084718,3.0044819565200696,0.08612562935355035,2.4245040697560336,0.10560591720311972,0.06037198934366541,0.0024695214312916653,0.2621227039805557,0.04437506205300554
Local Model,209,"(1056, 13)",,Chemical + Feature Engineering,Decision Tree,Time Series Split,"{""N_Splits"": 5, ""Repeats"": 1, ""Gap"": 0}",2.395766002089021,0.32874647289183334,1.808953813892496,0.35084874890514894,0.04495558342993081,0.008945262743743137,0.4916640152379145,0.11629258845371003,3.279071275371995,0.3875800672330969,2.5836174643597882,0.41240200440371527,0.06411839296723343,0.00782566249833972,0.11059989831643371,0.18423182210282865
