Category,Company,Data Shape,Timesteps,Features,Model,Cross Validation,Cross Validation Params,RMSE Train,RMSE Train,MAE Train,MAE Train,MAPE Train,MAPE Train,R2 Train,R2 Train,RMSE Test,RMSE Test,MAE Test,MAE Test,MAPE Test,MAPE Test,R2 Test,R2 Test
,,,,,,,,mean,std,mean,std,mean,std,mean,std,mean,std,mean,std,mean,std,mean,std
Local Model,209,"(1056, 11)",,Chemical + CS3,Decision Tree,Blocking Time Series Split,"{""N_Splits"": 5, ""Repeats"": 1, ""train_size"": 0.8}",1.1113516276671798,0.25446964194769656,0.8150502008676053,0.16277847129070155,0.020270994450254074,0.00427865239982474,0.8906443230462946,0.044684590384594325,1.1850700577269218,0.197952527029477,1.0035522472808722,0.18726647196205415,0.025053393883438135,0.004772398757742732,0.8841703505541272,0.03702326396111968
Local Model,209,"(1056, 11)",,Chemical + CS3,Decision Tree,Out of time Split,"{""Test Size"": 0.2}",1.1862690712962976,0.0,0.9208564875023261,0.0,0.02282102564555007,0.0,0.8820016243963241,0.0,1.5753090148003681,0.0,1.1797290640939326,0.0,0.02861363869344754,0.0,0.8131432680133656,0.0
Local Model,209,"(1056, 11)",,Chemical + CS3,Decision Tree,Repeated KFold,"{""N_Splits"": 5, ""Repeats"": 3}",1.1966346662507408,0.06471634137047104,0.9077154193812067,0.0369596084589593,0.022593636978289002,0.000993694113407579,0.8831074309333729,0.013137361270996403,1.3006113925371312,0.11075481536096675,0.9658743153307866,0.06355616186477107,0.023986442829168265,0.001574304616826878,0.8604295897899826,0.027296391430680206
Local Model,209,"(1056, 11)",,Chemical + CS3,Decision Tree,Time Series Split,"{""N_Splits"": 5, ""Repeats"": 1, ""Gap"": 0}",1.0262889450144599,0.18696373115000453,0.8057884823689345,0.1410856067855314,0.019918560607491254,0.0037203715200750144,0.9054490000923664,0.030512587074152185,1.523835768118731,0.259770903660027,1.1662297854878934,0.20235852474905544,0.028950239232683323,0.005483722081626789,0.8044463628056906,0.06441426686578304
