Category,Company,Data Shape,Timesteps,Features,Model,Cross Validation,Cross Validation Params,RMSE Train,RMSE Train,MAE Train,MAE Train,MAPE Train,MAPE Train,R2 Train,R2 Train,RMSE Test,RMSE Test,MAE Test,MAE Test,MAPE Test,MAPE Test,R2 Test,R2 Test
,,,,,,,,mean,std,mean,std,mean,std,mean,std,mean,std,mean,std,mean,std,mean,std
Local Model,209,"(1056, 11)",,Chemical + CS3,Linear Regression,Blocking Time Series Split,"{""N_Splits"": 5, ""Repeats"": 1, ""train_size"": 0.8}",1.063647789948634,0.21124086392274086,0.8101070986804283,0.14400204678258205,0.02005801335261486,0.003807057522062026,0.9007854729023459,0.03856540612480695,1.1905901809941866,0.31911849717140306,0.9806743867473792,0.2861902863436286,0.024127812503297076,0.007198935196427266,0.8772715096781184,0.0777207335688179
Local Model,209,"(1056, 11)",,Chemical + CS3,Linear Regression,Out of time Split,"{""Test Size"": 0.2}",1.1371138215144319,0.0,0.8828576056966997,0.0,0.02190486836472076,0.0,0.8915779809644219,0.0,1.3431734060489617,0.0,1.0229988410810895,0.0,0.02483146156728913,0.0,0.8641557058933389,0.0
Local Model,209,"(1056, 11)",,Chemical + CS3,Linear Regression,Repeated KFold,"{""N_Splits"": 5, ""Repeats"": 3}",1.160891609066168,0.015711570971986933,0.8824459485257167,0.012027032313392926,0.02188062712301675,0.000296296955795024,0.8903265663895084,0.0033335242892435207,1.1781074008139396,0.06481386314067883,0.8983983974095969,0.044202386632411224,0.022283768175073326,0.0011343106531538007,0.8861136351184472,0.014347992860380306
Local Model,209,"(1056, 11)",,Chemical + CS3,Linear Regression,Time Series Split,"{""N_Splits"": 5, ""Repeats"": 1, ""Gap"": 0}",1.041325927092051,0.12437409143630428,0.8231114110139954,0.08852032347105743,0.020346927952922454,0.00230691654698007,0.9041809407563379,0.018650802550631073,1.4285594633555196,0.200422713615887,1.103871509761227,0.13375578330169252,0.027200742229808627,0.003676552035701394,0.8274751290201017,0.05355591079570497
