Category,Company,Data Shape,Timesteps,Features,Model,Cross Validation,Cross Validation Params,RMSE Train,RMSE Train,MAE Train,MAE Train,MAPE Train,MAPE Train,R2 Train,R2 Train,RMSE Test,RMSE Test,MAE Test,MAE Test,MAPE Test,MAPE Test,R2 Test,R2 Test
,,,,,,,,mean,std,mean,std,mean,std,mean,std,mean,std,mean,std,mean,std,mean,std
Local Model,209,"(1056, 12)",,Chemical + CS3 + CS7,Linear Regression,Blocking Time Series Split,"{""N_Splits"": 5, ""Repeats"": 1, ""train_size"": 0.8}",0.9590205588103877,0.18757554393840184,0.7377895002736897,0.13982931716811048,0.018276117275844474,0.0037229850918132426,0.9194435164677582,0.031194635383415666,1.3030529155494575,0.4109025490636045,1.0898545559683037,0.3831972298343827,0.026892469046062885,0.009843213535063271,0.8494254575355425,0.10454668835104614
Local Model,209,"(1056, 12)",,Chemical + CS3 + CS7,Linear Regression,Out of time Split,"{""Test Size"": 0.2}",1.0437937589840474,0.0,0.8137946413124519,0.0,0.020165641726675867,0.0,0.9086435941229324,0.0,1.237459490808686,0.0,0.9577949029324356,0.0,0.02336410004105269,0.0,0.8846973698071056,0.0
Local Model,209,"(1056, 12)",,Chemical + CS3 + CS7,Linear Regression,Repeated KFold,"{""N_Splits"": 5, ""Repeats"": 3}",1.073629374440233,0.012597934515297936,0.8284572355276691,0.009279257136774242,0.02047702984896432,0.0002308998368406079,0.9061994579037492,0.0025374012525818147,1.0925076701549983,0.054068413876739496,0.8434531496417212,0.03407955909008535,0.020855357954424662,0.0008843818170531526,0.9021470863662417,0.011151352170629942
Local Model,209,"(1056, 12)",,Chemical + CS3 + CS7,Linear Regression,Time Series Split,"{""N_Splits"": 5, ""Repeats"": 1, ""Gap"": 0}",0.9393547443493127,0.13611032661848382,0.741858253651178,0.10019374046019272,0.018326711353944914,0.002587920045488862,0.9216433630527388,0.018831860836702147,1.2444501239104937,0.24079291184239307,0.9823269616276086,0.19595296905082615,0.024334827243061054,0.005083684468163589,0.8673575960600811,0.05170304968265979
