Category,Company,Data Shape,Timesteps,Features,Model,Cross Validation,Cross Validation Params,RMSE Train,RMSE Train,MAE Train,MAE Train,MAPE Train,MAPE Train,R2 Train,R2 Train,RMSE Test,RMSE Test,MAE Test,MAE Test,MAPE Test,MAPE Test,R2 Test,R2 Test
,,,,,,,,mean,std,mean,std,mean,std,mean,std,mean,std,mean,std,mean,std,mean,std
Local Model,209,"(1056, 13)",,Chemical + Feature Engineering,Linear Regression,Blocking Time Series Split,"{""N_Splits"": 5, ""Repeats"": 1, ""train_size"": 0.8}",2.1256138804554903,0.38398596956284425,1.7127842060147127,0.3513550398233018,0.042423171549590334,0.008482858810258816,0.6106054367844772,0.11887703055865957,2.733687568607934,0.47935953572200163,2.180180036359082,0.42803847458929717,0.05285573195950203,0.008756028592145812,0.39576566672852365,0.19184717956279268
Local Model,209,"(1056, 13)",,Chemical + Feature Engineering,Linear Regression,Out of time Split,"{""Test Size"": 0.2}",2.434988585887195,0.0,1.9243384883614665,0.0,0.047868614138659844,0.0,0.5028316501877765,0.0,3.8978651638121984,0.0,3.2214486928085613,0.0,0.07579997823495659,0.0,-0.14401272717623192,0.0
Local Model,209,"(1056, 13)",,Chemical + Feature Engineering,Linear Regression,Repeated KFold,"{""N_Splits"": 5, ""Repeats"": 3}",2.637730479563896,0.02823157041613456,2.109248996605118,0.02413313366604542,0.052208647095616144,0.0005958996747340337,0.43392479706536624,0.009898072291979884,11.322853472620308,23.986247170836183,2.8262196844144962,1.7968093294035188,0.07206427821181068,0.050431641001432506,-54.2214366648213,184.95442221862925
Local Model,209,"(1056, 13)",,Chemical + Feature Engineering,Linear Regression,Time Series Split,"{""N_Splits"": 5, ""Repeats"": 1, ""Gap"": 0}",2.1150837136704586,0.29793292002048694,1.666433661245172,0.23667775305473318,0.041352919427785795,0.005960373667316214,0.6032567255836518,0.09293910692400814,7.811766405438753,4.980766758460944,3.1871076641941136,0.7078755962698684,0.07831637955221,0.01626982986417226,-6.091655908245143,7.260067903352809
