Category,Company,Data Shape,Timesteps,Features,Model,Cross Validation,Cross Validation Params,RMSE Train,RMSE Train,MAE Train,MAE Train,MAPE Train,MAPE Train,R2 Train,R2 Train,RMSE Test,RMSE Test,MAE Test,MAE Test,MAPE Test,MAPE Test,R2 Test,R2 Test
,,,,,,,,mean,std,mean,std,mean,std,mean,std,mean,std,mean,std,mean,std,mean,std
Local Model,209,"(1056, 11)",,Chemical + CS7,MLP,Blocking Time Series Split,"{""N_Splits"": 5, ""Repeats"": 3, ""train_size"": 0.8}",4.287802459384015,0.4512934388055359,3.3908086420997745,0.3644657130666233,0.08395395621559845,0.008546311743524295,-0.5939416797251613,0.4032027337059722,6.949706753645026,1.2180726766236378,5.545343801217487,0.9287255037984542,0.13808041636114524,0.023364930369474603,-3.040035629502601,1.6831130252424726
Local Model,209,"(1056, 11)",,Chemical + CS7,MLP,Out of time Split,"{""Test Size"": 0.2}",1.2308170358794535,0.05589409187269019,0.9847580531573806,0.05239232315644222,0.02426547779107767,0.001208989854770155,0.8727108694789711,0.011576760044721909,1.7466372367900707,0.017187446194501046,1.344620680659072,0.03135431471650143,0.03256397478860817,0.0007678061817147714,0.7702662968012105,0.004509437285049861
Local Model,209,"(1056, 11)",,Chemical + CS7,MLP,Repeated KFold,"{""N_Splits"": 5, ""Repeats"": 3}",1.292878396764287,0.03562847316356238,1.0112192579760253,0.026541510506496224,0.024772152843364394,0.0006129175810389657,0.863917758821421,0.007126064433739196,1.4339282781693348,0.3133572168739517,1.0577945073047683,0.08205796807699958,0.025939422900672342,0.0021053876332843085,0.8238198376420397,0.09575927198862773
Local Model,209,"(1056, 11)",,Chemical + CS7,MLP,Time Series Split,"{""N_Splits"": 5, ""Repeats"": 3, ""Gap"": 0}",2.0261469397451477,1.4011853376901184,1.6176122952470906,1.1147239909081372,0.039713276011847334,0.02745803229139022,0.4463273926704512,0.7980982810485905,3.678238653624965,1.9772873885800955,2.47673737786033,1.5785298151290614,0.06112489121802694,0.03884264671418037,-0.5294737126233284,1.4736201718496171
