Category,Company,Data Shape,Timesteps,Features,Model,Cross Validation,Cross Validation Params,RMSE Train,RMSE Train,MAE Train,MAE Train,MAPE Train,MAPE Train,R2 Train,R2 Train,RMSE Test,RMSE Test,MAE Test,MAE Test,MAPE Test,MAPE Test,R2 Test,R2 Test
,,,,,,,,mean,std,mean,std,mean,std,mean,std,mean,std,mean,std,mean,std,mean,std
Local Model,209,"(1056, 13)",,Chemical + Feature Engineering,Random Forest,Blocking Time Series Split,"{""N_Splits"": 5, ""Repeats"": 1, ""train_size"": 0.8}",1.6942642839587474,0.28117437965515163,1.2727887450319808,0.2432893479252952,0.031503629719460934,0.005993814005394657,0.7513683321882306,0.07209107705467058,2.7346322218704158,0.2274336304482524,2.1926822890459223,0.2745581948034456,0.05487026050335679,0.0057546469704716,0.40232187670266634,0.11064036172042765
Local Model,209,"(1056, 13)",,Chemical + Feature Engineering,Random Forest,Out of time Split,"{""Test Size"": 0.2}",2.2330304027097365,0.0,1.691678218815365,0.0,0.042218369597475165,0.0,0.5818819793803087,0.0,3.69535808118708,0.0,2.898568996360934,0.0,0.06759839782947538,0.0,-0.028230041772898895,0.0
Local Model,209,"(1056, 13)",,Chemical + Feature Engineering,Random Forest,Repeated KFold,"{""N_Splits"": 5, ""Repeats"": 3}",2.421281299975221,0.027140697387436973,1.8577446560960769,0.02147392179493924,0.046037127146491705,0.0005031750175326078,0.5229519079656484,0.011614113963464442,2.6216254510839536,0.09488989228990863,2.006789372603177,0.07000840961493536,0.049780138374372014,0.0015775299209371005,0.4378078287556801,0.04429484544129595
Local Model,209,"(1056, 13)",,Chemical + Feature Engineering,Random Forest,Time Series Split,"{""N_Splits"": 5, ""Repeats"": 1, ""Gap"": 0}",1.8882306408230847,0.3295720738827809,1.4249244132837464,0.27741175424834763,0.035400151684069195,0.006969996456576043,0.6810657700009538,0.09123841880080143,3.175177033896083,0.8602237236380852,2.540449023672377,0.6509500835338116,0.061922956280272515,0.012971147121030148,0.13472303339009245,0.4356782895062629
