Category,Company,Data Shape,Timesteps,Features,Model,Cross Validation,Cross Validation Params,RMSE Train,RMSE Train,MAE Train,MAE Train,MAPE Train,MAPE Train,R2 Train,R2 Train,RMSE Test,RMSE Test,MAE Test,MAE Test,MAPE Test,MAPE Test,R2 Test,R2 Test
,,,,,,,,mean,std,mean,std,mean,std,mean,std,mean,std,mean,std,mean,std,mean,std
Local Model,209,"(1056, 11)",,Chemical + CS3,Random Forest,Blocking Time Series Split,"{""N_Splits"": 5, ""Repeats"": 1, ""train_size"": 0.8}",0.8508833113253612,0.20925925794715608,0.6585725588326488,0.16199991785342197,0.016342696825262414,0.004210041419653258,0.9351875145862257,0.03271816922677891,1.1504180478078971,0.14619474442164315,0.9086630303251475,0.11589328878107626,0.022393320360415213,0.002765832790713398,0.8929302410002414,0.03186601293528251
Local Model,209,"(1056, 11)",,Chemical + CS3,Random Forest,Out of time Split,"{""Test Size"": 0.2}",1.0566619469321474,0.0,0.8232923278376606,0.0,0.020420076562492343,0.0,0.9063771733776599,0.0,1.3578918506223874,0.0,0.9591528882381628,0.0,0.023353175327080738,0.0,0.8611622406093777,0.0
Local Model,209,"(1056, 11)",,Chemical + CS3,Random Forest,Repeated KFold,"{""N_Splits"": 5, ""Repeats"": 3}",1.063214601717033,0.01571277734431062,0.8168399413404578,0.009325175711265963,0.020223686507951803,0.00022561726037695806,0.9079921134289898,0.0033057017801754237,1.149563067393989,0.060627043330713365,0.8705169841436822,0.03892041380691024,0.021547414015199738,0.0009794516939716183,0.8914694069369045,0.014192518887253293
Local Model,209,"(1056, 11)",,Chemical + CS3,Random Forest,Time Series Split,"{""N_Splits"": 5, ""Repeats"": 1, ""Gap"": 0}",0.913590374646243,0.18420231062595366,0.7128799251865237,0.1408894115882145,0.017616082808073107,0.0035754233810947706,0.924728229889892,0.025042472619897237,1.3384020005042803,0.20771741422401008,1.0381722000193563,0.1684626761690828,0.025671624182539265,0.00470040281263094,0.8500146067332054,0.046468551702342896
