Category,Company,Data Shape,Timesteps,Features,Model,Cross Validation,Cross Validation Params,RMSE Train,RMSE Train,MAE Train,MAE Train,MAPE Train,MAPE Train,R2 Train,R2 Train,RMSE Test,RMSE Test,MAE Test,MAE Test,MAPE Test,MAPE Test,R2 Test,R2 Test
,,,,,,,,mean,std,mean,std,mean,std,mean,std,mean,std,mean,std,mean,std,mean,std
Local Model,209,"(1056, 12)",,Chemical + CS3 + CS7,Random Forest,Blocking Time Series Split,"{""N_Splits"": 5, ""Repeats"": 1, ""train_size"": 0.8}",0.8080512444563672,0.17949691069383553,0.6071993834269249,0.1368047365954688,0.015064993380078434,0.003539020028724141,0.9422201071726961,0.02571861644034325,1.1737969214354205,0.20563096384330884,0.913121858849884,0.16175902657246238,0.022377293727197982,0.0034290088273877793,0.8908898955155614,0.027037725206014992
Local Model,209,"(1056, 12)",,Chemical + CS3 + CS7,Random Forest,Out of time Split,"{""Test Size"": 0.2}",0.9842398495318815,0.0,0.7671009479403015,0.0,0.019016715425175756,0.0,0.9187709258971237,0.0,1.2142722101865233,0.0,0.8814728852382143,0.0,0.02146876742703512,0.0,0.8889779239344233,0.0
Local Model,209,"(1056, 12)",,Chemical + CS3 + CS7,Random Forest,Repeated KFold,"{""N_Splits"": 5, ""Repeats"": 3}",0.9977835910106899,0.015351077090325316,0.7632234306339551,0.01036542003985122,0.01891062822778301,0.0002667081485571186,0.9189693662589732,0.002922535463908487,1.088319997083262,0.06455275619791664,0.8200370283622049,0.03476502438211362,0.02034228576791174,0.0008767242999353233,0.9027438112336817,0.013112529057396485
Local Model,209,"(1056, 12)",,Chemical + CS3 + CS7,Random Forest,Time Series Split,"{""N_Splits"": 5, ""Repeats"": 1, ""Gap"": 0}",0.861572786900787,0.16356203267913813,0.6714779539228205,0.12872343688576765,0.01659357692587379,0.0032496559448522357,0.9332783714330579,0.020842242795919626,1.1920216490737394,0.16739519986011883,0.9256859270771072,0.14996876919204125,0.022900102594407022,0.00407415835055199,0.8809021255052549,0.03418017873688439
