Category,Company,Data Shape,Timesteps,Features,Model,Cross Validation,Cross Validation Params,RMSE Train,RMSE Train,MAE Train,MAE Train,MAPE Train,MAPE Train,R2 Train,R2 Train,RMSE Test,RMSE Test,MAE Test,MAE Test,MAPE Test,MAPE Test,R2 Test,R2 Test
,,,,,,,,mean,std,mean,std,mean,std,mean,std,mean,std,mean,std,mean,std,mean,std
Local Model,209,"(1056, 15)",,Chemical + Properties CS Less,XGBoost,Blocking Time Series Split,"{""N_Splits"": 5, ""Repeats"": 1, ""train_size"": 0.8}",0.9831810715444546,0.11232283229141798,0.8087290128072109,0.08735350124132138,0.02012446002124386,0.002342429467449552,0.9161438073258708,0.021750507211438164,1.59842610804824,0.43427759190915105,1.2881181583848114,0.3321998538505131,0.032100778243592684,0.009167336760781169,0.7793482900113965,0.123897709776165
Local Model,209,"(1056, 15)",,Chemical + Properties CS Less,XGBoost,Out of time Split,"{""Test Size"": 0.2}",1.256560252227053,0.0,1.0202330322627222,0.0,0.025436908816786574,0.0,0.8676035776896973,0.0,2.203327315735602,0.0,1.5760366151917644,0.0,0.03853269908781722,0.0,0.6344596951070617,0.0
Local Model,209,"(1056, 15)",,Chemical + Properties CS Less,XGBoost,Repeated KFold,"{""N_Splits"": 5, ""Repeats"": 3}",1.2638317352966069,0.016189755761205675,1.0257763824738182,0.012376938313003386,0.025517868199261603,0.0003216688999974613,0.8700124106606133,0.003919042728121435,1.3796508612580936,0.062289579173513264,1.105195768721829,0.04547244883814543,0.027480925142348494,0.0011968476549188648,0.8441866155524196,0.015004323412046475
Local Model,209,"(1056, 15)",,Chemical + Properties CS Less,XGBoost,Time Series Split,"{""N_Splits"": 5, ""Repeats"": 1, ""Gap"": 0}",1.1617690814467334,0.13508498583219125,0.9502443029663791,0.10474291436787013,0.023622470950307735,0.0027316616876594756,0.8807956809266984,0.022322284808262528,1.7798471674482825,0.3520804999855994,1.4229191780090333,0.23055568041632687,0.03532237650479645,0.006206498332120638,0.7333855803419406,0.09518935306137527
