Category,Company,Data Shape,Timesteps,Features,Model,Cross Validation,Cross Validation Params,RMSE Train,RMSE Train,MAE Train,MAE Train,MAPE Train,MAPE Train,R2 Train,R2 Train,RMSE Test,RMSE Test,MAE Test,MAE Test,MAPE Test,MAPE Test,R2 Test,R2 Test
,,,,,,,,mean,std,mean,std,mean,std,mean,std,mean,std,mean,std,mean,std,mean,std
Local Model,209,"(1056, 11)",,Chemical + CS7,XGBoost,Blocking Time Series Split,"{""N_Splits"": 5, ""Repeats"": 1, ""train_size"": 0.8}",0.9553816534147554,0.10472194636763692,0.7786211785816021,0.09009280310759128,0.019373899116388947,0.0024398537717896414,0.9214826403440763,0.01785323387636749,1.4103755825909836,0.27779334324406063,1.1370777218840837,0.16191056261151568,0.028068110561174687,0.0036006134841087296,0.841713076217545,0.048671327349887605
Local Model,209,"(1056, 11)",,Chemical + CS7,XGBoost,Out of time Split,"{""Test Size"": 0.2}",1.1196623011238944,0.0,0.9156242027101937,0.0,0.022845107527667427,0.0,0.8948803937798016,0.0,1.655364761428247,0.0,1.2556623602813115,0.0,0.03028269404132469,0.0,0.7936689233879063,0.0
Local Model,209,"(1056, 11)",,Chemical + CS7,XGBoost,Repeated KFold,"{""N_Splits"": 5, ""Repeats"": 3}",1.150584046466805,0.014171971182203619,0.9205285041476247,0.009029525660752298,0.022875126545146625,0.00023098504007079544,0.8922612391929458,0.003301839222442759,1.2615652276191824,0.055437961284934556,0.9856105890859351,0.027110029802588094,0.024483717628323184,0.0006965016792685834,0.8696726058251684,0.013057670953333433
Local Model,209,"(1056, 11)",,Chemical + CS7,XGBoost,Time Series Split,"{""N_Splits"": 5, ""Repeats"": 1, ""Gap"": 0}",1.0127149810650447,0.12737483794348736,0.8233253452994613,0.09963798122852076,0.020459738266133454,0.0025688299324973162,0.909262372822887,0.018516943614935666,1.4289680529913213,0.2028227846802895,1.1402865279804577,0.15486681224106738,0.02820334668523829,0.004185807119552264,0.8305051099850619,0.043842863822592976
