Category,Company,Data Shape,Timesteps,Features,Model,Cross Validation,Cross Validation Params,RMSE Train,RMSE Train,MAE Train,MAE Train,MAPE Train,MAPE Train,R2 Train,R2 Train,RMSE Test,RMSE Test,MAE Test,MAE Test,MAPE Test,MAPE Test,R2 Test,R2 Test
,,,,,,,,mean,std,mean,std,mean,std,mean,std,mean,std,mean,std,mean,std,mean,std
Local Model,209,"(1056, 11)",,Chemical + CS3,XGBoost,Blocking Time Series Split,"{""N_Splits"": 5, ""Repeats"": 1, ""train_size"": 0.8}",0.9638585915552127,0.13365731567493458,0.793443343752907,0.11233013342495468,0.019703374783600645,0.0029921572922091693,0.9195582840203571,0.0237965459485758,1.3760589572926472,0.19194112417373924,1.1264247805573193,0.16510100691040977,0.027824945912495368,0.004499126474102805,0.8452076671848514,0.045644430306069746
Local Model,209,"(1056, 11)",,Chemical + CS3,XGBoost,Out of time Split,"{""Test Size"": 0.2}",1.1539040350337046,0.0,0.9359510521188174,0.0,0.02330683798681468,0.0,0.8883525013092191,0.0,1.645307997002501,0.0,1.2184681982364274,0.0,0.029351033748410783,0.0,0.7961683361234106,0.0
Local Model,209,"(1056, 11)",,Chemical + CS3,XGBoost,Repeated KFold,"{""N_Splits"": 5, ""Repeats"": 3}",1.1637697307173451,0.013450397296931076,0.9411365181594057,0.012305356138016343,0.023368654496717996,0.00030270648337366106,0.8897858108485064,0.003043139683015562,1.2644205413599547,0.047124908303629594,1.0081767784202114,0.03164062434253175,0.025024084464401367,0.000805000969676717,0.8691468610722661,0.011178242740274772
Local Model,209,"(1056, 11)",,Chemical + CS3,XGBoost,Time Series Split,"{""N_Splits"": 5, ""Repeats"": 1, ""Gap"": 0}",1.0383672390924024,0.1384428386453716,0.8432238096901872,0.10587211323469164,0.02092970340032464,0.0027244598768868377,0.9044923043732478,0.02080865018265569,1.5912771910656092,0.11062036669696979,1.2390268109061506,0.10581682018777559,0.03049907176404317,0.003294138566206064,0.791050960628738,0.029520621210094324
