Category,Company,Data Shape,Timesteps,Features,Model,Cross Validation,Cross Validation Params,RMSE Train,RMSE Train,MAE Train,MAE Train,MAPE Train,MAPE Train,R2 Train,R2 Train,RMSE Test,RMSE Test,MAE Test,MAE Test,MAPE Test,MAPE Test,R2 Test,R2 Test
,,,,,,,,mean,std,mean,std,mean,std,mean,std,mean,std,mean,std,mean,std,mean,std
Local Model,209,"(1056, 12)",,Chemical + CS3 + CS7,XGBoost,Blocking Time Series Split,"{""N_Splits"": 5, ""Repeats"": 1, ""train_size"": 0.8}",0.9286464485422441,0.10913933917314014,0.7558623768034448,0.09115153360387081,0.018803785390069598,0.0024761711902892953,0.9257484991279876,0.018230015411422308,1.3902205001671817,0.14130777551208548,1.1539003771404874,0.1395109897525984,0.02855336928569998,0.003468695730670842,0.8472085839980077,0.02089910929810958
Local Model,209,"(1056, 12)",,Chemical + CS3 + CS7,XGBoost,Out of time Split,"{""Test Size"": 0.2}",1.098070434040575,0.0,0.8969292663284958,0.0,0.0223434081567088,0.0,0.8988956107553882,0.0,1.5652743386620485,0.0,1.20875227226401,0.0,0.029198302182970343,0.0,0.8155162307442722,0.0
Local Model,209,"(1056, 12)",,Chemical + CS3 + CS7,XGBoost,Repeated KFold,"{""N_Splits"": 5, ""Repeats"": 3}",1.1030833947798209,0.012703968507807492,0.8945354954007174,0.010025822118822074,0.022220545493658473,0.00023996739072134417,0.9009816959449679,0.0026823685069117093,1.2134202986929736,0.05117585337412352,0.9653908631738285,0.027906425777069314,0.023959196480310307,0.0007713229910767492,0.8794776110090471,0.011006973335223802
Local Model,209,"(1056, 12)",,Chemical + CS3 + CS7,XGBoost,Time Series Split,"{""N_Splits"": 5, ""Repeats"": 1, ""Gap"": 0}",1.0019718908998125,0.12476974734803814,0.8138474058382446,0.09853069879699368,0.02021311608167172,0.002535401589708609,0.9112026936737505,0.017937246382250503,1.5037032240095565,0.12204223381024894,1.1769389195875686,0.12401582857464577,0.02905393116927587,0.003541894707547783,0.8131873193435843,0.030732542832446596
