Category,Company,Data Shape,Timesteps,Features,Model,Cross Validation,Cross Validation Params,RMSE Train,RMSE Train,MAE Train,MAE Train,MAPE Train,MAPE Train,R2 Train,R2 Train,RMSE Test,RMSE Test,MAE Test,MAE Test,MAPE Test,MAPE Test,R2 Test,R2 Test
,,,,,,,,mean,std,mean,std,mean,std,mean,std,mean,std,mean,std,mean,std,mean,std
Global Model,203,"(1508, 15)",14,Chemical + Properties CS Less,BidirectionalLSTM,Blocking Time Series Split,"{""N_Splits"": 5, ""Repeats"": 3, ""train_size"": 0.8}",0.3682133461042285,0.07753464763022287,0.27757963895523025,0.0613588086633484,0.005590064648236593,0.001102248836150435,0.9488326486559594,0.044324414129270906,18.689008067414154,27.739538374012497,12.84806711345524,18.0565611503478,0.2822557927079693,0.4010900421684975,-214.66787203129468,421.73296300338825
Global Model,203,"(1508, 15)",14,Chemical + Properties CS Less,BidirectionalLSTM,Out of time Split,"{""Test Size"": 0.2}",0.36787396519473997,0.0,0.2900953268385014,0.0,0.005986601817810212,0.0,0.9905529664756686,0.0,4.219803032901042,0.0,3.724727523861729,0.0,0.06874411325506151,0.0,-3.5063738841485006,4.440892098500626e-16
Global Model,203,"(1508, 15)",14,Chemical + Properties CS Less,BidirectionalLSTM,Repeated KFold,"{""N_Splits"": 5, ""Repeats"": 3}",0.5039028162697122,0.24163769239937588,0.365113658403827,0.1581428739367852,0.007495048990486846,0.0033105360027893315,0.9810125349549269,0.02117204129876215,2.5865847828021225,0.1485834264712227,1.9969517456342296,0.1276618334764762,0.040257854201173296,0.002638140590718934,0.5550855365580508,0.06345772465941327
Global Model,203,"(1508, 15)",14,Chemical + Properties CS Less,BidirectionalLSTM,Time Series Split,"{""N_Splits"": 5, ""Repeats"": 3, ""Gap"": 0}",0.3930530527954621,0.06601795249231701,0.2968148858613998,0.047119959920423504,0.006146197862071426,0.0009782927041964617,0.9796877096929166,0.011695758594221025,8.754612661765542,6.180062046718907,6.36457263903736,4.087344343925968,0.13537662795094194,0.09432054096320114,-15.822003191350063,22.595812652125097
