Category,Company,Data Shape,Timesteps,Features,Model,Cross Validation,Cross Validation Params,RMSE Train,RMSE Train,MAE Train,MAE Train,MAPE Train,MAPE Train,R2 Train,R2 Train,RMSE Test,RMSE Test,MAE Test,MAE Test,MAPE Test,MAPE Test,R2 Test,R2 Test
,,,,,,,,mean,std,mean,std,mean,std,mean,std,mean,std,mean,std,mean,std,mean,std
Global Model,203,"(1508, 10)",14,Chemical,BidirectionalLSTM,Blocking Time Series Split,"{""N_Splits"": 5, ""Repeats"": 3, ""train_size"": 0.8}",0.520728987697731,0.0678296092733485,0.4072626650425273,0.058710872152536786,0.008209880247152369,0.0013996500972837255,0.9103389124101746,0.045573705813487034,7.771643097727674,6.201353395664892,6.113972417059399,4.784374509042843,0.12734467091011004,0.09768244423953674,-14.67260064392349,19.78499923054968
Global Model,203,"(1508, 10)",14,Chemical,BidirectionalLSTM,Out of time Split,"{""Test Size"": 0.2}",0.5508719687331297,0.0,0.43520073069236936,0.0,0.00903798239587582,0.0,0.9788164522001076,0.0,4.081762394070381,0.0,3.6341067777568394,0.0,0.06704235635196812,0.0,-3.2163659918353122,0.0
Global Model,203,"(1508, 10)",14,Chemical,BidirectionalLSTM,Repeated KFold,"{""N_Splits"": 5, ""Repeats"": 3}",0.5586664661955018,0.02495145736361356,0.43535786089711276,0.017099617423758484,0.008822647981241449,0.0003376825336973059,0.9812076937275382,0.001632265663987725,2.5581478737906105,0.18590255457158844,1.97016477430098,0.13069418187309434,0.03997726269050934,0.0028500787586444253,0.5654888918273479,0.06643836827767022
Global Model,203,"(1508, 10)",14,Chemical,BidirectionalLSTM,Time Series Split,"{""N_Splits"": 5, ""Repeats"": 3, ""Gap"": 0}",0.5543059470982559,0.046067409760720324,0.4302448209329596,0.030614352537039948,0.00890354298028148,0.0006398661730947153,0.958677337841563,0.021228928582034998,7.395507424454293,4.600347960912135,5.288538008809579,3.0888470465866424,0.10808225738047474,0.06106735602278483,-15.860450985280231,28.361498918008987
