Category,Company,Data Shape,Timesteps,Features,Model,Cross Validation,Cross Validation Params,RMSE Train,RMSE Train,MAE Train,MAE Train,MAPE Train,MAPE Train,R2 Train,R2 Train,RMSE Test,RMSE Test,MAE Test,MAE Test,MAPE Test,MAPE Test,R2 Test,R2 Test
,,,,,,,,mean,std,mean,std,mean,std,mean,std,mean,std,mean,std,mean,std,mean,std
Global Model,203,"(1508, 10)",7,Chemical,LSTM,Blocking Time Series Split,"{""N_Splits"": 5, ""Repeats"": 3, ""train_size"": 0.8}",0.6418654532979857,0.08115425666178541,0.4040238125141776,0.057057163275597955,0.008078746323310758,0.0008730127919934926,0.8570838494154693,0.07579772151726707,4.615100760291152,0.717003766140851,3.6559113624510533,0.6382957760849856,0.07686390164132813,0.016991350555380487,-2.71826784381727,2.617028088894575
Global Model,203,"(1508, 10)",7,Chemical,LSTM,Out of time Split,"{""Test Size"": 0.2}",0.8567232937007963,0.0,0.6060440458501051,0.0,0.012425534216578603,0.0,0.9484000274093862,0.0,4.773884910567033,0.0,4.333670863299302,0.0,0.08003250769809155,0.0,-4.661892273088256,0.0
Global Model,203,"(1508, 10)",7,Chemical,LSTM,Repeated KFold,"{""N_Splits"": 5, ""Repeats"": 3}",0.7667643437119719,0.0706479411045498,0.5295646174293743,0.0492493234359523,0.010672726403321918,0.0010472274765682297,0.9641523399550854,0.006744726347592984,3.034677027520273,0.14790250740816974,2.280332589549104,0.10539007513940149,0.046492643340470166,0.0022525702751158,0.4287595094165472,0.09482079930694189
Global Model,203,"(1508, 10)",7,Chemical,LSTM,Time Series Split,"{""N_Splits"": 5, ""Repeats"": 3, ""Gap"": 0}",0.6628072108919869,0.12347445140474117,0.43629658900743457,0.10494739169780604,0.00894294846025495,0.002095463068598486,0.9403860747985828,0.03656670211802707,4.594963119048791,0.7961497583856992,3.6844583710848777,0.7274084729526237,0.07422332708281765,0.014242144098584637,-2.4629532835724754,2.998426352265078
