Category,Company,Data Shape,Timesteps,Features,Model,Cross Validation,Cross Validation Params,RMSE Train,RMSE Train,MAE Train,MAE Train,MAPE Train,MAPE Train,R2 Train,R2 Train,RMSE Test,RMSE Test,MAE Test,MAE Test,MAPE Test,MAPE Test,R2 Test,R2 Test
,,,,,,,,mean,std,mean,std,mean,std,mean,std,mean,std,mean,std,mean,std,mean,std
Global Model,203,"(1508, 18)",,Chemical + Physical,MLP,Blocking Time Series Split,"{""N_Splits"": 5, ""Repeats"": 3, ""train_size"": 0.8}",1.2549983526725923,0.16265219849028342,0.966945894241333,0.12500324684730946,0.019437970117299738,0.0019146536067535325,0.46043486775310466,0.34343138618683194,2.55861608006654,0.6410896805796471,1.8990290687435964,0.4788590426956888,0.039986485766167236,0.011374256565704758,-0.18906738934075218,0.7448264202273561
Global Model,203,"(1508, 18)",,Chemical + Physical,MLP,Out of time Split,"{""Test Size"": 0.2}",1.370481685217337,0.0,1.0322157143360349,0.0,0.02173377678389546,0.0,0.8663858894421229,0.0,4.267048551639152,0.0,4.011108013430968,0.0,0.07398095213659346,0.0,-3.384253279026074,4.440892098500626e-16
Global Model,203,"(1508, 18)",,Chemical + Physical,MLP,Repeated KFold,"{""N_Splits"": 5, ""Repeats"": 3}",1.4534080721995524,0.01719169776125617,1.1111729978646625,0.013717553148244648,0.02277946922971143,0.0002837681427654406,0.8706079814922753,0.004281521222412317,1.7163607939121224,0.06474743964683716,1.3061760376751625,0.04943432169762759,0.026822801024078708,0.0009654900265954632,0.816982257975175,0.023811373449417455
Global Model,203,"(1508, 18)",,Chemical + Physical,MLP,Time Series Split,"{""N_Splits"": 5, ""Repeats"": 3, ""Gap"": 0}",1.2692022384599857,0.15061968115666538,0.9605468824139396,0.11004618416487905,0.02001510339659768,0.0024897705414157977,0.7959313061778601,0.07591387550932943,2.8316724510105646,0.42969682055242486,2.2665048640885677,0.578789167861842,0.04577590668503728,0.008692637557743946,-0.32395713826824263,1.1663382935513007
