Category,Company,Data Shape,Timesteps,Features,Model,Cross Validation,Cross Validation Params,RMSE Train,RMSE Train,MAE Train,MAE Train,MAPE Train,MAPE Train,R2 Train,R2 Train,RMSE Test,RMSE Test,MAE Test,MAE Test,MAPE Test,MAPE Test,R2 Test,R2 Test
,,,,,,,,mean,std,mean,std,mean,std,mean,std,mean,std,mean,std,mean,std,mean,std
Global Model,203,"(1508, 15)",,Chemical + Properties CS Less,MLP,Blocking Time Series Split,"{""N_Splits"": 5, ""Repeats"": 3, ""train_size"": 0.8}",1.1444670218602344,0.0987232075876653,0.8940920205434163,0.07201116071015913,0.018104526339900052,0.0027466093979779953,0.6051499753196113,0.17303315472880426,3.5239982632471936,1.1822437978541427,2.6820084943927696,0.8756656298337147,0.0577723339226628,0.021309152054051563,-1.4232652462710813,2.104168262611894
Global Model,203,"(1508, 15)",,Chemical + Properties CS Less,MLP,Out of time Split,"{""Test Size"": 0.2}",1.4688276095375847,2.220446049250313e-16,1.1245454950791292,0.0,0.023456370836501438,3.469446951953614e-18,0.8465215136111254,0.0,4.198736423158364,0.0,3.877766868641834,0.0,0.07123595954898619,0.0,-3.2449999720665392,0.0
Global Model,203,"(1508, 15)",,Chemical + Properties CS Less,MLP,Repeated KFold,"{""N_Splits"": 5, ""Repeats"": 3}",1.5534424392515114,0.022374623865150222,1.1941032602977353,0.015491490160977674,0.02431322966781984,0.00029741747356048175,0.8521822920923083,0.005177236642396563,2.0350415559195505,0.0881865609961569,1.548649695970119,0.0580082446899345,0.03168629039181466,0.001215422149892399,0.7424754605600792,0.036023628036872965
Global Model,203,"(1508, 15)",,Chemical + Properties CS Less,MLP,Time Series Split,"{""N_Splits"": 5, ""Repeats"": 3, ""Gap"": 0}",1.3380776970398294,0.1490577729041233,1.0218363610078514,0.1129738070195243,0.021158508219676683,0.002509230610245484,0.7717705485932773,0.09175926456573673,3.394720238776037,0.5210647825428607,2.6595278961060056,0.33296038552236246,0.0543661091629746,0.010333483526244924,-0.5561139562999814,0.8932759689665176
