Category,Company,Data Shape,Timesteps,Features,Model,Cross Validation,Cross Validation Params,RMSE Train,RMSE Train,MAE Train,MAE Train,MAPE Train,MAPE Train,R2 Train,R2 Train,RMSE Test,RMSE Test,MAE Test,MAE Test,MAPE Test,MAPE Test,R2 Test,R2 Test
,,,,,,,,mean,std,mean,std,mean,std,mean,std,mean,std,mean,std,mean,std,mean,std
Local Model,209,"(749, 17)",,Chemical + Physical,Decision Tree,Blocking Time Series Split,"{""N_Splits"": 5, ""Repeats"": 1, ""train_size"": 0.8}",0.7358906338693834,0.0818219565212465,0.5760050527898952,0.06858716092892872,0.013467168607641827,0.0018466124660115797,0.7659635292476445,0.20225381646206478,1.2365893291548282,0.32675753456604667,0.9389132351531659,0.2026959221722504,0.021906430269476185,0.00458596972121126,0.35174905949651497,0.6148465631151492
Local Model,209,"(749, 17)",,Chemical + Physical,Decision Tree,Out of time Split,"{""Test Size"": 0.2}",0.978061042155537,0.0,0.8003635456940124,0.0,0.01878764028646997,0.0,0.8659262513491671,0.0,0.8629433576615114,0.0,0.6544917952009643,0.0,0.015071752749547574,0.0,0.8864984207350913,0.0
Local Model,209,"(749, 17)",,Chemical + Physical,Decision Tree,Repeated KFold,"{""N_Splits"": 5, ""Repeats"": 3}",1.0026678896498435,0.034463976691360886,0.8130707277878564,0.0290822929691389,0.019094251289132183,0.0006811421186933022,0.8585548317669519,0.010644183885902124,1.0554167901169775,0.04965524408814125,0.8466267736110573,0.03574537844686181,0.019833663860797032,0.0007799077527729324,0.8427635664829249,0.013185863646666551
Local Model,209,"(749, 17)",,Chemical + Physical,Decision Tree,Time Series Split,"{""N_Splits"": 5, ""Repeats"": 1, ""Gap"": 0}",0.9599317914303487,0.04657552865917224,0.7737524492460638,0.04410481657933817,0.01847385998123026,0.0008734752451828391,0.674804515795851,0.20577085863188221,1.5504209564650906,0.977571581076752,1.19015294392458,0.7040766468516566,0.027029203386005462,0.01493102104001779,0.36354580668416875,0.596026378860861
