Category,Company,Data Shape,Timesteps,Features,Model,Cross Validation,Cross Validation Params,RMSE Train,RMSE Train,MAE Train,MAE Train,MAPE Train,MAPE Train,R2 Train,R2 Train,RMSE Test,RMSE Test,MAE Test,MAE Test,MAPE Test,MAPE Test,R2 Test,R2 Test
,,,,,,,,mean,std,mean,std,mean,std,mean,std,mean,std,mean,std,mean,std,mean,std
Local Model,209,"(749, 14)",,Chemical + Properties CS Less,Decision Tree,Blocking Time Series Split,"{""N_Splits"": 5, ""Repeats"": 1, ""train_size"": 0.8}",0.8081322866740746,0.07669731522414952,0.6219544229625875,0.06263343525442645,0.014508239882487815,0.0016351649734702984,0.7287658172491123,0.22614611639946544,1.3168138328455574,0.38324627877897216,1.0275791195156811,0.2701846215500246,0.024053745268654066,0.00624094344941125,0.19900061615668913,0.8285842670742882
Local Model,209,"(749, 14)",,Chemical + Properties CS Less,Decision Tree,Out of time Split,"{""Test Size"": 0.2}",1.0185639789178502,0.0,0.8303248183929265,0.0,0.019539554301693726,0.0,0.8545919474135107,0.0,0.8964834779521732,0.0,0.6829510504847288,0.0,0.015734575162950844,0.0,0.8775040009790664,0.0
Local Model,209,"(749, 14)",,Chemical + Properties CS Less,Decision Tree,Repeated KFold,"{""N_Splits"": 5, ""Repeats"": 3}",1.0348684077065624,0.033007448566334044,0.831400864253857,0.027677335240686596,0.019473043635508773,0.0006501507461223169,0.8494027944861561,0.009734262981133954,1.0749625577602824,0.056287846510839415,0.8612748173108057,0.042830663297556776,0.02014807706445063,0.0009754373686695522,0.8363601170973105,0.020373264097583017
Local Model,209,"(749, 14)",,Chemical + Properties CS Less,Decision Tree,Time Series Split,"{""N_Splits"": 5, ""Repeats"": 1, ""Gap"": 0}",0.9880797573811229,0.03649691340193479,0.7929082399685832,0.047775259834563676,0.018992091895652513,0.000991298392055839,0.6496720370535791,0.23278922435598584,1.536079893341062,0.7730529670015833,1.2080237380732566,0.6221865196579501,0.027711229810529182,0.013479031289179195,0.32021800175912696,0.6668318147367831
