Category,Company,Data Shape,Timesteps,Features,Model,Cross Validation,Cross Validation Params,RMSE Train,RMSE Train,MAE Train,MAE Train,MAPE Train,MAPE Train,R2 Train,R2 Train,RMSE Test,RMSE Test,MAE Test,MAE Test,MAPE Test,MAPE Test,R2 Test,R2 Test
,,,,,,,,mean,std,mean,std,mean,std,mean,std,mean,std,mean,std,mean,std,mean,std
Local Model,209,"(749, 12)",,Chemical + CS1 + CS3,Decision Tree,Blocking Time Series Split,"{""N_Splits"": 5, ""Repeats"": 1, ""train_size"": 0.8}",0.7693644092668132,0.07544793181683364,0.5961660178185675,0.06773134079460487,0.013950798757931393,0.001828202862812501,0.7518935256727872,0.208250388512391,1.2822834318268597,0.31353018858994,0.9920596457634391,0.23409802073581484,0.0230981891462968,0.005436488945539543,0.19858975849246244,0.9634273110663202
Local Model,209,"(749, 12)",,Chemical + CS1 + CS3,Decision Tree,Out of time Split,"{""Test Size"": 0.2}",1.0143220002263027,0.0,0.8289406305864844,0.0,0.01946673192457384,0.0,0.8558005773144883,0.0,0.859577630259826,0.0,0.6582928186954221,0.0,0.015122362053513048,0.0,0.8873820717583896,0.0
Local Model,209,"(749, 12)",,Chemical + CS1 + CS3,Decision Tree,Repeated KFold,"{""N_Splits"": 5, ""Repeats"": 3}",1.0741851225919283,0.034095128262155994,0.8592297592836461,0.02243427785688784,0.020097614769124972,0.0005393597828361919,0.8376985333135666,0.01081489398891311,1.0837719438011046,0.04505866632734702,0.868139962393086,0.03975736304056585,0.020285997636879993,0.0009045477789106816,0.8340788131784096,0.014400609362818525
Local Model,209,"(749, 12)",,Chemical + CS1 + CS3,Decision Tree,Time Series Split,"{""N_Splits"": 5, ""Repeats"": 1, ""Gap"": 0}",0.9988379472042943,0.026280434294658848,0.8099814463192256,0.026576664651692897,0.01935105603141098,0.0005210282046220426,0.639083337363612,0.24022160249028685,1.6132898033669203,0.8382694685870495,1.2466016835767006,0.60633522687382,0.028384583739029284,0.012861321550730725,0.2865146542086351,0.6609087977987886
