Category,Company,Data Shape,Timesteps,Features,Model,Cross Validation,Cross Validation Params,RMSE Train,RMSE Train,MAE Train,MAE Train,MAPE Train,MAPE Train,R2 Train,R2 Train,RMSE Test,RMSE Test,MAE Test,MAE Test,MAPE Test,MAPE Test,R2 Test,R2 Test
,,,,,,,,mean,std,mean,std,mean,std,mean,std,mean,std,mean,std,mean,std,mean,std
Local Model,209,"(749, 13)",,Chemical + CS1 + CS3 + CS7,Decision Tree,Blocking Time Series Split,"{""N_Splits"": 5, ""Repeats"": 1, ""train_size"": 0.8}",0.7331240548829475,0.07907174646928734,0.5776628883157569,0.06788864283698592,0.013535361586427314,0.0018318367134446392,0.7650600504189031,0.20527577274836878,1.2454122578673383,0.2966421484863889,0.9347051338526077,0.2092861817856944,0.0217752783578458,0.004891850771060505,0.24962469529568487,0.8584093865535471
Local Model,209,"(749, 13)",,Chemical + CS1 + CS3 + CS7,Decision Tree,Out of time Split,"{""Test Size"": 0.2}",0.9831566152510166,0.0,0.7994593618181579,0.0,0.01877085973467081,0.0,0.8645255980076749,0.0,0.8342486315064852,0.0,0.6416020010037907,0.0,0.014758282785454992,0.0,0.8939212655590341,0.0
Local Model,209,"(749, 13)",,Chemical + CS1 + CS3 + CS7,Decision Tree,Repeated KFold,"{""N_Splits"": 5, ""Repeats"": 3}",1.0465458303219148,0.056735733379590744,0.8400812301335961,0.029023966485275627,0.019745034774700798,0.000733367191688858,0.845648489142677,0.017767655814374173,1.0749254173557226,0.09101234560203707,0.8571629471687099,0.05460385539619423,0.020125464766178974,0.0012899237333366094,0.8358054642754659,0.030300645029295067
Local Model,209,"(749, 13)",,Chemical + CS1 + CS3 + CS7,Decision Tree,Time Series Split,"{""N_Splits"": 5, ""Repeats"": 1, ""Gap"": 0}",0.9771137580317312,0.0430651594694782,0.7976743889130941,0.03347558196682302,0.019057487119445826,0.000743485195942995,0.6545941846425615,0.23350664757308165,1.4995161796659329,0.8737789844274442,1.1797909430595408,0.6207289352603391,0.026852419423902697,0.013198887117576462,0.36575440009977583,0.6098822506025928
