Category,Company,Data Shape,Timesteps,Features,Model,Cross Validation,Cross Validation Params,RMSE Train,RMSE Train,MAE Train,MAE Train,MAPE Train,MAPE Train,R2 Train,R2 Train,RMSE Test,RMSE Test,MAE Test,MAE Test,MAPE Test,MAPE Test,R2 Test,R2 Test
,,,,,,,,mean,std,mean,std,mean,std,mean,std,mean,std,mean,std,mean,std,mean,std
Local Model,209,"(749, 11)",,Chemical + CS7,Decision Tree,Blocking Time Series Split,"{""N_Splits"": 5, ""Repeats"": 1, ""train_size"": 0.8}",0.7437380093979986,0.09761449581539541,0.5959821904388688,0.07979202799189096,0.013971526170230614,0.002116774362903144,0.748735648140023,0.22635899180934768,1.1893618764730767,0.32219110631163816,0.8817664792634797,0.19628615412505154,0.02057053789076947,0.004404048009582319,0.41845885073112543,0.5288771254501757
Local Model,209,"(749, 11)",,Chemical + CS7,Decision Tree,Out of time Split,"{""Test Size"": 0.2}",0.9554120787109023,0.0,0.7810632677015137,0.0,0.01840556107685514,0.0,0.872063847387929,0.0,0.8074990693297707,0.0,0.6020585657708758,0.0,0.013896273416593793,0.0,0.9006148757752694,0.0
Local Model,209,"(749, 11)",,Chemical + CS7,Decision Tree,Repeated KFold,"{""N_Splits"": 5, ""Repeats"": 3}",0.944149933650967,0.026696742842288054,0.7608630295877908,0.02087494749265735,0.017826798642919153,0.00045626729670734457,0.8746091926113564,0.00840066913783847,1.0158303119625522,0.06282932210539172,0.8129471108448453,0.043051471877410985,0.01903177790369677,0.0009620589719147297,0.8540217338303608,0.01755507043466317
Local Model,209,"(749, 11)",,Chemical + CS7,Decision Tree,Time Series Split,"{""N_Splits"": 5, ""Repeats"": 1, ""Gap"": 0}",0.943061274170802,0.019831151929590084,0.7700860066964077,0.0119976269435895,0.01845683151729511,0.00019453137906803213,0.6779838895702927,0.21419399015293875,1.413162708489565,0.664486706361623,1.0922167870179922,0.48438158045718555,0.025047274345448838,0.010302245713223449,0.41003639349289217,0.5969694110791599
