Category,Company,Data Shape,Timesteps,Features,Model,Cross Validation,Cross Validation Params,RMSE Train,RMSE Train,MAE Train,MAE Train,MAPE Train,MAPE Train,R2 Train,R2 Train,RMSE Test,RMSE Test,MAE Test,MAE Test,MAPE Test,MAPE Test,R2 Test,R2 Test
,,,,,,,,mean,std,mean,std,mean,std,mean,std,mean,std,mean,std,mean,std,mean,std
Local Model,209,"(749, 11)",,Chemical + Feature Engineering,Decision Tree,Blocking Time Series Split,"{""N_Splits"": 5, ""Repeats"": 1, ""train_size"": 0.8}",0.8195806083161926,0.13042103188511076,0.6510037499282003,0.12180279211743622,0.015279435254011233,0.0032179212559742035,0.6899512205191243,0.2833266595898374,1.3419889653487171,0.3637998336344458,1.0298301053108463,0.24967849057239377,0.023984654824928998,0.0057646350634462445,0.2174717673227704,0.7654843846211172
Local Model,209,"(749, 11)",,Chemical + Feature Engineering,Decision Tree,Out of time Split,"{""Test Size"": 0.2}",1.0341595457393054,0.0,0.8420769223438334,0.0,0.01983551762284685,0.0,0.850105077747149,0.0,0.8948345095405214,0.0,0.6515688516162651,0.0,0.014935912464563893,0.0,0.877954218453129,0.0
Local Model,209,"(749, 11)",,Chemical + Feature Engineering,Decision Tree,Repeated KFold,"{""N_Splits"": 5, ""Repeats"": 3}",1.0417577822257842,0.014753401717558541,0.8364157836736077,0.01142309214486826,0.01960079849666552,0.0002735187955589937,0.8475007470393157,0.00508680774207447,1.0920609738654796,0.06058857397084059,0.8714310505366764,0.042274160963851726,0.020384376245121297,0.0009315891049449346,0.83132768161966,0.019039823622681213
Local Model,209,"(749, 11)",,Chemical + Feature Engineering,Decision Tree,Time Series Split,"{""N_Splits"": 5, ""Repeats"": 1, ""Gap"": 0}",1.027777874232155,0.017484222074700132,0.8435668300046718,0.015605065192953887,0.02022416757245506,0.00038292918412533505,0.6123237624876954,0.2625619581524085,1.628077148854744,0.8791377847910893,1.2475389794571548,0.6658937915808744,0.02853773979629854,0.014322678191942063,0.18814920119521447,0.8406134638339251
