Category,Company,Data Shape,Timesteps,Features,Model,Cross Validation,Cross Validation Params,RMSE Train,RMSE Train,MAE Train,MAE Train,MAPE Train,MAPE Train,R2 Train,R2 Train,RMSE Test,RMSE Test,MAE Test,MAE Test,MAPE Test,MAPE Test,R2 Test,R2 Test
,,,,,,,,mean,std,mean,std,mean,std,mean,std,mean,std,mean,std,mean,std,mean,std
Local Model,209,"(749, 12)",,Chemical + CS3 + CS7,Decision Tree,Blocking Time Series Split,"{""N_Splits"": 5, ""Repeats"": 1, ""train_size"": 0.8}",0.7643851076181278,0.058040100750987214,0.6046360387579544,0.05786351343115184,0.014144562431348312,0.001607550252291622,0.7489727683870178,0.21592072472185925,1.3562159491330796,0.4234805920542688,1.0101918885559544,0.24006262719018873,0.023532050430869273,0.005591206640289618,0.10266033566610325,0.9206530605290165
Local Model,209,"(749, 12)",,Chemical + CS3 + CS7,Decision Tree,Out of time Split,"{""Test Size"": 0.2}",0.9543092162789469,0.0,0.7711956528455844,0.0,0.01816723975699948,0.0,0.872359038423858,0.0,0.787753682565364,0.0,0.5907149294072384,0.0,0.01362744544199014,0.0,0.9054158842366411,0.0
Local Model,209,"(749, 12)",,Chemical + CS3 + CS7,Decision Tree,Repeated KFold,"{""N_Splits"": 5, ""Repeats"": 3}",1.0454099414614115,0.044301940518955286,0.8369556269775124,0.03585128958021662,0.0196074291125092,0.0008442972339513617,0.8461480927860772,0.01353553449208836,1.0714233250720535,0.05523354827390066,0.8596740967208004,0.04729890333480869,0.020114910427423357,0.001043434499593354,0.8376802745267883,0.01710859754410276
Local Model,209,"(749, 12)",,Chemical + CS3 + CS7,Decision Tree,Time Series Split,"{""N_Splits"": 5, ""Repeats"": 1, ""Gap"": 0}",0.9416229199208445,0.02054665857719777,0.765233027644274,0.01811100768417349,0.0183389445351168,0.0003741876035716755,0.6782415269685151,0.21531682135593655,1.4520814644231657,0.9135998068472043,1.1395599708210518,0.6800285484324562,0.025943071636110343,0.014566015700542192,0.4239068470386667,0.548210508356581
