Category,Company,Data Shape,Timesteps,Features,Model,Cross Validation,Cross Validation Params,RMSE Train,RMSE Train,MAE Train,MAE Train,MAPE Train,MAPE Train,R2 Train,R2 Train,RMSE Test,RMSE Test,MAE Test,MAE Test,MAPE Test,MAPE Test,R2 Test,R2 Test
,,,,,,,,mean,std,mean,std,mean,std,mean,std,mean,std,mean,std,mean,std,mean,std
Local Model,209,"(749, 11)",,Chemical + CS7,Linear Regression,Blocking Time Series Split,"{""N_Splits"": 5, ""Repeats"": 1, ""train_size"": 0.8}",0.8031872912018706,0.10702446178893152,0.6472912006329095,0.09025580967722359,0.015218144485221161,0.002427191829590218,0.689664449432087,0.29513650417503184,1.0621930026691575,0.24769304332471773,0.833690046282331,0.1845974938836494,0.019370736008191444,0.004162612697661196,0.5336623855363429,0.45792966550375114
Local Model,209,"(749, 11)",,Chemical + CS7,Linear Regression,Out of time Split,"{""Test Size"": 0.2}",0.9758884869578667,0.0,0.7982434427442086,0.0,0.01876551522291684,0.0,0.8665212226151248,0.0,0.73716735138668,0.0,0.5969614161123732,0.0,0.0138265405601288,0.0,0.9171734620537949,0.0
Local Model,209,"(749, 11)",,Chemical + CS7,Linear Regression,Repeated KFold,"{""N_Splits"": 5, ""Repeats"": 3}",0.9274092723375246,0.009721407332214072,0.7526001030657451,0.009538761737064432,0.017648696115459918,0.00022435406716680555,0.8791484679833939,0.003378021349970473,0.9447991562748393,0.03675694907106201,0.7691862509005293,0.03529894942508035,0.018035520447375875,0.0008385087790837908,0.8736078097058948,0.014129369447173861
Local Model,209,"(749, 11)",,Chemical + CS7,Linear Regression,Time Series Split,"{""N_Splits"": 5, ""Repeats"": 1, ""Gap"": 0}",0.974476693936956,0.00715237134415686,0.7979973275056477,0.004395332924501626,0.019080734408306495,0.0002619043538513851,0.6497712354667449,0.23947593329535805,1.3724873589678495,0.7855157806958117,1.088447578728116,0.5586887581575435,0.02485363830299976,0.011894388279726885,0.49353578947512355,0.46340350115136947
