Category,Company,Data Shape,Timesteps,Features,Model,Cross Validation,Cross Validation Params,RMSE Train,RMSE Train,MAE Train,MAE Train,MAPE Train,MAPE Train,R2 Train,R2 Train,RMSE Test,RMSE Test,MAE Test,MAE Test,MAPE Test,MAPE Test,R2 Test,R2 Test
,,,,,,,,mean,std,mean,std,mean,std,mean,std,mean,std,mean,std,mean,std,mean,std
Local Model,209,"(749, 14)",,Chemical + Properties CS Less,Linear Regression,Blocking Time Series Split,"{""N_Splits"": 5, ""Repeats"": 1, ""train_size"": 0.8}",0.8894158440090971,0.12018441699768061,0.7118642240447377,0.1114296496675748,0.016658252972376497,0.0027817729322917907,0.657777476768053,0.2982906565773337,1.1418752252150763,0.3834698223255559,0.9274396625515667,0.302957796548703,0.02145252764669923,0.006658882630947641,0.5430217393205765,0.38153766103860104
Local Model,209,"(749, 14)",,Chemical + Properties CS Less,Linear Regression,Out of time Split,"{""Test Size"": 0.2}",1.097698499106232,0.0,0.8886983572412156,0.0,0.02081666417613368,0.0,0.8311200965835274,0.0,1.2499862971287277,0.0,1.0141274388194184,0.0,0.02302763424013004,0.0,0.7618515121807581,0.0
Local Model,209,"(749, 14)",,Chemical + Properties CS Less,Linear Regression,Repeated KFold,"{""N_Splits"": 5, ""Repeats"": 3}",1.0780322816324792,0.01427314897874614,0.8605003101054649,0.012760485788758812,0.02008806993494176,0.00029529539492433477,0.8367201599286905,0.004447344529794919,1.1060513536962704,0.05760048335932029,0.8827686754214673,0.047139308664767024,0.02060559576983167,0.001059698501061534,0.8270086558724117,0.018407107827680312
Local Model,209,"(749, 14)",,Chemical + Properties CS Less,Linear Regression,Time Series Split,"{""N_Splits"": 5, ""Repeats"": 1, ""Gap"": 0}",1.0740874043507826,0.036155961575385996,0.881298214715226,0.02205033457390844,0.021032007855837587,0.0002957943118204589,0.5890571796007764,0.2660380552507299,1.6579993102032238,0.6701175914538924,1.335320021321363,0.49651671148351884,0.030698825747493413,0.011014011871712569,0.07830996386112296,1.0805083150683155
