Category,Company,Data Shape,Timesteps,Features,Model,Cross Validation,Cross Validation Params,RMSE Train,RMSE Train,MAE Train,MAE Train,MAPE Train,MAPE Train,R2 Train,R2 Train,RMSE Test,RMSE Test,MAE Test,MAE Test,MAPE Test,MAPE Test,R2 Test,R2 Test
,,,,,,,,mean,std,mean,std,mean,std,mean,std,mean,std,mean,std,mean,std,mean,std
Local Model,209,"(749, 10)",,Chemical,Linear Regression,Blocking Time Series Split,"{""N_Splits"": 5, ""Repeats"": 1, ""train_size"": 0.8}",0.9350778960032307,0.14099145953002296,0.7457430663674256,0.12439389217205067,0.017469252516182362,0.003147679293017994,0.6106515668494514,0.3457534541823385,1.2402241782643002,0.45756897360589316,0.9836001284723865,0.3763506171968483,0.02259173475456997,0.008162684207420267,0.4385475542038263,0.4867034752841617
Local Model,209,"(749, 10)",,Chemical,Linear Regression,Out of time Split,"{""Test Size"": 0.2}",1.138596879834768,0.0,0.9173944794065996,0.0,0.021516936477264114,0.0,0.8183013042771442,0.0,0.9976948117429693,0.0,0.7743176517281224,0.0,0.01773299969640087,0.0,0.8482835222594414,0.0
Local Model,209,"(749, 10)",,Chemical,Linear Regression,Repeated KFold,"{""N_Splits"": 5, ""Repeats"": 3}",1.0973890018121015,0.01535191417082367,0.8721022483892061,0.012946501750014248,0.020390740844105495,0.0002958230468934129,0.8308045476090898,0.0047112883698534145,1.1134331841369394,0.0588088516306825,0.8856974878760082,0.04542380686384023,0.020706061898409223,0.000996071728301013,0.824713680139524,0.01862273272368514
Local Model,209,"(749, 10)",,Chemical,Linear Regression,Time Series Split,"{""N_Splits"": 5, ""Repeats"": 1, ""Gap"": 0}",1.1294296211926926,0.026750509665946602,0.9229744043084585,0.020832556599554054,0.02205108978234382,0.000528714199631301,0.5373758109043382,0.3061154766926736,1.6155127933200841,0.9173223020267378,1.255321231397937,0.6674673589367587,0.028644658771696706,0.014326292633756933,0.3107716384166056,0.6251360239766393
