Category,Company,Data Shape,Timesteps,Features,Model,Cross Validation,Cross Validation Params,RMSE Train,RMSE Train,MAE Train,MAE Train,MAPE Train,MAPE Train,R2 Train,R2 Train,RMSE Test,RMSE Test,MAE Test,MAE Test,MAPE Test,MAPE Test,R2 Test,R2 Test
,,,,,,,,mean,std,mean,std,mean,std,mean,std,mean,std,mean,std,mean,std,mean,std
Local Model,209,"(749, 13)",,Chemical + CS1 + CS3 + CS7,Linear Regression,Blocking Time Series Split,"{""N_Splits"": 5, ""Repeats"": 1, ""train_size"": 0.8}",0.7739717299764554,0.09559265464087457,0.611383862117419,0.0824816904465336,0.014358869346250558,0.002123810147369797,0.7266776368164815,0.24871450011221255,0.9724230760790478,0.25736139987557255,0.7688784519566662,0.20298911310716486,0.01788765086135865,0.004494400721594147,0.668962439506201,0.2720798159606481
Local Model,209,"(749, 13)",,Chemical + CS1 + CS3 + CS7,Linear Regression,Out of time Split,"{""Test Size"": 0.2}",0.9682302691615632,0.0,0.7904848144401742,0.0,0.018590385522501213,0.0,0.8686079337556596,0.0,0.7311547901177311,0.0,0.5823892943349239,0.0,0.013496149508619635,0.0,0.9185190688956457,0.0
Local Model,209,"(749, 13)",,Chemical + CS1 + CS3 + CS7,Linear Regression,Repeated KFold,"{""N_Splits"": 5, ""Repeats"": 3}",0.9187532028815751,0.010041203429320324,0.7442855372010858,0.010770907690756606,0.017458788406445786,0.0002547156735114696,0.8813883973953528,0.0035388694630723652,0.9390054000564808,0.03836173867873466,0.7633615388986549,0.0395161882899491,0.017901853554157077,0.0009348585988660433,0.8750550803400052,0.015060974931858737
Local Model,209,"(749, 13)",,Chemical + CS1 + CS3 + CS7,Linear Regression,Time Series Split,"{""N_Splits"": 5, ""Repeats"": 1, ""Gap"": 0}",0.9503379813484019,0.024668090239055623,0.7703382402843137,0.028140956144073997,0.01841420736221199,0.0005460880413050689,0.673894467064437,0.21685948493793103,1.3227448411585943,0.6437836873346023,1.0556385787241536,0.4596746717122917,0.024214738451570385,0.009818854705734343,0.4941574103333216,0.49802442123097923
