Category,Company,Data Shape,Timesteps,Features,Model,Cross Validation,Cross Validation Params,RMSE Train,RMSE Train,MAE Train,MAE Train,MAPE Train,MAPE Train,R2 Train,R2 Train,RMSE Test,RMSE Test,MAE Test,MAE Test,MAPE Test,MAPE Test,R2 Test,R2 Test
,,,,,,,,mean,std,mean,std,mean,std,mean,std,mean,std,mean,std,mean,std,mean,std
Local Model,209,"(749, 12)",,Chemical + CS3 + CS7,Linear Regression,Blocking Time Series Split,"{""N_Splits"": 5, ""Repeats"": 1, ""train_size"": 0.8}",0.7965435883001046,0.1040403172896109,0.6362943945456809,0.08683952483773795,0.014961939101007873,0.002325649917028655,0.6971275975005422,0.2868744495235072,1.02401764489345,0.23095419778360052,0.8095490488096211,0.19076312039147228,0.018835039184468206,0.004282174680922606,0.5775630604127908,0.4197206855173254
Local Model,209,"(749, 12)",,Chemical + CS3 + CS7,Linear Regression,Out of time Split,"{""Test Size"": 0.2}",0.9682334570691228,0.0,0.7905225100025514,0.0,0.018591380650254473,0.0,0.8686070685349282,0.0,0.7308720440904579,0.0,0.5823594060022838,0.0,0.013494813693889541,0.0,0.91858207595043,0.0
Local Model,209,"(749, 12)",,Chemical + CS3 + CS7,Linear Regression,Repeated KFold,"{""N_Splits"": 5, ""Repeats"": 3}",0.9189080685859198,0.010019354175391683,0.7444186178151071,0.010782363058706812,0.0174618021784506,0.0002549795333706015,0.8813485396038205,0.0035331723462425297,0.937611850425307,0.03829086339062579,0.7620231332756434,0.03929852586164115,0.017871802192111704,0.0009305033604662917,0.8754251455885845,0.015031344181006486
Local Model,209,"(749, 12)",,Chemical + CS3 + CS7,Linear Regression,Time Series Split,"{""N_Splits"": 5, ""Repeats"": 1, ""Gap"": 0}",0.9603561150423339,0.00968658602195972,0.7818308469680213,0.009177319561425675,0.018692940803358406,0.00011117465802952344,0.6621904305130304,0.2281056421514248,1.293757574382529,0.650999298786326,1.0309850565756833,0.4685667739838795,0.02360692074580001,0.009982180566255343,0.5571030231478473,0.3936920553780087
