Category,Company,Data Shape,Timesteps,Features,Model,Cross Validation,Cross Validation Params,RMSE Train,RMSE Train,MAE Train,MAE Train,MAPE Train,MAPE Train,R2 Train,R2 Train,RMSE Test,RMSE Test,MAE Test,MAE Test,MAPE Test,MAPE Test,R2 Test,R2 Test
,,,,,,,,mean,std,mean,std,mean,std,mean,std,mean,std,mean,std,mean,std,mean,std
Local Model,209,"(749, 12)",,Chemical + CS1 + CS3,MLP,Blocking Time Series Split,"{""N_Splits"": 5, ""Repeats"": 3, ""train_size"": 0.8}",6.981541466823091,1.4287232425315588,5.532260330926804,1.2828842238536267,0.1302669427212639,0.033512847145383724,-24.6144367449736,26.17676213237439,15.989232948490432,15.238742568410402,9.625788799709746,5.626047995157986,0.22129200825357234,0.12691918188425183,-201.35622917767026,314.46707226463826
Local Model,209,"(749, 12)",,Chemical + CS1 + CS3,MLP,Out of time Split,"{""Test Size"": 0.2}",2.0373228020723633,0.19968742649161922,1.5814306989615667,0.13365547393103788,0.03678639984590056,0.003083575743041253,0.4126677902863182,0.11295207179245167,3.401745908954671,0.5659127945103444,2.2873155873616544,0.40715575219967354,0.05138879745147165,0.009084949523011875,-0.8125795008779191,0.5524914961343339
Local Model,209,"(749, 12)",,Chemical + CS1 + CS3,MLP,Repeated KFold,"{""N_Splits"": 5, ""Repeats"": 3}",2.105068430485931,0.21379068545143246,1.6117729919400197,0.14691359568816922,0.03738171423193048,0.0033973424910297366,0.3709709369556402,0.12507688541168976,2.2826555218131217,0.3452074620470105,1.724679968197088,0.21241324889792879,0.03996455434461061,0.004707605436446602,0.2515926010926574,0.21346171206751213
Local Model,209,"(749, 12)",,Chemical + CS1 + CS3,MLP,Time Series Split,"{""N_Splits"": 5, ""Repeats"": 3, ""Gap"": 0}",3.479239745385636,2.3602124072909283,2.784862809348445,1.9294561489344804,0.06692704974606879,0.0472306682661488,-9.386139750171374,15.30690599810248,14.619246191231879,19.248488863131847,10.283788238361318,13.232156969652674,0.22968526661255614,0.2863615567135394,-93.63700335471255,130.03790661424327
