Category,Company,Data Shape,Timesteps,Features,Model,Cross Validation,Cross Validation Params,RMSE Train,RMSE Train,MAE Train,MAE Train,MAPE Train,MAPE Train,R2 Train,R2 Train,RMSE Test,RMSE Test,MAE Test,MAE Test,MAPE Test,MAPE Test,R2 Test,R2 Test
,,,,,,,,mean,std,mean,std,mean,std,mean,std,mean,std,mean,std,mean,std,mean,std
Local Model,209,"(749, 12)",,Chemical + CS3 + CS7,MLP,Blocking Time Series Split,"{""N_Splits"": 5, ""Repeats"": 3, ""train_size"": 0.8}",6.936921240157122,1.564877908485822,5.499219630179953,1.3791219670559798,0.1295720658866872,0.03593625382208668,-25.1843651076433,27.22442714825495,16.553733822637096,16.885066134820548,9.675540183173286,6.2623071208132455,0.22169944697772978,0.14074280391942778,-225.98592829016678,372.49298623124315
Local Model,209,"(749, 12)",,Chemical + CS3 + CS7,MLP,Out of time Split,"{""Test Size"": 0.2}",1.9544460805179884,0.1879580210255538,1.5069859824289396,0.13519505658309788,0.035138098788303145,0.0031804516518502035,0.45967214268608075,0.10090146863561321,1.9934161142144398,0.3169201090126548,1.4712668779161249,0.23536125556872675,0.03345516451406335,0.005281370077442806,0.3790252672884848,0.18223012006619604
Local Model,209,"(749, 12)",,Chemical + CS3 + CS7,MLP,Repeated KFold,"{""N_Splits"": 5, ""Repeats"": 3}",2.0695445211696977,0.20245779159005045,1.584770273069376,0.13800505582486933,0.03684607837105769,0.003175886686559593,0.3923577381344716,0.11733516534085187,2.2490521309850533,0.31611260023382803,1.6918264131290854,0.19555985638481913,0.03930953595134357,0.004385350657648693,0.2758526358693121,0.1960938822946395
Local Model,209,"(749, 12)",,Chemical + CS3 + CS7,MLP,Time Series Split,"{""N_Splits"": 5, ""Repeats"": 3, ""Gap"": 0}",3.447296036647173,2.36687872524117,2.758417345962911,1.915171447689844,0.06635450374422953,0.04684242635656501,-9.322364538440096,15.179225117169336,13.56452777576052,18.38714987070096,9.549379355440859,12.755680846635263,0.2133328272269503,0.27619689271266046,-83.27939531826546,120.05848292814991
