Category,Company,Data Shape,Timesteps,Features,Model,Cross Validation,Cross Validation Params,RMSE Train,RMSE Train,MAE Train,MAE Train,MAPE Train,MAPE Train,R2 Train,R2 Train,RMSE Test,RMSE Test,MAE Test,MAE Test,MAPE Test,MAPE Test,R2 Test,R2 Test
,,,,,,,,mean,std,mean,std,mean,std,mean,std,mean,std,mean,std,mean,std,mean,std
Local Model,209,"(749, 17)",,Chemical + Physical,MLP,Blocking Time Series Split,"{""N_Splits"": 5, ""Repeats"": 3, ""train_size"": 0.8}",6.269786922078575,1.2152878368972095,4.876377514879242,1.0188089042492905,0.11465393506680839,0.02680174823005992,-19.427490684902413,20.97376116264038,14.986996141338,14.52561219736391,9.179669203016493,5.666459330900126,0.21181832177561966,0.12877243574919317,-182.93289649255968,284.79156753084885
Local Model,209,"(749, 17)",,Chemical + Physical,MLP,Out of time Split,"{""Test Size"": 0.2}",2.1010058178512376,0.14102690230711812,1.615094886062274,0.10163824247789394,0.03764083122528887,0.0023521917278885155,0.37853211780021345,0.08351026290580324,2.599465265777599,0.09768997367133893,1.8476796993679472,0.06825196519284059,0.041826441598575514,0.0015881428719101331,-0.03137901284463366,0.07778074256671698
Local Model,209,"(749, 17)",,Chemical + Physical,MLP,Repeated KFold,"{""N_Splits"": 5, ""Repeats"": 3}",2.2666852425624646,0.21951349071984527,1.755718394280039,0.16125309241280303,0.04092530524045048,0.0037529138283214193,0.2710064354934278,0.1426831824324006,2.4955211536046713,0.3443793567372374,1.8981696891988344,0.2174956949892726,0.04425446744977445,0.004965712575634573,0.11227055876154036,0.21894535076825236
Local Model,209,"(749, 17)",,Chemical + Physical,MLP,Time Series Split,"{""N_Splits"": 5, ""Repeats"": 3, ""Gap"": 0}",3.526759344184534,2.161928587633341,2.776245558698105,1.723981236710703,0.06673082178725337,0.04224319674569016,-9.025110542717734,13.522234688087611,14.901125329262618,19.81892906011497,10.677903111078406,13.661545419165146,0.23874491418146465,0.29590569600023053,-97.82083710034105,134.29904800654245
