Category,Company,Data Shape,Timesteps,Features,Model,Cross Validation,Cross Validation Params,RMSE Train,RMSE Train,MAE Train,MAE Train,MAPE Train,MAPE Train,R2 Train,R2 Train,RMSE Test,RMSE Test,MAE Test,MAE Test,MAPE Test,MAPE Test,R2 Test,R2 Test
,,,,,,,,mean,std,mean,std,mean,std,mean,std,mean,std,mean,std,mean,std,mean,std
Local Model,209,"(749, 11)",,Chemical + CS1,MLP,Blocking Time Series Split,"{""N_Splits"": 5, ""Repeats"": 3, ""train_size"": 0.8}",7.199288836466568,1.4127902410119226,5.65961280600497,1.20290487038643,0.13319404922776712,0.0316398225784545,-26.24927878417716,28.47721035329543,15.724588392803545,14.201855089855437,9.615927661471897,5.1705743290228465,0.2210093591929882,0.11638084896107896,-182.72867989284174,284.3568909959526
Local Model,209,"(749, 11)",,Chemical + CS1,MLP,Out of time Split,"{""Test Size"": 0.2}",2.012312423246656,0.12255758132215921,1.5462047853294714,0.08684560370337611,0.03587609054230481,0.0019649269326232044,0.4303467399323,0.0698786202796298,3.700259642371995,0.4212573966263392,2.502524254692926,0.2855089230112829,0.056031844287181574,0.00627555632962408,-1.1139482269380632,0.4941809505511083
Local Model,209,"(749, 11)",,Chemical + CS1,MLP,Repeated KFold,"{""N_Splits"": 5, ""Repeats"": 3}",2.10413025762902,0.19875291422830774,1.5982838934028412,0.1338977430328592,0.03693309061768433,0.0030547119008324064,0.3725890102002566,0.11573648707552513,2.25568267651838,0.3412084978857964,1.6957929603056656,0.21897929131173272,0.03917903388580853,0.004809345994315831,0.26871512717680807,0.20893780627662864
Local Model,209,"(749, 11)",,Chemical + CS1,MLP,Time Series Split,"{""N_Splits"": 5, ""Repeats"": 3, ""Gap"": 0}",3.4687333486095544,2.3219924903132063,2.76829967960321,1.8794123089121948,0.06645930268274967,0.046016143166376,-9.171109770306758,15.167323964019271,14.61379139583725,18.602895241804177,10.340770433405394,12.897185604875213,0.23139182819117773,0.27969810378703613,-92.27501467100926,123.16131291035944
