Category,Company,Data Shape,Timesteps,Features,Model,Cross Validation,Cross Validation Params,RMSE Train,RMSE Train,MAE Train,MAE Train,MAPE Train,MAPE Train,R2 Train,R2 Train,RMSE Test,RMSE Test,MAE Test,MAE Test,MAPE Test,MAPE Test,R2 Test,R2 Test
,,,,,,,,mean,std,mean,std,mean,std,mean,std,mean,std,mean,std,mean,std,mean,std
Local Model,209,"(749, 10)",,Chemical,MLP,Blocking Time Series Split,"{""N_Splits"": 5, ""Repeats"": 3, ""train_size"": 0.8}",7.41861333190516,1.51257910700729,5.87005830814992,1.2542297141904573,0.13816019481784397,0.033026432886482715,-27.863872769688548,29.696579043819124,16.14885030239096,14.867689311428505,9.66861294555664,5.340036880599237,0.22136427963453245,0.11964092073447466,-191.9391157240091,308.9909943229777
Local Model,209,"(749, 10)",,Chemical,MLP,Out of time Split,"{""Test Size"": 0.2}",1.9182453277470024,0.163003454494873,1.453631125711771,0.11276291939314191,0.033663733105230846,0.0025447592869612115,0.48054872684,0.09027975453825136,1.9576000099921018,0.16696051663497674,1.4500841929117856,0.1408557844967139,0.03276675794415564,0.003081560448924114,0.41165385674795396,0.10243777103106676
Local Model,209,"(749, 10)",,Chemical,MLP,Repeated KFold,"{""N_Splits"": 5, ""Repeats"": 3}",1.9984209991644233,0.21468376152312846,1.5270312592751132,0.14811952301902306,0.03530282561004506,0.003392122778547586,0.4326379965410256,0.12302689668001367,2.1512641591931176,0.3607209458005445,1.6254834326818182,0.22855754226205588,0.03757733916850141,0.005048977514965572,0.3305689851218039,0.22436057302478085
Local Model,209,"(749, 10)",,Chemical,MLP,Time Series Split,"{""N_Splits"": 5, ""Repeats"": 3, ""Gap"": 0}",3.435708267510843,2.3925489872574244,2.741742472553223,1.9472874201436368,0.06578967689991967,0.04765556356898212,-9.239330362878912,15.704248116484635,14.168213014867076,18.686504073622924,9.966245860151066,13.072701219640598,0.22307135324875588,0.2841181316305112,-91.47604764288273,121.13945777593219
