Category,Company,Data Shape,Timesteps,Features,Model,Cross Validation,Cross Validation Params,RMSE Train,RMSE Train,MAE Train,MAE Train,MAPE Train,MAPE Train,R2 Train,R2 Train,RMSE Test,RMSE Test,MAE Test,MAE Test,MAPE Test,MAPE Test,R2 Test,R2 Test
,,,,,,,,mean,std,mean,std,mean,std,mean,std,mean,std,mean,std,mean,std,mean,std
Local Model,209,"(749, 14)",,Chemical + Properties CS Less,Random Forest,Blocking Time Series Split,"{""N_Splits"": 5, ""Repeats"": 1, ""train_size"": 0.8}",0.6042440920397671,0.11134281533824428,0.44992486489204114,0.07460119874485545,0.010537960522711977,0.0018653138430323817,0.8506360068830195,0.12260765357488206,1.1337063083239651,0.3287046389720504,0.9240182885147329,0.21356556245528957,0.021529873816096938,0.0046978268061653805,0.5030175415226102,0.4452064232090383
Local Model,209,"(749, 14)",,Chemical + Properties CS Less,Random Forest,Out of time Split,"{""Test Size"": 0.2}",0.8676247892602316,0.0,0.7046321904574049,0.0,0.016617175505669664,0.0,0.8944943457360804,0.0,0.9145479004166222,0.0,0.6795732503243246,0.0,0.015600521503326406,0.0,0.8725175979192118,0.0
Local Model,209,"(749, 14)",,Chemical + Properties CS Less,Random Forest,Repeated KFold,"{""N_Splits"": 5, ""Repeats"": 3}",0.8467481541643671,0.014602050257580297,0.6779032184490451,0.014365591815590523,0.015931217506287912,0.00033276283520418203,0.8992467352601679,0.003714269194450073,1.0478350865240238,0.055168438079482573,0.8325348404985866,0.04920370813733653,0.019497584466852215,0.0011220716244024714,0.8444759730665917,0.019159234578539224
Local Model,209,"(749, 14)",,Chemical + Properties CS Less,Random Forest,Time Series Split,"{""N_Splits"": 5, ""Repeats"": 1, ""Gap"": 0}",0.8077331185429735,0.08009497826222299,0.6543005394772403,0.06674516852225187,0.015691374096918363,0.0014910624645306622,0.7754658765461622,0.14886096445782596,1.5797879120916796,0.9180194015103281,1.218327571083688,0.6868481649666529,0.027800471359799416,0.014717834723588036,0.2990479420717924,0.6704855242422754
