Category,Company,Data Shape,Timesteps,Features,Model,Cross Validation,Cross Validation Params,RMSE Train,RMSE Train,MAE Train,MAE Train,MAPE Train,MAPE Train,R2 Train,R2 Train,RMSE Test,RMSE Test,MAE Test,MAE Test,MAPE Test,MAPE Test,R2 Test,R2 Test
,,,,,,,,mean,std,mean,std,mean,std,mean,std,mean,std,mean,std,mean,std,mean,std
Local Model,209,"(749, 11)",,Chemical + CS7,Random Forest,Blocking Time Series Split,"{""N_Splits"": 5, ""Repeats"": 1, ""train_size"": 0.8}",0.5621520367844258,0.06183892642921366,0.4287902160000289,0.061507071524856446,0.01006529478342691,0.0017562891485642382,0.847210729991876,0.1494603286660337,1.239120833197328,0.22171023129770986,0.9715043110152921,0.09858110921871585,0.022749092608652197,0.001985978806931414,0.39015482217656056,0.54576172587181
Local Model,209,"(749, 11)",,Chemical + CS7,Random Forest,Out of time Split,"{""Test Size"": 0.2}",0.7905425214679157,0.0,0.6433642717043513,0.0,0.015238564333773552,0.0,0.9124084320994081,0.0,0.7809516774851784,0.0,0.582128360050848,0.0,0.013378138466182351,0.0,0.9070422403870474,0.0
Local Model,209,"(749, 11)",,Chemical + CS7,Random Forest,Repeated KFold,"{""N_Splits"": 5, ""Repeats"": 3}",0.7609915026380921,0.012694506216864496,0.6096107741879183,0.009440927762399147,0.014368821651924572,0.0002215879121625301,0.9186084775176955,0.0032803906317431736,0.9515273192105066,0.047209908424182684,0.7572642466928204,0.0379887986540151,0.017778504484195157,0.0009032836841030664,0.8720210802443134,0.012798631730622338
Local Model,209,"(749, 11)",,Chemical + CS7,Random Forest,Time Series Split,"{""N_Splits"": 5, ""Repeats"": 1, ""Gap"": 0}",0.7591501835587653,0.0610353379932508,0.6130536876527997,0.05041076296350513,0.014725344278303788,0.00114090559119781,0.7994955996796791,0.1311716164649438,1.3974795965151392,0.806000852789746,1.0772271106415927,0.5792602917730549,0.024593001550931227,0.012318030529978024,0.44639930467083627,0.5326863326529555
