Category,Company,Data Shape,Timesteps,Features,Model,Cross Validation,Cross Validation Params,RMSE Train,RMSE Train,MAE Train,MAE Train,MAPE Train,MAPE Train,R2 Train,R2 Train,RMSE Test,RMSE Test,MAE Test,MAE Test,MAPE Test,MAPE Test,R2 Test,R2 Test
,,,,,,,,mean,std,mean,std,mean,std,mean,std,mean,std,mean,std,mean,std,mean,std
Local Model,209,"(749, 12)",,Chemical + CS1 + CS3,Random Forest,Blocking Time Series Split,"{""N_Splits"": 5, ""Repeats"": 1, ""train_size"": 0.8}",0.544637410215538,0.08433657241662501,0.41755358902903056,0.06400033480050822,0.009802563715284263,0.0016576505060413211,0.8759150169758358,0.10591002537651288,1.197887984257022,0.31800616189258013,0.9817269240025736,0.18749370330820647,0.022887029784295028,0.004269811817173223,0.3607913709300231,0.631606059373786
Local Model,209,"(749, 12)",,Chemical + CS1 + CS3,Random Forest,Out of time Split,"{""Test Size"": 0.2}",0.8194899400762665,0.0,0.6609016581742319,0.0,0.015629097145496505,0.0,0.9058762797532129,0.0,0.9017034014687081,0.0,0.7186950214271977,0.0,0.01646400375532287,0.0,0.8760733414623554,0.0
Local Model,209,"(749, 12)",,Chemical + CS1 + CS3,Random Forest,Repeated KFold,"{""N_Splits"": 5, ""Repeats"": 3}",0.7734032076016885,0.015022126545079402,0.6159704448337519,0.015057572462404568,0.01450480012266324,0.00036326321172056204,0.9159392760146836,0.003410537779098942,0.9980853038598607,0.06318726283363076,0.7860905711494737,0.052960272384556126,0.018441910869991127,0.0012649297356176015,0.8585517932969055,0.021487310312880696
Local Model,209,"(749, 12)",,Chemical + CS1 + CS3,Random Forest,Time Series Split,"{""N_Splits"": 5, ""Repeats"": 1, ""Gap"": 0}",0.7532965612374529,0.07862044524828214,0.5992628312354477,0.06934841653817785,0.014382074474079748,0.0015354964998401932,0.8120393532809851,0.10917951966497673,1.5013379254779367,0.7834366633274581,1.1760498035968365,0.5627633109018109,0.0269537297800779,0.012044306628094976,0.29687174920752946,0.744383158105718
