Category,Company,Data Shape,Timesteps,Features,Model,Cross Validation,Cross Validation Params,RMSE Train,RMSE Train,MAE Train,MAE Train,MAPE Train,MAPE Train,R2 Train,R2 Train,RMSE Test,RMSE Test,MAE Test,MAE Test,MAPE Test,MAPE Test,R2 Test,R2 Test
,,,,,,,,mean,std,mean,std,mean,std,mean,std,mean,std,mean,std,mean,std,mean,std
Local Model,209,"(749, 11)",,Chemical + CS3,Random Forest,Blocking Time Series Split,"{""N_Splits"": 5, ""Repeats"": 1, ""train_size"": 0.8}",0.5767151789481539,0.06316200512559658,0.43991749824300197,0.048908951905839104,0.010338936363588994,0.0014361363467616944,0.8505280550926042,0.13482927207387438,1.2179286451479228,0.19526455239200655,0.9879865564743863,0.1442857459846298,0.02303747705255301,0.0032068589398895854,0.35835995063605186,0.6733374581494258
Local Model,209,"(749, 11)",,Chemical + CS3,Random Forest,Out of time Split,"{""Test Size"": 0.2}",0.8168865443497686,0.0,0.6653689592308881,0.0,0.015726782240776907,0.0,0.906473363498866,0.0,0.9030902397679463,0.0,0.7162493223917195,0.0,0.016459628835071665,0.0,0.8756918448350338,0.0
Local Model,209,"(749, 11)",,Chemical + CS3,Random Forest,Repeated KFold,"{""N_Splits"": 5, ""Repeats"": 3}",0.7773603127920155,0.01354048515868389,0.6211907244565271,0.013626143399160892,0.014629606397334795,0.0003288849881152703,0.9150802705612168,0.003201235083140181,0.9822183379369404,0.05326960321857625,0.7780775393993817,0.04603120504454909,0.018255165244040326,0.001089144659233388,0.8632265757158836,0.018065993153206
Local Model,209,"(749, 11)",,Chemical + CS3,Random Forest,Time Series Split,"{""N_Splits"": 5, ""Repeats"": 1, ""Gap"": 0}",0.7576556987637939,0.06750602279447865,0.6049955907021982,0.06351133900849734,0.014524537813971655,0.0013945151080174392,0.8070032273827898,0.11438985800763384,1.4507301222610312,0.7970048560205434,1.1399433295091013,0.5741153660363879,0.026069950650984008,0.012198051668068498,0.41992920099171405,0.5448096181570403
