Category,Company,Data Shape,Timesteps,Features,Model,Cross Validation,Cross Validation Params,RMSE Train,RMSE Train,MAE Train,MAE Train,MAPE Train,MAPE Train,R2 Train,R2 Train,RMSE Test,RMSE Test,MAE Test,MAE Test,MAPE Test,MAPE Test,R2 Test,R2 Test
,,,,,,,,mean,std,mean,std,mean,std,mean,std,mean,std,mean,std,mean,std,mean,std
Local Model,209,"(749, 12)",,Chemical + CS1 + CS3,XGBoost,Blocking Time Series Split,"{""N_Splits"": 5, ""Repeats"": 1, ""train_size"": 0.8}",0.5976916509590551,0.1395708752662863,0.46278632848403056,0.10399727122882457,0.010845113066092607,0.00220736589700402,0.8964994302978735,0.0457164308626778,1.291199733607437,0.33553567891710206,1.0072771301269525,0.2306452510044154,0.0235022351034107,0.004976690775015005,0.47716284576107376,0.3889297954380173
Local Model,209,"(749, 12)",,Chemical + CS1 + CS3,XGBoost,Out of time Split,"{""Test Size"": 0.2}",0.8875674320906852,0.0,0.7189948900633544,0.0,0.01693212738070315,0.0,0.8895884396769516,0.0,0.9069907097770711,0.0,0.690371470133464,0.0,0.015816529758633617,0.0,0.8746157457440957,0.0
Local Model,209,"(749, 12)",,Chemical + CS1 + CS3,XGBoost,Repeated KFold,"{""N_Splits"": 5, ""Repeats"": 3}",0.85332480920879,0.014219403126834014,0.6855661022802324,0.01241315917773663,0.01609197832179211,0.0002972134088673713,0.8976722421821678,0.0038079863045654737,1.072882709267373,0.046585119879913435,0.8540869814533235,0.03950317259456708,0.020015794988983943,0.0008708395571111214,0.8375906610944015,0.01218632461922403
Local Model,209,"(749, 12)",,Chemical + CS1 + CS3,XGBoost,Time Series Split,"{""N_Splits"": 5, ""Repeats"": 1, ""Gap"": 0}",0.744513896084103,0.14828369191356675,0.6022779208058596,0.12205454775417898,0.014372272720973004,0.0027427866537183035,0.8364805437707341,0.0673638120903369,1.6284090657892225,0.8532745050296708,1.2745684536349393,0.5948240935675934,0.029011254312397816,0.01259883105926305,0.2640890677234542,0.691503529068798
