Category,Company,Data Shape,Timesteps,Features,Model,Cross Validation,Cross Validation Params,RMSE Train,RMSE Train,MAE Train,MAE Train,MAPE Train,MAPE Train,R2 Train,R2 Train,RMSE Test,RMSE Test,MAE Test,MAE Test,MAPE Test,MAPE Test,R2 Test,R2 Test
,,,,,,,,mean,std,mean,std,mean,std,mean,std,mean,std,mean,std,mean,std,mean,std
Local Model,209,"(749, 13)",,Chemical + CS1 + CS3 + CS7,XGBoost,Blocking Time Series Split,"{""N_Splits"": 5, ""Repeats"": 1, ""train_size"": 0.8}",0.5750348968692711,0.1304979301673052,0.45570906361812324,0.0996875966347748,0.010681036377611367,0.0020837311500545926,0.9036132900152968,0.044166484156737074,1.2392600861598537,0.2583870339474719,0.9863042500813798,0.12701739079440327,0.02301627205579467,0.0027697984170814444,0.4483257920417443,0.4528228104783258
Local Model,209,"(749, 13)",,Chemical + CS1 + CS3 + CS7,XGBoost,Out of time Split,"{""Test Size"": 0.2}",0.8692601662397774,0.0,0.7086174895170336,0.0,0.016674552680996366,0.0,0.8940962378645828,0.0,0.888288053867073,0.0,0.694123489379884,0.0,0.015893904306047334,0.0,0.8797334183760919,0.0
Local Model,209,"(749, 13)",,Chemical + CS1 + CS3 + CS7,XGBoost,Repeated KFold,"{""N_Splits"": 5, ""Repeats"": 3}",0.8321523176473157,0.01462893052057123,0.6704717118522127,0.011592864533228863,0.015737524777472867,0.00028000096335033524,0.9026887174761258,0.0036848190634889643,1.0507005143823491,0.03412173480057337,0.8417981173608201,0.03504919111782222,0.01973747066890911,0.0007947508549787216,0.8442419088924422,0.009837760215707621
Local Model,209,"(749, 13)",,Chemical + CS1 + CS3 + CS7,XGBoost,Time Series Split,"{""N_Splits"": 5, ""Repeats"": 1, ""Gap"": 0}",0.7244409715082226,0.141676291944992,0.590388953353973,0.115796920712033,0.014080471897988634,0.0025935885551936254,0.8446602283597283,0.06469959666404114,1.5071878724317018,0.8492048139987121,1.1633730444139054,0.5900997675378717,0.026529846698580033,0.012434155384322732,0.36327201166600076,0.6077322241722064
