Category,Company,Data Shape,Timesteps,Features,Model,Cross Validation,Cross Validation Params,RMSE Train,RMSE Train,MAE Train,MAE Train,MAPE Train,MAPE Train,R2 Train,R2 Train,RMSE Test,RMSE Test,MAE Test,MAE Test,MAPE Test,MAPE Test,R2 Test,R2 Test
,,,,,,,,mean,std,mean,std,mean,std,mean,std,mean,std,mean,std,mean,std,mean,std
Local Model,209,"(749, 11)",,Chemical + CS1,XGBoost,Blocking Time Series Split,"{""N_Splits"": 5, ""Repeats"": 1, ""train_size"": 0.8}",0.606251661902993,0.1344148382088923,0.46943099257525284,0.10111661831288922,0.011003129114380436,0.0021615516008978743,0.8918959281828622,0.05063360982566544,1.3716169823057727,0.30129635814044753,1.0550740661621087,0.204577981364098,0.024574423654804382,0.0043444638790730294,0.36996068494243317,0.4859501291724692
Local Model,209,"(749, 11)",,Chemical + CS1,XGBoost,Out of time Split,"{""Test Size"": 0.2}",0.9160659067196728,0.0,0.7384410054456809,0.0,0.01738364831962785,0.0,0.8823843070315658,0.0,0.9866968524488191,0.0,0.7392519632975287,0.0,0.016905119886319677,0.0,0.8516099402890793,0.0
Local Model,209,"(749, 11)",,Chemical + CS1,XGBoost,Repeated KFold,"{""N_Splits"": 5, ""Repeats"": 3}",0.900246138165864,0.013751854681374413,0.7229558471294472,0.011913663492023354,0.016971661405883506,0.0002824767754120685,0.8861262139153996,0.0035972230182446025,1.1381200189102612,0.047503671296057995,0.9043778700400862,0.04331838867461957,0.021203111211691845,0.0009872317465453944,0.8173135553924318,0.012440765608666747
Local Model,209,"(749, 11)",,Chemical + CS1,XGBoost,Time Series Split,"{""N_Splits"": 5, ""Repeats"": 1, ""Gap"": 0}",0.7922383046216838,0.1408908249072831,0.644613546749288,0.11378469597874931,0.015388285393321821,0.002534090838044295,0.8111006593065184,0.08171488328924689,1.677060366121605,0.838292882294807,1.3221330118486958,0.6195661337948164,0.030188228936420064,0.013248318496189104,0.21674356697256253,0.7400704435842076
