Category,Company,Data Shape,Timesteps,Features,Model,Cross Validation,Cross Validation Params,RMSE Train,RMSE Train,MAE Train,MAE Train,MAPE Train,MAPE Train,R2 Train,R2 Train,RMSE Test,RMSE Test,MAE Test,MAE Test,MAPE Test,MAPE Test,R2 Test,R2 Test
,,,,,,,,mean,std,mean,std,mean,std,mean,std,mean,std,mean,std,mean,std,mean,std
Local Model,209,"(749, 11)",,Chemical + CS7,XGBoost,Blocking Time Series Split,"{""N_Splits"": 5, ""Repeats"": 1, ""train_size"": 0.8}",0.5878397681459688,0.11470878228757583,0.4692673747599628,0.08477385378783196,0.011004697900139766,0.0017202346873263724,0.893827825184162,0.058056973879440345,1.283073496848538,0.230390539022549,1.0180893402099611,0.12121311215563234,0.02373803482043207,0.0027416857748535782,0.3672609755810391,0.5661421772175923
Local Model,209,"(749, 11)",,Chemical + CS7,XGBoost,Out of time Split,"{""Test Size"": 0.2}",0.8834669709554555,0.0,0.7189389560298252,0.0,0.016928188863277484,0.0,0.8906062609618691,0.0,0.8619390645828154,0.0,0.6820820821126335,0.0,0.01572470371306285,0.0,0.8867624531756444,0.0
Local Model,209,"(749, 11)",,Chemical + CS7,XGBoost,Repeated KFold,"{""N_Splits"": 5, ""Repeats"": 3}",0.8463096912376955,0.011538863717794867,0.6822535093984747,0.008785334705255209,0.01601813494494912,0.00020686164940586014,0.8993586843315072,0.0031409331271963193,1.04712244212849,0.033625828834445266,0.8388160822466257,0.0267570749030555,0.01967335388045776,0.0006091250148187517,0.8450770303073293,0.013241536810708273
Local Model,209,"(749, 11)",,Chemical + CS7,XGBoost,Time Series Split,"{""N_Splits"": 5, ""Repeats"": 1, ""Gap"": 0}",0.7389946366097927,0.15459211873621456,0.600693777276818,0.12783671973016267,0.014328542637266716,0.002891592878675342,0.8411766891235901,0.06042768920867937,1.5187470118757533,0.9192894707309832,1.172384258885538,0.6443712111351959,0.02668201638676293,0.013630011896567373,0.38674854398779573,0.5676898719659016
