Category,Company,Data Shape,Timesteps,Features,Model,Cross Validation,Cross Validation Params,RMSE Train,RMSE Train,MAE Train,MAE Train,MAPE Train,MAPE Train,R2 Train,R2 Train,RMSE Test,RMSE Test,MAE Test,MAE Test,MAPE Test,MAPE Test,R2 Test,R2 Test
,,,,,,,,mean,std,mean,std,mean,std,mean,std,mean,std,mean,std,mean,std,mean,std
Local Model,209,"(749, 11)",,Chemical + Feature Engineering,XGBoost,Blocking Time Series Split,"{""N_Splits"": 5, ""Repeats"": 1, ""train_size"": 0.8}",0.6259838417800532,0.11469303060045656,0.4950299808277805,0.08107849325844867,0.011607908660476174,0.001591063651660319,0.8763678408647545,0.07394068455075091,1.3588543070955974,0.2760200495263564,1.0601321156819659,0.1648342304434707,0.024655297048101245,0.003482586169510456,0.3438627928740914,0.5451431762207641
Local Model,209,"(749, 11)",,Chemical + Feature Engineering,XGBoost,Out of time Split,"{""Test Size"": 0.2}",0.973710784469045,0.0,0.7929433824542369,0.0,0.018690807492617357,0.0,0.8671162757294274,0.0,0.9683256218253549,0.0,0.7278716023763053,0.0,0.0166415489300271,0.0,0.8570842243264029,0.0
Local Model,209,"(749, 11)",,Chemical + Feature Engineering,XGBoost,Repeated KFold,"{""N_Splits"": 5, ""Repeats"": 3}",0.9264618250730732,0.010039999579909255,0.7423381999634506,0.008532710687143381,0.017434889237475548,0.00020346495533922647,0.8794023757597961,0.0031520774286536934,1.148760848435933,0.05520354824168869,0.9054806213829506,0.04439345070394619,0.02123207141857908,0.0009878738377655583,0.8139873534715084,0.012462181039694924
Local Model,209,"(749, 11)",,Chemical + Feature Engineering,XGBoost,Time Series Split,"{""N_Splits"": 5, ""Repeats"": 1, ""Gap"": 0}",0.81687861096633,0.16219728394187305,0.6690322730704521,0.1337693620771485,0.015981284933669,0.0030154371375447912,0.8056582805979071,0.06869213057734876,1.736434632969231,0.9486637926653954,1.3539043923654872,0.7046452183178489,0.030776759370132745,0.015078572039456587,0.20265936167907447,0.7132493749928825
