Category,Company,Data Shape,Timesteps,Features,Model,Cross Validation,Cross Validation Params,RMSE Train,RMSE Train,MAE Train,MAE Train,MAPE Train,MAPE Train,R2 Train,R2 Train,RMSE Test,RMSE Test,MAE Test,MAE Test,MAPE Test,MAPE Test,R2 Test,R2 Test
,,,,,,,,mean,std,mean,std,mean,std,mean,std,mean,std,mean,std,mean,std,mean,std
Local Model,209,"(749, 11)",,Chemical + CS3,XGBoost,Blocking Time Series Split,"{""N_Splits"": 5, ""Repeats"": 1, ""train_size"": 0.8}",0.5955172659875773,0.1275411405310324,0.4694351457868307,0.0893041746286471,0.0110074281646042,0.0018300274510341028,0.8949182483850866,0.04982804789589415,1.27374780208596,0.31733861574271377,0.9972418924967437,0.19690959644913897,0.023194979745969534,0.00430621639944072,0.4518141313763692,0.4319021155576551
Local Model,209,"(749, 11)",,Chemical + CS3,XGBoost,Out of time Split,"{""Test Size"": 0.2}",0.8864696836374307,0.0,0.7208084468172865,0.0,0.01697554459099318,0.0,0.8898613860745186,0.0,0.9470275456745043,0.0,0.7241520284016943,0.0,0.01661619823165456,0.0,0.8633018785118443,0.0
Local Model,209,"(749, 11)",,Chemical + CS3,XGBoost,Repeated KFold,"{""N_Splits"": 5, ""Repeats"": 3}",0.8573725332687185,0.010508686290143088,0.6905982455869469,0.009115819423254077,0.016213065024189427,0.00022040030169156002,0.8967145427592741,0.002965480090438582,1.0732527900960658,0.04297903558156195,0.8520079548534653,0.03326701225581414,0.019975360033288148,0.0007301394127450278,0.8374700384153814,0.011787505501265488
Local Model,209,"(749, 11)",,Chemical + CS3,XGBoost,Time Series Split,"{""N_Splits"": 5, ""Repeats"": 1, ""Gap"": 0}",0.7502092391091513,0.13276796600439272,0.6088302628595106,0.11088266487868706,0.014531642772256288,0.002464287470652774,0.83174090137713,0.0680662504765678,1.5603658087720187,0.8528042179612654,1.220846227092128,0.606444210281828,0.027680868951997152,0.012819466967144085,0.3912057670678426,0.5209023983834628
