Category,Company,Data Shape,Timesteps,Features,Model,Cross Validation,Cross Validation Params,RMSE Train,RMSE Train,MAE Train,MAE Train,MAPE Train,MAPE Train,R2 Train,R2 Train,RMSE Test,RMSE Test,MAE Test,MAE Test,MAPE Test,MAPE Test,R2 Test,R2 Test
,,,,,,,,mean,std,mean,std,mean,std,mean,std,mean,std,mean,std,mean,std,mean,std
Local Model,209,"(749, 10)",,Chemical,XGBoost,Blocking Time Series Split,"{""N_Splits"": 5, ""Repeats"": 1, ""train_size"": 0.8}",0.6306498851500105,0.11008966380738781,0.4936335464605768,0.07319202571658794,0.011578893197782155,0.0014182117918846479,0.8739451716131847,0.07234657386363637,1.347192525375417,0.290767676561283,1.06359476216634,0.19209343711083607,0.024758013847282705,0.0040568875653291,0.3844088797636988,0.48315259354469603
Local Model,209,"(749, 10)",,Chemical,XGBoost,Out of time Split,"{""Test Size"": 0.2}",0.9795133418600153,0.0,0.7913051438371407,0.0,0.018660556122285066,0.0,0.8655277898601781,0.0,1.0324767807649058,0.0,0.7669231007893891,0.0,0.017474598437645626,0.0,0.8375207479237109,0.0
Local Model,209,"(749, 10)",,Chemical,XGBoost,Repeated KFold,"{""N_Splits"": 5, ""Repeats"": 3}",0.9321554606518803,0.009265996234001293,0.7465613809190803,0.00852557189007834,0.01753699695045798,0.00020770039858585923,0.8779098406372671,0.00332424866161913,1.1460056403017977,0.048859904384885924,0.9050392836120291,0.04181250768033073,0.021215303343948926,0.0009308334114624126,0.8148355149918313,0.01155885540704998
Local Model,209,"(749, 10)",,Chemical,XGBoost,Time Series Split,"{""N_Splits"": 5, ""Repeats"": 1, ""Gap"": 0}",0.8295819672711326,0.15465694987653325,0.6799331945134977,0.1257322860350035,0.016244488298622035,0.002818071836574364,0.7967315025707425,0.0772900956219208,1.7125633349827392,0.9560863824836568,1.329650996300482,0.7013046643322807,0.03019483039966363,0.014958523932087348,0.23635319445148398,0.676426134681994
