Company,Plant,Cross Validation,Features,Features_bkp,Model,Model_bkp,Model_bkp_2,Timesteps,RMSE_mean,MAE_mean,MAPE_mean,R2_mean,RMSE_std,MAE_std,MAPE_std,R2_std,SCPM,Dominated_Count,Classification,Dominates_Count
209,s,Time Series Split,Chemical + Mineralogical,Chemical,Neural Networks,Transformer,Transformer_1.0,1.0,1.311009070347578,0.8754030577469396,2.14784187209459,0.93543273690557,0.2166082313594009,0.097950463928356,0.19272956121409,0.0196440761889531,-3.5544226782114787,0,dominant_model,4
209,s,Time Series Split,Chemical + Mineralogical,Chemical,Neural Networks,MLP,MLP,,1.387444527432622,0.996577199300132,2.4467521260196,0.9268098736880616,0.35540486220387,0.238475419838828,0.50678374173922,0.0335717969486051,-2.837274281997776,1,intermediate_model,3
209,s,Time Series Split,Chemical + Mineralogical,Chemical,Conv1D,Conv1D,Conv1D_7.0,7.0,1.5579085984303342,1.1594266786857006,2.82397199879007,0.910435502857852,0.1487385533239337,0.1120635075201057,0.21553107613286998,0.011473345906941,-1.72996539781417,2,intermediate_model,2
209,s,Time Series Split,Chemical + Mineralogical,Chemical,Neural Networks,LSTM,LSTM_14.0,14.0,1.9512371512915077,1.4134139883500418,3.6009000773283604,0.856122111843397,0.3756306625345312,0.3138006841096686,0.79673996141188,0.0553278699048891,0.6658173211573317,3,intermediate_model,1
209,s,Time Series Split,Chemical + Mineralogical,Chemical,Neural Networks,BidirectionalLSTM,BidirectionalLSTM_7.0,7.0,2.907398500281688,2.253782507337095,5.4522779871324,0.6704633902953883,0.7279114136067044,0.588968951094232,1.41331379002198,0.1454633422330524,7.455845036866086,4,non_dominant_model,0
