Company,Plant,Cross Validation,Features,Features_bkp,Model,Model_bkp,Model_bkp_2,Timesteps,RMSE_mean,MAE_mean,MAPE_mean,R2_mean,RMSE_std,MAE_std,MAPE_std,R2_std,SCPM,Dominated_Count,Classification,Dominates_Count
206,b,Time Series Split,Chemical + Mineralogical + Physical - Early CS,Chemical + Properties CS Less,Neural Networks,MLP,MLP,,1.858426566969977,1.4159202800947368,3.20386176835633,0.4972325077722586,0.417326359334259,0.2980231938931919,0.73769847955636,0.1200271711527483,-3.8897484041252617,0,dominant_model,4
206,b,Time Series Split,Chemical + Mineralogical + Physical - Early CS,Chemical + Properties CS Less,Neural Networks,Transformer,Transformer_1.0,1.0,1.8875942249651287,1.449481298314255,3.28297532380645,0.480594713572067,0.4733799184415632,0.3487471957666718,0.86380983162481,0.1439882612579453,-2.6098698605171426,1,intermediate_model,3
206,b,Time Series Split,Chemical + Mineralogical + Physical - Early CS,Chemical + Properties CS Less,Conv1D,Conv1D,Conv1D_7.0,7.0,1.8968937885325383,1.4693423946841733,3.32453524070852,0.4755890714271064,0.4977447980187864,0.3886301825554937,0.96244955957364,0.1267027236438941,-1.9909054795326822,2,intermediate_model,2
206,b,Time Series Split,Chemical + Mineralogical + Physical - Early CS,Chemical + Properties CS Less,Neural Networks,BidirectionalLSTM,BidirectionalLSTM_1.0,1.0,2.021430650863526,1.5271091800230887,3.4555590690137703,0.3929630329552996,0.3904740335782046,0.2408108937053029,0.63932327392755,0.1634836727914805,1.2810317648640839,3,intermediate_model,1
206,b,Time Series Split,Chemical + Mineralogical + Physical - Early CS,Chemical + Properties CS Less,Neural Networks,LSTM,LSTM_1.0,1.0,2.256969692812176,1.6379384190719972,3.68736392903404,0.2535182260849498,0.5077989487987166,0.3571338790366932,0.82734750817102,0.2217124015419069,7.209491979311012,4,non_dominant_model,0
