Company,Plant,Cross Validation,Features,Features_bkp,Model,Model_bkp,Model_bkp_2,Timesteps,RMSE_mean,MAE_mean,MAPE_mean,R2_mean,RMSE_std,MAE_std,MAPE_std,R2_std,SCPM,Dominated_Count,Classification,Dominates_Count
204,f,Blocking Time Series Split,Chemical + Mineralogical + Physical - Early CS,Chemical + Properties CS Less,Neural Networks,MLP,MLP,,1.3725383223979004,1.0816068068400468,2.51683539036204,0.9572556176429334,0.295184526077468,0.2282921187581494,0.56429690233058,0.0183846231475734,-5.0102926012284685,0,dominant_model,4
204,f,Blocking Time Series Split,Chemical + Mineralogical + Physical - Early CS,Chemical + Properties CS Less,Neural Networks,Transformer,Transformer_1.0,1.0,1.6328914484166646,1.1803828612475509,2.75479427441499,0.9408624093735868,0.2475057833885386,0.2074465011144078,0.48209442718471,0.0146423744714658,-4.045491188022356,1,intermediate_model,3
204,f,Blocking Time Series Split,Chemical + Mineralogical + Physical - Early CS,Chemical + Properties CS Less,Conv1D,Conv1D,Conv1D_7.0,7.0,2.362857302934551,1.837143446646261,4.05581860068619,0.834888039061804,0.9730107528679842,0.7295577535250154,1.36547739872123,0.1432818384734992,0.6398937598871486,2,intermediate_model,2
204,f,Blocking Time Series Split,Chemical + Mineralogical + Physical - Early CS,Chemical + Properties CS Less,Neural Networks,BidirectionalLSTM,BidirectionalLSTM_7.0,7.0,2.960377420026852,2.1425634658696757,4.81074409171863,0.7513272209382139,0.8408104526804046,0.4992358824516791,1.14248203736293,0.1495060126211398,3.6249213040109165,3,non_dominant_model,0
204,f,Blocking Time Series Split,Chemical + Mineralogical + Physical - Early CS,Chemical + Properties CS Less,Neural Networks,LSTM,LSTM_7.0,7.0,3.177364545990031,2.1577999481959447,4.68968574129481,0.6371506373195228,2.1156395345151013,1.1858560426441906,2.30410471736896,0.5459441549607521,4.790968725352755,3,non_dominant_model,0
