Category,Company,Data Shape,Timesteps,Features,Model,Cross Validation,Cross Validation Params,RMSE Train,RMSE Train,MAE Train,MAE Train,MAPE Train,MAPE Train,R2 Train,R2 Train,RMSE Test,RMSE Test,MAE Test,MAE Test,MAPE Test,MAPE Test,R2 Test,R2 Test
,,,,,,,,mean,std,mean,std,mean,std,mean,std,mean,std,mean,std,mean,std,mean,std
Local Model,204,"(1444, 11)",,Chemical + CS7,Decision Tree,Blocking Time Series Split,"{""N_Splits"": 5, ""Repeats"": 1, ""train_size"": 0.8}",1.309564113871505,0.26041355695855917,1.0248774691712426,0.18711844818376255,0.025579543404983102,0.0042822406331925,0.8514835718015845,0.04992958897356497,1.8324166747602277,0.38023219378997625,1.4458778527869822,0.342747001073391,0.03723714982556223,0.009361900186428749,0.5107422963162839,0.3728044721771215
Local Model,204,"(1444, 11)",,Chemical + CS7,Decision Tree,Out of time Split,"{""Test Size"": 0.2}",1.5717474711462571,0.0,1.2143074716630844,0.0,0.030291493946482242,0.0,0.8047943678809674,0.0,1.7362820964332641,0.0,1.3244058148027882,0.0,0.03461255882195703,0.0,0.7148535158236632,0.0
Local Model,204,"(1444, 11)",,Chemical + CS7,Decision Tree,Repeated KFold,"{""N_Splits"": 5, ""Repeats"": 3}",1.7061470403998726,0.021689357240921872,1.3318911865236251,0.015380164044984952,0.03369210736971413,0.00040572670606057353,0.7654190777300997,0.007615321389582028,1.7573136550389543,0.09514887272183058,1.3721602269162791,0.06240767656709939,0.034670487029259865,0.0016711060959792743,0.7484676395956851,0.03181668328186196
Local Model,204,"(1444, 11)",,Chemical + CS7,Decision Tree,Time Series Split,"{""N_Splits"": 5, ""Repeats"": 1, ""Gap"": 0}",1.5152384970625132,0.09044004383686788,1.185102822321783,0.06988312311687213,0.02940512178800502,0.0016555758278472001,0.805425807185572,0.018622204460497605,1.8087354879645712,0.24928380860977198,1.383157051283169,0.2020900412211841,0.03464178285696648,0.0040412654090213026,0.7309322340651627,0.06884725935512016
