Category,Company,Data Shape,Timesteps,Features,Model,Cross Validation,Cross Validation Params,RMSE Train,RMSE Train,MAE Train,MAE Train,MAPE Train,MAPE Train,R2 Train,R2 Train,RMSE Test,RMSE Test,MAE Test,MAE Test,MAPE Test,MAPE Test,R2 Test,R2 Test
,,,,,,,,mean,std,mean,std,mean,std,mean,std,mean,std,mean,std,mean,std,mean,std
Local Model,204,"(1444, 12)",,Chemical + CS3 + CS7,Decision Tree,Blocking Time Series Split,"{""N_Splits"": 5, ""Repeats"": 1, ""train_size"": 0.8}",1.2564258061326536,0.22045127123347896,0.9997948080586461,0.17279026567568442,0.024968465723423292,0.003951515403670619,0.8623116650850168,0.0477598605596461,1.7757913045486842,0.4573987136300573,1.3929512294253479,0.37961037145697557,0.03571292162584785,0.010084234893149085,0.46249141129966753,0.5310553364551782
Local Model,204,"(1444, 12)",,Chemical + CS3 + CS7,Decision Tree,Out of time Split,"{""Test Size"": 0.2}",1.5223796223248522,0.0,1.1876358667984495,0.0,0.02962532644485014,0.0,0.8168644202806226,0.0,1.8914533242085922,0.0,1.4217666955951096,0.0,0.036980942542113614,0.0,0.6616090776388583,0.0
Local Model,204,"(1444, 12)",,Chemical + CS3 + CS7,Decision Tree,Repeated KFold,"{""N_Splits"": 5, ""Repeats"": 3}",1.6502191340383416,0.08205639506134019,1.2871347832658346,0.06441919576432666,0.03251182288223007,0.0017381784011069532,0.7801670394679809,0.020424794910283022,1.7246019607573801,0.0836070837678098,1.329267672924414,0.06572430112123154,0.03353751510704305,0.0018138241948378818,0.7575443769599997,0.031723358138630385
Local Model,204,"(1444, 12)",,Chemical + CS3 + CS7,Decision Tree,Time Series Split,"{""N_Splits"": 5, ""Repeats"": 1, ""Gap"": 0}",1.4571533022628576,0.0783575281854881,1.148220973719957,0.05748615426686693,0.02852959566028874,0.0013646120818207614,0.819937591865329,0.016797212331551577,1.693863189929926,0.20847149724208622,1.3081699054643803,0.15806729087609803,0.03278558905767048,0.0035764730257972907,0.7604289042412196,0.06967404586216326
