Category,Company,Data Shape,Timesteps,Features,Model,Cross Validation,Cross Validation Params,RMSE Train,RMSE Train,MAE Train,MAE Train,MAPE Train,MAPE Train,R2 Train,R2 Train,RMSE Test,RMSE Test,MAE Test,MAE Test,MAPE Test,MAPE Test,R2 Test,R2 Test
,,,,,,,,mean,std,mean,std,mean,std,mean,std,mean,std,mean,std,mean,std,mean,std
Local Model,204,"(1444, 11)",,Chemical + CS3,Decision Tree,Blocking Time Series Split,"{""N_Splits"": 5, ""Repeats"": 1, ""train_size"": 0.8}",1.28494090604703,0.21822275605305005,1.0229614005983592,0.1816392436094672,0.025540462997238677,0.004183435392190584,0.8558677665396525,0.04940330418866046,1.8466875233305795,0.41564716532208956,1.4211081953724287,0.3302439627714132,0.03659257229115408,0.008878177076578229,0.44820843419909656,0.5125629381365653
Local Model,204,"(1444, 11)",,Chemical + CS3,Decision Tree,Out of time Split,"{""Test Size"": 0.2}",1.6228013295710308,0.0,1.2782954366728194,0.0,0.031992606486732154,0.0,0.7919069800004803,0.0,1.9458964776797547,0.0,1.503875550500932,0.0,0.03934298705221273,0.0,0.6418483874330521,0.0
Local Model,204,"(1444, 11)",,Chemical + CS3,Decision Tree,Repeated KFold,"{""N_Splits"": 5, ""Repeats"": 3}",1.7172583674009256,0.06733554342393194,1.3429061510438416,0.05129464658329399,0.0338854323275451,0.0013742927701126464,0.7621626017469791,0.01723839973119503,1.790341926138253,0.08170205627119714,1.3915310647434225,0.05857820428212589,0.03509398375557706,0.0016268659382300513,0.7389682409838447,0.0324485090393901
Local Model,204,"(1444, 11)",,Chemical + CS3,Decision Tree,Time Series Split,"{""N_Splits"": 5, ""Repeats"": 1, ""Gap"": 0}",1.5287267431684999,0.07650704096591031,1.2092844534407627,0.05327518570270084,0.030123133139501136,0.0012841060288873035,0.8019048447845047,0.016599734901910326,1.8550788942445233,0.28971819312442865,1.4511647082051005,0.22535414429645348,0.036288099048691194,0.004764841370777789,0.7129984555320836,0.09090529608229404
