Category,Company,Data Shape,Timesteps,Features,Model,Cross Validation,Cross Validation Params,RMSE Train,RMSE Train,MAE Train,MAE Train,MAPE Train,MAPE Train,R2 Train,R2 Train,RMSE Test,RMSE Test,MAE Test,MAE Test,MAPE Test,MAPE Test,R2 Test,R2 Test
,,,,,,,,mean,std,mean,std,mean,std,mean,std,mean,std,mean,std,mean,std,mean,std
Local Model,204,"(1444, 17)",,Chemical + Physical,Linear Regression,Blocking Time Series Split,"{""N_Splits"": 5, ""Repeats"": 1, ""train_size"": 0.8}",1.2451701591829203,0.3024467640125808,0.9951545322139429,0.2428855421187621,0.02486594004653605,0.005833653910166239,0.8595050946860354,0.06439683868021633,1.5603197628088061,0.3866461947493609,1.1934528832513294,0.2940948377585222,0.030234993219072692,0.006850892094449239,0.548998726948125,0.5206560991067535
Local Model,204,"(1444, 17)",,Chemical + Physical,Linear Regression,Out of time Split,"{""Test Size"": 0.2}",1.409595561031435,0.0,1.088709699393654,0.0,0.027147002394495964,0.0,0.8429941442931529,0.0,3.821460714030574,0.0,1.5933512621713117,0.0,0.04082616986819209,0.0,-0.38129438215541755,0.0
Local Model,204,"(1444, 17)",,Chemical + Physical,Linear Regression,Repeated KFold,"{""N_Splits"": 5, ""Repeats"": 3}",1.4493796699461003,0.021616779197901472,1.1192052019159273,0.01818895589857022,0.028051042373633713,0.0004660470254252062,0.8306905239547098,0.006409495414982262,1.6494995788181996,0.3912291856112324,1.1602309158941424,0.0833702493541499,0.029055515090151744,0.0021052091538780416,0.764748520701146,0.13324977097743196
Local Model,204,"(1444, 17)",,Chemical + Physical,Linear Regression,Time Series Split,"{""N_Splits"": 5, ""Repeats"": 1, ""Gap"": 0}",1.417323124888478,0.05178600528593656,1.1009341568313014,0.05173176054211374,0.0274217310470872,0.0012342603874773918,0.8279405423531733,0.027964697548355115,2.0265135356986264,0.9203017607362813,1.3318515484575546,0.3446379463177922,0.03343641422835269,0.00806520298157476,0.5633957926922515,0.4525284892153732
