Category,Company,Data Shape,Timesteps,Features,Model,Cross Validation,Cross Validation Params,RMSE Train,RMSE Train,MAE Train,MAE Train,MAPE Train,MAPE Train,R2 Train,R2 Train,RMSE Test,RMSE Test,MAE Test,MAE Test,MAPE Test,MAPE Test,R2 Test,R2 Test
,,,,,,,,mean,std,mean,std,mean,std,mean,std,mean,std,mean,std,mean,std,mean,std
Local Model,204,"(1444, 11)",,Chemical + CS3,Linear Regression,Blocking Time Series Split,"{""N_Splits"": 5, ""Repeats"": 1, ""train_size"": 0.8}",1.358391754530547,0.28960757250735397,1.08306676953589,0.2311628652413892,0.027092008533582262,0.005511991128316443,0.8359581806818625,0.06469105099713791,1.6310365723680618,0.4066522441036576,1.2750204201518556,0.32601622376372025,0.03230554696361586,0.0076632604780228,0.4888422395079061,0.6137835517735656
Local Model,204,"(1444, 11)",,Chemical + CS3,Linear Regression,Out of time Split,"{""Test Size"": 0.2}",1.5005647198937093,0.0,1.171623891337237,0.0,0.029223447411650155,0.0,0.8220752901700465,0.0,2.995649359523161,0.0,1.546780838705609,0.0,0.039854372002129226,0.0,0.15119211993745263,0.0
Local Model,204,"(1444, 11)",,Chemical + CS3,Linear Regression,Repeated KFold,"{""N_Splits"": 5, ""Repeats"": 3}",1.538874876164521,0.02039390541400383,1.1927343612201433,0.016617412789367077,0.029929887635807163,0.0004278115885302953,0.809157973749516,0.006363318591739005,1.719331295040483,0.3014056552621629,1.2299618715026956,0.07747237126556956,0.030832645037279484,0.002014231152225122,0.7512983226446196,0.09889990408878468
Local Model,204,"(1444, 11)",,Chemical + CS3,Linear Regression,Time Series Split,"{""N_Splits"": 5, ""Repeats"": 1, ""Gap"": 0}",1.510107552427342,0.059553615816836165,1.171342450737525,0.054417395766032946,0.029215392726121427,0.0012826203500191844,0.8047513300104617,0.03143494061967758,1.852924889067041,0.5678663913615059,1.3486522577517772,0.3374888361133012,0.03376678256230546,0.007894665925402292,0.6814893214134591,0.20781480359933685
