Category,Company,Data Shape,Timesteps,Features,Model,Cross Validation,Cross Validation Params,RMSE Train,RMSE Train,MAE Train,MAE Train,MAPE Train,MAPE Train,R2 Train,R2 Train,RMSE Test,RMSE Test,MAE Test,MAE Test,MAPE Test,MAPE Test,R2 Test,R2 Test
,,,,,,,,mean,std,mean,std,mean,std,mean,std,mean,std,mean,std,mean,std,mean,std
Local Model,204,"(1444, 15)",,Chemical + Properties CS Less,Linear Regression,Blocking Time Series Split,"{""N_Splits"": 5, ""Repeats"": 1, ""train_size"": 0.8}",1.6762957266053218,0.32501508376496524,1.339356443313791,0.2637497987894923,0.03358424565239928,0.0062953741195373066,0.7561441789027914,0.08003270600772448,2.602021742402438,0.6924888316197023,2.131836608442597,0.6315913938741187,0.05450190432154313,0.01600434914529524,-0.3497732933080931,1.6960325619711847
Local Model,204,"(1444, 15)",,Chemical + Properties CS Less,Linear Regression,Out of time Split,"{""Test Size"": 0.2}",2.0296380693122344,0.0,1.5842330375281521,0.0,0.03957000202971431,0.0,0.6744902483088153,0.0,2.310237669466344,0.0,1.7949852444026657,0.0,0.04694253761603283,0.0,0.4951750988572259,0.0
Local Model,204,"(1444, 15)",,Chemical + Properties CS Less,Linear Regression,Repeated KFold,"{""N_Splits"": 5, ""Repeats"": 3}",2.024697781105563,0.019523343792246243,1.5955839113494799,0.01716993448132943,0.040068446947013316,0.00044067412477515543,0.6696733146830313,0.009024529167330294,2.0637611156079685,0.08049720388340365,1.628400354145578,0.06201237374858625,0.04089347063006692,0.001508383087354149,0.6534296268879416,0.03739927990125182
Local Model,204,"(1444, 15)",,Chemical + Properties CS Less,Linear Regression,Time Series Split,"{""N_Splits"": 5, ""Repeats"": 1, ""Gap"": 0}",2.037342380393014,0.11458872948972863,1.6097384907399868,0.08131704489354756,0.04025412322574607,0.0018593043579285104,0.6487097902644356,0.02656902942554777,2.469425226410461,0.5068759063356666,1.9621450191086445,0.44013870807555006,0.050321609703016044,0.011188191198386745,0.49769439509786667,0.17744550128530906
