Category,Company,Data Shape,Timesteps,Features,Model,Cross Validation,Cross Validation Params,RMSE Train,RMSE Train,MAE Train,MAE Train,MAPE Train,MAPE Train,R2 Train,R2 Train,RMSE Test,RMSE Test,MAE Test,MAE Test,MAPE Test,MAPE Test,R2 Test,R2 Test
,,,,,,,,mean,std,mean,std,mean,std,mean,std,mean,std,mean,std,mean,std,mean,std
Local Model,204,"(1444, 10)",,Chemical,Linear Regression,Blocking Time Series Split,"{""N_Splits"": 5, ""Repeats"": 1, ""train_size"": 0.8}",1.879622213478551,0.5182084363373005,1.5033099704051058,0.4157881862595465,0.03768694098372912,0.009992294897780175,0.6939156615629194,0.12085926728838071,3.009713197220965,1.3462519086728226,2.4525401922377994,1.1261233009168763,0.06316386286364649,0.03033302452201482,-0.5676241330357901,1.5750810142695326
Local Model,204,"(1444, 10)",,Chemical,Linear Regression,Out of time Split,"{""Test Size"": 0.2}",2.287870653496517,0.0,1.7325853402451654,0.0,0.04319467794279628,0.0,0.586391230150004,0.0,5.433845922270506,0.0,2.324402715797508,0.0,0.05980603275593221,0.0,-1.7928144736425708,0.0
Local Model,204,"(1444, 10)",,Chemical,Linear Regression,Repeated KFold,"{""N_Splits"": 5, ""Repeats"": 3}",2.324025609668576,0.02410533382171105,1.7916253930519448,0.01680962004996746,0.044943974300201465,0.0004515542698455369,0.5648183773900174,0.01071705921009391,3.017941994943247,1.253622671801035,1.879373715525186,0.13820869178062772,0.04704873515577765,0.0034966725024792394,0.1217620206701099,0.8438127685613428
Local Model,204,"(1444, 10)",,Chemical,Linear Regression,Time Series Split,"{""N_Splits"": 5, ""Repeats"": 1, ""Gap"": 0}",2.3033340331142407,0.24141070911881957,1.7744367699225951,0.16589334945213108,0.044238284447400814,0.0038584421432402544,0.5516742792282284,0.06467851078292071,3.248420753674695,1.147956311065207,2.2192969776508584,0.5304323895007131,0.05663536622908433,0.014381209571135572,-0.01547115146790734,0.8574963017194952
