Category,Company,Data Shape,Timesteps,Features,Model,Cross Validation,Cross Validation Params,RMSE Train,RMSE Train,MAE Train,MAE Train,MAPE Train,MAPE Train,R2 Train,R2 Train,RMSE Test,RMSE Test,MAE Test,MAE Test,MAPE Test,MAPE Test,R2 Test,R2 Test
,,,,,,,,mean,std,mean,std,mean,std,mean,std,mean,std,mean,std,mean,std,mean,std
Local Model,204,"(1444, 11)",,Chemical + CS3,MLP,Blocking Time Series Split,"{""N_Splits"": 5, ""Repeats"": 3, ""train_size"": 0.8}",3.2223398191797554,0.9304988268568513,2.5535775398143827,0.7262546416957826,0.06360162343025942,0.018173568411579993,0.07234097429984399,0.5094168281811032,6.139933207360547,2.7553210734532168,4.953298872147483,2.4375983846500984,0.12567438261688751,0.062116724685396175,-4.781007392723081,5.167891194145578
Local Model,204,"(1444, 11)",,Chemical + CS3,MLP,Out of time Split,"{""Test Size"": 0.2}",1.565492565368659,0.045993258563166,1.229323615048011,0.03734013732541637,0.030281815068860685,0.0008258496484721758,0.8061777985927078,0.01139192913404178,2.569491324439596,0.41932016367185443,1.2244928956169296,0.015221497803611584,0.03146615916045271,0.0001987978506039104,0.3588843414063638,0.1957756505974104
Local Model,204,"(1444, 11)",,Chemical + CS3,MLP,Repeated KFold,"{""N_Splits"": 5, ""Repeats"": 3}",1.5187970157045536,0.04304271904402539,1.1860278889667681,0.03617512048154619,0.029461410421116992,0.000827512200433042,0.8139252358802658,0.012438850799308138,2.4640314312042855,2.0241146902911167,1.2787991607945408,0.14980951594313133,0.03166025097895542,0.0037006193473047657,0.11696536480114024,1.8590575779855611
Local Model,204,"(1444, 11)",,Chemical + CS3,MLP,Time Series Split,"{""N_Splits"": 5, ""Repeats"": 3, ""Gap"": 0}",1.7527745049791648,0.4268330522969519,1.3811641934810828,0.3481959559268141,0.03413743662563016,0.008843724259265282,0.7018352133373544,0.2262162953588263,4.070313762961976,2.6333969731628457,2.202077102385627,1.55897984856579,0.05630979794450175,0.04073358813565042,-0.9475867596270905,2.2899986610393133
