Category,Company,Data Shape,Timesteps,Features,Model,Cross Validation,Cross Validation Params,RMSE Train,RMSE Train,MAE Train,MAE Train,MAPE Train,MAPE Train,R2 Train,R2 Train,RMSE Test,RMSE Test,MAE Test,MAE Test,MAPE Test,MAPE Test,R2 Test,R2 Test
,,,,,,,,mean,std,mean,std,mean,std,mean,std,mean,std,mean,std,mean,std,mean,std
Local Model,204,"(1444, 12)",,Chemical + CS3 + CS7,MLP,Blocking Time Series Split,"{""N_Splits"": 5, ""Repeats"": 3, ""train_size"": 0.8}",3.2992669483875168,0.9612470054409074,2.6225682918161586,0.7567090011180657,0.06539349723130686,0.018814735076149672,0.03241280165722794,0.5260870837922238,6.059495577508568,2.0346963339313,4.851592496236165,1.8121957586095614,0.12333452891563335,0.04662322310747269,-4.152856192127968,3.7608457187762676
Local Model,204,"(1444, 12)",,Chemical + CS3 + CS7,MLP,Out of time Split,"{""Test Size"": 0.2}",1.4744082146023085,0.04939066280303566,1.1535099509763511,0.03882771120241007,0.028404625584102092,0.0008615526094670506,0.8280313186510737,0.011622191345633274,2.8270344549626203,1.3434353060109094,1.1373331177743387,0.1364487678698222,0.029087048103445395,0.003071999461782281,0.073345169057901,0.8342367069537856
Local Model,204,"(1444, 12)",,Chemical + CS3 + CS7,MLP,Repeated KFold,"{""N_Splits"": 5, ""Repeats"": 3}",1.4389049949989923,0.03889309515078824,1.1179630502070794,0.03532036649525943,0.027746830253525447,0.0007943115749848882,0.8329676383628073,0.011223261787918671,1.7972259883178883,0.5240180300529069,1.1775682740855884,0.0814487450705378,0.02917430185328446,0.0020480447166404143,0.713123616386962,0.1966058205406138
Local Model,204,"(1444, 12)",,Chemical + CS3 + CS7,MLP,Time Series Split,"{""N_Splits"": 5, ""Repeats"": 3, ""Gap"": 0}",1.6745112212426292,0.4379773607869884,1.3200253208977932,0.3562794099019263,0.032611194374736675,0.009062157046171072,0.7238225298931236,0.2203006765612789,3.5207558373597814,2.3433834689781143,2.15904126768642,1.6607045759882149,0.05506781988334064,0.04320336697634399,-0.3933971350348952,1.6107197039481354
