Category,Company,Data Shape,Timesteps,Features,Model,Cross Validation,Cross Validation Params,RMSE Train,RMSE Train,MAE Train,MAE Train,MAPE Train,MAPE Train,R2 Train,R2 Train,RMSE Test,RMSE Test,MAE Test,MAE Test,MAPE Test,MAPE Test,R2 Test,R2 Test
,,,,,,,,mean,std,mean,std,mean,std,mean,std,mean,std,mean,std,mean,std,mean,std
Local Model,204,"(1444, 15)",,Chemical + Properties CS Less,MLP,Blocking Time Series Split,"{""N_Splits"": 5, ""Repeats"": 3, ""train_size"": 0.8}",3.499979149428492,0.6447446332598407,2.7725090252199034,0.48075233638576514,0.06881567271562515,0.012042381539843909,-0.041862498372678345,0.3600740891784025,7.710240889904779,2.9138490572111384,6.244045220298329,2.4857658986959925,0.15888349344767064,0.06548095317502492,-6.788627765005324,4.978624963896594
Local Model,204,"(1444, 15)",,Chemical + Properties CS Less,MLP,Out of time Split,"{""Test Size"": 0.2}",1.837182109934262,0.03832983775823994,1.4274121889276765,0.02646205058510386,0.035237921263467996,0.0005062444475016465,0.733178870864247,0.011192556754020427,4.978727666776097,2.2106722626634334,1.784720621691993,0.19557966989130968,0.045951672352769486,0.0049594970756630195,-1.8068245260604268,2.1453662328098577
Local Model,204,"(1444, 15)",,Chemical + Properties CS Less,MLP,Repeated KFold,"{""N_Splits"": 5, ""Repeats"": 3}",1.8290695279667752,0.046978130832445765,1.427378885524463,0.039923163139594514,0.03552931254086382,0.0009224643355738736,0.730281684352618,0.014572744563690749,2.782122828582314,2.31180761156381,1.5521973116508159,0.18190992712674198,0.03852146876338312,0.004501944309451178,-0.1522610623923161,2.7119426018505393
Local Model,204,"(1444, 15)",,Chemical + Properties CS Less,MLP,Time Series Split,"{""N_Splits"": 5, ""Repeats"": 3, ""Gap"": 0}",2.0224413003665953,0.3863607491512851,1.5960496911926598,0.3367496731246576,0.03950162042447074,0.008576466992433307,0.6166909812676482,0.23324259735878922,4.871080102730065,2.980215051094213,2.7643425397661,1.486248819500661,0.07022986902514257,0.037851718668932534,-1.798964545572215,3.874988907007706
