Category,Company,Data Shape,Timesteps,Features,Model,Cross Validation,Cross Validation Params,RMSE Train,RMSE Train,MAE Train,MAE Train,MAPE Train,MAPE Train,R2 Train,R2 Train,RMSE Test,RMSE Test,MAE Test,MAE Test,MAPE Test,MAPE Test,R2 Test,R2 Test
,,,,,,,,mean,std,mean,std,mean,std,mean,std,mean,std,mean,std,mean,std,mean,std
Local Model,204,"(1444, 10)",,Chemical,Random Forest,Blocking Time Series Split,"{""N_Splits"": 5, ""Repeats"": 1, ""train_size"": 0.8}",1.4264539718931475,0.27689665952716214,1.133966781060447,0.21335344391287156,0.028458614683104295,0.005077421796098277,0.821968245084918,0.06410149388120782,2.3055856454428487,0.4827214877711412,1.8477280342931757,0.35184833483819766,0.047718947865344266,0.010205048983254151,0.2575950902347984,0.5250048727206234
Local Model,204,"(1444, 10)",,Chemical,Random Forest,Out of time Split,"{""Test Size"": 0.2}",1.8865018468287689,0.0,1.4399592093046096,0.0,0.03609037079209218,0.0,0.7187831930724791,0.0,2.11516662501438,0.0,1.7058949295297277,0.0,0.04469307060762149,0.0,0.5768282988189011,0.0
Local Model,204,"(1444, 10)",,Chemical,Random Forest,Repeated KFold,"{""N_Splits"": 5, ""Repeats"": 3}",1.8836378954260165,0.019870579815656875,1.4511684061977268,0.013049129272893928,0.03660216868044521,0.0003346862692056764,0.7141753426802091,0.004343359364188418,1.9803131765988893,0.10357241546692683,1.5116186566547587,0.06234968559940089,0.038127703415102396,0.0017504896759025397,0.6817138413979003,0.030231621871824106
Local Model,204,"(1444, 10)",,Chemical,Random Forest,Time Series Split,"{""N_Splits"": 5, ""Repeats"": 1, ""Gap"": 0}",1.8625506248655141,0.17393846086445583,1.4389422742955187,0.13030061307673074,0.03594598589168327,0.003138508599572232,0.7063228264633996,0.041484449715706806,2.831119255629484,0.7199668570262853,2.0835646596348996,0.5026794949672962,0.05393296399154388,0.013182620500101789,0.33729956337504413,0.2647606087228962
