Category,Company,Data Shape,Timesteps,Features,Model,Cross Validation,Cross Validation Params,RMSE Train,RMSE Train,MAE Train,MAE Train,MAPE Train,MAPE Train,R2 Train,R2 Train,RMSE Test,RMSE Test,MAE Test,MAE Test,MAPE Test,MAPE Test,R2 Test,R2 Test
,,,,,,,,mean,std,mean,std,mean,std,mean,std,mean,std,mean,std,mean,std,mean,std
Local Model,204,"(1444, 11)",,Chemical + CS3,Random Forest,Blocking Time Series Split,"{""N_Splits"": 5, ""Repeats"": 1, ""train_size"": 0.8}",1.2257660970910664,0.21778353698312208,0.983253760853364,0.18126165151558318,0.024553632477789144,0.004197866974484248,0.8685410068125087,0.04723770680355621,1.622904311974756,0.292321212979657,1.272332853774838,0.24011707405585783,0.03268497174551814,0.006212388373224998,0.5776081456818003,0.3992241477942402
Local Model,204,"(1444, 11)",,Chemical + CS3,Random Forest,Out of time Split,"{""Test Size"": 0.2}",1.5327060280495841,0.0,1.202135167532123,0.0,0.030000019779108048,0.0,0.8143715517329351,0.0,1.9057805652405628,0.0,1.4619526370357647,0.0,0.03823774283961285,0.0,0.6564632247958266,0.0
Local Model,204,"(1444, 11)",,Chemical + CS3,Random Forest,Repeated KFold,"{""N_Splits"": 5, ""Repeats"": 3}",1.5224400578031567,0.014377162501080018,1.186638478754658,0.011572461552940089,0.029743314922353423,0.0003001035587845484,0.8132476500444727,0.0044398937031103385,1.6002694328161016,0.07693169311696882,1.2485710899334967,0.051880432912396995,0.03130988407345934,0.0014318087463085973,0.7916864198082124,0.023503957244847568
Local Model,204,"(1444, 11)",,Chemical + CS3,Random Forest,Time Series Split,"{""N_Splits"": 5, ""Repeats"": 1, ""Gap"": 0}",1.462366494355484,0.07185028602082806,1.1540952599773742,0.0576826816162563,0.0287290629409985,0.0013047983738146709,0.8187148854029406,0.015328299874462128,1.7471627169417399,0.2055756295483428,1.359760750620855,0.15712912776805638,0.03400753896560173,0.003203168867078391,0.7471031248116892,0.06662208812203034
