Category,Company,Data Shape,Timesteps,Features,Model,Cross Validation,Cross Validation Params,RMSE Train,RMSE Train,MAE Train,MAE Train,MAPE Train,MAPE Train,R2 Train,R2 Train,RMSE Test,RMSE Test,MAE Test,MAE Test,MAPE Test,MAPE Test,R2 Test,R2 Test
,,,,,,,,mean,std,mean,std,mean,std,mean,std,mean,std,mean,std,mean,std,mean,std
Local Model,204,"(1444, 17)",,Chemical + Physical,Random Forest,Blocking Time Series Split,"{""N_Splits"": 5, ""Repeats"": 1, ""train_size"": 0.8}",1.1906287807451286,0.2369940261618227,0.941340609974918,0.19171806613718664,0.023489096377601337,0.0044563621828566605,0.8761192134109146,0.04498848369693025,1.5817119999699556,0.3604635019676066,1.2573133204868863,0.305014139141056,0.03229647772976318,0.008148508766584404,0.5889243757255034,0.39094500264754
Local Model,204,"(1444, 17)",,Chemical + Physical,Random Forest,Out of time Split,"{""Test Size"": 0.2}",1.4364366498472907,0.0,1.1160862728400462,0.0,0.027763479849701313,0.0,0.8369579008937358,0.0,1.6565485394222788,0.0,1.252509586367019,0.0,0.03256908655746996,0.0,0.7404411873472174,0.0
Local Model,204,"(1444, 17)",,Chemical + Physical,Random Forest,Repeated KFold,"{""N_Splits"": 5, ""Repeats"": 3}",1.4449679724664946,0.014744074235241848,1.1157731903061494,0.014122169048517126,0.027913387649620473,0.0003715597055710054,0.8317491229443641,0.004875258221692304,1.51701442335522,0.07629644273770769,1.1691616406832468,0.05179518607523849,0.029267654738303277,0.0013590763185010104,0.8124996578038421,0.02376628909404677
Local Model,204,"(1444, 17)",,Chemical + Physical,Random Forest,Time Series Split,"{""N_Splits"": 5, ""Repeats"": 1, ""Gap"": 0}",1.3961576360985162,0.0793165554615386,1.0983529136793861,0.0545924769044386,0.02727819187198362,0.0012033548602666368,0.8349471004612509,0.013582822647793905,1.6615731596934236,0.23101363261797292,1.2986417754393647,0.1763785017443302,0.03249668957287376,0.003522361574897808,0.7713552058254642,0.062162458329055204
