Category,Company,Data Shape,Timesteps,Features,Model,Cross Validation,Cross Validation Params,RMSE Train,RMSE Train,MAE Train,MAE Train,MAPE Train,MAPE Train,R2 Train,R2 Train,RMSE Test,RMSE Test,MAE Test,MAE Test,MAPE Test,MAPE Test,R2 Test,R2 Test
,,,,,,,,mean,std,mean,std,mean,std,mean,std,mean,std,mean,std,mean,std,mean,std
Local Model,204,"(1444, 17)",,Chemical + Physical,XGBoost,Blocking Time Series Split,"{""N_Splits"": 5, ""Repeats"": 1, ""train_size"": 0.8}",1.2236106079621545,0.18743392318278046,0.9717434953772501,0.14395161349345684,0.024461752345760528,0.003288609845167723,0.8708823792869371,0.04039275991263969,1.6825204998811867,0.38188201460082377,1.2890191387308054,0.28875581062448924,0.03347401650014699,0.008092788637204236,0.5960349249640738,0.2901273198531683
Local Model,204,"(1444, 17)",,Chemical + Physical,XGBoost,Out of time Split,"{""Test Size"": 0.2}",1.472722832195795,0.0,1.160920952735009,0.0,0.029104811478337496,0.0,0.8286165649562194,0.0,1.804702761860239,0.0,1.3508192517765665,0.0,0.035774076183890134,0.0,0.6919375159970714,0.0
Local Model,204,"(1444, 17)",,Chemical + Physical,XGBoost,Repeated KFold,"{""N_Splits"": 5, ""Repeats"": 3}",1.4595577841739664,0.017076728020551938,1.1470865103353995,0.01492745334798607,0.028874583066529427,0.00038176048293647133,0.8283405641181506,0.004972138132232485,1.560300822862199,0.0793857614994603,1.2189198779776267,0.05902306731658943,0.03068841442968778,0.0015582315595815677,0.8021436964238297,0.020976434368123156
Local Model,204,"(1444, 17)",,Chemical + Physical,XGBoost,Time Series Split,"{""N_Splits"": 5, ""Repeats"": 1, ""Gap"": 0}",1.4151965414774788,0.07543250354826023,1.1284812206819146,0.06108243181779771,0.028212813989161124,0.0014269420707018433,0.8304444662926904,0.01252654276636361,1.7395574982503414,0.2462627897699118,1.3678355406443277,0.19344018787589026,0.03453489271641724,0.00365989364581899,0.7508037450816918,0.0684635538414171
