Category,Company,Data Shape,Timesteps,Features,Model,Cross Validation,Cross Validation Params,RMSE Train,RMSE Train,MAE Train,MAE Train,MAPE Train,MAPE Train,R2 Train,R2 Train,RMSE Test,RMSE Test,MAE Test,MAE Test,MAPE Test,MAPE Test,R2 Test,R2 Test
,,,,,,,,mean,std,mean,std,mean,std,mean,std,mean,std,mean,std,mean,std,mean,std
Local Model,204,"(1444, 10)",,Chemical,XGBoost,Blocking Time Series Split,"{""N_Splits"": 5, ""Repeats"": 1, ""train_size"": 0.8}",1.4223638531321536,0.2251402820557276,1.1304553687054177,0.17960966543118564,0.028558629883313695,0.0043463977899598156,0.8258022786879943,0.0526525123971023,2.3107056052713713,0.6048736641459775,1.874865962061389,0.5518643905906919,0.048879917354815165,0.015824134996375718,0.3076973513085881,0.39597978071371
Local Model,204,"(1444, 10)",,Chemical,XGBoost,Out of time Split,"{""Test Size"": 0.2}",1.8637517263155257,0.0,1.438211481003534,0.0,0.036205629934754895,0.0,0.7255249197036125,0.0,2.0922158252963334,0.0,1.6986006766454569,0.0,0.044973376689808525,0.0,0.5859617994095992,0.0
Local Model,204,"(1444, 10)",,Chemical,XGBoost,Repeated KFold,"{""N_Splits"": 5, ""Repeats"": 3}",1.8574434384154024,0.016881456602809475,1.4403703990182566,0.010617386536062898,0.03643350826606851,0.00027836823458562645,0.7220508681747284,0.00490881627696489,1.9686427019605108,0.07862967972223989,1.5158837331315729,0.06239423031117543,0.038345037023892276,0.0017339903310119166,0.6861850107925883,0.014224930929660247
Local Model,204,"(1444, 10)",,Chemical,XGBoost,Time Series Split,"{""N_Splits"": 5, ""Repeats"": 1, ""Gap"": 0}",1.820685902190774,0.14883158201127988,1.4166484714636223,0.1121690242483435,0.03564791964129744,0.0026346380861756898,0.7203018106926408,0.024808068364212156,2.652524584246306,0.5613558312816337,2.014763027445475,0.4223615043525541,0.05209547203838155,0.010386323416301779,0.42436224625029706,0.18900587607044278
