Category,Company,Data Shape,Timesteps,Features,Model,Cross Validation,Cross Validation Params,RMSE Train,RMSE Train,MAE Train,MAE Train,MAPE Train,MAPE Train,R2 Train,R2 Train,RMSE Test,RMSE Test,MAE Test,MAE Test,MAPE Test,MAPE Test,R2 Test,R2 Test
,,,,,,,,mean,std,mean,std,mean,std,mean,std,mean,std,mean,std,mean,std,mean,std
Local Model,204,"(1444, 12)",,Chemical + CS3 + CS7,XGBoost,Blocking Time Series Split,"{""N_Splits"": 5, ""Repeats"": 1, ""train_size"": 0.8}",1.2319889582334071,0.1888078073390344,0.976746319580078,0.14626577489328305,0.024582528767051935,0.003322880298885524,0.8690869849972609,0.04109711572720386,1.6791751148803882,0.36253630307961726,1.2876832396408606,0.29009641042679235,0.0334925565706353,0.008093764239732806,0.610122486388738,0.2609321450120734
Local Model,204,"(1444, 12)",,Chemical + CS3 + CS7,XGBoost,Out of time Split,"{""Test Size"": 0.2}",1.472722832195795,0.0,1.160920952735009,0.0,0.029104811478337496,0.0,0.8286165649562194,0.0,1.804702761860239,0.0,1.3508192517765665,0.0,0.035774076183890134,0.0,0.6919375159970714,0.0
Local Model,204,"(1444, 12)",,Chemical + CS3 + CS7,XGBoost,Repeated KFold,"{""N_Splits"": 5, ""Repeats"": 3}",1.460467532772052,0.016237603585407673,1.1477072976682727,0.013808930657872975,0.028891174637505273,0.0003535137461987019,0.828127167819884,0.004875040510708924,1.561061571333773,0.07772761776713062,1.2202631535607698,0.05954379771476428,0.030721279189379835,0.001567013134805334,0.8019620841746685,0.020656382391249502
Local Model,204,"(1444, 12)",,Chemical + CS3 + CS7,XGBoost,Time Series Split,"{""N_Splits"": 5, ""Repeats"": 1, ""Gap"": 0}",1.417861525772965,0.07175754611968388,1.128544517334751,0.060370003125261265,0.028217908066672754,0.0014055570119801185,0.829711774470298,0.013120183069507301,1.7363554852839769,0.23652852852290235,1.3665413553873698,0.18541198917069845,0.034544913758344,0.0035405964432965666,0.7519115108400847,0.06598461953876532
