Category,Company,Data Shape,Timesteps,Features,Model,Cross Validation,Cross Validation Params,RMSE Train,RMSE Train,MAE Train,MAE Train,MAPE Train,MAPE Train,R2 Train,R2 Train,RMSE Test,RMSE Test,MAE Test,MAE Test,MAPE Test,MAPE Test,R2 Test,R2 Test
,,,,,,,,mean,std,mean,std,mean,std,mean,std,mean,std,mean,std,mean,std,mean,std
Local Model,209,"(1966, 26)",,Chemical + Properties CS Less,Decision Tree,Blocking Time Series Split,"{""N_Splits"": 5, ""Repeats"": 1, ""train_size"": 0.8}",1.932535547549054,0.2562106399110213,1.5381521573794121,0.21609740707480865,0.03142975995985191,0.004204037131513602,0.6609893246210297,0.10982387887902287,2.841765492516294,0.7216763958816406,2.3524397645515287,0.7218659903403534,0.04806788753074096,0.01381807137585372,0.12703972425654683,0.5549101384287513
Local Model,209,"(1966, 26)",,Chemical + Properties CS Less,Decision Tree,Out of time Split,"{""Test Size"": 0.2}",2.503554340985526,0.0,1.9690856911268375,0.0,0.04041113053519064,0.0,0.529546046553371,0.0,2.3259235583561853,0.0,1.8587530715463487,0.0,0.03834189276667886,0.0,0.630980481516741,0.0
Local Model,209,"(1966, 26)",,Chemical + Properties CS Less,Decision Tree,Repeated KFold,"{""N_Splits"": 5, ""Repeats"": 3}",2.444224016341666,0.04482267115344162,1.9183231643182446,0.03353957362333885,0.03934473257014234,0.0007381506465233123,0.5629763247900549,0.017768645801617494,2.5348613134405533,0.08078879833755592,1.9722912793577956,0.05035984229850113,0.04047450461725493,0.0010997639995891071,0.5278073805681603,0.038942514300766916
Local Model,209,"(1966, 26)",,Chemical + Properties CS Less,Decision Tree,Time Series Split,"{""N_Splits"": 5, ""Repeats"": 1, ""Gap"": 0}",2.4088300804279297,0.38238228710722844,1.9169771962086788,0.2965700724758797,0.03899532386617935,0.0060935059489556145,0.4664470823712576,0.07649573298517466,2.9570740922334466,0.8892834407524223,2.400043244055098,0.7879282863832286,0.04997533456123314,0.01655282861922189,0.16421136866194005,0.6011299965843874
