Category,Company,Data Shape,Timesteps,Features,Model,Cross Validation,Cross Validation Params,RMSE Train,RMSE Train,MAE Train,MAE Train,MAPE Train,MAPE Train,R2 Train,R2 Train,RMSE Test,RMSE Test,MAE Test,MAE Test,MAPE Test,MAPE Test,R2 Test,R2 Test
,,,,,,,,mean,std,mean,std,mean,std,mean,std,mean,std,mean,std,mean,std,mean,std
Local Model,209,"(1966, 22)",,Chemical + CS3,Decision Tree,Blocking Time Series Split,"{""N_Splits"": 5, ""Repeats"": 1, ""train_size"": 0.8}",2.2693102162963656,0.8312797132951307,1.7635400356544004,0.6408534736484476,0.0367443513325024,0.01427143114094345,0.5366678143120163,0.26187860051049017,2.9252616539802476,0.7683869075860957,2.3629853574407003,0.697714998561282,0.048771638979354416,0.013048525288599032,0.07177247308193176,0.5621962191729523
Local Model,209,"(1966, 22)",,Chemical + CS3,Decision Tree,Out of time Split,"{""Test Size"": 0.2}",2.330210863927427,0.0,1.7837065961561207,0.0,0.03645063654914037,0.0,0.5924381517997703,0.0,2.1653078203458977,0.0,1.7245188220025462,0.0,0.0359855824508648,0.0,0.6801857935217119,0.0
Local Model,209,"(1966, 22)",,Chemical + CS3,Decision Tree,Repeated KFold,"{""N_Splits"": 5, ""Repeats"": 3}",2.255746930152211,0.016045158634331338,1.7261208909788721,0.009724484825936224,0.03530058596216306,0.00020923134318172746,0.6278834486603492,0.008501699396516795,2.304217769589983,0.06438481019509426,1.7653602386882052,0.050726430076838955,0.03614698121404149,0.0011076102618822676,0.609158129525596,0.038330393258061826
Local Model,209,"(1966, 22)",,Chemical + CS3,Decision Tree,Time Series Split,"{""N_Splits"": 5, ""Repeats"": 1, ""Gap"": 0}",2.2670096740226953,0.3011594546615112,1.7773719077266243,0.2392438997119081,0.03604046766757985,0.004776910821152386,0.5244824690710583,0.059314977082714555,2.6697238842556374,0.8805937816028321,2.1407127186047568,0.766463305622575,0.04403543302483424,0.015343293797757477,0.2940724515571271,0.5541843706501847
