Category,Company,Data Shape,Timesteps,Features,Model,Cross Validation,Cross Validation Params,RMSE Train,RMSE Train,MAE Train,MAE Train,MAPE Train,MAPE Train,R2 Train,R2 Train,RMSE Test,RMSE Test,MAE Test,MAE Test,MAPE Test,MAPE Test,R2 Test,R2 Test
,,,,,,,,mean,std,mean,std,mean,std,mean,std,mean,std,mean,std,mean,std,mean,std
Local Model,209,"(1966, 23)",,Chemical + CS3 + CS7,Decision Tree,Blocking Time Series Split,"{""N_Splits"": 5, ""Repeats"": 1, ""train_size"": 0.8}",1.8451882485929318,0.3217564633065403,1.4444624417699221,0.2470138186962523,0.0295539159217705,0.0049261060156862765,0.6831003513487357,0.12267937855004214,2.458516679290758,0.5647355872850961,2.0045090988024112,0.5547772839584986,0.040818382383426985,0.010459125908852361,0.3658236149065564,0.3881865437752876
Local Model,209,"(1966, 23)",,Chemical + CS3 + CS7,Decision Tree,Out of time Split,"{""Test Size"": 0.2}",2.203722824060278,0.0,1.691181673150784,0.0,0.034486444616851505,0.0,0.6354836465801075,0.0,2.345322234322396,0.0,1.762106151864006,0.0,0.03713238765447232,0.0,0.6247994170783715,0.0
Local Model,209,"(1966, 23)",,Chemical + CS3 + CS7,Decision Tree,Repeated KFold,"{""N_Splits"": 5, ""Repeats"": 3}",2.153158421763474,0.020460593894421567,1.6453010442344977,0.012583875214167388,0.033655640469982664,0.00027184429297916413,0.6609144311954205,0.010014266787310997,2.201285380733798,0.08329079666683051,1.6849291740725953,0.05499846198486871,0.03448978659197069,0.0011506263197997245,0.6428429174142327,0.04104301733843206
Local Model,209,"(1966, 23)",,Chemical + CS3 + CS7,Decision Tree,Time Series Split,"{""N_Splits"": 5, ""Repeats"": 1, ""Gap"": 0}",2.177132019020906,0.21133357632179348,1.6829004904475173,0.16987120167511283,0.03410489132908313,0.003263095529425983,0.5580365404659463,0.047992701641580426,2.470852127705198,0.6234333484080922,1.9516239396262585,0.5560177831118754,0.04012087162080391,0.010718653246063992,0.4334353877181668,0.38263556836559853
