Category,Company,Data Shape,Timesteps,Features,Model,Cross Validation,Cross Validation Params,RMSE Train,RMSE Train,MAE Train,MAE Train,MAPE Train,MAPE Train,R2 Train,R2 Train,RMSE Test,RMSE Test,MAE Test,MAE Test,MAPE Test,MAPE Test,R2 Test,R2 Test
,,,,,,,,mean,std,mean,std,mean,std,mean,std,mean,std,mean,std,mean,std,mean,std
Local Model,209,"(1966, 22)",,Chemical + CS3,Linear Regression,Blocking Time Series Split,"{""N_Splits"": 5, ""Repeats"": 1, ""train_size"": 0.8}",1.6872355874204188,0.24752564282718767,1.3195529054112387,0.18746215510797887,0.027210316840581582,0.0038489450938218647,0.73309222286456,0.10766659599413343,2.4097931509686688,0.8271554737224872,1.9237731619371357,0.7087507943914337,0.03924752080986822,0.012208814317652741,0.3595866385603572,0.5356439220082417
Local Model,209,"(1966, 22)",,Chemical + CS3,Linear Regression,Out of time Split,"{""Test Size"": 0.2}",2.140597381687935,0.0,1.6519182703898052,0.0,0.033960348558387,0.0,0.6560676260668411,0.0,1.890648072115661,0.0,1.4624891676089369,0.0,0.03034997986953123,0.0,0.7561740891989729,0.0
Local Model,209,"(1966, 22)",,Chemical + CS3,Linear Regression,Repeated KFold,"{""N_Splits"": 5, ""Repeats"": 3}",2.0802308841831842,0.0171728008029749,1.5950223375769395,0.013365836225083782,0.032842073896128594,0.0002891802948103204,0.6835194139704981,0.008199035755026582,2.114106101911122,0.07098169702180082,1.6154146782971675,0.05674392196929139,0.03326702448461727,0.0012213187258428254,0.6708108154277013,0.035141034725300814
Local Model,209,"(1966, 22)",,Chemical + CS3,Linear Regression,Time Series Split,"{""N_Splits"": 5, ""Repeats"": 1, ""Gap"": 0}",2.0759397340268495,0.2104676365926553,1.6231443392470617,0.16778712668104176,0.033188755051105245,0.003371388679443169,0.5994169721443414,0.03639700685403228,2.680076539628132,0.9008144500521352,2.1213452636356864,0.7087856407071127,0.04390825254308671,0.013604243961579795,0.2797820033873425,0.639651619149317
