Category,Company,Data Shape,Timesteps,Features,Model,Cross Validation,Cross Validation Params,RMSE Train,RMSE Train,MAE Train,MAE Train,MAPE Train,MAPE Train,R2 Train,R2 Train,RMSE Test,RMSE Test,MAE Test,MAE Test,MAPE Test,MAPE Test,R2 Test,R2 Test
,,,,,,,,mean,std,mean,std,mean,std,mean,std,mean,std,mean,std,mean,std,mean,std
Local Model,209,"(1966, 25)",,Chemical + Feature Engineering,Linear Regression,Blocking Time Series Split,"{""N_Splits"": 5, ""Repeats"": 1, ""train_size"": 0.8}",1.801492302406782,0.26997946253064736,1.4146657283286754,0.2132181349493521,0.02907973834450789,0.004458478389239382,0.6996294264369001,0.11211181364214862,2.9158818992654787,0.9218436105769946,2.36536527017237,0.845187136551026,0.04825936872300921,0.015222702072834235,0.07551188075073231,0.6813108154129658
Local Model,209,"(1966, 25)",,Chemical + Feature Engineering,Linear Regression,Out of time Split,"{""Test Size"": 0.2}",2.4720653394321292,0.0,1.9098998332757906,0.0,0.03936491323792462,0.0,0.5413060959213667,0.0,2.321572191248114,0.0,1.867171953471332,0.0,0.038576851080360276,0.0,0.6323599227029759,0.0
Local Model,209,"(1966, 25)",,Chemical + Feature Engineering,Linear Regression,Repeated KFold,"{""N_Splits"": 5, ""Repeats"": 3}",2.418766604454075,0.014530798757361546,1.8698008078462505,0.012628219848664027,0.03848224039746007,0.00027433093181733974,0.5721723217809606,0.008663803789360734,2.4579457046572277,0.05713224507812898,1.8966357348871656,0.04503054968557613,0.03904263245700727,0.0010043030003204331,0.5557005677118932,0.03775914653655624
Local Model,209,"(1966, 25)",,Chemical + Feature Engineering,Linear Regression,Time Series Split,"{""N_Splits"": 5, ""Repeats"": 1, ""Gap"": 0}",2.3059634849309623,0.2806517930627643,1.815737853377571,0.22639736010233483,0.037125002221522194,0.004662731937573338,0.5096418747927284,0.0273284831992627,9.456699366929787,7.896165402757959,4.191391334081955,2.8371900561130756,0.08798224330339884,0.05823212161893883,-12.746177850051321,18.69047106605693
