Category,Company,Data Shape,Timesteps,Features,Model,Cross Validation,Cross Validation Params,RMSE Train,RMSE Train,MAE Train,MAE Train,MAPE Train,MAPE Train,R2 Train,R2 Train,RMSE Test,RMSE Test,MAE Test,MAE Test,MAPE Test,MAPE Test,R2 Test,R2 Test
,,,,,,,,mean,std,mean,std,mean,std,mean,std,mean,std,mean,std,mean,std,mean,std
Local Model,209,"(1966, 22)",,Chemical + CS7,MLP,Blocking Time Series Split,"{""N_Splits"": 5, ""Repeats"": 3, ""train_size"": 0.8}",4.065460130537016,0.3564521019530281,3.1306985871300834,0.22836162949232575,0.06428577464761594,0.005343820079249693,-0.5092277692970264,0.5487691992366321,5.787061637693413,1.1686507090517926,4.556123393899782,0.9314149796002269,0.09328656898045169,0.017635271631722692,-2.1897026438262555,1.226753168088607
Local Model,209,"(1966, 22)",,Chemical + CS7,MLP,Out of time Split,"{""Test Size"": 0.2}",1.8508404940877305,0.030265075610715276,1.4500773068299428,0.027339689640263055,0.029617289621188852,0.0006269811715793265,0.7428081669826407,0.008365363314732926,2.0041671093978715,0.039636119676380456,1.527830098082773,0.03781397932951071,0.032115722145390525,0.0008423016571586252,0.7259081300603961,0.010765246886711679
Local Model,209,"(1966, 22)",,Chemical + CS7,MLP,Repeated KFold,"{""N_Splits"": 5, ""Repeats"": 3}",1.7804022997653228,0.04921226879611522,1.3884193022093634,0.03980812909380691,0.028284862010010896,0.0008030749390145332,0.7680992309358635,0.011994601360124622,1.8439727576916451,0.07520689168648807,1.4357717051315346,0.05414277325836344,0.029290008412109835,0.0011309433720994395,0.7491740964691938,0.03127423746125956
Local Model,209,"(1966, 22)",,Chemical + CS7,MLP,Time Series Split,"{""N_Splits"": 5, ""Repeats"": 3, ""Gap"": 0}",2.2477136893268375,0.8160424397866348,1.7548713509638574,0.6291509570070067,0.03557919776238948,0.012997924874987077,0.32897958171050234,0.7757999091915925,3.1986496667856783,2.42077159061534,2.3810341876824217,1.68377040511512,0.048813073121847135,0.03317391504901557,-0.6117160362363343,2.6569718893967322
