Category,Company,Data Shape,Timesteps,Features,Model,Cross Validation,Cross Validation Params,RMSE Train,RMSE Train,MAE Train,MAE Train,MAPE Train,MAPE Train,R2 Train,R2 Train,RMSE Test,RMSE Test,MAE Test,MAE Test,MAPE Test,MAPE Test,R2 Test,R2 Test
,,,,,,,,mean,std,mean,std,mean,std,mean,std,mean,std,mean,std,mean,std,mean,std
Local Model,209,"(1966, 26)",,Chemical + Properties CS Less,MLP,Blocking Time Series Split,"{""N_Splits"": 5, ""Repeats"": 3, ""train_size"": 0.8}",4.2094893528756945,0.24130284056635154,3.240271494596121,0.195748966767985,0.06634442879134851,0.003713822752439339,-0.6356541434897898,0.6273629837978629,5.971957437857465,1.0203283764475117,4.568296913758613,0.7191249158415627,0.0934750814497552,0.013326479587170429,-2.3623139234202046,1.2241478424944192
Local Model,209,"(1966, 26)",,Chemical + Properties CS Less,MLP,Out of time Split,"{""Test Size"": 0.2}",2.2952993920707545,0.007159643160936999,1.7970870141764637,0.006995078386520715,0.036670147058522416,0.00016168946080355755,0.6045550930604496,0.002464766803380003,2.4757008707182386,0.004673999342792225,1.9054144199326142,0.01134926420029487,0.039002669993712415,0.00038643042125400314,0.5819229291635076,0.001578075308071428
Local Model,209,"(1966, 26)",,Chemical + Properties CS Less,MLP,Repeated KFold,"{""N_Splits"": 5, ""Repeats"": 3}",2.2195223763278773,0.0405043832699287,1.7158523141615334,0.031465359501351584,0.03494427930946712,0.000693773944079474,0.6397519035424202,0.011441931028985565,2.3194442088093212,0.09327877036520749,1.789934100325333,0.06491902621764532,0.0365167930868617,0.0013574293850802384,0.6033771820353397,0.04749509666202234
Local Model,209,"(1966, 26)",,Chemical + Properties CS Less,MLP,Time Series Split,"{""N_Splits"": 5, ""Repeats"": 3, ""Gap"": 0}",2.697546541802316,0.7518216168772438,2.115154916267229,0.5783713353951813,0.04293992265012762,0.012010993878182868,0.1173079247083051,0.8561735118016122,4.2999240166016355,3.2322918916600174,3.3966888789372343,2.574166540404661,0.06933288714753486,0.049719870676117266,-1.8984735405800381,4.605328685854611
