Category,Company,Data Shape,Timesteps,Features,Model,Cross Validation,Cross Validation Params,RMSE Train,RMSE Train,MAE Train,MAE Train,MAPE Train,MAPE Train,R2 Train,R2 Train,RMSE Test,RMSE Test,MAE Test,MAE Test,MAPE Test,MAPE Test,R2 Test,R2 Test
,,,,,,,,mean,std,mean,std,mean,std,mean,std,mean,std,mean,std,mean,std,mean,std
Local Model,209,"(1966, 22)",,Chemical + CS3,MLP,Blocking Time Series Split,"{""N_Splits"": 5, ""Repeats"": 3, ""train_size"": 0.8}",4.196689872177045,0.35348916574476386,3.2208452678283566,0.2387486893471202,0.06604447889007312,0.005377319280204706,-0.613724609669537,0.592788524017175,5.92568461853143,1.2059534920146755,4.73105595745618,1.005097997496817,0.09662333849875758,0.01824915145849791,-2.2884220074829864,1.1942573993563426
Local Model,209,"(1966, 22)",,Chemical + CS3,MLP,Out of time Split,"{""Test Size"": 0.2}",2.1393284051636465,0.037422401225192144,1.6698670294246403,0.02993860539396363,0.03415888443419848,0.0006951013221617707,0.6563701657816327,0.012046796383616136,2.0430383830046415,0.04002457337861278,1.5834552455069435,0.04451285731870521,0.032708692497890365,0.001015794335098338,0.7151749626002997,0.011100180650797155
Local Model,209,"(1966, 22)",,Chemical + CS3,MLP,Repeated KFold,"{""N_Splits"": 5, ""Repeats"": 3}",2.017817072989378,0.05331778077762507,1.5553683333410184,0.04249811305704658,0.03164034553248834,0.0008831285524782704,0.7022076388312956,0.013535872757467609,2.0999419857834143,0.10676593351231853,1.6119724237811537,0.08252911243136248,0.03282380628793514,0.0016947053194216963,0.6740022974040278,0.047587712419665765
Local Model,209,"(1966, 22)",,Chemical + CS3,MLP,Time Series Split,"{""N_Splits"": 5, ""Repeats"": 3, ""Gap"": 0}",2.4897834877632303,0.771303832235008,1.9509638721292017,0.5950914599621586,0.03956022134503225,0.012329939842511477,0.22372899103500582,0.813494253247311,3.6193285930894694,2.7346137124235863,2.73624242924526,1.9475323408248528,0.05613546159953644,0.0382769604428681,-1.0611028619623013,3.3505607654604086
