Category,Company,Data Shape,Timesteps,Features,Model,Cross Validation,Cross Validation Params,RMSE Train,RMSE Train,MAE Train,MAE Train,MAPE Train,MAPE Train,R2 Train,R2 Train,RMSE Test,RMSE Test,MAE Test,MAE Test,MAPE Test,MAPE Test,R2 Test,R2 Test
,,,,,,,,mean,std,mean,std,mean,std,mean,std,mean,std,mean,std,mean,std,mean,std
Local Model,209,"(1966, 28)",,Chemical + Physical,MLP,Blocking Time Series Split,"{""N_Splits"": 5, ""Repeats"": 3, ""train_size"": 0.8}",4.043776016563999,0.2119373502829213,3.113048210063051,0.17258217714083687,0.06373778118601102,0.003504120153251184,-0.5079727977577603,0.5687172795872805,5.634314572209444,0.8586457233241749,4.357506847783986,0.5294704164063492,0.08933126375114957,0.010714676225774784,-1.9589568317979433,0.9123580517953819
Local Model,209,"(1966, 28)",,Chemical + Physical,MLP,Out of time Split,"{""Test Size"": 0.2}",1.8469657878119285,0.010534582307321244,1.4419066928219653,0.011519077796148967,0.029443083685066967,0.00019797014864685286,0.743944028912058,0.0029264266714785236,1.9832060222034638,0.01958541319893449,1.5084094936674208,0.02271326427652041,0.03160000824296882,0.00038494125443924607,0.731690233235233,0.005280440847131323
Local Model,209,"(1966, 28)",,Chemical + Physical,MLP,Repeated KFold,"{""N_Splits"": 5, ""Repeats"": 3}",1.773760908200436,0.038294225221648034,1.3777564909029436,0.03266210185487962,0.02807337050411285,0.000649407688555075,0.7698890008341771,0.00910783743286007,1.9024515975580956,0.12628692760659588,1.4514695494449745,0.05942425074594062,0.029641969176951135,0.001248540902903759,0.7324537947676075,0.042316386322707414
Local Model,209,"(1966, 28)",,Chemical + Physical,MLP,Time Series Split,"{""N_Splits"": 5, ""Repeats"": 3, ""Gap"": 0}",2.3435122359037543,0.8293312573414303,1.8297299797293212,0.643765955053996,0.03711189751974206,0.013311571652670067,0.27636441559956965,0.8081191556153603,3.774872314819407,3.2090851040769537,2.819357103431383,2.478725457403695,0.05716566334210563,0.048410166034808515,-1.4943219724555705,4.170229667893758
