Category,Company,Data Shape,Timesteps,Features,Model,Cross Validation,Cross Validation Params,RMSE Train,RMSE Train,MAE Train,MAE Train,MAPE Train,MAPE Train,R2 Train,R2 Train,RMSE Test,RMSE Test,MAE Test,MAE Test,MAPE Test,MAPE Test,R2 Test,R2 Test
,,,,,,,,mean,std,mean,std,mean,std,mean,std,mean,std,mean,std,mean,std,mean,std
Local Model,209,"(1966, 22)",,Chemical + CS3,Random Forest,Blocking Time Series Split,"{""N_Splits"": 5, ""Repeats"": 1, ""train_size"": 0.8}",1.6476905114594325,0.2535408744869043,1.3022563914608625,0.19633978584834866,0.026594508233408386,0.004008880311191053,0.7501566935524255,0.09072278211113455,2.505217377116142,0.744325583470848,2.061375583727638,0.7084111930660774,0.04204508179017023,0.012854076459074135,0.3163790520394517,0.4915315333430122
Local Model,209,"(1966, 22)",,Chemical + CS3,Random Forest,Out of time Split,"{""Test Size"": 0.2}",2.1900750036836896,0.0,1.6842396750465989,0.0,0.034395681326599745,0.0,0.6399846199701962,0.0,1.9977047123178941,0.0,1.6084123528065797,0.0,0.033344466103450744,0.0,0.7277793598551721,0.0
Local Model,209,"(1966, 22)",,Chemical + CS3,Random Forest,Repeated KFold,"{""N_Splits"": 5, ""Repeats"": 3}",2.148430606521497,0.015040798870933366,1.6492034514098843,0.01297513107546573,0.033744074479478206,0.0002871279419983445,0.6624607491917485,0.00705224654497501,2.2046404781967155,0.06275315835734381,1.6937038409379608,0.05012203055506059,0.03470045785979878,0.0010645195499549935,0.6423376519146068,0.03383763419299625
Local Model,209,"(1966, 22)",,Chemical + CS3,Random Forest,Time Series Split,"{""N_Splits"": 5, ""Repeats"": 1, ""Gap"": 0}",2.0831305894074315,0.3127108685638199,1.6376645055210173,0.23636264443679056,0.033190020688950675,0.004809164066619803,0.6007145107494207,0.05218874420371802,2.5344281043413606,0.7089546701707309,2.033109903637602,0.6073902397307642,0.041797629822910874,0.012166233096107228,0.3937794124594993,0.4231562096388827
