Category,Company,Data Shape,Timesteps,Features,Model,Cross Validation,Cross Validation Params,RMSE Train,RMSE Train,MAE Train,MAE Train,MAPE Train,MAPE Train,R2 Train,R2 Train,RMSE Test,RMSE Test,MAE Test,MAE Test,MAPE Test,MAPE Test,R2 Test,R2 Test
,,,,,,,,mean,std,mean,std,mean,std,mean,std,mean,std,mean,std,mean,std,mean,std
Local Model,209,"(1966, 25)",,Chemical + Feature Engineering,XGBoost,Blocking Time Series Split,"{""N_Splits"": 5, ""Repeats"": 1, ""train_size"": 0.8}",1.7035259197159385,0.21135983020248642,1.3425620619658454,0.155010913180505,0.027670841065547087,0.003194448808489603,0.7350086858126563,0.09021670705097724,2.656548391967019,0.730460713872458,2.1798789012281192,0.6919610377167479,0.044708000115740894,0.012959209733309243,0.23739556117313132,0.5227037856668697
Local Model,209,"(1966, 25)",,Chemical + Feature Engineering,XGBoost,Out of time Split,"{""Test Size"": 0.2}",2.3181793386158898,0.0,1.805359393889062,0.0,0.03706919149731834,0.0,0.5966359962683704,0.0,2.3192371314241282,0.0,1.8514800773659317,0.0,0.03864266784726973,0.0,0.6330991026887889,0.0
Local Model,209,"(1966, 25)",,Chemical + Feature Engineering,XGBoost,Repeated KFold,"{""N_Splits"": 5, ""Repeats"": 3}",2.2806477696426097,0.021242710754994263,1.7847506353377232,0.016780788378992512,0.036695217707780656,0.0003558389861689101,0.6196676399382965,0.007159866862445393,2.4058849754354474,0.0545615654953724,1.8731545323993757,0.044281758125365916,0.03857870918223053,0.0009757988205465611,0.5748480086650827,0.02936552651950842
Local Model,209,"(1966, 25)",,Chemical + Feature Engineering,XGBoost,Time Series Split,"{""N_Splits"": 5, ""Repeats"": 1, ""Gap"": 0}",2.1312657510797424,0.29856206959132625,1.6951857355333881,0.24099816433838528,0.03454663687393783,0.004953695612961231,0.5825305404373745,0.03514056299851378,2.8179614545186906,0.7052074865052114,2.3045975431389762,0.6311589813461078,0.04799026940164257,0.012979296865363674,0.26927069707384454,0.47498601803892704
