Category,Company,Data Shape,Timesteps,Features,Model,Cross Validation,Cross Validation Params,RMSE Train,RMSE Train,MAE Train,MAE Train,MAPE Train,MAPE Train,R2 Train,R2 Train,RMSE Test,RMSE Test,MAE Test,MAE Test,MAPE Test,MAPE Test,R2 Test,R2 Test
,,,,,,,,mean,std,mean,std,mean,std,mean,std,mean,std,mean,std,mean,std,mean,std
Local Model,209,"(1966, 22)",,Chemical + CS7,XGBoost,Blocking Time Series Split,"{""N_Splits"": 5, ""Repeats"": 1, ""train_size"": 0.8}",1.5330493236140132,0.13614539092298528,1.2058835072122565,0.11096147462018431,0.024890978334666435,0.0022173962157837346,0.7830292835927055,0.07945523591973619,2.3079675251774723,0.5871460137520232,1.8638809590400018,0.5389023530871763,0.03830149587477074,0.00939986130739908,0.44112551622204893,0.36269516291394477
Local Model,209,"(1966, 22)",,Chemical + CS7,XGBoost,Out of time Split,"{""Test Size"": 0.2}",1.8801184840171736,0.0,1.4827312391829548,0.0,0.030482925065929103,0.0,0.7346778451351024,0.0,2.056772719229314,0.0,1.5271798729291421,0.0,0.03232324904720117,0.0,0.7114433620203595,0.0
Local Model,209,"(1966, 22)",,Chemical + CS7,XGBoost,Repeated KFold,"{""N_Splits"": 5, ""Repeats"": 3}",1.8885310616975592,0.015132524578944142,1.473853301406783,0.013279135027142416,0.030391731693128032,0.0002777626943596946,0.739167532788516,0.006430273984729734,1.988069872800155,0.0561130820390493,1.5480945497696443,0.039149032301142826,0.0319693909399709,0.0008706299497431135,0.7093418776721907,0.026014372425067375
Local Model,209,"(1966, 22)",,Chemical + CS7,XGBoost,Time Series Split,"{""N_Splits"": 5, ""Repeats"": 1, ""Gap"": 0}",1.813030777791139,0.17346983885939193,1.4318929184778277,0.1447736790948682,0.02916467055625065,0.002952624217883174,0.6944840005658479,0.022794348880008187,2.324989181947719,0.5878357469685803,1.8437094802156515,0.5248966551210128,0.03814266398655022,0.009890477715176663,0.4974473179686276,0.34291471101278526
