Category,Company,Data Shape,Timesteps,Features,Model,Cross Validation,Cross Validation Params,RMSE Train,RMSE Train,MAE Train,MAE Train,MAPE Train,MAPE Train,R2 Train,R2 Train,RMSE Test,RMSE Test,MAE Test,MAE Test,MAPE Test,MAPE Test,R2 Test,R2 Test
,,,,,,,,mean,std,mean,std,mean,std,mean,std,mean,std,mean,std,mean,std,mean,std
Local Model,209,"(489, 16)",,Chemical + Physical,Decision Tree,Blocking Time Series Split,"{""N_Splits"": 5, ""Repeats"": 1, ""train_size"": 0.8}",0.6673711255077637,0.21090047155681638,0.5407247984627616,0.19466523060537536,0.014266844755711322,0.005094005457135749,0.9449607440201397,0.03410957666470169,2.1545489969360734,1.585220417370008,1.6160423217903037,1.0921059617062527,0.04270891697532375,0.02958014042561884,0.15887161849434986,1.1161154720394728
Local Model,209,"(489, 16)",,Chemical + Physical,Decision Tree,Out of time Split,"{""Test Size"": 0.2}",1.161381153073796,0.0,0.9152911400314659,0.0,0.0240306224185134,0.0,0.849977400638525,0.0,0.8560429238165841,0.0,0.680316602645568,0.0,0.017544215059236788,0.0,0.9170474674621814,0.0
Local Model,209,"(489, 16)",,Chemical + Physical,Decision Tree,Repeated KFold,"{""N_Splits"": 5, ""Repeats"": 3}",1.0541947331244392,0.08780471408556352,0.8283828362000232,0.05886289216960252,0.021673923980320146,0.0015340610935764719,0.8751061871019424,0.018557133454649235,1.1181335405290544,0.11054363158430555,0.8780533592252764,0.07124640768580592,0.022894186904057305,0.0017737286734568628,0.8551969017598281,0.03158118921266114
Local Model,209,"(489, 16)",,Chemical + Physical,Decision Tree,Time Series Split,"{""N_Splits"": 5, ""Repeats"": 1, ""Gap"": 0}",1.1183443728108335,0.0278891561514377,0.902929696321243,0.03632330062244821,0.023582322704007876,0.0009519093960886406,0.8556220812664004,0.00581659959207351,1.1742886771575223,0.22786473402716018,0.9280470495736287,0.16636066521860413,0.02455021173377597,0.004778445243151518,0.8382845535990112,0.05529434372312548
