Category,Company,Data Shape,Timesteps,Features,Model,Cross Validation,Cross Validation Params,RMSE Train,RMSE Train,MAE Train,MAE Train,MAPE Train,MAPE Train,R2 Train,R2 Train,RMSE Test,RMSE Test,MAE Test,MAE Test,MAPE Test,MAPE Test,R2 Test,R2 Test
,,,,,,,,mean,std,mean,std,mean,std,mean,std,mean,std,mean,std,mean,std,mean,std
Local Model,209,"(489, 10)",,Chemical + Feature Engineering,Decision Tree,Blocking Time Series Split,"{""N_Splits"": 5, ""Repeats"": 1, ""train_size"": 0.8}",0.880772565232032,0.4298968955585579,0.6464674822277967,0.26569384586452394,0.016834254879938722,0.0066374224501807196,0.8929169357502668,0.10322839829385075,2.0331956925830976,0.6758314771518531,1.4416855601893863,0.440523074460025,0.03694122559007428,0.010575331237259884,0.3817011123835178,0.48343159544948044
Local Model,209,"(489, 10)",,Chemical + Feature Engineering,Decision Tree,Out of time Split,"{""Test Size"": 0.2}",1.6664124279918047,0.0,1.1376311819846108,0.0,0.029451064022236642,0.0,0.6911325591348476,0.0,2.116285456942772,0.0,1.2475715112940902,0.0,0.03295162065046899,0.0,0.49302439612710836,0.0
Local Model,209,"(489, 10)",,Chemical + Feature Engineering,Decision Tree,Repeated KFold,"{""N_Splits"": 5, ""Repeats"": 3}",1.3845338474054756,0.07246991180323503,1.01216899688867,0.03308836283069211,0.026197503300390283,0.0008360147915830538,0.7853396461675585,0.020924792766827953,1.7546115188759914,0.2478445677625026,1.1942425563200918,0.12480632298208565,0.030701410114102465,0.0029933145987483876,0.6435634104150415,0.09190936439697274
Local Model,209,"(489, 10)",,Chemical + Feature Engineering,Decision Tree,Time Series Split,"{""N_Splits"": 5, ""Repeats"": 1, ""Gap"": 0}",1.5403657916652782,0.19539152927017397,1.1043777454195987,0.07847063687699969,0.028369652188074957,0.0018195946153912455,0.7212025796991929,0.07370056971834994,1.888686707989605,0.31653392566881117,1.2922595447291345,0.20104594560943306,0.03330876161569247,0.0051782291874761435,0.5619233392560347,0.19185327344150566
