Category,Company,Data Shape,Timesteps,Features,Model,Cross Validation,Cross Validation Params,RMSE Train,RMSE Train,MAE Train,MAE Train,MAPE Train,MAPE Train,R2 Train,R2 Train,RMSE Test,RMSE Test,MAE Test,MAE Test,MAPE Test,MAPE Test,R2 Test,R2 Test
,,,,,,,,mean,std,mean,std,mean,std,mean,std,mean,std,mean,std,mean,std,mean,std
Local Model,209,"(489, 14)",,Chemical + Properties CS Less,Decision Tree,Blocking Time Series Split,"{""N_Splits"": 5, ""Repeats"": 1, ""train_size"": 0.8}",0.6959469957846738,0.1939578568737871,0.559543693734652,0.1809971060484453,0.014783870298824688,0.004756585264737954,0.9411358906595753,0.03191133945912772,1.397855355330757,0.4717210150837908,1.115373915367473,0.39300181476020524,0.0294073520708265,0.01066836510771442,0.7208869772509675,0.21214925004501384
Local Model,209,"(489, 14)",,Chemical + Properties CS Less,Decision Tree,Out of time Split,"{""Test Size"": 0.2}",1.2555588490164633,0.0,0.9608776773829409,0.0,0.025081956254862155,0.0,0.8246598860540373,0.0,0.935649722444921,0.0,0.7655186685593828,0.0,0.01974879519109342,0.0,0.9009019400389686,0.0
Local Model,209,"(489, 14)",,Chemical + Properties CS Less,Decision Tree,Repeated KFold,"{""N_Splits"": 5, ""Repeats"": 3}",1.1241196126290987,0.05707378154886305,0.8738566713134056,0.043300381382300836,0.0227571119334501,0.001100902209682673,0.8585145488296093,0.012715530269879689,1.2908063783420667,0.10639899006693898,0.9572191778879607,0.054265151536057314,0.024752288758090026,0.0014127835997279445,0.8053125475789001,0.046161671071612384
Local Model,209,"(489, 14)",,Chemical + Properties CS Less,Decision Tree,Time Series Split,"{""N_Splits"": 5, ""Repeats"": 1, ""Gap"": 0}",1.2220702457767412,0.03431858705905136,0.955402770345463,0.023318488078472886,0.024821394874925084,0.0006741900853755115,0.8275812628601618,0.008212858662062351,1.4691472636056688,0.36944752211989745,1.1552977784496967,0.24954008385884383,0.030378888888319227,0.006586911786637545,0.7256784803425127,0.16676501121706397
