Category,Company,Data Shape,Timesteps,Features,Model,Cross Validation,Cross Validation Params,RMSE Train,RMSE Train,MAE Train,MAE Train,MAPE Train,MAPE Train,R2 Train,R2 Train,RMSE Test,RMSE Test,MAE Test,MAE Test,MAPE Test,MAPE Test,R2 Test,R2 Test
,,,,,,,,mean,std,mean,std,mean,std,mean,std,mean,std,mean,std,mean,std,mean,std
Local Model,209,"(489, 16)",,Chemical + Physical,Linear Regression,Blocking Time Series Split,"{""N_Splits"": 5, ""Repeats"": 1, ""train_size"": 0.8}",0.6827952426033936,0.04001224152800991,0.5456299332492482,0.034196377174811,0.014164484234984981,0.0008658613850458883,0.9461559509069424,0.009923696074314545,1.2302869669031127,0.21994600651378227,0.9646682548472854,0.168621622518329,0.025566506978556846,0.004577448258011189,0.800248499191957,0.10373558279197495
Local Model,209,"(489, 16)",,Chemical + Physical,Linear Regression,Out of time Split,"{""Test Size"": 0.2}",0.9063941666906489,0.0,0.7288188303918024,0.0,0.0190446429088006,0.0,0.908622064529937,0.0,1.1588053473711581,0.0,0.8911063516824869,0.0,0.02294923517881477,0.0,0.8479944141889273,0.0
Local Model,209,"(489, 16)",,Chemical + Physical,Linear Regression,Repeated KFold,"{""N_Splits"": 5, ""Repeats"": 3}",0.9033009693385221,0.014698123575202188,0.7230064698799563,0.014008745957693663,0.01882855879384521,0.0003775058978302588,0.9086999893106491,0.0046619221335422465,0.9912274910697398,0.09553908676245344,0.7753857515265228,0.058356877460137443,0.02018728350662651,0.0015339932911764443,0.8837895865358342,0.03664722708354255
Local Model,209,"(489, 16)",,Chemical + Physical,Linear Regression,Time Series Split,"{""N_Splits"": 5, ""Repeats"": 1, ""Gap"": 0}",0.8692580559265304,0.03758300274833471,0.6969269699731138,0.03585317542739659,0.018074307960094876,0.0009902848214118297,0.9124950070027641,0.008642403608103866,1.1911550452168775,0.07185634081617796,0.8929493777405989,0.09832206104724509,0.023253188118979407,0.0025861577097705756,0.8336976293937803,0.03499668752124021
