Category,Company,Data Shape,Timesteps,Features,Model,Cross Validation,Cross Validation Params,RMSE Train,RMSE Train,MAE Train,MAE Train,MAPE Train,MAPE Train,R2 Train,R2 Train,RMSE Test,RMSE Test,MAE Test,MAE Test,MAPE Test,MAPE Test,R2 Test,R2 Test
,,,,,,,,mean,std,mean,std,mean,std,mean,std,mean,std,mean,std,mean,std,mean,std
Local Model,209,"(489, 10)",,Chemical + CS7,Linear Regression,Blocking Time Series Split,"{""N_Splits"": 5, ""Repeats"": 1, ""train_size"": 0.8}",0.8582435999499582,0.1148298310559597,0.6763573732662783,0.09636571728256711,0.017627693086929942,0.002567791067815967,0.9128524933504643,0.028667849669421774,1.0845886121461412,0.18061421797455954,0.8770278751374152,0.13038931963409622,0.02301885059809789,0.003426618701514814,0.844264578985315,0.07932277721056907
Local Model,209,"(489, 10)",,Chemical + CS7,Linear Regression,Out of time Split,"{""Test Size"": 0.2}",0.9864411839581049,0.0,0.7765312024610809,0.0,0.020337568824430483,0.0,0.8917695337127994,0.0,1.0963886368011773,0.0,0.8673878399924249,0.0,0.022270612511227656,0.0,0.8639283604345216,0.0
Local Model,209,"(489, 10)",,Chemical + CS7,Linear Regression,Repeated KFold,"{""N_Splits"": 5, ""Repeats"": 3}",0.9596085673999613,0.015287157377106637,0.750741028001096,0.013837873232589393,0.01959453215798289,0.0003654818916952498,0.8969562072851635,0.005388577822701629,0.991111718931458,0.06214154805775762,0.7798227109752934,0.05247032446446969,0.02034015267732192,0.0014001910603947377,0.8852708456833819,0.026532415647195693
Local Model,209,"(489, 10)",,Chemical + CS7,Linear Regression,Time Series Split,"{""N_Splits"": 5, ""Repeats"": 1, ""Gap"": 0}",0.9762429649972384,0.0226090017174012,0.7714366918211775,0.016497845379862753,0.02009515950952976,0.0004667577543546574,0.8896774067493413,0.009131484881268928,1.1476593644867918,0.2068998429161619,0.9111349029310973,0.17090347702917655,0.023685932383219734,0.0043020238782296265,0.8387332549685362,0.07979378547421592
