Category,Company,Data Shape,Timesteps,Features,Model,Cross Validation,Cross Validation Params,RMSE Train,RMSE Train,MAE Train,MAE Train,MAPE Train,MAPE Train,R2 Train,R2 Train,RMSE Test,RMSE Test,MAE Test,MAE Test,MAPE Test,MAPE Test,R2 Test,R2 Test
,,,,,,,,mean,std,mean,std,mean,std,mean,std,mean,std,mean,std,mean,std,mean,std
Local Model,209,"(489, 14)",,Chemical + Properties CS Less,Linear Regression,Blocking Time Series Split,"{""N_Splits"": 5, ""Repeats"": 1, ""train_size"": 0.8}",0.8482432592038421,0.09978531061726825,0.6679229972740893,0.07343705104158964,0.017314793100659538,0.0017585289571782241,0.9163642955937643,0.021284975520424448,1.4344776680368794,0.5023209699340431,1.107859142681577,0.35769467827638035,0.029422796186908677,0.009549029623647131,0.6961130275352346,0.2500126001909188
Local Model,209,"(489, 14)",,Chemical + Properties CS Less,Linear Regression,Out of time Split,"{""Test Size"": 0.2}",1.3125736726259933,0.0,1.0232593610485066,0.0,0.02670854666921534,0.0,0.8083739639358093,0.0,1.5584811348849101,0.0,1.275677976357742,0.0,0.03376132924127025,0.0,0.7250576341564219,0.0
Local Model,209,"(489, 14)",,Chemical + Properties CS Less,Linear Regression,Repeated KFold,"{""N_Splits"": 5, ""Repeats"": 3}",1.2907621548870638,0.042483332834253505,1.0107044158806493,0.026575336114297906,0.026300277839450513,0.0007000914226758403,0.8134052653127561,0.014225850728519191,1.5987102962624677,0.41771888173956184,1.0961929503993657,0.09340884577011713,0.02852758937412212,0.0023850246797446997,0.672583083922013,0.22258287074867358
Local Model,209,"(489, 14)",,Chemical + Properties CS Less,Linear Regression,Time Series Split,"{""N_Splits"": 5, ""Repeats"": 1, ""Gap"": 0}",1.2353549684594438,0.06760579211144936,0.9607209414436909,0.060500983004821776,0.02488230306826151,0.0016828175857000812,0.8233522180417493,0.018491196709958326,2.0260053876404913,0.46013890820345565,1.3921394759664663,0.1902277936962922,0.03674677231833691,0.0053044170395121475,0.5054407969648189,0.2384606045736521
