Category,Company,Data Shape,Timesteps,Features,Model,Cross Validation,Cross Validation Params,RMSE Train,RMSE Train,MAE Train,MAE Train,MAPE Train,MAPE Train,R2 Train,R2 Train,RMSE Test,RMSE Test,MAE Test,MAE Test,MAPE Test,MAPE Test,R2 Test,R2 Test
,,,,,,,,mean,std,mean,std,mean,std,mean,std,mean,std,mean,std,mean,std,mean,std
Local Model,209,"(489, 9)",,Chemical,Linear Regression,Blocking Time Series Split,"{""N_Splits"": 5, ""Repeats"": 1, ""train_size"": 0.8}",1.4477934057085213,0.22666734123595564,1.1172286000986988,0.17597259869385667,0.0287655559775024,0.004260966625207487,0.7533831129692959,0.08100642491202467,1.893894095802293,0.4404732945842092,1.5569259819469898,0.4132886029794138,0.04090338070749501,0.011677918330295238,0.5351168589565113,0.21374945815405105
Local Model,209,"(489, 9)",,Chemical,Linear Regression,Out of time Split,"{""Test Size"": 0.2}",1.7617775483636775,0.0,1.3560871842450741,0.0,0.03502470223825417,0.0,0.6547694022224266,0.0,1.8042700425777207,0.0,1.3793710474127965,0.0,0.03532258600842489,0.0,0.6314964781431897,0.0
Local Model,209,"(489, 9)",,Chemical,Linear Regression,Repeated KFold,"{""N_Splits"": 5, ""Repeats"": 3}",1.7015369936012161,0.05409692412432325,1.3165488667936203,0.03223731378009475,0.03384043175339506,0.0007606172787521145,0.6762320230904718,0.017306646531725367,1.738972203060985,0.2088749562997448,1.356768321560509,0.13208343308429377,0.034858324152126835,0.0030624627913964776,0.6518692518020545,0.07438664010193245
Local Model,209,"(489, 9)",,Chemical,Linear Regression,Time Series Split,"{""N_Splits"": 5, ""Repeats"": 1, ""Gap"": 0}",1.8081968049877353,0.044300016506418995,1.3827081240236372,0.029388979334550074,0.035329032783722236,0.0006357873256501828,0.6214562474616547,0.03324450125028249,2.0757703670355916,0.4489091913054814,1.6539203819761368,0.36130480708128027,0.04310430337618705,0.009013700859508988,0.46452499949676407,0.3018037301614866
