Category,Company,Data Shape,Timesteps,Features,Model,Cross Validation,Cross Validation Params,RMSE Train,RMSE Train,MAE Train,MAE Train,MAPE Train,MAPE Train,R2 Train,R2 Train,RMSE Test,RMSE Test,MAE Test,MAE Test,MAPE Test,MAPE Test,R2 Test,R2 Test
,,,,,,,,mean,std,mean,std,mean,std,mean,std,mean,std,mean,std,mean,std,mean,std
Local Model,209,"(489, 10)",,Chemical + CS3,Linear Regression,Blocking Time Series Split,"{""N_Splits"": 5, ""Repeats"": 1, ""train_size"": 0.8}",0.8511898137176047,0.045638386930964205,0.6735280407648934,0.05158043466389853,0.017465997642185517,0.0013074738495486612,0.9168585980609135,0.012433943039625063,1.2903771414395646,0.19801929498558826,1.0714235437905597,0.16199105419801482,0.02813142930938245,0.004374739397409904,0.7825546221478659,0.10380730981512087
Local Model,209,"(489, 10)",,Chemical + CS3,Linear Regression,Out of time Split,"{""Test Size"": 0.2}",1.0286279899242268,0.0,0.8376239805910625,0.0,0.021794839662407174,0.0,0.8823142678954452,0.0,1.4863313667573337,0.0,1.1427355060140785,0.0,0.02928282534807072,0.0,0.7499252448631535,0.0
Local Model,209,"(489, 10)",,Chemical + CS3,Linear Regression,Repeated KFold,"{""N_Splits"": 5, ""Repeats"": 3}",1.0604897528330723,0.012041855896876149,0.8571601101154244,0.012630984051001314,0.022158536598217364,0.0003262666574646493,0.87418680220757,0.005564449038204452,1.1000615349942886,0.05389737867500529,0.8881776159127986,0.0554016232289933,0.022943799286952275,0.0014353598959915208,0.8594974815811187,0.027160513260151762
Local Model,209,"(489, 10)",,Chemical + CS3,Linear Regression,Time Series Split,"{""N_Splits"": 5, ""Repeats"": 1, ""Gap"": 0}",0.9864314508205373,0.038049075090541215,0.7896111219896493,0.04434158243735682,0.02042524133771486,0.0011633458034234134,0.8873627196968952,0.010252072616164058,1.2562528797259065,0.12434915624820156,1.0064098559026848,0.07212463632686922,0.026184347745882946,0.0017266309762294868,0.8116731390109535,0.05922501506230794
