Category,Company,Data Shape,Timesteps,Features,Model,Cross Validation,Cross Validation Params,RMSE Train,RMSE Train,MAE Train,MAE Train,MAPE Train,MAPE Train,R2 Train,R2 Train,RMSE Test,RMSE Test,MAE Test,MAE Test,MAPE Test,MAPE Test,R2 Test,R2 Test
,,,,,,,,mean,std,mean,std,mean,std,mean,std,mean,std,mean,std,mean,std,mean,std
Local Model,209,"(489, 11)",,Chemical + CS3 + CS7,MLP,Blocking Time Series Split,"{""N_Splits"": 5, ""Repeats"": 3, ""train_size"": 0.8}",8.204422670852075,0.8388604278624391,6.560770807637797,0.6621200617508347,0.17079955254298576,0.015370300076191626,-6.740792666386607,1.5145648487366083,11.329397006272258,4.22625782050155,9.820575637817381,4.260499099497038,0.25808055536349916,0.10848171854346912,-16.289139961409354,12.190766651754133
Local Model,209,"(489, 11)",,Chemical + CS3 + CS7,MLP,Out of time Split,"{""Test Size"": 0.2}",1.707162129602218,0.09048264395964416,1.3428813189598412,0.07427866037200967,0.034757446697504926,0.0019481893072914429,0.6749314311281088,0.03371802451614384,3.1716595351214756,0.42440123208738895,2.427631631189462,0.3603827173141653,0.06166401528632138,0.008846269710835282,-0.15909501776146442,0.29126953183488163
Local Model,209,"(489, 11)",,Chemical + CS3 + CS7,MLP,Repeated KFold,"{""N_Splits"": 5, ""Repeats"": 3}",1.8753030939623272,0.15177386051115146,1.4642952494252341,0.11848056205750583,0.037821500799624104,0.0030926065710024796,0.6039933996442228,0.06796532709068488,2.1777120420633453,0.336327996310869,1.6881396158337294,0.26450048803767034,0.043638058924613955,0.00684025802389402,0.43617157650545924,0.1972561176566936
Local Model,209,"(489, 11)",,Chemical + CS3 + CS7,MLP,Time Series Split,"{""N_Splits"": 5, ""Repeats"": 3, ""Gap"": 0}",4.394217363386601,2.608767946581894,3.553203641635174,2.1453316734122887,0.09142951282678456,0.05488557085908422,-1.9945391671603114,3.1672685558722375,8.55531931440302,6.328604720779247,6.408051865189164,4.577729290332011,0.16817760735604131,0.11989683752149105,-13.090239471059636,20.452328723466046
