Category,Company,Data Shape,Timesteps,Features,Model,Cross Validation,Cross Validation Params,RMSE Train,RMSE Train,MAE Train,MAE Train,MAPE Train,MAPE Train,R2 Train,R2 Train,RMSE Test,RMSE Test,MAE Test,MAE Test,MAPE Test,MAPE Test,R2 Test,R2 Test
,,,,,,,,mean,std,mean,std,mean,std,mean,std,mean,std,mean,std,mean,std,mean,std
Local Model,209,"(489, 16)",,Chemical + Physical,MLP,Blocking Time Series Split,"{""N_Splits"": 5, ""Repeats"": 3, ""train_size"": 0.8}",6.713923405145249,0.6983902647432427,5.327345087621117,0.624632166710674,0.138739352549323,0.01606638330421945,-4.219351363193877,1.2068356859548273,8.719933020509819,1.6493716925235165,7.005325752894081,1.3375204060971746,0.18259395666939912,0.030021484057790048,-8.98395162695669,5.088393502681515
Local Model,209,"(489, 16)",,Chemical + Physical,MLP,Out of time Split,"{""Test Size"": 0.2}",1.458070866487816,0.1974748184065144,1.1203217095832778,0.1432452194415027,0.028806250083142748,0.0035683958675111283,0.7591989313410368,0.06711779604731705,2.3573104183698366,0.7010087449227327,2.0162886275726164,0.6375377442087694,0.05221710134422417,0.016539127536399162,0.3153419265531267,0.4131689973829548
Local Model,209,"(489, 16)",,Chemical + Physical,MLP,Repeated KFold,"{""N_Splits"": 5, ""Repeats"": 3}",1.439517094963958,0.16431597009201832,1.1104506510916026,0.12408674355236206,0.028490245710531985,0.0031650497780512862,0.7652888643225494,0.05909309490518542,1.868913280091331,0.5787529110206294,1.348377375392377,0.298608650335947,0.034594613044015905,0.007759198363242186,0.5625619444771709,0.3282288931271058
Local Model,209,"(489, 16)",,Chemical + Physical,MLP,Time Series Split,"{""N_Splits"": 5, ""Repeats"": 3, ""Gap"": 0}",3.097915217361367,1.891599595156801,2.41412022360374,1.5115024838509181,0.06213279675412422,0.03893275657430276,-0.511023893017788,1.637657881104801,7.6365913889433275,8.493060800457094,5.957986602469238,6.998294320479189,0.15622889112430177,0.18449031133334587,-16.917432266019976,33.09869219427015
