Category,Company,Data Shape,Timesteps,Features,Model,Cross Validation,Cross Validation Params,RMSE Train,RMSE Train,MAE Train,MAE Train,MAPE Train,MAPE Train,R2 Train,R2 Train,RMSE Test,RMSE Test,MAE Test,MAE Test,MAPE Test,MAPE Test,R2 Test,R2 Test
,,,,,,,,mean,std,mean,std,mean,std,mean,std,mean,std,mean,std,mean,std,mean,std
Local Model,209,"(489, 14)",,Chemical + Properties CS Less,MLP,Blocking Time Series Split,"{""N_Splits"": 5, ""Repeats"": 3, ""train_size"": 0.8}",6.930564764414917,0.7461975202015578,5.547795900121911,0.6274315818144958,0.14441940800982678,0.016360461136279897,-4.536487806753032,1.2438580560500847,8.834119000844803,2.405057277809581,7.379679581324258,1.8442463129079585,0.19239994802827173,0.042775288022163564,-9.219697731702274,5.763440642793888
Local Model,209,"(489, 14)",,Chemical + Properties CS Less,MLP,Out of time Split,"{""Test Size"": 0.2}",1.5305054157394509,0.09241891032891696,1.1374756893538438,0.0469717955397221,0.029024732430015087,0.0010981734596814503,0.7385085064566703,0.03198933723809533,2.0361182971374086,0.17065239514378372,1.5438348419812291,0.08347667781986724,0.03896621041591603,0.0017973705526300656,0.5274098784020843,0.07796654440243796
Local Model,209,"(489, 14)",,Chemical + Properties CS Less,MLP,Repeated KFold,"{""N_Splits"": 5, ""Repeats"": 3}",1.532262476435294,0.11940897677735124,1.141176990746168,0.09159074948113002,0.029060360968416906,0.0022977814629953717,0.735940791144879,0.042684718370132844,1.8177893978333772,0.3421282887483709,1.3053201223825923,0.20920139887228906,0.033255614644231664,0.005325387609133202,0.6061761215973563,0.1636245074639363
Local Model,209,"(489, 14)",,Chemical + Properties CS Less,MLP,Time Series Split,"{""N_Splits"": 5, ""Repeats"": 3, ""Gap"": 0}",3.1140548346494095,1.7128986065225051,2.433284498376174,1.4109092095491766,0.06251499463290189,0.03653132858564532,-0.45214930218994803,1.4469364083327716,7.989537073627,8.579301795721861,6.200570549984528,7.061091350670603,0.16251964136961258,0.18620822619472183,-17.73696938046112,34.44028176256998
