Category,Company,Data Shape,Timesteps,Features,Model,Cross Validation,Cross Validation Params,RMSE Train,RMSE Train,MAE Train,MAE Train,MAPE Train,MAPE Train,R2 Train,R2 Train,RMSE Test,RMSE Test,MAE Test,MAE Test,MAPE Test,MAPE Test,R2 Test,R2 Test
,,,,,,,,mean,std,mean,std,mean,std,mean,std,mean,std,mean,std,mean,std,mean,std
Local Model,209,"(489, 9)",,Chemical,MLP,Blocking Time Series Split,"{""N_Splits"": 5, ""Repeats"": 3, ""train_size"": 0.8}",8.488599027697292,1.0192818701926394,6.848720846134864,0.9678101150443795,0.17716615121087137,0.02528204843051287,-7.335176183162286,2.1343483325202377,10.825247500177921,2.929010052323024,9.30749766667684,3.018453873024685,0.24551251720582204,0.08098008087378411,-13.389510561315781,6.536508768754015
Local Model,209,"(489, 9)",,Chemical,MLP,Out of time Split,"{""Test Size"": 0.2}",1.7289715409834374,0.03392634622259901,1.3067286849936526,0.03956788252882473,0.03311448561276692,0.0010534707204116931,0.6673787331569944,0.013132624822636654,2.7955442377216984,0.45835818786093613,1.87608446393694,0.16346322389955228,0.04678974032354883,0.003273745961049915,0.09156835169751243,0.2767214450436307
Local Model,209,"(489, 9)",,Chemical,MLP,Repeated KFold,"{""N_Splits"": 5, ""Repeats"": 3}",1.76972016980999,0.053606985492129715,1.3322314124126673,0.04522464282094897,0.033647486703125944,0.001167277226170241,0.6496078039327287,0.021249522583502312,1.8623732990879998,0.29056683374394365,1.4167052905366737,0.19190549694667855,0.03576578193770939,0.004291505674971585,0.603695299435704,0.08575077809664193
Local Model,209,"(489, 9)",,Chemical,MLP,Time Series Split,"{""N_Splits"": 5, ""Repeats"": 3, ""Gap"": 0}",3.228744667914587,2.0015669033130896,2.4936779788153345,1.5857231150091224,0.06339536711001667,0.040722379878762,-0.6381454361482893,1.990207821340996,8.05372311287377,7.76573529337782,6.025337685479057,5.753627958403864,0.15748112005485856,0.15067472009310331,-15.654105237803337,29.008987283632422
