Category,Company,Data Shape,Timesteps,Features,Model,Cross Validation,Cross Validation Params,RMSE Train,RMSE Train,MAE Train,MAE Train,MAPE Train,MAPE Train,R2 Train,R2 Train,RMSE Test,RMSE Test,MAE Test,MAE Test,MAPE Test,MAPE Test,R2 Test,R2 Test
,,,,,,,,mean,std,mean,std,mean,std,mean,std,mean,std,mean,std,mean,std,mean,std
Local Model,209,"(489, 10)",,Chemical + Feature Engineering,MLP,Blocking Time Series Split,"{""N_Splits"": 5, ""Repeats"": 3, ""train_size"": 0.8}",8.651342461164655,1.1697708131888835,6.975693015721971,1.1478460728454294,0.1808792835976313,0.030148237767626943,-7.7082917404051265,2.6917416892705854,10.738169645816226,2.80883517801537,9.345362841288248,2.7131001082233217,0.24697838391761254,0.07470749214232081,-12.889885760636709,5.62090924429687
Local Model,209,"(489, 10)",,Chemical + Feature Engineering,MLP,Out of time Split,"{""Test Size"": 0.2}",1.7758720179013092,0.04937887612108462,1.339972051309906,0.03969430243715703,0.03393297765428544,0.0009259824574774257,0.6489523195641426,0.019688191675288298,2.9102918413751873,0.2235796041765807,2.0053775813303845,0.07175637022090468,0.05016779028022217,0.0014312783008582702,0.035577630844582986,0.15088937497361793
Local Model,209,"(489, 10)",,Chemical + Feature Engineering,MLP,Repeated KFold,"{""N_Splits"": 5, ""Repeats"": 3}",1.7758148740928745,0.05000888130946653,1.344675395434688,0.04880767388434873,0.03401416465740433,0.0012774609680466244,0.6471179034840541,0.021874678463129297,1.8632890511324738,0.29100704235881064,1.4300637364830593,0.20106096787758027,0.036130563610332726,0.0045968100809968765,0.6027465952487271,0.09055414532428481
Local Model,209,"(489, 10)",,Chemical + Feature Engineering,MLP,Time Series Split,"{""N_Splits"": 5, ""Repeats"": 3, ""Gap"": 0}",3.311476956243723,2.0354113572137362,2.5900157695260737,1.6316932742574397,0.06599450160202339,0.04197574112606423,-0.7171455844403258,2.0565674053063723,7.890190932578043,7.5207260169502845,5.944924623779799,5.631226902909343,0.15535128983630608,0.14754797372258857,-14.797920016599253,27.143476301858836
