Category,Company,Data Shape,Timesteps,Features,Model,Cross Validation,Cross Validation Params,RMSE Train,RMSE Train,MAE Train,MAE Train,MAPE Train,MAPE Train,R2 Train,R2 Train,RMSE Test,RMSE Test,MAE Test,MAE Test,MAPE Test,MAPE Test,R2 Test,R2 Test
,,,,,,,,mean,std,mean,std,mean,std,mean,std,mean,std,mean,std,mean,std,mean,std
Local Model,209,"(489, 11)",,Chemical + CS3 + CS7,Random Forest,Blocking Time Series Split,"{""N_Splits"": 5, ""Repeats"": 1, ""train_size"": 0.8}",0.4725032244803429,0.05226460677687395,0.34315410923556583,0.03770495608515102,0.008937581799913835,0.0009848850108152925,0.9738404572077363,0.007071740256808682,1.2675527904316108,0.3262152750692163,1.0287187809769833,0.23947497579708849,0.027031653737686494,0.005778947499809501,0.7799298344706277,0.1521992473879414
Local Model,209,"(489, 11)",,Chemical + CS3 + CS7,Random Forest,Out of time Split,"{""Test Size"": 0.2}",0.7320406291430495,0.0,0.5973509269210274,0.0,0.015717563114803112,0.0,0.9403957113614869,0.0,0.8350518563454713,0.0,0.6756705563294447,0.0,0.0173744131371617,0.0,0.9210657552714874,0.0
Local Model,209,"(489, 11)",,Chemical + CS3 + CS7,Random Forest,Repeated KFold,"{""N_Splits"": 5, ""Repeats"": 3}",0.7334516325791073,0.01657325671434848,0.5794666138338129,0.013705203962519572,0.01521897376703125,0.00033325649333929155,0.9398441475230677,0.0026379136095279927,0.9555914688516901,0.057657233527981314,0.7651332707396172,0.04179961635427708,0.01989631054680691,0.001059360672354502,0.8945683947084394,0.01755696667160884
Local Model,209,"(489, 11)",,Chemical + CS3 + CS7,Random Forest,Time Series Split,"{""N_Splits"": 5, ""Repeats"": 1, ""Gap"": 0}",0.6759842232420626,0.04804995749865939,0.5383847454147754,0.044010807943713995,0.014011866050538807,0.00129061589908599,0.9470852791810653,0.0067006683081570475,1.119466703494378,0.14566350903980307,0.8890737926051345,0.09396147315568058,0.023218295562312204,0.002716132245915225,0.8535113099022265,0.036938883037045046
