Category,Company,Data Shape,Timesteps,Features,Model,Cross Validation,Cross Validation Params,RMSE Train,RMSE Train,MAE Train,MAE Train,MAPE Train,MAPE Train,R2 Train,R2 Train,RMSE Test,RMSE Test,MAE Test,MAE Test,MAPE Test,MAPE Test,R2 Test,R2 Test
,,,,,,,,mean,std,mean,std,mean,std,mean,std,mean,std,mean,std,mean,std,mean,std
Local Model,209,"(489, 10)",,Chemical + Feature Engineering,Random Forest,Blocking Time Series Split,"{""N_Splits"": 5, ""Repeats"": 1, ""train_size"": 0.8}",0.7481579318072935,0.371107794702096,0.5040227810581225,0.1978303077105809,0.012895863586378727,0.0047340697360547575,0.9222525791261715,0.07602876935342857,1.7622289488041876,0.5147309521628318,1.297004157133346,0.32456143811998633,0.03349808500082904,0.007704295892130702,0.5589069588272049,0.28717014596208557
Local Model,209,"(489, 10)",,Chemical + Feature Engineering,Random Forest,Out of time Split,"{""Test Size"": 0.2}",1.103263815139118,0.0,0.7846896558433174,0.0,0.020292597617641357,0.0,0.8646164534609729,0.0,1.8543747109247892,0.0,1.2004270763238698,0.0,0.031334785558830174,0.0,0.6107455751342995,0.0
Local Model,209,"(489, 10)",,Chemical + Feature Engineering,Random Forest,Repeated KFold,"{""N_Splits"": 5, ""Repeats"": 3}",1.079643369250922,0.052562272414405614,0.8090443906898838,0.03448739645582668,0.02100702487720157,0.000857625638962316,0.8693710967518982,0.012961752055452294,1.6382077675222437,0.20783125688512288,1.155545593734575,0.11044591024579002,0.02970136386518296,0.002497620179063755,0.6909131159693256,0.06432776354430556
Local Model,209,"(489, 10)",,Chemical + Feature Engineering,Random Forest,Time Series Split,"{""N_Splits"": 5, ""Repeats"": 1, ""Gap"": 0}",1.1477389726886316,0.06696267531424191,0.7744776158111228,0.013618064875762854,0.01969182401498449,0.0005002953475637296,0.8471612663440447,0.019674720192782713,1.8949690002343247,0.31293991846183394,1.4517085635730251,0.28050788187598413,0.037631845228642796,0.006920231643000102,0.5598869704117635,0.20470882470872395
