Category,Company,Data Shape,Timesteps,Features,Model,Cross Validation,Cross Validation Params,RMSE Train,RMSE Train,MAE Train,MAE Train,MAPE Train,MAPE Train,R2 Train,R2 Train,RMSE Test,RMSE Test,MAE Test,MAE Test,MAPE Test,MAPE Test,R2 Test,R2 Test
,,,,,,,,mean,std,mean,std,mean,std,mean,std,mean,std,mean,std,mean,std,mean,std
Local Model,209,"(489, 10)",,Chemical + CS7,XGBoost,Blocking Time Series Split,"{""N_Splits"": 5, ""Repeats"": 1, ""train_size"": 0.8}",0.7150937114217885,0.028146730745573598,0.5215211744432272,0.033890990578848285,0.013103088337091503,0.0009373367565336779,0.941778684216476,0.0031021910294090423,1.5753346915247555,0.301606460755857,1.2527630233764617,0.2402207771669022,0.03288779708341742,0.007382324899090851,0.6877177381576989,0.11691039377957897
Local Model,209,"(489, 10)",,Chemical + CS7,XGBoost,Out of time Split,"{""Test Size"": 0.2}",0.8653926246671366,0.0,0.694654957412757,0.0,0.017869916021201523,0.0,0.9167022027143922,0.0,0.9005355560877325,0.0,0.7316011312056497,0.0,0.019048239124587092,0.0,0.9082005041909289,0.0
Local Model,209,"(489, 10)",,Chemical + CS7,XGBoost,Repeated KFold,"{""N_Splits"": 5, ""Repeats"": 3}",0.8664507943300414,0.009954212362869207,0.6882296326899715,0.009993025834205778,0.017703858144344418,0.0002546202897135361,0.9160418501270262,0.0030343228411057123,1.1123016425568404,0.11185835224422862,0.8795489092580105,0.07404899371815758,0.022693555921187582,0.001682396338641526,0.8585082775678132,0.019661309771433714
Local Model,209,"(489, 10)",,Chemical + CS7,XGBoost,Time Series Split,"{""N_Splits"": 5, ""Repeats"": 1, ""Gap"": 0}",0.8103635234226999,0.04667942094954509,0.6245905436920237,0.05383611841548165,0.015887524939909907,0.0015116193179544543,0.9239860896232965,0.008133516868735109,1.2474719717229439,0.27775935568483373,0.9798233597366875,0.21862426169541688,0.025732942740092035,0.005873328244020186,0.8175084533892776,0.062068330896268384
