Category,Company,Data Shape,Timesteps,Features,Model,Cross Validation,Cross Validation Params,RMSE Train,RMSE Train,MAE Train,MAE Train,MAPE Train,MAPE Train,R2 Train,R2 Train,RMSE Test,RMSE Test,MAE Test,MAE Test,MAPE Test,MAPE Test,R2 Test,R2 Test
,,,,,,,,mean,std,mean,std,mean,std,mean,std,mean,std,mean,std,mean,std,mean,std
Local Model,204,"(2313, 7)",,Chemical + CS3 + CS7,Decision Tree,Blocking Time Series Split,"{""N_Splits"": 5, ""Repeats"": 1, ""train_size"": 0.8}",0.9913563835395477,0.19590026211214373,0.775965001984666,0.15540217227574085,0.01762221067512459,0.003262644940915191,0.9767145573770613,0.0068249820831318125,1.4142634395231986,0.23366983807635253,1.100222479367396,0.189543568731852,0.02480857381139864,0.004444649055654991,0.935880674471481,0.03843334768346405
Local Model,204,"(2313, 7)",,Chemical + CS3 + CS7,Decision Tree,Out of time Split,"{""Test Size"": 0.2}",1.2856530191325575,0.0,1.0036028626260365,0.0,0.022410007353116768,0.0,0.9642781385805005,0.0,1.1517355267702472,0.0,0.8725967666609734,0.0,0.020696298704718567,0.0,0.9547484353375547,0.0
Local Model,204,"(2313, 7)",,Chemical + CS3 + CS7,Decision Tree,Repeated KFold,"{""N_Splits"": 5, ""Repeats"": 3}",1.2217316948601462,0.008751387182171631,0.9451533172730152,0.00759518993297335,0.021332202790362183,0.0001481614738150467,0.9653249985865016,0.0005646157254112792,1.2745125321280282,0.048631626727673384,0.9801824753083485,0.04238003735659071,0.02212900687988189,0.0009819488415839567,0.9620822373108161,0.0032213168263212646
Local Model,204,"(2313, 7)",,Chemical + CS3 + CS7,Decision Tree,Time Series Split,"{""N_Splits"": 5, ""Repeats"": 1, ""Gap"": 0}",1.3017257869246692,0.029632805647164587,1.0199332416474518,0.025851143965032804,0.022811514976448077,0.0007198898707495081,0.9647443669171342,0.0017970327235376834,1.3607953872863634,0.13046099534790914,1.090474689863793,0.14383805273398723,0.024628071032494137,0.0032671262928293727,0.953596135340365,0.006641501814094143
