Category,Company,Data Shape,Timesteps,Features,Model,Cross Validation,Cross Validation Params,RMSE Train,RMSE Train,MAE Train,MAE Train,MAPE Train,MAPE Train,R2 Train,R2 Train,RMSE Test,RMSE Test,MAE Test,MAE Test,MAPE Test,MAPE Test,R2 Test,R2 Test
,,,,,,,,mean,std,mean,std,mean,std,mean,std,mean,std,mean,std,mean,std,mean,std
Local Model,204,"(2313, 8)",,Chemical + CS1 + CS3 + CS7,Decision Tree,Blocking Time Series Split,"{""N_Splits"": 5, ""Repeats"": 1, ""train_size"": 0.8}",0.9913563835395477,0.19590026211214379,0.7759650019846662,0.15540217227574069,0.017622210675124598,0.003262644940915189,0.9767145573770613,0.0068249820831318125,1.397646844807991,0.2200867959551445,1.0906398199695186,0.18469840670316565,0.02459215752227799,0.004337617850639532,0.937869412644773,0.036032062593959975
Local Model,204,"(2313, 8)",,Chemical + CS1 + CS3 + CS7,Decision Tree,Out of time Split,"{""Test Size"": 0.2}",1.2856530191325575,0.0,1.003602862626037,0.0,0.02241000735311679,0.0,0.9642781385805005,0.0,1.1517355267702492,0.0,0.8725967666609762,0.0,0.02069629870471863,0.0,0.9547484353375546,0.0
Local Model,204,"(2313, 8)",,Chemical + CS1 + CS3 + CS7,Decision Tree,Repeated KFold,"{""N_Splits"": 5, ""Repeats"": 3}",1.2217316948601462,0.008751387182171607,0.9451533172730155,0.007595189932973678,0.021332202790362187,0.00014816147381505832,0.9653249985865016,0.0005646157254112792,1.2745125321280284,0.04863162672767348,0.9801824753083489,0.042380037356590586,0.0221290068798819,0.000981948841583954,0.9620822373108161,0.0032213168263212793
Local Model,204,"(2313, 8)",,Chemical + CS1 + CS3 + CS7,Decision Tree,Time Series Split,"{""N_Splits"": 5, ""Repeats"": 1, ""Gap"": 0}",1.3016597312438665,0.029537108606995592,1.0132472300645334,0.01976278588336965,0.022669468829494516,0.0004968920709577323,0.9647481663527285,0.0017897984406242866,1.3733654037930354,0.14044544700426448,1.0906126730926844,0.14386212981213967,0.02464919243725395,0.0032640177825698793,0.9528691425165601,0.006175972978236644
