Category,Company,Data Shape,Timesteps,Features,Model,Cross Validation,Cross Validation Params,RMSE Train,RMSE Train,MAE Train,MAE Train,MAPE Train,MAPE Train,R2 Train,R2 Train,RMSE Test,RMSE Test,MAE Test,MAE Test,MAPE Test,MAPE Test,R2 Test,R2 Test
,,,,,,,,mean,std,mean,std,mean,std,mean,std,mean,std,mean,std,mean,std,mean,std
Local Model,204,"(2313, 10)",,Chemical + Properties CS Less,Decision Tree,Blocking Time Series Split,"{""N_Splits"": 5, ""Repeats"": 1, ""train_size"": 0.8}",1.187519221185526,0.32268207505624114,0.9134108936664322,0.25147558029732325,0.02096470625858664,0.005449067358443705,0.966248702256084,0.014328482761113414,2.1279874086845076,1.097741718140664,1.5546759187418207,0.5272943952419249,0.03620048646810085,0.014333960861706362,0.7547356154045934,0.37239360963360163
Local Model,204,"(2313, 10)",,Chemical + Properties CS Less,Decision Tree,Out of time Split,"{""Test Size"": 0.2}",1.8850921147834696,0.0,1.481995135045169,0.0,0.03293327922910872,0.0,0.9232016858093965,0.0,2.5606960534768723,0.0,2.1049438302433017,0.0,0.04734123093165429,0.0,0.7763112524634891,0.0
Local Model,204,"(2313, 10)",,Chemical + Properties CS Less,Decision Tree,Repeated KFold,"{""N_Splits"": 5, ""Repeats"": 3}",1.6323176946327462,0.07551071136187744,1.2443809767125313,0.07476391229511634,0.02807198676186768,0.0015722126387697597,0.937978495438179,0.006018825033747681,1.7084120235553033,0.10607018045905889,1.2831598152076436,0.09479609527408539,0.029002275925297392,0.0018807596851878469,0.9316194418406527,0.009766592177293134
Local Model,204,"(2313, 10)",,Chemical + Properties CS Less,Decision Tree,Time Series Split,"{""N_Splits"": 5, ""Repeats"": 1, ""Gap"": 0}",1.7744855204570946,0.10147409063238812,1.3612843128562282,0.05846752702092701,0.03058934751956795,0.001120632103540858,0.9345283382322112,0.00541400771180595,2.193832566174571,0.48148245299874465,1.695519135458812,0.47855880917127597,0.03843398196635571,0.010728807615510167,0.8728183051280037,0.05104845616831733
