Category,Company,Data Shape,Timesteps,Features,Model,Cross Validation,Cross Validation Params,RMSE Train,RMSE Train,MAE Train,MAE Train,MAPE Train,MAPE Train,R2 Train,R2 Train,RMSE Test,RMSE Test,MAE Test,MAE Test,MAPE Test,MAPE Test,R2 Test,R2 Test
,,,,,,,,mean,std,mean,std,mean,std,mean,std,mean,std,mean,std,mean,std,mean,std
Local Model,204,"(2313, 6)",,Chemical + Feature Engineering,Decision Tree,Blocking Time Series Split,"{""N_Splits"": 5, ""Repeats"": 1, ""train_size"": 0.8}",1.2572482262896418,0.37038594302056055,0.9618766022414512,0.2924982575481317,0.022073729696615394,0.006338354080711604,0.9617177415401492,0.018848889449061587,1.782523096625613,0.3319310340475883,1.360597079246594,0.15732631350333148,0.0310567629294194,0.004337111035884169,0.8883136929373407,0.09917072907853877
Local Model,204,"(2313, 6)",,Chemical + Feature Engineering,Decision Tree,Out of time Split,"{""Test Size"": 0.2}",1.658956544679645,0.0,1.2699303861828393,0.0,0.028496199536730226,0.0,0.9405219730312053,0.0,1.7361838304265913,0.0,1.1981565542421995,0.0,0.028065909304636084,0.0,0.897170082363572,0.0
Local Model,204,"(2313, 6)",,Chemical + Feature Engineering,Decision Tree,Repeated KFold,"{""N_Splits"": 5, ""Repeats"": 3}",1.6040743756447922,0.019428974501178347,1.2228634785699992,0.013264019756690578,0.027659697669282664,0.00029232329265592823,0.9402159553385957,0.0016659450746608787,1.646130869746438,0.08156581837816598,1.2487422106921557,0.05455752442780798,0.028271881677416573,0.0012705047827684965,0.9366020915950346,0.007558458090125765
Local Model,204,"(2313, 6)",,Chemical + Feature Engineering,Decision Tree,Time Series Split,"{""N_Splits"": 5, ""Repeats"": 1, ""Gap"": 0}",1.72953237762007,0.084599831724307,1.3226328393435551,0.07170611060945388,0.029716212292305616,0.0017547327414289134,0.9376876439018778,0.005938972314709788,2.0229140273354655,0.32904931015257866,1.6050205738473273,0.31206359724678545,0.03620580369783221,0.006897041799737914,0.8945550122145416,0.030593953828925637
