Category,Company,Data Shape,Timesteps,Features,Model,Cross Validation,Cross Validation Params,RMSE Train,RMSE Train,MAE Train,MAE Train,MAPE Train,MAPE Train,R2 Train,R2 Train,RMSE Test,RMSE Test,MAE Test,MAE Test,MAPE Test,MAPE Test,R2 Test,R2 Test
,,,,,,,,mean,std,mean,std,mean,std,mean,std,mean,std,mean,std,mean,std,mean,std
Local Model,204,"(2313, 6)",,Chemical + Feature Engineering,Linear Regression,Blocking Time Series Split,"{""N_Splits"": 5, ""Repeats"": 1, ""train_size"": 0.8}",1.5365973970374731,0.32306353117696435,1.1834945103849717,0.25629582651074884,0.02715188233876143,0.005580146895409841,0.943837784314374,0.018438739235014535,1.7132427163635362,0.2995096832224643,1.3994946075653671,0.252416890502354,0.032209113903199596,0.006356328428894037,0.8987952983050865,0.08005018674099362
Local Model,204,"(2313, 6)",,Chemical + Feature Engineering,Linear Regression,Out of time Split,"{""Test Size"": 0.2}",1.8251227225953226,0.0,1.4329338999805956,0.0,0.03237841282309802,0.0,0.9280102480108363,0.0,2.2548884989428295,0.0,1.7952286877446864,0.0,0.04033283725427936,0.0,0.8265484374580041,0.0
Local Model,204,"(2313, 6)",,Chemical + Feature Engineering,Linear Regression,Repeated KFold,"{""N_Splits"": 5, ""Repeats"": 3}",1.865035812287855,0.017990734009361412,1.4610778549875871,0.013561927488495329,0.03301614652810218,0.0003117752725787683,0.9191890502441051,0.0017868588102426905,1.8850142540883976,0.07349016123940215,1.4699476588214824,0.048816424686602314,0.033208884475351065,0.001205514652084223,0.9170217379055945,0.007501112311508229
Local Model,204,"(2313, 6)",,Chemical + Feature Engineering,Linear Regression,Time Series Split,"{""N_Splits"": 5, ""Repeats"": 1, ""Gap"": 0}",1.9083431806534619,0.0942931518883997,1.4785422234234233,0.08830185604448725,0.03339111969800962,0.0020831215500141586,0.9241017134873193,0.007668140733895644,2.103906085142777,0.29220466001177636,1.6973917458961008,0.258220246886384,0.03822576516136588,0.005418675572163397,0.8825044831406158,0.04324969899929145
