Category,Company,Data Shape,Timesteps,Features,Model,Cross Validation,Cross Validation Params,RMSE Train,RMSE Train,MAE Train,MAE Train,MAPE Train,MAPE Train,R2 Train,R2 Train,RMSE Test,RMSE Test,MAE Test,MAE Test,MAPE Test,MAPE Test,R2 Test,R2 Test
,,,,,,,,mean,std,mean,std,mean,std,mean,std,mean,std,mean,std,mean,std,mean,std
Local Model,204,"(2313, 10)",,Chemical + Properties CS Less,Linear Regression,Blocking Time Series Split,"{""N_Splits"": 5, ""Repeats"": 1, ""train_size"": 0.8}",1.3341302215945772,0.3826636376075536,1.0252295890970213,0.29973473116294064,0.023578360941626665,0.0065730972116589004,0.957054991362534,0.02033207987258407,1.6448736501566763,0.32914532620034076,1.3260496699817335,0.17864461107171928,0.03064395543028489,0.005189243330293929,0.9019165433327057,0.09270738386755721
Local Model,204,"(2313, 10)",,Chemical + Properties CS Less,Linear Regression,Out of time Split,"{""Test Size"": 0.2}",1.633437572578833,0.0,1.2615376399362919,0.0,0.028451974473178043,0.0,0.9423377459201273,0.0,2.0341558788778955,0.0,1.713608263534977,0.0,0.038462260092145255,0.0,0.8588449130435374,0.0
Local Model,204,"(2313, 10)",,Chemical + Properties CS Less,Linear Regression,Repeated KFold,"{""N_Splits"": 5, ""Repeats"": 3}",1.6456380656296614,0.015770938584031228,1.2784640959535976,0.011701830448923556,0.028898359603084584,0.000278194666459575,0.9370843576965295,0.001351840756569509,1.661945042026821,0.06360993449979241,1.2889914174347452,0.04450342663653335,0.029141187743113268,0.0011301357069976382,0.9355123354553103,0.005605566080069121
Local Model,204,"(2313, 10)",,Chemical + Properties CS Less,Linear Regression,Time Series Split,"{""N_Splits"": 5, ""Repeats"": 1, ""Gap"": 0}",1.7529465229392742,0.11109174520658147,1.3514965867761908,0.09544193236370224,0.030500334190062872,0.002339850158833991,0.9358844123548249,0.008128419878715765,1.9477387298396203,0.3686787123988258,1.629106623787062,0.3159936457141679,0.03676604337408122,0.006640574350015852,0.9006686915428164,0.03519390892456621
