Category,Company,Data Shape,Timesteps,Features,Model,Cross Validation,Cross Validation Params,RMSE Train,RMSE Train,MAE Train,MAE Train,MAPE Train,MAPE Train,R2 Train,R2 Train,RMSE Test,RMSE Test,MAE Test,MAE Test,MAPE Test,MAPE Test,R2 Test,R2 Test
,,,,,,,,mean,std,mean,std,mean,std,mean,std,mean,std,mean,std,mean,std,mean,std
Local Model,204,"(2313, 6)",,Chemical + CS1,Linear Regression,Blocking Time Series Split,"{""N_Splits"": 5, ""Repeats"": 1, ""train_size"": 0.8}",1.4115382523634545,0.35527429235411667,1.101889523504067,0.28018684943433664,0.025175138284361125,0.006039436342655295,0.9521460291552628,0.019974000520739818,1.5361679483677524,0.3085142826210675,1.2346660757689136,0.28818100057787094,0.02828901708213765,0.006934142281879283,0.9178269314307839,0.06344989919470356
Local Model,204,"(2313, 6)",,Chemical + CS1,Linear Regression,Out of time Split,"{""Test Size"": 0.2}",1.7458354299759358,0.0,1.3752542641211658,0.0,0.030888912381227294,0.0,0.9341291695237725,0.0,1.9476440087017686,0.0,1.5901680481081513,0.0,0.03598593211584702,0.0,0.870596139729467,0.0
Local Model,204,"(2313, 6)",,Chemical + CS1,Linear Regression,Repeated KFold,"{""N_Splits"": 5, ""Repeats"": 3}",1.7473084947186448,0.020282891433248344,1.3732005698036356,0.015065695753619336,0.03095255297438731,0.0003359240017296462,0.9290639241399642,0.0018955000168605547,1.75766661334795,0.07942388082687202,1.3803807594857653,0.059523281771999274,0.031108222862880265,0.0013697216742641985,0.9277665239631557,0.007959876766132294
Local Model,204,"(2313, 6)",,Chemical + CS1,Linear Regression,Time Series Split,"{""N_Splits"": 5, ""Repeats"": 1, ""Gap"": 0}",1.8287466758128457,0.10488600550577269,1.4214997298225158,0.09767970842266695,0.03190690294264715,0.0023208820215570736,0.9302319868362672,0.00827307594226545,1.9783074014708486,0.33976339248833,1.6217338691187984,0.30412056958843653,0.03618953384614654,0.00607340806429138,0.8976576204646538,0.032205413472483686
