Category,Company,Data Shape,Timesteps,Features,Model,Cross Validation,Cross Validation Params,RMSE Train,RMSE Train,MAE Train,MAE Train,MAPE Train,MAPE Train,R2 Train,R2 Train,RMSE Test,RMSE Test,MAE Test,MAE Test,MAPE Test,MAPE Test,R2 Test,R2 Test
,,,,,,,,mean,std,mean,std,mean,std,mean,std,mean,std,mean,std,mean,std,mean,std
Local Model,204,"(2313, 8)",,Chemical + CS1 + CS3 + CS7,Linear Regression,Blocking Time Series Split,"{""N_Splits"": 5, ""Repeats"": 1, ""train_size"": 0.8}",1.0127273852686325,0.18232326977452398,0.7899234596737617,0.14265676338498043,0.01804792482549606,0.0031388098311595663,0.9753432023645289,0.0077728822544002735,1.3527740801826122,0.30533618072817786,1.109768973367469,0.29451106386190196,0.024593472474750164,0.005692385213433902,0.9460648570840473,0.02485423020192076
Local Model,204,"(2313, 8)",,Chemical + CS1 + CS3 + CS7,Linear Regression,Out of time Split,"{""Test Size"": 0.2}",1.1649925205914875,0.0,0.9119665846019546,0.0,0.020380857523896165,0.0,0.9706685989851344,0.0,0.9900809587239043,0.0,0.7304196650203316,0.0,0.017254761283072757,0.0,0.9665597519689152,0.0
Local Model,204,"(2313, 8)",,Chemical + CS1 + CS3 + CS7,Linear Regression,Repeated KFold,"{""N_Splits"": 5, ""Repeats"": 3}",1.1293886270253322,0.009302097333161726,0.8738263844081352,0.007806926125239821,0.019720594168463966,0.00018953969075610053,0.9703684534619362,0.0005222453930920093,1.1359722172486917,0.036787440482649626,0.8793588854168415,0.031053131547811762,0.019844139465706668,0.0007403816112792083,0.9698978887229506,0.00212474938369212
Local Model,204,"(2313, 8)",,Chemical + CS1 + CS3 + CS7,Linear Regression,Time Series Split,"{""N_Splits"": 5, ""Repeats"": 1, ""Gap"": 0}",1.246819837939854,0.07936898433395048,0.9714518446843972,0.05641779334558955,0.021708325214910278,0.001372368365626921,0.967550703099031,0.004271017939764295,1.1643771297938041,0.09336808492108133,0.9125351153623684,0.09221429901108279,0.02046328712620051,0.0014399227598209296,0.9660970107191096,0.0029370295524737745
