Category,Company,Data Shape,Timesteps,Features,Model,Cross Validation,Cross Validation Params,RMSE Train,RMSE Train,MAE Train,MAE Train,MAPE Train,MAPE Train,R2 Train,R2 Train,RMSE Test,RMSE Test,MAE Test,MAE Test,MAPE Test,MAPE Test,R2 Test,R2 Test
,,,,,,,,mean,std,mean,std,mean,std,mean,std,mean,std,mean,std,mean,std,mean,std
Local Model,204,"(2313, 7)",,Chemical + CS3 + CS7,Linear Regression,Blocking Time Series Split,"{""N_Splits"": 5, ""Repeats"": 1, ""train_size"": 0.8}",1.0220848262830668,0.1792361043295899,0.7977455778454523,0.142824803605251,0.01820444279674151,0.003149412034595868,0.9749118657284697,0.0076845151106173645,1.2903722372163942,0.3177507837958338,1.0507485883835785,0.30254487133821717,0.023383013980776204,0.005910986274347999,0.9503686804915266,0.024069251307503092
Local Model,204,"(2313, 7)",,Chemical + CS3 + CS7,Linear Regression,Out of time Split,"{""Test Size"": 0.2}",1.1667278942200894,0.0,0.9149937550473304,0.0,0.020465974470480902,0.0,0.9705811497527186,0.0,0.9951316257093936,0.0,0.7335831707412297,0.0,0.01733429272043523,0.0,0.966217706511195,0.0
Local Model,204,"(2313, 7)",,Chemical + CS3 + CS7,Linear Regression,Repeated KFold,"{""N_Splits"": 5, ""Repeats"": 3}",1.1314518355698022,0.009465120127321617,0.8763134984165327,0.007986982864467496,0.01978813657280105,0.00019187609214409263,0.9702599231287982,0.0005371964382497503,1.1372641799735559,0.037395888501445616,0.881084769495427,0.03140130208607987,0.019895232608037598,0.0007388404495671218,0.9698264779188358,0.002183006178683902
Local Model,204,"(2313, 7)",,Chemical + CS3 + CS7,Linear Regression,Time Series Split,"{""N_Splits"": 5, ""Repeats"": 1, ""Gap"": 0}",1.2504067981998932,0.08199159358221479,0.9775712893760206,0.06137455787064431,0.02185379424287869,0.0014866118833313613,0.9673562994649002,0.00442215145511456,1.168891369722104,0.10095326390688315,0.9183232344628175,0.10216376829923085,0.020619935800681916,0.0016807147463777654,0.9658374690258448,0.003236591347491288
