Category,Company,Data Shape,Timesteps,Features,Model,Cross Validation,Cross Validation Params,RMSE Train,RMSE Train,MAE Train,MAE Train,MAPE Train,MAPE Train,R2 Train,R2 Train,RMSE Test,RMSE Test,MAE Test,MAE Test,MAPE Test,MAPE Test,R2 Test,R2 Test
,,,,,,,,mean,std,mean,std,mean,std,mean,std,mean,std,mean,std,mean,std,mean,std
Local Model,204,"(2313, 6)",,Chemical + CS3,MLP,Blocking Time Series Split,"{""N_Splits"": 5, ""Repeats"": 3, ""train_size"": 0.8}",2.972084842837411,0.3957952836785711,2.289184039618157,0.27867989295564016,0.05287006166673471,0.006774266229750129,0.789593684300335,0.044989027020302226,4.991368661637117,2.065328790770497,3.690859627945876,1.1480402234911693,0.0823049550205443,0.02460335459051078,-0.14768956096683203,1.6357265604370235
Local Model,204,"(2313, 6)",,Chemical + CS3,MLP,Out of time Split,"{""Test Size"": 0.2}",1.3350714753317632,0.003733813976561488,1.053079527832581,0.003273416267162273,0.023594875966780848,8.982379571120972e-05,0.9614788748151987,0.00021563081455324627,1.1915900755395095,0.007959510428632702,0.9326374479641238,0.0006399743528235962,0.021714133762042242,2.5686986591466673e-05,0.9515603266633254,0.0006482967464339129
Local Model,204,"(2313, 6)",,Chemical + CS3,MLP,Repeated KFold,"{""N_Splits"": 5, ""Repeats"": 3}",1.3199568919278464,0.02676307487371278,1.0325020132215394,0.01723745639635483,0.02331976186938698,0.0003506317623450908,0.9595144227437699,0.0015868945455613907,1.3465134054960202,0.06769066655198207,1.0504972169836087,0.043467977603466615,0.023696061442183544,0.0009522365847692271,0.9576422066776732,0.004436254415729837
Local Model,204,"(2313, 6)",,Chemical + CS3,MLP,Time Series Split,"{""N_Splits"": 5, ""Repeats"": 3, ""Gap"": 0}",1.8606066736939875,0.8063451673778462,1.4389592758874667,0.599296761839878,0.03275066664080888,0.014685238144149342,0.9135014996511842,0.08501492505523137,2.015811240201017,0.9574814048112156,1.5979403232590976,0.7113516581288075,0.036060557011919375,0.015115628348886625,0.8903156939702339,0.09334901572178954
