Category,Company,Data Shape,Timesteps,Features,Model,Cross Validation,Cross Validation Params,RMSE Train,RMSE Train,MAE Train,MAE Train,MAPE Train,MAPE Train,R2 Train,R2 Train,RMSE Test,RMSE Test,MAE Test,MAE Test,MAPE Test,MAPE Test,R2 Test,R2 Test
,,,,,,,,mean,std,mean,std,mean,std,mean,std,mean,std,mean,std,mean,std,mean,std
Local Model,204,"(2313, 10)",,Chemical + Properties CS Less,MLP,Blocking Time Series Split,"{""N_Splits"": 5, ""Repeats"": 3, ""train_size"": 0.8}",2.7742829688755037,0.3435056331169284,2.0743748320981847,0.22956715184983909,0.04889197608595816,0.005116016324699463,0.8176903300595206,0.03072005428149239,4.815977650371593,2.376545852608742,3.335198867688469,1.2858873738808387,0.07908457484867887,0.031707385797770465,-0.2019685619827764,1.7859531284800718
Local Model,204,"(2313, 10)",,Chemical + Properties CS Less,MLP,Out of time Split,"{""Test Size"": 0.2}",1.5795117742400528,0.011672259954631187,1.1963469069747237,0.005208992438293607,0.026914003774389243,0.0001454110042538676,0.9460792425523584,0.0007959645684065384,1.663610460861878,0.032566642011908634,1.35602157900366,0.029715646271726927,0.030611042687890944,0.0006350866548378355,0.9055509149790035,0.0037017314888553193
Local Model,204,"(2313, 10)",,Chemical + Properties CS Less,MLP,Repeated KFold,"{""N_Splits"": 5, ""Repeats"": 3}",1.5352835811414431,0.038264017806355494,1.159163459247606,0.023692990501538898,0.026077566154365562,0.0004716764900450846,0.9452108749510633,0.0027921559196552375,1.587161948643656,0.08153351554365196,1.188750268366299,0.04538794793374544,0.026758156939704573,0.0011124727700160383,0.9411537722023681,0.006233522921764759
Local Model,204,"(2313, 10)",,Chemical + Properties CS Less,MLP,Time Series Split,"{""N_Splits"": 5, ""Repeats"": 3, ""Gap"": 0}",2.0034644646963096,0.5043302525957623,1.5146993789192242,0.37679316168217103,0.034635128442860603,0.009609566759716935,0.9109219982419536,0.049990313891087115,2.405234267515801,0.8904756363678893,1.8513886111965427,0.5707097374787248,0.042189658126023044,0.01262898266934421,0.8514873919492519,0.0903759722356647
