Category,Company,Data Shape,Timesteps,Features,Model,Cross Validation,Cross Validation Params,RMSE Train,RMSE Train,MAE Train,MAE Train,MAPE Train,MAPE Train,R2 Train,R2 Train,RMSE Test,RMSE Test,MAE Test,MAE Test,MAPE Test,MAPE Test,R2 Test,R2 Test
,,,,,,,,mean,std,mean,std,mean,std,mean,std,mean,std,mean,std,mean,std,mean,std
Local Model,204,"(2313, 6)",,Chemical + Feature Engineering,MLP,Blocking Time Series Split,"{""N_Splits"": 5, ""Repeats"": 3, ""train_size"": 0.8}",2.6806266763753275,0.2268072390717624,2.0809758530972555,0.1971114145601062,0.04820579866099298,0.004617435214778087,0.8268865312878471,0.03650653256842732,4.957569046436771,3.1936218073084204,3.369658797889627,1.756754814413619,0.07754574035208345,0.038545247488634485,-0.5832518083734788,2.634968798418273
Local Model,204,"(2313, 6)",,Chemical + Feature Engineering,MLP,Out of time Split,"{""Test Size"": 0.2}",1.7417873494756535,0.026580746178093948,1.354560541293857,0.02222338288124272,0.03056653663646613,0.0004046193347752272,0.9344190163008911,0.0019918624575930447,1.9982089721043204,0.13583462167615706,1.5647226650823012,0.09445514391467946,0.035366066950873486,0.0019255235482950586,0.8631602885813389,0.018116053733709933
Local Model,204,"(2313, 6)",,Chemical + Feature Engineering,MLP,Repeated KFold,"{""N_Splits"": 5, ""Repeats"": 3}",1.6869650301527828,0.046818103133301835,1.2953023782735278,0.03749579671977089,0.02942497089538772,0.0007884005544360796,0.933841556273001,0.003721921524403651,1.72421778663046,0.07571002933423596,1.3154012913444335,0.04548847968026374,0.029872933431268848,0.0010753926538353525,0.9305410795290648,0.006816863267132573
Local Model,204,"(2313, 6)",,Chemical + Feature Engineering,MLP,Time Series Split,"{""N_Splits"": 5, ""Repeats"": 3, ""Gap"": 0}",2.037818575129969,0.43547363733859296,1.5788003233879102,0.3603536200022029,0.035623331835432655,0.008720856184366906,0.9092557571265256,0.044717287590500324,2.3433338841287337,0.7588399234345204,1.8734414666774468,0.6073752234820087,0.04239544687349064,0.012546163939660286,0.8570092755475874,0.07771606748166097
