Category,Company,Data Shape,Timesteps,Features,Model,Cross Validation,Cross Validation Params,RMSE Train,RMSE Train,MAE Train,MAE Train,MAPE Train,MAPE Train,R2 Train,R2 Train,RMSE Test,RMSE Test,MAE Test,MAE Test,MAPE Test,MAPE Test,R2 Test,R2 Test
,,,,,,,,mean,std,mean,std,mean,std,mean,std,mean,std,mean,std,mean,std,mean,std
Local Model,204,"(2313, 13)",,Chemical + Physical,MLP,Blocking Time Series Split,"{""N_Splits"": 5, ""Repeats"": 3, ""train_size"": 0.8}",3.108465975684217,0.3559478076615549,2.299252471978964,0.22280985565540862,0.05395694116173046,0.005297885459766706,0.7700428326406795,0.04217070912001676,4.989018105622483,1.8241512804430324,3.783389882733745,1.1784793547219456,0.08803806340370796,0.02800336243121424,-0.006101258239612968,1.1475645826809537
Local Model,204,"(2313, 13)",,Chemical + Physical,MLP,Out of time Split,"{""Test Size"": 0.2}",1.2359946895310225,0.005142342840256165,0.9496288175290769,0.00269854456778029,0.021437117060282423,6.133620253610118e-05,0.9669837867994128,0.00027455094261231587,1.0930093536491505,0.023362730624534093,0.7852632109255477,0.016805421043016227,0.018535885645329004,0.0003780865730938204,0.9592268556694011,0.001749682402956033
Local Model,204,"(2313, 13)",,Chemical + Physical,MLP,Repeated KFold,"{""N_Splits"": 5, ""Repeats"": 3}",1.191855940681375,0.045655125903557706,0.9103588571957004,0.02844044397846645,0.020585281360038597,0.0006079246647104394,0.966954057093291,0.002572796133496144,1.2330427598966405,0.08996532922758647,0.9372844638508274,0.049423170931233,0.021199923830380052,0.001046199171173289,0.9643922680971564,0.005400341828596763
Local Model,204,"(2313, 13)",,Chemical + Physical,MLP,Time Series Split,"{""N_Splits"": 5, ""Repeats"": 3, ""Gap"": 0}",1.8996411623792555,0.784504188521147,1.4203548249718487,0.5656519283719389,0.032797062153427835,0.013983193431768067,0.9115056581504641,0.08022583643311215,2.1592539536738484,1.2093494592943288,1.5557496723786062,0.6995031950713552,0.03545085059224739,0.015383768225092055,0.8687152714608369,0.1316750012411774
