Category,Company,Data Shape,Timesteps,Features,Model,Cross Validation,Cross Validation Params,RMSE Train,RMSE Train,MAE Train,MAE Train,MAPE Train,MAPE Train,R2 Train,R2 Train,RMSE Test,RMSE Test,MAE Test,MAE Test,MAPE Test,MAPE Test,R2 Test,R2 Test
,,,,,,,,mean,std,mean,std,mean,std,mean,std,mean,std,mean,std,mean,std,mean,std
Local Model,204,"(2313, 7)",,Chemical + CS1 + CS3,MLP,Blocking Time Series Split,"{""N_Splits"": 5, ""Repeats"": 3, ""train_size"": 0.8}",3.322298835914922,0.45540901966216674,2.5511144657565756,0.3482734498065971,0.05851624447939249,0.008778223022814113,0.736250614205504,0.061964410158158345,5.2378858104088435,1.754582797462985,4.097759135529986,1.215759520583239,0.09115555155290775,0.02687772641524332,-0.10827550736352312,1.3376596828399276
Local Model,204,"(2313, 7)",,Chemical + CS1 + CS3,MLP,Out of time Split,"{""Test Size"": 0.2}",1.3351391406566535,0.0046544193260581535,1.0514036784678966,0.002419260224861808,0.023547425400416128,7.124195877254868e-05,0.9614748031302575,0.0002683585332003288,1.1893665347276434,0.019902424832556966,0.9317408013120668,0.011354286561679248,0.02171798659605355,0.0002592824442210803,0.9517295781320069,0.001613878227786565
Local Model,204,"(2313, 7)",,Chemical + CS1 + CS3,MLP,Repeated KFold,"{""N_Splits"": 5, ""Repeats"": 3}",1.3183301654639268,0.026891349046244493,1.031338705628556,0.017042390841073445,0.0232910581229587,0.0003768262213725317,0.9596129517241694,0.0016213650955760946,1.3416895589943068,0.06259231121104925,1.051484657586749,0.04396529898251493,0.023718009003488343,0.0009873843661497188,0.9579676660390288,0.0040194616892306545
Local Model,204,"(2313, 7)",,Chemical + CS1 + CS3,MLP,Time Series Split,"{""N_Splits"": 5, ""Repeats"": 3, ""Gap"": 0}",1.9543488864013767,0.9964535978935612,1.5116763195875929,0.7510700884433599,0.03439565463791349,0.018207057887965703,0.8985031186608592,0.1151732962884665,2.2581893519364655,1.4289755345614563,1.788654152781829,1.0469159690669703,0.03985014790837784,0.022092552443095236,0.8476820305686021,0.17874762485780543
