Category,Company,Data Shape,Timesteps,Features,Model,Cross Validation,Cross Validation Params,RMSE Train,RMSE Train,MAE Train,MAE Train,MAPE Train,MAPE Train,R2 Train,R2 Train,RMSE Test,RMSE Test,MAE Test,MAE Test,MAPE Test,MAPE Test,R2 Test,R2 Test
,,,,,,,,mean,std,mean,std,mean,std,mean,std,mean,std,mean,std,mean,std,mean,std
Local Model,204,"(2313, 7)",,Chemical + CS3 + CS7,MLP,Blocking Time Series Split,"{""N_Splits"": 5, ""Repeats"": 3, ""train_size"": 0.8}",3.3309344764801496,0.49429802722641647,2.567351043329006,0.3563605525885109,0.05920017029815549,0.008904416038197846,0.7343860408881845,0.067935074929427,5.161609932028099,1.7641629417233038,4.115524416414213,1.2954646928638298,0.09194745651344473,0.028175741733535008,-0.09602717250629453,1.3467577334325396
Local Model,204,"(2313, 7)",,Chemical + CS3 + CS7,MLP,Out of time Split,"{""Test Size"": 0.2}",1.1537275993394194,0.0028606824320574014,0.9017536485139314,0.0015299996447070627,0.020123069132558298,6.738330091994473e-05,0.9712329209277494,0.0001427636615556118,1.0185989248283465,0.018223236425984432,0.7598248623874738,0.012368456088714163,0.017855289095586136,0.0002962275067892935,0.9645942757455012,0.0012592752656137923
Local Model,204,"(2313, 7)",,Chemical + CS3 + CS7,MLP,Repeated KFold,"{""N_Splits"": 5, ""Repeats"": 3}",1.1487615017964568,0.02882000151844503,0.8922060411784367,0.020396638741639304,0.02013166453475923,0.0004330544044347119,0.9693272730208969,0.001534578634057703,1.1658549801988622,0.05872768383994298,0.9063804540769778,0.0432146319819886,0.02042578881867128,0.0009416386371034576,0.9682438106438265,0.0033232612132516096
Local Model,204,"(2313, 7)",,Chemical + CS3 + CS7,MLP,Time Series Split,"{""N_Splits"": 5, ""Repeats"": 3, ""Gap"": 0}",1.8368628359452508,1.1169579065634305,1.4120360056576757,0.8455705652113017,0.03226013536849462,0.02044705164843346,0.902287329193729,0.1278479686411811,1.9251394912014848,1.2291359267313213,1.4828154530182545,0.8650033730428676,0.03339100428075809,0.018701869154415667,0.8888091909544643,0.13111390541705972
