Category,Company,Data Shape,Timesteps,Features,Model,Cross Validation,Cross Validation Params,RMSE Train,RMSE Train,MAE Train,MAE Train,MAPE Train,MAPE Train,R2 Train,R2 Train,RMSE Test,RMSE Test,MAE Test,MAE Test,MAPE Test,MAPE Test,R2 Test,R2 Test
,,,,,,,,mean,std,mean,std,mean,std,mean,std,mean,std,mean,std,mean,std,mean,std
Local Model,204,"(2313, 13)",,Chemical + Physical,Random Forest,Blocking Time Series Split,"{""N_Splits"": 5, ""Repeats"": 1, ""train_size"": 0.8}",0.7245350857277686,0.12880349549761672,0.5618145850347489,0.10347425814547587,0.012863132781949584,0.002287632854934385,0.9874899915743619,0.0035261842112766146,1.3098447458854934,0.17077482961000143,1.0270435456337805,0.14879265233499317,0.022996281654896124,0.0029254349301461318,0.9498786762263599,0.01913135747362233
Local Model,204,"(2313, 13)",,Chemical + Physical,Random Forest,Out of time Split,"{""Test Size"": 0.2}",1.0539009652940816,0.0,0.819110970332432,0.0,0.01828327915405067,0.0,0.9759958607289158,0.0,1.0070300343104008,0.0,0.7519098938104497,0.0,0.017762009593478817,0.0,0.9654050330209518,0.0
Local Model,204,"(2313, 13)",,Chemical + Physical,Random Forest,Repeated KFold,"{""N_Splits"": 5, ""Repeats"": 3}",1.0104703815329006,0.010357225366804064,0.7860494330359822,0.009571833973587579,0.01772615425143677,0.00021493468523890196,0.976279484764493,0.0004921501084111571,1.1289160828760418,0.04049392719420575,0.87169055278618,0.02987837766742873,0.01971094920643183,0.0007128185753913132,0.9702503733897844,0.002474648205234923
Local Model,204,"(2313, 13)",,Chemical + Physical,Random Forest,Time Series Split,"{""N_Splits"": 5, ""Repeats"": 1, ""Gap"": 0}",1.0505369733602061,0.0316046358372137,0.8182252757305962,0.027479674009598883,0.018308355658026097,0.0003913117526304261,0.9770556128119786,0.0009496854204308652,1.3118228004322012,0.17502444077606816,1.0351583570268634,0.15415590308435495,0.023151840004289125,0.0029683712553501673,0.9575351059356076,0.0031124180144167517
