Category,Company,Data Shape,Timesteps,Features,Model,Cross Validation,Cross Validation Params,RMSE Train,RMSE Train,MAE Train,MAE Train,MAPE Train,MAPE Train,R2 Train,R2 Train,RMSE Test,RMSE Test,MAE Test,MAE Test,MAPE Test,MAPE Test,R2 Test,R2 Test
,,,,,,,,mean,std,mean,std,mean,std,mean,std,mean,std,mean,std,mean,std,mean,std
Local Model,204,"(2313, 5)",,Chemical,Random Forest,Blocking Time Series Split,"{""N_Splits"": 5, ""Repeats"": 1, ""train_size"": 0.8}",1.0374227306885517,0.29798065016784353,0.7875024257777724,0.23437461204883403,0.018100088546708883,0.005088150346878648,0.9739977257675576,0.01243052676451484,1.8361494685438853,0.23062845275366156,1.4255024739523887,0.08869009661662598,0.03255525138046346,0.002966964360638415,0.888793687361523,0.08255870659272098
Local Model,204,"(2313, 5)",,Chemical,Random Forest,Out of time Split,"{""Test Size"": 0.2}",1.460848119932552,0.0,1.1202865520847642,0.0,0.025253191900746104,0.0,0.9538792176973124,0.0,1.808551766651362,0.0,1.3044906438202648,0.0,0.030290656618239774,0.0,0.8884190738208714,0.0
Local Model,204,"(2313, 5)",,Chemical,Random Forest,Repeated KFold,"{""N_Splits"": 5, ""Repeats"": 3}",1.4220930493196196,0.019192881135357876,1.0831772633419023,0.011533905178462436,0.024580158597093442,0.00028964680615590707,0.9530138633305214,0.0012870427210335872,1.559529675780921,0.07747235906206942,1.174532106120704,0.051193628635593166,0.02674530065739304,0.0012299642790887244,0.9431246197914703,0.006622482634749647
Local Model,204,"(2313, 5)",,Chemical,Random Forest,Time Series Split,"{""N_Splits"": 5, ""Repeats"": 1, ""Gap"": 0}",1.523819400367602,0.06353184136953714,1.1629425075213249,0.0449533732518353,0.026176401170390894,0.0010253951349405357,0.9517202684492583,0.002900958752155925,2.119614091374849,0.3902944244971214,1.6506459164276968,0.3326109478876117,0.03749194084042276,0.007034887031160506,0.8858793352208046,0.03026960244969353
