Category,Company,Data Shape,Timesteps,Features,Model,Cross Validation,Cross Validation Params,RMSE Train,RMSE Train,MAE Train,MAE Train,MAPE Train,MAPE Train,R2 Train,R2 Train,RMSE Test,RMSE Test,MAE Test,MAE Test,MAPE Test,MAPE Test,R2 Test,R2 Test
,,,,,,,,mean,std,mean,std,mean,std,mean,std,mean,std,mean,std,mean,std,mean,std
Local Model,204,"(2313, 6)",,Chemical + Feature Engineering,Random Forest,Blocking Time Series Split,"{""N_Splits"": 5, ""Repeats"": 1, ""train_size"": 0.8}",1.0274825602742534,0.30040618477105446,0.7834290822245861,0.2359497940569292,0.017955185558622168,0.005148589032994604,0.9743890650607534,0.012775742079773477,1.8406713762390585,0.20928268665505867,1.4182734130527506,0.0885840817513093,0.03249388227160309,0.0028491311208442473,0.8895780268111334,0.07832149618316318
Local Model,204,"(2313, 6)",,Chemical + Feature Engineering,Random Forest,Out of time Split,"{""Test Size"": 0.2}",1.456527827491005,0.0,1.117627561701238,0.0,0.0251879907094332,0.0,0.9541516082724198,0.0,1.816992146292388,0.0,1.3132686867414864,0.0,0.030489482517209437,0.0,0.8873751634202871,0.0
Local Model,204,"(2313, 6)",,Chemical + Feature Engineering,Random Forest,Repeated KFold,"{""N_Splits"": 5, ""Repeats"": 3}",1.418309979639894,0.01960650113832447,1.0805790720950597,0.0120230284633244,0.024522738350156722,0.0002887957235897018,0.9532624158292582,0.0013335821486951797,1.5615166156538343,0.07609237491088669,1.1776541527449889,0.05188825514074899,0.02682823704946254,0.001239070341744583,0.9429748198925503,0.006632226526182048
Local Model,204,"(2313, 6)",,Chemical + Feature Engineering,Random Forest,Time Series Split,"{""N_Splits"": 5, ""Repeats"": 1, ""Gap"": 0}",1.5070413864183902,0.05928368935422389,1.1547036242062645,0.04157661096606037,0.026010516270207895,0.0009414297815774973,0.9527933467890888,0.002387987799736966,2.070829977929678,0.4141675172443468,1.6163398206104111,0.3389762850138542,0.03666719107413724,0.007442913535512834,0.8893277346742394,0.033715902210089486
