Category,Company,Data Shape,Timesteps,Features,Model,Cross Validation,Cross Validation Params,RMSE Train,RMSE Train,MAE Train,MAE Train,MAPE Train,MAPE Train,R2 Train,R2 Train,RMSE Test,RMSE Test,MAE Test,MAE Test,MAPE Test,MAPE Test,R2 Test,R2 Test
,,,,,,,,mean,std,mean,std,mean,std,mean,std,mean,std,mean,std,mean,std,mean,std
Local Model,204,"(2313, 10)",,Chemical + Properties CS Less,Random Forest,Blocking Time Series Split,"{""N_Splits"": 5, ""Repeats"": 1, ""train_size"": 0.8}",0.9553773891927136,0.24842639553812063,0.7296196629421026,0.19515148754663786,0.01682570811448678,0.004311739299993769,0.9782458996661628,0.00861492070388322,1.8640204939651248,0.502086322698879,1.429141546348433,0.24314588751110133,0.0329865270180668,0.006628443664482906,0.8663961351911013,0.14349338424100555
Local Model,204,"(2313, 10)",,Chemical + Properties CS Less,Random Forest,Out of time Split,"{""Test Size"": 0.2}",1.3983245620248521,0.0,1.079788533403371,0.0,0.02437398121155832,0.0,0.9577426259447349,0.0,1.927802207782644,0.0,1.4191413186252675,0.0,0.0326066783166077,0.0,0.8732193365395525,0.0
Local Model,204,"(2313, 10)",,Chemical + Properties CS Less,Random Forest,Repeated KFold,"{""N_Splits"": 5, ""Repeats"": 3}",1.3477700814678384,0.016424588404251934,1.0289929345690922,0.011646528736908584,0.02331918773949339,0.00027181547985727415,0.9577977992436685,0.0010621464837395434,1.5032387480114984,0.07749753636716356,1.1295886525858354,0.0567280234347827,0.025626469317175292,0.00130348308094904,0.9471683626468587,0.006045268100845422
Local Model,204,"(2313, 10)",,Chemical + Properties CS Less,Random Forest,Time Series Split,"{""N_Splits"": 5, ""Repeats"": 1, ""Gap"": 0}",1.4027474104820274,0.047640245917477946,1.0815716391594268,0.025711949518986324,0.02444501120667808,0.00042735095909546505,0.959093979772617,0.001863051716232282,2.1017324246918494,0.41091168023767977,1.633491907919505,0.2914413674120017,0.03655256310942724,0.005868274946031814,0.8865004799718023,0.034384463143429425
