Category,Company,Data Shape,Timesteps,Features,Model,Cross Validation,Cross Validation Params,RMSE Train,RMSE Train,MAE Train,MAE Train,MAPE Train,MAPE Train,R2 Train,R2 Train,RMSE Test,RMSE Test,MAE Test,MAE Test,MAPE Test,MAPE Test,R2 Test,R2 Test
,,,,,,,,mean,std,mean,std,mean,std,mean,std,mean,std,mean,std,mean,std,mean,std
Local Model,204,"(2313, 7)",,Chemical + CS3 + CS7,XGBoost,Blocking Time Series Split,"{""N_Splits"": 5, ""Repeats"": 1, ""train_size"": 0.8}",1.386019958503826,0.14346109172319668,1.129256482132082,0.12077869153240878,0.026880974448817985,0.00230743457628197,0.9547276364454232,0.004495737440096207,2.084503159077793,0.8744023655538585,1.5810970954484835,0.48172716573841673,0.037132596810008946,0.011723933427649512,0.869075410997635,0.09877014815366862
Local Model,204,"(2313, 7)",,Chemical + CS3 + CS7,XGBoost,Out of time Split,"{""Test Size"": 0.2}",1.551384678339003,0.0,1.262931410423485,0.0,0.02951903670714326,0.0,0.9479853681180326,0.0,1.2309060996502845,0.0,0.9347132359416128,0.0,0.022883708836427707,0.0,0.9483134051879529,0.0
Local Model,204,"(2313, 7)",,Chemical + CS3 + CS7,XGBoost,Repeated KFold,"{""N_Splits"": 5, ""Repeats"": 3}",1.490280599133262,0.006783869585317956,1.1948996394730012,0.0084251752778904,0.028093549463491792,0.00020796551692275303,0.9484100705986116,0.00032017520666967764,1.5796784745043098,0.0538388613915144,1.25926462010907,0.0458603644584034,0.029530676610344902,0.0012337791693241725,0.941837722867877,0.0034379489300243355
Local Model,204,"(2313, 7)",,Chemical + CS3 + CS7,XGBoost,Time Series Split,"{""N_Splits"": 5, ""Repeats"": 1, ""Gap"": 0}",1.5849429461668056,0.025103149167550947,1.2977164667920114,0.027759225710391393,0.030112279524977137,0.0004734013721539995,0.9477669924045724,0.0014265525050015117,1.7242308649804001,0.3697902055026166,1.390689332957082,0.3124880895235875,0.032577484282252225,0.0060954494505671844,0.9268914522788666,0.017640764041319812
