Category,Company,Data Shape,Timesteps,Features,Model,Cross Validation,Cross Validation Params,RMSE Train,RMSE Train,MAE Train,MAE Train,MAPE Train,MAPE Train,R2 Train,R2 Train,RMSE Test,RMSE Test,MAE Test,MAE Test,MAPE Test,MAPE Test,R2 Test,R2 Test
,,,,,,,,mean,std,mean,std,mean,std,mean,std,mean,std,mean,std,mean,std,mean,std
Local Model,204,"(2313, 7)",,Chemical + CS1 + CS3,XGBoost,Blocking Time Series Split,"{""N_Splits"": 5, ""Repeats"": 1, ""train_size"": 0.8}",1.419721440997742,0.1577401552892336,1.1394773396644489,0.1245799798139693,0.02714066217899767,0.0023998492746852606,0.9525148326754049,0.005394334464245213,2.339575260305483,0.9778106395351042,1.7807390963646672,0.5878743230635846,0.04155611547972676,0.013830681721408817,0.834871598210056,0.12028728451019104
Local Model,204,"(2313, 7)",,Chemical + CS1 + CS3,XGBoost,Out of time Split,"{""Test Size"": 0.2}",1.6483131387160648,0.0,1.3342282194395323,0.0,0.031105712012052828,0.0,0.9412827139391888,0.0,1.2793334302506778,0.0,0.9604226921856015,0.0,0.023516689876841836,0.0,0.944166407736024,0.0
Local Model,204,"(2313, 7)",,Chemical + CS1 + CS3,XGBoost,Repeated KFold,"{""N_Splits"": 5, ""Repeats"": 3}",1.5788308012999588,0.009474334605985488,1.2573195782118236,0.00871054715754979,0.02947880669130748,0.00021478205049432815,0.9420966784372796,0.0005340365090055218,1.690813794049112,0.05432171724714,1.337156265351999,0.045237568665906294,0.0312917783295533,0.0012914808232336783,0.9333776488065164,0.0035797006183007954
Local Model,204,"(2313, 7)",,Chemical + CS1 + CS3,XGBoost,Time Series Split,"{""N_Splits"": 5, ""Repeats"": 1, ""Gap"": 0}",1.6650660809445228,0.02000940071884321,1.3468237403949976,0.024249488989321995,0.031245622424174325,0.0003889666003575757,0.9423428504101657,0.0016797072281588682,1.8531701505030298,0.3888188776091771,1.492514867926263,0.3221399667774717,0.03497405503299183,0.00692670297759953,0.9155600602291502,0.01928142127644349
