Category,Company,Data Shape,Timesteps,Features,Model,Cross Validation,Cross Validation Params,RMSE Train,RMSE Train,MAE Train,MAE Train,MAPE Train,MAPE Train,R2 Train,R2 Train,RMSE Test,RMSE Test,MAE Test,MAE Test,MAPE Test,MAPE Test,R2 Test,R2 Test
,,,,,,,,mean,std,mean,std,mean,std,mean,std,mean,std,mean,std,mean,std,mean,std
Local Model,partner_i,"(594, 32)",,Chemical + Mineralogical + CS3,Decision Tree,Blocking Time Series Split,"{""N_Splits"": 5, ""Repeats"": 1, ""train_size"": 0.8}",0.7444325625637387,0.13414592055444036,0.5643470694389435,0.09500939011665771,0.011844312744826118,0.0019414587705199374,0.5492446423310062,0.13531786567204301,1.0997450368847665,0.4568000468243919,0.8823967545249101,0.3723644586628518,0.01857314370045728,0.007659816145248149,-0.5889260463731663,0.6365849335000252
Local Model,partner_i,"(594, 32)",,Chemical + Mineralogical + CS3,Decision Tree,Out of time Split,"{""Test Size"": 0.2}",0.9830370538875607,0.0,0.7624394080141896,0.0,0.016000824407522096,0.0,0.26704254144683415,0.0,1.15697772430773,0.0,0.9147666304147306,0.0,0.019126845848553568,0.0,0.19975914536948947,0.0
Local Model,partner_i,"(594, 32)",,Chemical + Mineralogical + CS3,Decision Tree,Repeated KFold,"{""N_Splits"": 5, ""Repeats"": 3}",1.001644224571711,0.02053782074960455,0.7704790073075818,0.01567404813536976,0.016152043897639627,0.00032438718369313686,0.2793864528583644,0.02666634409411135,1.0485836997231135,0.0926560794051431,0.8096472873587929,0.056330836105880584,0.016962416354483676,0.001115585317522474,0.19868574981981293,0.09379815540152843
Local Model,partner_i,"(594, 32)",,Chemical + Mineralogical + CS3,Decision Tree,Time Series Split,"{""N_Splits"": 5, ""Repeats"": 1, ""Gap"": 0}",0.8411988382794723,0.09206708771874261,0.6409992330517931,0.07092942475789447,0.013471963166363848,0.0014745075244642337,0.38346114993752023,0.13756668182118736,1.2249715127770728,0.42067202330573555,0.9505007401865251,0.31301008861983176,0.01979834354258688,0.0061490986931266745,-0.29482167826077016,0.17962030148598865
