Category,Company,Data Shape,Timesteps,Features,Model,Cross Validation,Cross Validation Params,RMSE Train,RMSE Train,MAE Train,MAE Train,MAPE Train,MAPE Train,R2 Train,R2 Train,RMSE Test,RMSE Test,MAE Test,MAE Test,MAPE Test,MAPE Test,R2 Test,R2 Test
,,,,,,,,mean,std,mean,std,mean,std,mean,std,mean,std,mean,std,mean,std,mean,std
Local Model,partner_i,"(594, 37)",,Chemical + Mineralogical + Properties CS Less,Linear Regression,Blocking Time Series Split,"{""N_Splits"": 5, ""Repeats"": 1, ""train_size"": 0.8}",0.6519350975274927,0.057336462607200295,0.5284217518865871,0.05569416994336739,0.011100594548728516,0.0011243805833545627,0.6541956620729603,0.07082954478891273,1.1654219233697496,0.21890639369931053,0.9141865486417158,0.22708859627723793,0.019261047846150757,0.004910316494632435,-1.3755546396317229,1.5384347779601584
Local Model,partner_i,"(594, 37)",,Chemical + Mineralogical + Properties CS Less,Linear Regression,Out of time Split,"{""Test Size"": 0.2}",0.890048898868601,0.0,0.691329415863895,0.0,0.014495682502854988,0.0,0.3991490851066094,0.0,1.3935155411105415,0.0,1.1441673018527834,0.0,0.023901899475768873,0.0,-0.16089878813654246,0.0
Local Model,partner_i,"(594, 37)",,Chemical + Mineralogical + Properties CS Less,Linear Regression,Repeated KFold,"{""N_Splits"": 5, ""Repeats"": 3}",0.9675234235409746,0.012694814283638098,0.7546578282630256,0.010368318006547524,0.015804420020067815,0.00021755868136198912,0.3277161033628204,0.017028959216197938,1.078784562439729,0.07558064575475583,0.8277871587152988,0.05177090810909899,0.01734202748051335,0.0011059092703618934,0.14534103773210097,0.1392024827606468
Local Model,partner_i,"(594, 37)",,Chemical + Mineralogical + Properties CS Less,Linear Regression,Time Series Split,"{""N_Splits"": 5, ""Repeats"": 1, ""Gap"": 0}",0.7951883423094527,0.08768201531722888,0.6217969343657028,0.06407978283569991,0.013077296179605272,0.0013188074325749977,0.44780378036109747,0.1305078641787778,1.3593304638467754,0.2873223985623905,1.0550579001306162,0.22820989855587873,0.022017688795864958,0.004545706942036487,-0.7280831867744537,0.3937790999427517
