Category,Company,Data Shape,Timesteps,Features,Model,Cross Validation,Cross Validation Params,RMSE Train,RMSE Train,MAE Train,MAE Train,MAPE Train,MAPE Train,R2 Train,R2 Train,RMSE Test,RMSE Test,MAE Test,MAE Test,MAPE Test,MAPE Test,R2 Test,R2 Test
,,,,,,,,mean,std,mean,std,mean,std,mean,std,mean,std,mean,std,mean,std,mean,std
Local Model,partner_i,"(594, 40)",,Chemical + Mineralogical + Physical,Linear Regression,Blocking Time Series Split,"{""N_Splits"": 5, ""Repeats"": 1, ""train_size"": 0.8}",0.5592654657102256,0.05936259043526898,0.4425444766018572,0.048025898574677275,0.00929037972304419,0.0009721509836220813,0.7407525081883067,0.08168842516583597,1.0996652950699697,0.15487526316392605,0.8348208629847654,0.1297670393093879,0.01756978058676783,0.0027133054750491195,-1.067925081985309,1.2847753684337693
Local Model,partner_i,"(594, 40)",,Chemical + Mineralogical + Physical,Linear Regression,Out of time Split,"{""Test Size"": 0.2}",0.7317547160161992,0.0,0.5683365798222229,0.0,0.011941260262071282,0.0,0.5938653417066644,0.0,1.2638440809926896,0.0,0.9399915315454699,0.0,0.019641243786937716,0.0,0.04510037572653247,0.0
Local Model,partner_i,"(594, 40)",,Chemical + Mineralogical + Physical,Linear Regression,Repeated KFold,"{""N_Splits"": 5, ""Repeats"": 3}",0.7795639469906843,0.013675542270835154,0.6055465474022363,0.01060606425990998,0.012706464625517996,0.00022491778980211844,0.5635332819039898,0.013703866003828865,0.8716265786907901,0.058256844655221095,0.6727570623573605,0.04318529128570449,0.014117814785104543,0.0009228813370515203,0.4449093840224351,0.06474808305819342
Local Model,partner_i,"(594, 40)",,Chemical + Mineralogical + Physical,Linear Regression,Time Series Split,"{""N_Splits"": 5, ""Repeats"": 1, ""Gap"": 0}",0.6633372870992934,0.07708235627345926,0.5128379946614319,0.05928004181428639,0.010796206411556878,0.0012336258378503298,0.6088273741349175,0.11773171743025442,1.0944960263666996,0.14706454106961728,0.8477266194728348,0.13498979755274243,0.0177616892748373,0.0029035882631512746,-0.2776787647078427,0.5508198872793445
