Category,Company,Data Shape,Timesteps,Features,Model,Cross Validation,Cross Validation Params,RMSE Train,RMSE Train,MAE Train,MAE Train,MAPE Train,MAPE Train,R2 Train,R2 Train,RMSE Test,RMSE Test,MAE Test,MAE Test,MAPE Test,MAPE Test,R2 Test,R2 Test
,,,,,,,,mean,std,mean,std,mean,std,mean,std,mean,std,mean,std,mean,std,mean,std
Local Model,partner_i,"(594, 37)",,Chemical + Mineralogical + Properties CS Less,MLP,Blocking Time Series Split,"{""N_Splits"": 5, ""Repeats"": 3, ""train_size"": 0.8}",6.916314873245946,0.93214571232308,5.424314658523452,0.7275472901305698,0.11405860898434672,0.015234526439328879,-38.62046062308036,12.522390941600209,13.366462619730884,2.632356750159853,10.86736160119375,2.8303343872796414,0.22962742264490205,0.05911373339540453,-266.5261454244195,125.226966433493
Local Model,partner_i,"(594, 37)",,Chemical + Mineralogical + Properties CS Less,MLP,Out of time Split,"{""Test Size"": 0.2}",2.3107339083846767,0.22774542232251613,1.8075128735994042,0.17280352201723362,0.03802902073263415,0.003658550255458652,-3.0891896965941292,0.8147673839596775,16.46190577312263,1.9064718963350809,4.367543784176266,0.3828873542940012,0.09164341159210547,0.008036047964263566,-163.17880247299055,36.45959997815826
Local Model,partner_i,"(594, 37)",,Chemical + Mineralogical + Properties CS Less,MLP,Repeated KFold,"{""N_Splits"": 5, ""Repeats"": 3}",2.2258319595832323,0.24627037706638952,1.7396502779634866,0.1959217092095485,0.03654752530605701,0.004128699001658954,-2.599254495101559,0.7845773136146054,6.220094795087215,6.020100475331716,2.7591544043319955,0.6537983606893474,0.058069008860281435,0.0138689454802262,-53.58701794177224,93.88731944440902
Local Model,partner_i,"(594, 37)",,Chemical + Mineralogical + Properties CS Less,MLP,Time Series Split,"{""N_Splits"": 5, ""Repeats"": 3, ""Gap"": 0}",4.212081959262066,1.888898502140518,3.253317907442549,1.4621335997262772,0.06867454537898866,0.0309320804043257,-16.176594547037627,13.885502474461173,9.86803675203875,4.439929313124764,6.524937140339552,3.3125830184724663,0.1371145383721582,0.06990596657138294,-119.12187632242674,92.59198843507822
