Category,Company,Data Shape,Timesteps,Features,Model,Cross Validation,Cross Validation Params,RMSE Train,RMSE Train,MAE Train,MAE Train,MAPE Train,MAPE Train,R2 Train,R2 Train,RMSE Test,RMSE Test,MAE Test,MAE Test,MAPE Test,MAPE Test,R2 Test,R2 Test
,,,,,,,,mean,std,mean,std,mean,std,mean,std,mean,std,mean,std,mean,std,mean,std
Local Model,partner_i,"(594, 32)",,Chemical + Mineralogical + CS3,MLP,Blocking Time Series Split,"{""N_Splits"": 5, ""Repeats"": 3, ""train_size"": 0.8}",7.743019856012511,0.8380889733737809,6.143907809426598,0.6334098605394546,0.12932100468811175,0.01332394739117232,-48.56207311296076,13.439784302567992,12.707749591228874,2.1431138913121934,10.404798894458347,2.0060676409206235,0.21928333889864407,0.04114831720542665,-264.38885646864406,173.40717641191287
Local Model,partner_i,"(594, 32)",,Chemical + Mineralogical + CS3,MLP,Out of time Split,"{""Test Size"": 0.2}",2.3197905782271033,0.4281990228495827,1.7696254743609512,0.3099780911130536,0.03721472433440745,0.00650613303242978,-3.2207264391377026,1.6032013618124101,15.214685564674973,1.4642163629476053,3.766468486198187,0.9222591804768048,0.07923289220501537,0.019464273522012084,-138.66912867301912,27.51265232837914
Local Model,partner_i,"(594, 32)",,Chemical + Mineralogical + CS3,MLP,Repeated KFold,"{""N_Splits"": 5, ""Repeats"": 3}",2.1806660350782323,0.2508119661690048,1.6985998621674454,0.19544358033100226,0.03570367352663997,0.004117789173003567,-2.459090602712716,0.8215991885886521,5.766692270766484,5.759413871921705,2.5406253315742178,0.6319850032467699,0.05347667407823421,0.013357734506163172,-47.12174544147705,85.63904862587076
Local Model,partner_i,"(594, 32)",,Chemical + Mineralogical + CS3,MLP,Time Series Split,"{""N_Splits"": 5, ""Repeats"": 3, ""Gap"": 0}",4.269626685354707,2.1557829453509987,3.326785438957172,1.7361098670636128,0.07027562431638469,0.03681771512683377,-17.30330408078795,16.926679582426505,9.687746821506293,3.8564745776047022,6.285629250947071,3.2383569023681247,0.13203633553278157,0.06841637868394833,-112.20154687576324,81.31226899070309
