Category,Company,Data Shape,Timesteps,Features,Model,Cross Validation,Cross Validation Params,RMSE Train,RMSE Train,MAE Train,MAE Train,MAPE Train,MAPE Train,R2 Train,R2 Train,RMSE Test,RMSE Test,MAE Test,MAE Test,MAPE Test,MAPE Test,R2 Test,R2 Test
,,,,,,,,mean,std,mean,std,mean,std,mean,std,mean,std,mean,std,mean,std,mean,std
Local Model,partner_i,"(594, 32)",,Chemical + Mineralogical + CS3,Random Forest,Blocking Time Series Split,"{""N_Splits"": 5, ""Repeats"": 1, ""train_size"": 0.8}",0.6202145980830919,0.05779502788573742,0.4907061814978036,0.04386300457553992,0.010297168659848716,0.000869374905069916,0.682523276480044,0.0819852672744577,1.029311411961698,0.39654483191722567,0.8349280918687768,0.3052540770037135,0.017546551408755197,0.006218974036456054,-0.42296373254437647,0.673731905742235
Local Model,partner_i,"(594, 32)",,Chemical + Mineralogical + CS3,Random Forest,Out of time Split,"{""Test Size"": 0.2}",0.8374374219802507,0.0,0.6484585775882565,0.0,0.013598979194036727,0.0,0.4680831839767273,0.0,1.2459808461861208,0.0,1.0149048553866808,0.0,0.021318957392531063,0.0,0.07190281125671971,0.0
Local Model,partner_i,"(594, 32)",,Chemical + Mineralogical + CS3,Random Forest,Repeated KFold,"{""N_Splits"": 5, ""Repeats"": 3}",0.863269862114025,0.020661613325781508,0.6624172889204986,0.01784358079627568,0.013879275831400344,0.0003651478994399413,0.46473709517219536,0.021688143093389217,0.982079720524865,0.07587376889580659,0.7476914864731227,0.050901716838299915,0.015646389591123404,0.0010285041488690878,0.29631899416912955,0.08082963733602208
Local Model,partner_i,"(594, 32)",,Chemical + Mineralogical + CS3,Random Forest,Time Series Split,"{""N_Splits"": 5, ""Repeats"": 1, ""Gap"": 0}",0.7386542452809539,0.06145318573360255,0.5692783668921133,0.05282544268496563,0.011969209885887375,0.0010993230006248887,0.5259690920557825,0.09752796638907814,1.1564866524311908,0.35265125665755487,0.9034134989041686,0.2646271029491768,0.01886391963365193,0.005266821105738189,-0.19135569001790198,0.21804021542645313
