Category,Company,Data Shape,Timesteps,Features,Model,Cross Validation,Cross Validation Params,RMSE Train,RMSE Train,MAE Train,MAE Train,MAPE Train,MAPE Train,R2 Train,R2 Train,RMSE Test,RMSE Test,MAE Test,MAE Test,MAPE Test,MAPE Test,R2 Test,R2 Test
,,,,,,,,mean,std,mean,std,mean,std,mean,std,mean,std,mean,std,mean,std,mean,std
Local Model,partner_i,"(594, 37)",,Chemical + Mineralogical + Properties CS Less,Random Forest,Blocking Time Series Split,"{""N_Splits"": 5, ""Repeats"": 1, ""train_size"": 0.8}",0.6450110447444007,0.07805705093583216,0.5177941525034948,0.06164539527044064,0.010857450657909239,0.0012407241098446949,0.6663902245327719,0.05147046208079077,1.0941031762842264,0.3366788881481702,0.8852638721334001,0.27936997707193756,0.0186623858260061,0.005818254811259871,-0.6511967184135019,0.8413627018592408
Local Model,partner_i,"(594, 37)",,Chemical + Mineralogical + Properties CS Less,Random Forest,Out of time Split,"{""Test Size"": 0.2}",0.9037731588767487,0.0,0.6955907428501317,0.0,0.014578076123058656,0.0,0.38047637780651256,0.0,1.3457521348563104,0.0,1.0663327353141598,0.0,0.022194329987779465,0.0,-0.08268190810301523,0.0
Local Model,partner_i,"(594, 37)",,Chemical + Mineralogical + Properties CS Less,Random Forest,Repeated KFold,"{""N_Splits"": 5, ""Repeats"": 3}",0.9422317908846288,0.028042251761625954,0.7319825224006462,0.018915203790551196,0.015317089419210759,0.0003829210231797505,0.36207604160818657,0.035278005215441235,1.0559104223489555,0.0755100437983646,0.8240850645857194,0.054460336161687904,0.017238630971282524,0.001116013092273012,0.18888018803850154,0.06359708063484519
Local Model,partner_i,"(594, 37)",,Chemical + Mineralogical + Properties CS Less,Random Forest,Time Series Split,"{""N_Splits"": 5, ""Repeats"": 1, ""Gap"": 0}",0.7610352123848829,0.08645014540459471,0.5892227249541915,0.07032729969743438,0.012383238663602187,0.0014542428080724552,0.49689840521739503,0.1152792512353949,1.152571732056452,0.4018613996114642,0.9116617133148234,0.30339891769156374,0.01897821458951711,0.005946644928358412,-0.1532462669507218,0.1601680895707181
