Category,Company,Data Shape,Timesteps,Features,Model,Cross Validation,Cross Validation Params,RMSE Train,RMSE Train,MAE Train,MAE Train,MAPE Train,MAPE Train,R2 Train,R2 Train,RMSE Test,RMSE Test,MAE Test,MAE Test,MAPE Test,MAPE Test,R2 Test,R2 Test
,,,,,,,,mean,std,mean,std,mean,std,mean,std,mean,std,mean,std,mean,std,mean,std
Local Model,partner_i,"(594, 37)",,Chemical + Mineralogical + Properties CS Less,XGBoost,Blocking Time Series Split,"{""N_Splits"": 5, ""Repeats"": 1, ""train_size"": 0.8}",0.5186526324991702,0.03536733816292589,0.4082039447540928,0.034629460344729045,0.0085594129754347,0.000688446968342878,0.7785103293975778,0.05485890879416524,1.0348854704166526,0.3477449041261486,0.8381987889607723,0.30222987127067974,0.017627838640549086,0.0062183101947968595,-0.40896571232443685,0.5555577669114006
Local Model,partner_i,"(594, 37)",,Chemical + Mineralogical + Properties CS Less,XGBoost,Out of time Split,"{""Test Size"": 0.2}",0.8147855003663215,0.0,0.6308255406429888,0.0,0.013212802871621123,0.0,0.4964697387091642,0.0,1.2829587701620728,0.0,0.9903282998990565,0.0,0.0205576592726547,0.0,0.015997675063612493,0.0
Local Model,partner_i,"(594, 37)",,Chemical + Mineralogical + Properties CS Less,XGBoost,Repeated KFold,"{""N_Splits"": 5, ""Repeats"": 3}",0.8571289262563387,0.016994027426459647,0.6731174033152457,0.012168737407507006,0.014093114156321323,0.00024905804474514615,0.472317138202288,0.019204491078651485,1.0198337461468807,0.06828299992409334,0.7945235511683061,0.04551485447821957,0.016625894008947418,0.0009050998450514281,0.2431536224386355,0.053151637146430196
Local Model,partner_i,"(594, 37)",,Chemical + Mineralogical + Properties CS Less,XGBoost,Time Series Split,"{""N_Splits"": 5, ""Repeats"": 1, ""Gap"": 0}",0.677264646647555,0.10284869034500423,0.5292425547384649,0.08662812196661149,0.011127341647217619,0.0018022217756508052,0.5925372014959004,0.12832962414384066,1.1178550046092313,0.3982586490126507,0.8696365741768266,0.3033357521482388,0.018076583828117686,0.005921658248778423,-0.08936367427816874,0.1772578538546799
