Category,Company,Data Shape,Timesteps,Features,Model,Cross Validation,Cross Validation Params,RMSE Train,RMSE Train,MAE Train,MAE Train,MAPE Train,MAPE Train,R2 Train,R2 Train,RMSE Test,RMSE Test,MAE Test,MAE Test,MAPE Test,MAPE Test,R2 Test,R2 Test
,,,,,,,,mean,std,mean,std,mean,std,mean,std,mean,std,mean,std,mean,std,mean,std
Local Model,209,"(823, 11)",,Chemical + CS7,Decision Tree,Blocking Time Series Split,"{""N_Splits"": 5, ""Repeats"": 1, ""train_size"": 0.8}",0.5978186713557805,0.10606834041798796,0.466193267045811,0.09741836121927391,0.011765493785290978,0.0024916013277477903,0.9846139562832557,0.006382981627684125,1.344108539386119,0.5801194346647144,0.9190112817869321,0.2558284882125264,0.02304646911705815,0.00702811766748818,0.9172683108717072,0.06707076724845752
Local Model,209,"(823, 11)",,Chemical + CS7,Decision Tree,Out of time Split,"{""Test Size"": 0.2}",0.937747585605034,0.0,0.7403690703250141,0.0,0.018420799479154024,0.0,0.9644810756447215,0.0,1.1855872290836325,0.0,0.913588854938762,0.0,0.02174052105320929,0.0,0.9500250124379979,0.0
Local Model,209,"(823, 11)",,Chemical + CS7,Decision Tree,Repeated KFold,"{""N_Splits"": 5, ""Repeats"": 3}",0.9721806601473958,0.015142186807433263,0.7741918100562117,0.016397244131307977,0.01916685846069334,0.0003643660904398144,0.9630661824536306,0.0012154660865918087,1.0401153547951687,0.05152218306920992,0.8300037310611356,0.03923542784091495,0.020525020915702578,0.0008525293463278238,0.9573990502113284,0.0045289493131334515
Local Model,209,"(823, 11)",,Chemical + CS7,Decision Tree,Time Series Split,"{""N_Splits"": 5, ""Repeats"": 1, ""Gap"": 0}",0.7454445244331837,0.17438578246303962,0.5932495850145306,0.1394554089034891,0.015082171912753715,0.0033648791378513014,0.9746296306624724,0.009600491640111548,1.3519041900659918,0.3422703658880896,1.0238689185599474,0.17937901728304384,0.024915971649454943,0.004260038630274407,0.9170769599254364,0.05828839991306574
