Category,Company,Data Shape,Timesteps,Features,Model,Cross Validation,Cross Validation Params,RMSE Train,RMSE Train,MAE Train,MAE Train,MAPE Train,MAPE Train,R2 Train,R2 Train,RMSE Test,RMSE Test,MAE Test,MAE Test,MAPE Test,MAPE Test,R2 Test,R2 Test
,,,,,,,,mean,std,mean,std,mean,std,mean,std,mean,std,mean,std,mean,std,mean,std
Local Model,209,"(823, 11)",,Chemical + Feature Engineering,Decision Tree,Blocking Time Series Split,"{""N_Splits"": 5, ""Repeats"": 1, ""train_size"": 0.8}",0.9987124364420893,0.2457296646168854,0.7893477347364615,0.20928962343302518,0.019626724831515542,0.004732458432926098,0.9587050051320023,0.014371293222756052,2.198928963689734,0.7466083133913206,1.4177492966550638,0.34152145033676573,0.03537385802630928,0.008573730843066075,0.790847590709624,0.12873040355526727
Local Model,209,"(823, 11)",,Chemical + Feature Engineering,Decision Tree,Out of time Split,"{""Test Size"": 0.2}",1.34258754967325,0.0,1.0524467657590781,0.0,0.026338988259566456,0.0,0.9271930015872453,0.0,1.8996762744822409,0.0,1.4120605384889313,0.0,0.034082536289460084,0.0,0.8716946200286813,0.0
Local Model,209,"(823, 11)",,Chemical + Feature Engineering,Decision Tree,Repeated KFold,"{""N_Splits"": 5, ""Repeats"": 3}",1.4300530837332814,0.03353213778092139,1.1301173321455191,0.021376664088973086,0.028046561282443934,0.0005442835518907283,0.9200753987717164,0.003490589165234201,1.8192268503887166,0.24096222641483686,1.2771904492699575,0.07806191503199639,0.03171106973983712,0.0019071833920328756,0.8680155930691666,0.03341846792048558
Local Model,209,"(823, 11)",,Chemical + Feature Engineering,Decision Tree,Time Series Split,"{""N_Splits"": 5, ""Repeats"": 1, ""Gap"": 0}",1.0726269877562777,0.29706772776892937,0.8164890772199218,0.23286650073911852,0.020825671696104102,0.005666420251544336,0.9463827112374533,0.02379052553871945,2.3523025358474103,0.8444651116344145,1.6201681130054824,0.42738613043974144,0.03934469990508434,0.009623780382420328,0.7386940783692229,0.2251546797822767
