Category,Company,Data Shape,Timesteps,Features,Model,Cross Validation,Cross Validation Params,RMSE Train,RMSE Train,MAE Train,MAE Train,MAPE Train,MAPE Train,R2 Train,R2 Train,RMSE Test,RMSE Test,MAE Test,MAE Test,MAPE Test,MAPE Test,R2 Test,R2 Test
,,,,,,,,mean,std,mean,std,mean,std,mean,std,mean,std,mean,std,mean,std,mean,std
Local Model,209,"(823, 10)",,Chemical,Linear Regression,Blocking Time Series Split,"{""N_Splits"": 5, ""Repeats"": 1, ""train_size"": 0.8}",1.5737715376854364,0.16686467167684535,1.2398828797439159,0.17022212108547577,0.031211021738428595,0.003960366764600431,0.8976242642154976,0.02568437994473642,1.9962890061908436,0.5212784922657725,1.5070612979198486,0.3127208222250215,0.03822979158246158,0.008507953171037997,0.8341117373778214,0.08301391342106651
Local Model,209,"(823, 10)",,Chemical,Linear Regression,Out of time Split,"{""Test Size"": 0.2}",1.8377670349963893,0.0,1.3955587898143533,0.0,0.03547489164151044,0.0,0.8635829008777242,0.0,1.9139615347018701,0.0,1.526996890697561,0.0,0.03730116660988588,0.0,0.8697576929525761,0.0
Local Model,209,"(823, 10)",,Chemical,Linear Regression,Repeated KFold,"{""N_Splits"": 5, ""Repeats"": 3}",1.846471749311688,0.03276623895430594,1.4134089104631946,0.021884435873460187,0.03569153808326104,0.0005995640303277534,0.8667577711460943,0.004845767402296466,1.8749476295112981,0.12562670334693413,1.4369156522992235,0.08680153213208534,0.036292539985165795,0.002417155849337997,0.8612919346149432,0.01999262174185778
Local Model,209,"(823, 10)",,Chemical,Linear Regression,Time Series Split,"{""N_Splits"": 5, ""Repeats"": 1, ""Gap"": 0}",1.6725810154873346,0.1842118303785906,1.2441337690119059,0.1632698565062491,0.03195349673938175,0.0038953106591989905,0.8765427901570183,0.023191804791772117,2.067230095549991,0.14734666319070652,1.61855798446331,0.07660294119044626,0.04022610234008749,0.00264697582771976,0.8261507549614382,0.04222921708796646
