Category,Company,Data Shape,Timesteps,Features,Model,Cross Validation,Cross Validation Params,RMSE Train,RMSE Train,MAE Train,MAE Train,MAPE Train,MAPE Train,R2 Train,R2 Train,RMSE Test,RMSE Test,MAE Test,MAE Test,MAPE Test,MAPE Test,R2 Test,R2 Test
,,,,,,,,mean,std,mean,std,mean,std,mean,std,mean,std,mean,std,mean,std,mean,std
Local Model,209,"(823, 11)",,Chemical + CS7,Linear Regression,Blocking Time Series Split,"{""N_Splits"": 5, ""Repeats"": 1, ""train_size"": 0.8}",0.7146800106231409,0.14839951564693915,0.5582324416875964,0.1380083537072057,0.014047887146628784,0.0037129837433975237,0.977506962585814,0.010517423464845299,0.8471474600881728,0.22982548573884487,0.6924509124884463,0.17580715471547828,0.01727569897443214,0.004665271931845986,0.9688942496607986,0.01987204699496124
Local Model,209,"(823, 11)",,Chemical + CS7,Linear Regression,Out of time Split,"{""Test Size"": 0.2}",0.9829560961912368,0.0,0.7919662809820408,0.0,0.019736858341750024,0.0,0.9609738115914621,0.0,1.2120994082978442,0.0,0.9697010919019811,0.0,0.022868596047691002,0.0,0.947764933961693,0.0
Local Model,209,"(823, 11)",,Chemical + CS7,Linear Regression,Repeated KFold,"{""N_Splits"": 5, ""Repeats"": 3}",1.0075460351435497,0.014258094944677393,0.7959626305551134,0.010403787312363088,0.019782617917596407,0.0002706234426637948,0.9603243381418874,0.001428067794343679,1.0235306498249137,0.054641434014443345,0.8106446022452576,0.03630677285107915,0.020143711434015034,0.0009253022066309676,0.9586127519923251,0.0056963811794908436
Local Model,209,"(823, 11)",,Chemical + CS7,Linear Regression,Time Series Split,"{""N_Splits"": 5, ""Repeats"": 1, ""Gap"": 0}",0.853531330476651,0.11914553105860513,0.6862377810861044,0.09668652724594257,0.017308750763850047,0.002317791790525879,0.9677180420115252,0.007606000023470313,1.236007390229416,0.11772040178719535,1.0310809440682065,0.12043584960640319,0.02507877984321526,0.0023698164536075273,0.9390562000105518,0.009980526828419541
