Category,Company,Data Shape,Timesteps,Features,Model,Cross Validation,Cross Validation Params,RMSE Train,RMSE Train,MAE Train,MAE Train,MAPE Train,MAPE Train,R2 Train,R2 Train,RMSE Test,RMSE Test,MAE Test,MAE Test,MAPE Test,MAPE Test,R2 Test,R2 Test
,,,,,,,,mean,std,mean,std,mean,std,mean,std,mean,std,mean,std,mean,std,mean,std
Local Model,209,"(823, 11)",,Chemical + CS3,Linear Regression,Blocking Time Series Split,"{""N_Splits"": 5, ""Repeats"": 1, ""train_size"": 0.8}",0.7994085858606257,0.13017766902890543,0.6410773373500385,0.110295788301709,0.016015117438091652,0.002997239063252566,0.9722205756158224,0.011109497183006637,1.1149990043548064,0.29433465926183044,0.8732197662842587,0.23051102775688848,0.021994105605218126,0.006073761399612005,0.9476312398615159,0.026769508978991125
Local Model,209,"(823, 11)",,Chemical + CS3,Linear Regression,Out of time Split,"{""Test Size"": 0.2}",1.0180671963392742,0.0,0.8363521197436222,0.0,0.021021656925012962,0.0,0.958135993993714,0.0,1.2648440444524407,0.0,0.9427612659266047,0.0,0.022470277127070008,0.0,0.9431199944537589,0.0
Local Model,209,"(823, 11)",,Chemical + CS3,Linear Regression,Repeated KFold,"{""N_Splits"": 5, ""Repeats"": 3}",1.053328941638619,0.010275043190406672,0.858331303242403,0.009645237012607168,0.021416738890765445,0.0002441871565736746,0.9566524124321757,0.0008198752563354669,1.0687502796991515,0.0411112521531955,0.8707131500895269,0.03802637494661113,0.021724803243076428,0.0009431589490449089,0.9551225458089072,0.00323830258714766
Local Model,209,"(823, 11)",,Chemical + CS3,Linear Regression,Time Series Split,"{""N_Splits"": 5, ""Repeats"": 1, ""Gap"": 0}",0.9324720419612463,0.10678730196389981,0.7670150397034766,0.09805908548173627,0.019473876814197676,0.002463539071653941,0.9615062721973502,0.007661931645127464,1.275751026440997,0.07383824965241918,1.0278183141967177,0.06727534764166844,0.025431049620622165,0.002135937056484457,0.9337392124641642,0.016616663958742346
