Category,Company,Data Shape,Timesteps,Features,Model,Cross Validation,Cross Validation Params,RMSE Train,RMSE Train,MAE Train,MAE Train,MAPE Train,MAPE Train,R2 Train,R2 Train,RMSE Test,RMSE Test,MAE Test,MAE Test,MAPE Test,MAPE Test,R2 Test,R2 Test
,,,,,,,,mean,std,mean,std,mean,std,mean,std,mean,std,mean,std,mean,std,mean,std
Local Model,209,"(823, 10)",,Chemical,MLP,Blocking Time Series Split,"{""N_Splits"": 5, ""Repeats"": 3, ""train_size"": 0.8}",6.184965468304283,1.2032811708660403,4.779426193237305,1.0183013929276197,0.1221081228575438,0.027295128120799816,-0.6756349921967523,0.7481898650276554,7.3858229344113235,1.3444531648278182,5.739242848482999,1.426587128284053,0.14237958563610054,0.03647769826782953,-1.3186541614520022,1.0796555823948908
Local Model,209,"(823, 10)",,Chemical,MLP,Out of time Split,"{""Test Size"": 0.2}",1.7267979710379018,0.048247307651988945,1.2905704591049652,0.03315581760858465,0.03213514271447664,0.0008271238723578435,0.8794659191888846,0.006692399497356464,1.9975276644344089,0.022915202682820764,1.5117119451965937,0.02039186103773702,0.036693638498495,0.0005219195549120774,0.8581176329550844,0.003248273000109258
Local Model,209,"(823, 10)",,Chemical,MLP,Repeated KFold,"{""N_Splits"": 5, ""Repeats"": 3}",1.7557219115868938,0.060291315530391534,1.3252554230590234,0.04016351821168588,0.032830849629776566,0.0009975723653648306,0.8794158117852697,0.008549457280037262,2.1031171779685445,0.5129144730378885,1.4293874275111687,0.09576089775202179,0.03542068113395743,0.002294927203589662,0.8177438673296507,0.09361591870633015
Local Model,209,"(823, 10)",,Chemical,MLP,Time Series Split,"{""N_Splits"": 5, ""Repeats"": 3, ""Gap"": 0}",3.2618683703028983,1.669978713343269,2.466213805004945,1.2587550836177785,0.06347910874837276,0.03354652208548849,0.3995973459206817,0.5742248930836349,4.932230698288907,3.3217606293596096,3.5331292164006673,2.228311698503477,0.08853145541665738,0.056813961070023324,-0.6197745716779592,1.7790477669292792
