Category,Company,Data Shape,Timesteps,Features,Model,Cross Validation,Cross Validation Params,RMSE Train,RMSE Train,MAE Train,MAE Train,MAPE Train,MAPE Train,R2 Train,R2 Train,RMSE Test,RMSE Test,MAE Test,MAE Test,MAPE Test,MAPE Test,R2 Test,R2 Test
,,,,,,,,mean,std,mean,std,mean,std,mean,std,mean,std,mean,std,mean,std,mean,std
Local Model,209,"(823, 12)",,Chemical + CS3 + CS7,Random Forest,Blocking Time Series Split,"{""N_Splits"": 5, ""Repeats"": 1, ""train_size"": 0.8}",0.43612802081933194,0.07078212472483454,0.30474071607405523,0.052365852992514096,0.007728212712357246,0.001422510006592961,0.9916882435919346,0.0034366681886400818,1.2268840799906133,0.5903156502931401,0.93051994965329,0.36422399546007167,0.022741489289894622,0.008794825848919762,0.9296940022767652,0.06528960267001623
Local Model,209,"(823, 12)",,Chemical + CS3 + CS7,Random Forest,Out of time Split,"{""Test Size"": 0.2}",0.6986848071081705,0.0,0.5442546296708359,0.0,0.013547771498632299,0.0,0.9802825614865647,0.0,1.1144398699224796,0.0,0.8727229880509295,0.0,0.02084751188087738,0.0,0.9558430618750096,0.0
Local Model,209,"(823, 12)",,Chemical + CS3 + CS7,Random Forest,Repeated KFold,"{""N_Splits"": 5, ""Repeats"": 3}",0.7369962899841869,0.014572651468689307,0.5745320295514363,0.009602688697895448,0.014284693369268287,0.0002115292950273639,0.9787730295445473,0.0008149743907240348,0.9402173592047628,0.05715036683245037,0.7399183462932751,0.04309220545826613,0.01842643813676472,0.0010379232615510066,0.9651717651697117,0.004312112471644488
Local Model,209,"(823, 12)",,Chemical + CS3 + CS7,Random Forest,Time Series Split,"{""N_Splits"": 5, ""Repeats"": 1, ""Gap"": 0}",0.5780529918134417,0.11144686212547372,0.4365407775250868,0.10440978988740982,0.011088133484331112,0.0025396242831683315,0.9849686100880906,0.0050414984669999285,1.243635440012209,0.21074454913100196,0.9931071796224344,0.16829567457513694,0.024201344971615295,0.004058327047312531,0.9341709710488783,0.02988831940877703
