Category,Company,Data Shape,Timesteps,Features,Model,Cross Validation,Cross Validation Params,RMSE Train,RMSE Train,MAE Train,MAE Train,MAPE Train,MAPE Train,R2 Train,R2 Train,RMSE Test,RMSE Test,MAE Test,MAE Test,MAPE Test,MAPE Test,R2 Test,R2 Test
,,,,,,,,mean,std,mean,std,mean,std,mean,std,mean,std,mean,std,mean,std,mean,std
Local Model,209,"(823, 11)",,Chemical + Feature Engineering,Random Forest,Blocking Time Series Split,"{""N_Splits"": 5, ""Repeats"": 1, ""train_size"": 0.8}",0.7592004410241032,0.14440352644709226,0.5652689408980326,0.13917183317273424,0.01401499197855861,0.003042774686544706,0.976593238231847,0.005882770061354902,1.9095754605862851,0.618697361334316,1.4067209457803156,0.35939065302915907,0.03490458759127386,0.009010228764447391,0.8436098932271611,0.09419608260363306
Local Model,209,"(823, 11)",,Chemical + Feature Engineering,Random Forest,Out of time Split,"{""Test Size"": 0.2}",1.2074714289936992,0.0,0.9348100139955252,0.0,0.02319072306823301,0.0,0.9411099907393713,0.0,1.9038195930980484,0.0,1.422421392565731,0.0,0.034427188506272424,0.0,0.8711343247670985,0.0
Local Model,209,"(823, 11)",,Chemical + Feature Engineering,Random Forest,Repeated KFold,"{""N_Splits"": 5, ""Repeats"": 3}",1.2641066646385195,0.037166767219389475,0.9934813490500531,0.022106949044960057,0.024679994609528407,0.0005947772657429351,0.9375320325522665,0.0034152006969523268,1.7179973379290838,0.23747394515228526,1.2401785121946831,0.09539783378298568,0.030913168010214133,0.0024027651718524397,0.8821578649828697,0.03122579774521179
Local Model,209,"(823, 11)",,Chemical + Feature Engineering,Random Forest,Time Series Split,"{""N_Splits"": 5, ""Repeats"": 1, ""Gap"": 0}",0.9222107730601301,0.2643431406667087,0.6799441411522036,0.22644703997043683,0.017289269616048784,0.005431287185217799,0.9603745469131001,0.01829958679135819,1.9283909645532493,0.1577488466675714,1.3954906850641897,0.10062386657920055,0.034191548464434125,0.0020111986682620903,0.8505160573456841,0.03157024198110232
