Category,Company,Data Shape,Timesteps,Features,Model,Cross Validation,Cross Validation Params,RMSE Train,RMSE Train,MAE Train,MAE Train,MAPE Train,MAPE Train,R2 Train,R2 Train,RMSE Test,RMSE Test,MAE Test,MAE Test,MAPE Test,MAPE Test,R2 Test,R2 Test
,,,,,,,,mean,std,mean,std,mean,std,mean,std,mean,std,mean,std,mean,std,mean,std
Local Model,209,"(823, 15)",,Chemical + Properties CS Less,Random Forest,Blocking Time Series Split,"{""N_Splits"": 5, ""Repeats"": 1, ""train_size"": 0.8}",0.732880546264884,0.14947076971726375,0.5533808463787926,0.140923506609923,0.013738622495872804,0.003045497036228854,0.9781928050173313,0.006109683947626829,1.7202183180823443,0.4894083455265628,1.358188091243332,0.38365653402160876,0.033560478467388494,0.009225612195099937,0.8813605676142882,0.04984121198561005
Local Model,209,"(823, 15)",,Chemical + Properties CS Less,Random Forest,Out of time Split,"{""Test Size"": 0.2}",0.981848368885874,0.0,0.790904875128189,0.0,0.01979525626540295,0.0,0.9610617219585433,0.0,2.049829768978594,0.0,1.5433166664170066,0.0,0.03788523289593732,0.0,0.8506100913990046,0.0
Local Model,209,"(823, 15)",,Chemical + Properties CS Less,Random Forest,Repeated KFold,"{""N_Splits"": 5, ""Repeats"": 3}",1.080649911590398,0.026775696208085287,0.8819302502545487,0.022069173817215966,0.02196509369076825,0.0005642357648781905,0.9543586557201689,0.0020838937534176593,1.3569906215737246,0.09485888208774051,1.1100254695023535,0.06434851607309468,0.027618471530624238,0.001698046299033872,0.9275162386067256,0.009140647720751703
Local Model,209,"(823, 15)",,Chemical + Properties CS Less,Random Forest,Time Series Split,"{""N_Splits"": 5, ""Repeats"": 1, ""Gap"": 0}",0.7652308626447369,0.1918671783230653,0.5983881177923198,0.1829270632021759,0.015286650900948454,0.004451727942978871,0.9732228933585756,0.011272514235274816,1.6474931184952808,0.25407208731185216,1.3081318391411823,0.15889492818593232,0.032496608513702264,0.0031866403292491827,0.8924296796079085,0.023043049591653104
