Category,Company,Data Shape,Timesteps,Features,Model,Cross Validation,Cross Validation Params,RMSE Train,RMSE Train,MAE Train,MAE Train,MAPE Train,MAPE Train,R2 Train,R2 Train,RMSE Test,RMSE Test,MAE Test,MAE Test,MAPE Test,MAPE Test,R2 Test,R2 Test
,,,,,,,,mean,std,mean,std,mean,std,mean,std,mean,std,mean,std,mean,std,mean,std
Local Model,209,"(823, 11)",,Chemical + CS3,XGBoost,Blocking Time Series Split,"{""N_Splits"": 5, ""Repeats"": 1, ""train_size"": 0.8}",1.07123857061243,0.06011397204197108,0.9114816854928275,0.06461177527559309,0.02286157623953037,0.0015601661675432685,0.9531017058588007,0.006657818825420966,1.9743484835050567,0.3096081418314329,1.4114232612378694,0.13884370036330704,0.03466477474924957,0.003516831976487427,0.8428245852929258,0.04690886088328366
Local Model,209,"(823, 11)",,Chemical + CS3,XGBoost,Out of time Split,"{""Test Size"": 0.2}",1.1697501543397166,0.0,0.9611785216172044,0.0,0.024278825876299037,0.0,0.9447319529958302,0.0,1.5280862756558307,0.0,1.2403554511792725,0.0,0.029458271868318238,0.0,0.916980250237945,0.0
Local Model,209,"(823, 11)",,Chemical + CS3,XGBoost,Repeated KFold,"{""N_Splits"": 5, ""Repeats"": 3}",1.1926302051669162,0.012625403611343579,0.9758639792770152,0.009939289326188002,0.024543626489087665,0.00024106087911939875,0.9444303948213634,0.001027823256191482,1.364332097562161,0.10864994305346368,1.1055207799708027,0.08828233486504748,0.027830929286245743,0.00206038930239559,0.9267998009757416,0.00955634626307732
Local Model,209,"(823, 11)",,Chemical + CS3,XGBoost,Time Series Split,"{""N_Splits"": 5, ""Repeats"": 1, ""Gap"": 0}",1.0805223937458177,0.08047521874443717,0.9017993811718952,0.046686834711063316,0.022867120726885792,0.001157932234504454,0.9487789818788108,0.0058651725114333775,1.7621189493010179,0.22344057966626193,1.3888740094038698,0.20113508571493074,0.03394329048903806,0.0045365389609190445,0.8736750227499648,0.03480418321310092
