Category,Company,Data Shape,Timesteps,Features,Model,Cross Validation,Cross Validation Params,RMSE Train,RMSE Train,MAE Train,MAE Train,MAPE Train,MAPE Train,R2 Train,R2 Train,RMSE Test,RMSE Test,MAE Test,MAE Test,MAPE Test,MAPE Test,R2 Test,R2 Test
,,,,,,,,mean,std,mean,std,mean,std,mean,std,mean,std,mean,std,mean,std,mean,std
Local Model,209,"(823, 15)",,Chemical + Properties CS Less,XGBoost,Blocking Time Series Split,"{""N_Splits"": 5, ""Repeats"": 1, ""train_size"": 0.8}",1.1476368321247656,0.12417336428929063,0.9580048481016659,0.09961417645617238,0.02401705148613335,0.002384733422885634,0.9468436842783742,0.005541780509903766,2.1995658114786174,0.3483490525027522,1.692632478656193,0.29233725495798635,0.04149776171142449,0.006114042669406523,0.8099826651244758,0.04597070076930158
Local Model,209,"(823, 15)",,Chemical + Properties CS Less,XGBoost,Out of time Split,"{""Test Size"": 0.2}",1.306887358433599,0.0,1.0491003714796279,0.0,0.02652238360173493,0.0,0.9310134843922622,0.0,3.385551193300688,0.0,2.2805358886718756,0.0,0.05805573192065897,0.0,0.5924842108866268,0.0
Local Model,209,"(823, 15)",,Chemical + Properties CS Less,XGBoost,Repeated KFold,"{""N_Splits"": 5, ""Repeats"": 3}",1.3598174051262129,0.018010416524686393,1.0907563575311712,0.016288557273844515,0.027436453452570297,0.00041624405502825406,0.9277476054442899,0.0020014430854384856,1.6163854000982734,0.12585591906319984,1.283442965486599,0.09637343550865776,0.032305120490239175,0.0022947051175372765,0.8972891056615668,0.013044635784012685
Local Model,209,"(823, 15)",,Chemical + Properties CS Less,XGBoost,Time Series Split,"{""N_Splits"": 5, ""Repeats"": 1, ""Gap"": 0}",1.1428334272216385,0.12685341564915123,0.9463417182655135,0.07657879578069711,0.024043275579356073,0.0019019090903813801,0.9425693438725927,0.010048004114342719,2.5334429506832676,0.7385727477109675,1.8308240793047168,0.4868036023629961,0.04613957684109349,0.01212306728254243,0.7369346158910599,0.12483543242706616
