Category,Company,Data Shape,Timesteps,Features,Model,Cross Validation,Cross Validation Params,RMSE Train,RMSE Train,MAE Train,MAE Train,MAPE Train,MAPE Train,R2 Train,R2 Train,RMSE Test,RMSE Test,MAE Test,MAE Test,MAPE Test,MAPE Test,R2 Test,R2 Test
,,,,,,,,mean,std,mean,std,mean,std,mean,std,mean,std,mean,std,mean,std,mean,std
Global Model,203,"(4304, 5)",7,Chemical,Conv1D,Blocking Time Series Split,"{""N_Splits"": 5, ""Repeats"": 3, ""train_size"": 0.8}",2.465398246638277,0.15434526296769338,1.9366778826895248,0.11366055501106283,0.041445243469746755,0.0030800795456054366,0.898339281897536,0.02958869656633632,5.569202832748716,2.9691128665676567,4.014738711152178,1.6698412663071311,0.09099799125664854,0.03860530693918141,-0.0008794541852580625,1.4674412430008186
Global Model,203,"(4304, 5)",7,Chemical,Conv1D,Out of time Split,"{""Test Size"": 0.2}",2.6776020573431967,0.0,2.0919706094815287,0.0,0.044940236042372766,0.0,0.8858170950644024,0.0,3.3935008125189676,0.0,2.7565289189124074,4.440892098500626e-16,0.06099870740998902,0.0,0.8440545873259911,0.0
Global Model,203,"(4304, 5)",7,Chemical,Conv1D,Repeated KFold,"{""N_Splits"": 5, ""Repeats"": 3}",2.747768628353219,0.03942975129766648,2.143862856248658,0.027469770503895572,0.046475402330614056,0.0005603232604541505,0.8847074986091992,0.0033337658939984853,3.2642077187581973,0.14413994792910992,2.5397219810918656,0.09987602657515335,0.055026216836884106,0.002397349359991555,0.8360894791018986,0.012236672417183436
Global Model,203,"(4304, 5)",7,Chemical,Conv1D,Time Series Split,"{""N_Splits"": 5, ""Repeats"": 3, ""Gap"": 0}",2.5981317266261073,0.11956765059955686,2.023178318028732,0.0864202110279237,0.04291747560356003,0.002563818956181294,0.8681783583250158,0.018578637998744835,5.984062954908251,3.552551539622756,4.24178800103232,2.1548315106818094,0.09785265986354723,0.05307174897187027,0.16098604053733306,1.189944149282945
