Category,Company,Data Shape,Timesteps,Features,Model,Cross Validation,Cross Validation Params,RMSE Train,RMSE Train,MAE Train,MAE Train,MAPE Train,MAPE Train,R2 Train,R2 Train,RMSE Test,RMSE Test,MAE Test,MAE Test,MAPE Test,MAPE Test,R2 Test,R2 Test
,,,,,,,,mean,std,mean,std,mean,std,mean,std,mean,std,mean,std,mean,std,mean,std
Local Model,207,"(1729, 14)",,Chemical + Feature Engineering,Decision Tree,Blocking Time Series Split,"{""N_Splits"": 5, ""Repeats"": 1, ""train_size"": 0.8}",1.568211747095751,0.18336931143132731,1.2427762291943385,0.1372834886471169,0.027735391248894938,0.0027315525971546837,0.5946830167372628,0.19710191689782766,2.055228641805553,0.33542519039849744,1.67303284111479,0.3242954528993137,0.03754507855799553,0.006312780733568812,0.28498103002349484,0.5176384374034869
Local Model,207,"(1729, 14)",,Chemical + Feature Engineering,Decision Tree,Out of time Split,"{""Test Size"": 0.2}",2.0384917703435876,0.0,1.5995233939173559,0.0,0.03520820327681245,0.0,0.45417224395127276,0.0,2.1143222278435774,0.0,1.5975593709766744,0.0,0.03695956657706041,0.0,0.7966383003833071,0.0
Local Model,207,"(1729, 14)",,Chemical + Feature Engineering,Decision Tree,Repeated KFold,"{""N_Splits"": 5, ""Repeats"": 3}",1.9860019268810885,0.01568808940346045,1.5499841938359928,0.02021347667300462,0.034525842218565694,0.000465409757473268,0.656120112240793,0.006695934619836493,2.064086189177513,0.05955431670344846,1.6162978181971466,0.06360751753246661,0.036073930971854705,0.0014675350192123844,0.6262416648829152,0.02967951288389597
Local Model,207,"(1729, 14)",,Chemical + Feature Engineering,Decision Tree,Time Series Split,"{""N_Splits"": 5, ""Repeats"": 1, ""Gap"": 0}",1.8641028413329586,0.20991775242998337,1.4565316035702163,0.16599922326190508,0.031938279182564686,0.0035215899433187745,0.42862887131994665,0.08818253564746442,2.420410376671308,0.3027651332546374,1.9124049414497297,0.25846861120899867,0.042628351144551505,0.004862235668732124,0.1712838037104038,0.42907750254183336
