Category,Company,Data Shape,Timesteps,Features,Model,Cross Validation,Cross Validation Params,RMSE Train,RMSE Train,MAE Train,MAE Train,MAPE Train,MAPE Train,R2 Train,R2 Train,RMSE Test,RMSE Test,MAE Test,MAE Test,MAPE Test,MAPE Test,R2 Test,R2 Test
,,,,,,,,mean,std,mean,std,mean,std,mean,std,mean,std,mean,std,mean,std,mean,std
Local Model,207,"(1729, 13)",,Chemical + CS3 + CS7,Decision Tree,Blocking Time Series Split,"{""N_Splits"": 5, ""Repeats"": 1, ""train_size"": 0.8}",1.476420401972025,0.22459361055500285,1.1721357083634458,0.1842039984051752,0.02613935394687105,0.003743374556574169,0.6300943126733427,0.19755259373991574,1.8526061360915764,0.4082779347096763,1.5033957141832313,0.3779535161363016,0.0334199374728643,0.007303279114817856,0.4427821090226482,0.3615053486032596
Local Model,207,"(1729, 13)",,Chemical + CS3 + CS7,Decision Tree,Out of time Split,"{""Test Size"": 0.2}",1.9590370459623196,0.0,1.5143426921060588,0.0,0.03333622769906148,0.0,0.49589269738807806,0.0,1.7856306549109517,0.0,1.3032352335558928,0.0,0.03130435660778401,0.0,0.8549525567240981,0.0
Local Model,207,"(1729, 13)",,Chemical + CS3 + CS7,Decision Tree,Repeated KFold,"{""N_Splits"": 5, ""Repeats"": 3}",1.870802964752847,0.01863648633635313,1.4372571620649721,0.01549264440099871,0.03198198608618364,0.00036503235370310895,0.6948591419580954,0.006370042801528213,1.9486847326370256,0.06818809131327691,1.497515724784565,0.05757676342155994,0.03336168235196387,0.0013474056904697845,0.6670941755430381,0.02517086620885669
Local Model,207,"(1729, 13)",,Chemical + CS3 + CS7,Decision Tree,Time Series Split,"{""N_Splits"": 5, ""Repeats"": 1, ""Gap"": 0}",1.7821512978608502,0.21161010242916323,1.4073522849141702,0.15182311098376672,0.03092432459743068,0.0031874630668335267,0.47859105352680065,0.08076957396552478,2.5601080578771827,0.6230887260635554,1.9191043157497247,0.3743725254009978,0.044025472553608266,0.010525367500386438,0.06525326106681026,0.49207631314953015
