Category,Company,Data Shape,Timesteps,Features,Model,Cross Validation,Cross Validation Params,RMSE Train,RMSE Train,MAE Train,MAE Train,MAPE Train,MAPE Train,R2 Train,R2 Train,RMSE Test,RMSE Test,MAE Test,MAE Test,MAPE Test,MAPE Test,R2 Test,R2 Test
,,,,,,,,mean,std,mean,std,mean,std,mean,std,mean,std,mean,std,mean,std,mean,std
Local Model,207,"(1729, 11)",,Chemical,Decision Tree,Blocking Time Series Split,"{""N_Splits"": 5, ""Repeats"": 1, ""train_size"": 0.8}",1.5717674473950276,0.18358526828678184,1.2464453975811696,0.14869844706320526,0.02784871432912041,0.0029804062091541425,0.5934321765746791,0.19770830762777777,2.042058304809631,0.30886351512818155,1.6767191759981315,0.3009519995582639,0.037549947014916096,0.005920630259772211,0.3398189925384617,0.42652411509119953
Local Model,207,"(1729, 11)",,Chemical,Decision Tree,Out of time Split,"{""Test Size"": 0.2}",2.0384917703435876,0.0,1.5995233939173559,0.0,0.03520820327681245,0.0,0.45417224395127276,0.0,2.1143222278435774,0.0,1.5975593709766744,0.0,0.03695956657706041,0.0,0.7966383003833071,0.0
Local Model,207,"(1729, 11)",,Chemical,Decision Tree,Repeated KFold,"{""N_Splits"": 5, ""Repeats"": 3}",1.9866859657520146,0.01594082028794247,1.5498147055412694,0.01780413451224169,0.034522231394243444,0.0004173083485036783,0.6558823756126806,0.006777545240858315,2.060089858703938,0.05452070084864455,1.6138368174851487,0.05912578905827921,0.0360155850878739,0.0013791343131330158,0.6277134207067401,0.028723947565498436
Local Model,207,"(1729, 11)",,Chemical,Decision Tree,Time Series Split,"{""N_Splits"": 5, ""Repeats"": 1, ""Gap"": 0}",1.8650249656806177,0.21028520478737178,1.4596409162977289,0.16288982760284518,0.032005970922078894,0.003447477339381442,0.42795674040227444,0.08902317791772006,2.7961469444533895,0.6434308440651718,2.1105218565592296,0.3983399153444764,0.0479265873084532,0.011308352542408754,-0.05169103792577945,0.43972504452337796
