Category,Company,Data Shape,Timesteps,Features,Model,Cross Validation,Cross Validation Params,RMSE Train,RMSE Train,MAE Train,MAE Train,MAPE Train,MAPE Train,R2 Train,R2 Train,RMSE Test,RMSE Test,MAE Test,MAE Test,MAPE Test,MAPE Test,R2 Test,R2 Test
,,,,,,,,mean,std,mean,std,mean,std,mean,std,mean,std,mean,std,mean,std,mean,std
Local Model,207,"(1729, 14)",,Chemical + Feature Engineering,Linear Regression,Blocking Time Series Split,"{""N_Splits"": 5, ""Repeats"": 1, ""train_size"": 0.8}",1.6352085716035076,0.24556067383933614,1.2953387515526773,0.20648745564624324,0.0289960759778777,0.004255433641141242,0.5543634284629351,0.2400439485680202,2.038157551012245,0.42926157375160834,1.6653584006350524,0.3882746537820341,0.0369954917602805,0.007540129704876966,0.3038906448490512,0.46708255598356496
Local Model,207,"(1729, 14)",,Chemical + Feature Engineering,Linear Regression,Out of time Split,"{""Test Size"": 0.2}",2.0501952227405815,0.0,1.6260241118790513,0.0,0.03596924002372549,0.0,0.44788680591927665,0.0,2.4362434090101894,0.0,1.9235679512228525,0.0,0.04837261747303223,0.0,0.7299972632648788,0.0
Local Model,207,"(1729, 14)",,Chemical + Feature Engineering,Linear Regression,Repeated KFold,"{""N_Splits"": 5, ""Repeats"": 3}",2.0241232093740438,0.014594883381873147,1.599884979863373,0.013948451787836418,0.035900452035479404,0.0003265799658472757,0.6427842582748102,0.007131933785444984,2.0515042883655266,0.05946340980444567,1.620641978009183,0.054272773698673206,0.036376875280908626,0.0012266993411607825,0.6307379708155237,0.03018991469794663
Local Model,207,"(1729, 14)",,Chemical + Feature Engineering,Linear Regression,Time Series Split,"{""N_Splits"": 5, ""Repeats"": 1, ""Gap"": 0}",1.8994559305361975,0.20037654953765627,1.4909360610452533,0.16743483304296874,0.03272470537012462,0.0035679167161829827,0.40690203194306884,0.08361471075323365,2.5190852940391792,0.07205485705969901,2.0021939363998094,0.06382573321457403,0.04567145288922697,0.0020337348013238,0.11107049974041547,0.47459164756171834
