Category,Company,Data Shape,Timesteps,Features,Model,Cross Validation,Cross Validation Params,RMSE Train,RMSE Train,MAE Train,MAE Train,MAPE Train,MAPE Train,R2 Train,R2 Train,RMSE Test,RMSE Test,MAE Test,MAE Test,MAPE Test,MAPE Test,R2 Test,R2 Test
,,,,,,,,mean,std,mean,std,mean,std,mean,std,mean,std,mean,std,mean,std,mean,std
Local Model,207,"(1729, 14)",,Chemical + Feature Engineering,MLP,Blocking Time Series Split,"{""N_Splits"": 5, ""Repeats"": 3, ""train_size"": 0.8}",3.975283036713074,0.358011793199851,3.0486899136345165,0.3261678151969311,0.06797494883221443,0.008541475965450249,-1.3437585937032277,0.7506103511879583,5.18291306058594,1.2706735136722396,4.252274473623377,1.084027575534215,0.09427658336763407,0.025338359262084442,-2.823878711454299,3.008316870793889
Local Model,207,"(1729, 14)",,Chemical + Feature Engineering,MLP,Out of time Split,"{""Test Size"": 0.2}",2.1910087437996064,0.09062656444382547,1.7387914466811933,0.07597408127493406,0.037906476186675364,0.001592962057890743,0.3683619134446566,0.052524284673899704,2.1510247838344374,0.05773102728372687,1.7081933471738484,0.06855720652642881,0.04027776652480378,0.0024444398623321194,0.7893650856698669,0.011273107157627065
Local Model,207,"(1729, 14)",,Chemical + Feature Engineering,MLP,Repeated KFold,"{""N_Splits"": 5, ""Repeats"": 3}",2.068336835655987,0.05639391838884098,1.6313340152159814,0.04786833254672699,0.036072315647270585,0.0010216597844161118,0.6266243476037047,0.023563485328435975,2.098874449792254,0.062880196144959,1.6559756367272682,0.060284741104620405,0.0366332096994289,0.001258050321520698,0.6135581651048968,0.031571999444268674
Local Model,207,"(1729, 14)",,Chemical + Feature Engineering,MLP,Time Series Split,"{""N_Splits"": 5, ""Repeats"": 3, ""Gap"": 0}",2.8754752309767553,0.6192103154092397,2.194679571946084,0.4111070605924407,0.047801529636977674,0.00894427950759727,-0.5490123443633952,0.8890503676468811,4.0334128559135385,1.4256634329600335,3.2346850832303367,1.1198816354417682,0.07113242671670741,0.02150926385134507,-2.00138298413109,2.2215257538458806
