Category,Company,Data Shape,Timesteps,Features,Model,Cross Validation,Cross Validation Params,RMSE Train,RMSE Train,MAE Train,MAE Train,MAPE Train,MAPE Train,R2 Train,R2 Train,RMSE Test,RMSE Test,MAE Test,MAE Test,MAPE Test,MAPE Test,R2 Test,R2 Test
,,,,,,,,mean,std,mean,std,mean,std,mean,std,mean,std,mean,std,mean,std,mean,std
Local Model,207,"(1729, 18)",,Chemical + Physical,MLP,Blocking Time Series Split,"{""N_Splits"": 5, ""Repeats"": 3, ""train_size"": 0.8}",3.579663800184813,0.2686136557448513,2.778774271610278,0.19601012143203425,0.061891738375813785,0.004965678874920484,-0.9107293482158982,0.6083695232447258,5.4075399608976324,1.3439883391039644,4.368235176196996,1.1811763057123243,0.09683443688564099,0.027577157289186128,-3.250302599181472,3.3513952302516654
Local Model,207,"(1729, 18)",,Chemical + Physical,MLP,Out of time Split,"{""Test Size"": 0.2}",1.990803281533661,0.1512942395679873,1.5615853277221585,0.12700654363518246,0.0340138710259453,0.0028173753132497833,0.4764050720126936,0.08091092241090016,2.2309690241215034,0.35933872751520074,1.6774128746664818,0.263800377149954,0.038740193196857654,0.006423107080657317,0.7677064533942133,0.07671940713367084
Local Model,207,"(1729, 18)",,Chemical + Physical,MLP,Repeated KFold,"{""N_Splits"": 5, ""Repeats"": 3}",1.8001932555612115,0.03939146270640008,1.3828513952396955,0.030926302151460833,0.030486918136468436,0.0006562204108618207,0.7172801959328416,0.013952259899490655,1.8326178910700384,0.08743149331167524,1.414603538997863,0.07790794072889055,0.031210685432955524,0.0016277773946288886,0.7053203283103877,0.02969982819458904
Local Model,207,"(1729, 18)",,Chemical + Physical,MLP,Time Series Split,"{""N_Splits"": 5, ""Repeats"": 3, ""Gap"": 0}",2.6489973567896254,0.5528448390442239,2.0587495554525166,0.40984517842978113,0.044907509113840643,0.009041072545486934,-0.3158775108158886,0.7608560043252424,3.7978990649729227,1.1589037972845486,3.026353247077376,0.9564170294126516,0.06672864834559294,0.019393145052824048,-1.4194239672288693,1.651399875330444
