Category,Company,Data Shape,Timesteps,Features,Model,Cross Validation,Cross Validation Params,RMSE Train,RMSE Train,MAE Train,MAE Train,MAPE Train,MAPE Train,R2 Train,R2 Train,RMSE Test,RMSE Test,MAE Test,MAE Test,MAPE Test,MAPE Test,R2 Test,R2 Test
,,,,,,,,mean,std,mean,std,mean,std,mean,std,mean,std,mean,std,mean,std,mean,std
Local Model,207,"(1729, 12)",,Chemical + CS3,MLP,Blocking Time Series Split,"{""N_Splits"": 5, ""Repeats"": 3, ""train_size"": 0.8}",3.8027140011180096,0.3141120706574164,2.9266034181567204,0.26661413388505434,0.0652422717700142,0.006855893199270706,-1.1500748304400439,0.6811845458246636,5.235401552368665,1.2840140861970553,4.255980875872184,1.1074007673580701,0.09399586615621591,0.02516850712254952,-3.152021153145886,3.7283233781953804
Local Model,207,"(1729, 12)",,Chemical + CS3,MLP,Out of time Split,"{""Test Size"": 0.2}",2.0774025175201616,0.05265317257011296,1.6263802207271916,0.041948743795794045,0.035419009716348065,0.0009241274279983201,0.4327716859439333,0.028814835716383387,1.9311018394977673,0.08074874748721368,1.4833641603502923,0.026411908841051334,0.034944014468684885,0.0005497013643845709,0.8300599037120784,0.014381207489408222
Local Model,207,"(1729, 12)",,Chemical + CS3,MLP,Repeated KFold,"{""N_Splits"": 5, ""Repeats"": 3}",1.9413572803838015,0.046880328190819075,1.5025809232581666,0.039937710652338525,0.03313414317247275,0.0008643079234267136,0.6711287342278001,0.018470713692556852,1.9684764097550764,0.09251530545713524,1.5271301899274266,0.0728658644884826,0.033705419571668435,0.0015512830745303787,0.6596093364488873,0.03749421923831282
Local Model,207,"(1729, 12)",,Chemical + CS3,MLP,Time Series Split,"{""N_Splits"": 5, ""Repeats"": 3, ""Gap"": 0}",2.7823928635345103,0.5607610779480335,2.1281385883261246,0.3871852171049735,0.0464361906126971,0.008577658776945614,-0.4416260101840031,0.8007074681559169,3.788872909033695,1.1921651781356082,3.054731663068135,0.9940876164255895,0.06727058556616297,0.01938837976954505,-1.4912211191988143,1.6814293366137643
