Category,Company,Data Shape,Timesteps,Features,Model,Cross Validation,Cross Validation Params,RMSE Train,RMSE Train,MAE Train,MAE Train,MAPE Train,MAPE Train,R2 Train,R2 Train,RMSE Test,RMSE Test,MAE Test,MAE Test,MAPE Test,MAPE Test,R2 Test,R2 Test
,,,,,,,,mean,std,mean,std,mean,std,mean,std,mean,std,mean,std,mean,std,mean,std
Local Model,207,"(1729, 13)",,Chemical + CS3 + CS7,MLP,Blocking Time Series Split,"{""N_Splits"": 5, ""Repeats"": 3, ""train_size"": 0.8}",3.72099142786424,0.2956773923931369,2.877014927242113,0.21924948149888376,0.06412228567051506,0.0056638123495426134,-1.0697992078149021,0.6716214164296992,5.183137703702446,1.0655946216269316,4.223311334877198,0.933913666345432,0.09327517721877739,0.021653569209868072,-3.0051402223492145,3.193802661917714
Local Model,207,"(1729, 13)",,Chemical + CS3 + CS7,MLP,Out of time Split,"{""Test Size"": 0.2}",1.9912175065515765,0.1443590923197305,1.557054915466087,0.10664568621761543,0.03391461209645234,0.002316863676734397,0.4764577372928029,0.07741687237669394,1.881886112710121,0.15904544067485263,1.4400049845377605,0.102432233420415,0.03378664668023507,0.0024794407710004135,0.8377426238502691,0.027438476318957024
Local Model,207,"(1729, 13)",,Chemical + CS3 + CS7,MLP,Repeated KFold,"{""N_Splits"": 5, ""Repeats"": 3}",1.8290967479803417,0.052334736351930415,1.4083652147195274,0.04272633572473423,0.03103416661885653,0.0009038629120050324,0.7080149587953336,0.018444538664760063,1.857414774036404,0.084826375293523,1.4380706284853146,0.07218298171260006,0.0317137107319057,0.001521179429338365,0.6973885372634666,0.028932052868034124
Local Model,207,"(1729, 13)",,Chemical + CS3 + CS7,MLP,Time Series Split,"{""N_Splits"": 5, ""Repeats"": 3, ""Gap"": 0}",2.70913467070808,0.6172400299527582,2.097783506253872,0.45739290152413264,0.04579967796141578,0.01014624667007485,-0.392120431566266,0.8361620404691936,3.643926822315861,1.2021961773180667,2.92708419031567,0.9996366295675896,0.06455816248979034,0.019992647748838254,-1.3334055499085518,1.6293320096123425
