Category,Company,Data Shape,Timesteps,Features,Model,Cross Validation,Cross Validation Params,RMSE Train,RMSE Train,MAE Train,MAE Train,MAPE Train,MAPE Train,R2 Train,R2 Train,RMSE Test,RMSE Test,MAE Test,MAE Test,MAPE Test,MAPE Test,R2 Test,R2 Test
,,,,,,,,mean,std,mean,std,mean,std,mean,std,mean,std,mean,std,mean,std,mean,std
Local Model,207,"(1729, 11)",,Chemical,MLP,Blocking Time Series Split,"{""N_Splits"": 5, ""Repeats"": 3, ""train_size"": 0.8}",3.931567466198473,0.32147594262679824,3.0261290149412288,0.319327813288843,0.06741115592647337,0.007998916138991766,-1.3048937873720972,0.7410017146701071,5.647790994362924,1.638329511971162,4.682593731718939,1.4493539233113515,0.10406643108293319,0.03347233755321004,-3.960502867941146,4.905022983648882
Local Model,207,"(1729, 11)",,Chemical,MLP,Out of time Split,"{""Test Size"": 0.2}",2.128505737662073,0.02343593364157955,1.6896639318459286,0.018431735517277777,0.03682594697637814,0.00036438035044018553,0.40483142998390037,0.01305413721817839,2.148158070861719,0.10590337833848323,1.7347858039400252,0.11057973526687331,0.041788279500838015,0.002930704891931747,0.789567151360877,0.020575457849813437
Local Model,207,"(1729, 11)",,Chemical,MLP,Repeated KFold,"{""N_Splits"": 5, ""Repeats"": 3}",2.0548885820153475,0.04894748889142979,1.6201278868387698,0.04108420642680385,0.03580307165348724,0.000856104293051091,0.631636309390765,0.018614718835401445,2.0825119593043495,0.06392821879999724,1.644318608445938,0.059378325460933724,0.03635838345504472,0.0012747325813024075,0.619358172486297,0.033121228934053094
Local Model,207,"(1729, 11)",,Chemical,MLP,Time Series Split,"{""N_Splits"": 5, ""Repeats"": 3, ""Gap"": 0}",2.797048770365308,0.6037623230796543,2.144719604702952,0.39632904209754605,0.04677949090847482,0.008720633449966674,-0.47021689862035587,0.8728904365181429,4.012806315606533,1.3783714773034461,3.2462932259948163,1.0962588043103403,0.07173838993257395,0.021058483798465102,-1.8517746241844248,2.1343983943761917
