Category,Company,Data Shape,Timesteps,Features,Model,Cross Validation,Cross Validation Params,RMSE Train,RMSE Train,MAE Train,MAE Train,MAPE Train,MAPE Train,R2 Train,R2 Train,RMSE Test,RMSE Test,MAE Test,MAE Test,MAPE Test,MAPE Test,R2 Test,R2 Test
,,,,,,,,mean,std,mean,std,mean,std,mean,std,mean,std,mean,std,mean,std,mean,std
Local Model,207,"(1729, 16)",,Chemical + Properties CS Less,Random Forest,Blocking Time Series Split,"{""N_Splits"": 5, ""Repeats"": 1, ""train_size"": 0.8}",1.50496603958683,0.14604774747644203,1.1896735837175654,0.1308734234079841,0.0265836193194174,0.002766315177928564,0.635594451776167,0.16807387222332473,1.9878941968397341,0.3444629067809959,1.6341330855128504,0.2780406852432036,0.036426705694661825,0.005108094391434077,0.3371035520824641,0.44280006991969706
Local Model,207,"(1729, 16)",,Chemical + Properties CS Less,Random Forest,Out of time Split,"{""Test Size"": 0.2}",1.989875704474678,0.0,1.558202245438674,0.0,0.03438240330959153,0.0,0.47989672272567885,0.0,2.0709845472866855,0.0,1.6224236297148547,0.0,0.03823837937861557,0.0,0.8048895508878263,0.0
Local Model,207,"(1729, 16)",,Chemical + Properties CS Less,Random Forest,Repeated KFold,"{""N_Splits"": 5, ""Repeats"": 3}",1.9356810670310105,0.016329125488713965,1.5080627590252886,0.01665469655135285,0.03361000779703786,0.00039112149421186503,0.673306274371627,0.007390887412739592,1.9975471263764926,0.051030818827355676,1.5544946641014878,0.04958967053605569,0.034717761150087276,0.0011328110162852562,0.6499757564006978,0.027056800317379556
Local Model,207,"(1729, 16)",,Chemical + Properties CS Less,Random Forest,Time Series Split,"{""N_Splits"": 5, ""Repeats"": 1, ""Gap"": 0}",1.7774573599946244,0.20907709954778017,1.3868077368099594,0.15925855820728657,0.03045178351972675,0.0034023448857981075,0.4817574199480565,0.07648457612725518,2.6480814045871917,0.5859888701139533,2.056273598571904,0.3926570705337693,0.04672228253610137,0.010257372596942538,0.07049228799403887,0.38344596574825796
