Category,Company,Data Shape,Timesteps,Features,Model,Cross Validation,Cross Validation Params,RMSE Train,RMSE Train,MAE Train,MAE Train,MAPE Train,MAPE Train,R2 Train,R2 Train,RMSE Test,RMSE Test,MAE Test,MAE Test,MAPE Test,MAPE Test,R2 Test,R2 Test
,,,,,,,,mean,std,mean,std,mean,std,mean,std,mean,std,mean,std,mean,std,mean,std
Local Model,207,"(1729, 18)",,Chemical + Physical,Random Forest,Blocking Time Series Split,"{""N_Splits"": 5, ""Repeats"": 1, ""train_size"": 0.8}",1.4069107625299972,0.17859510114266236,1.1144695391659263,0.14029138775891353,0.024839688382637743,0.0028440985182460942,0.6711950889555471,0.165520167116749,1.8408181475222833,0.4370494257063746,1.494435750134786,0.3580920043068013,0.033245667807188885,0.006667530273914816,0.39432958922426814,0.4241030834026918
Local Model,207,"(1729, 18)",,Chemical + Physical,Random Forest,Out of time Split,"{""Test Size"": 0.2}",1.9128068516473247,0.0,1.487592207022676,0.0,0.03274842103552499,0.0,0.5194042467747986,0.0,1.7428689041161762,0.0,1.3343747097265923,0.0,0.0320362057187681,0.0,0.8618164790063385,0.0
Local Model,207,"(1729, 18)",,Chemical + Physical,Random Forest,Repeated KFold,"{""N_Splits"": 5, ""Repeats"": 3}",1.8309123901294044,0.022093962842924805,1.4068612750494356,0.01614653085917041,0.03130530833341424,0.000382192211966165,0.7077195763397629,0.007294252996245823,1.896692435467126,0.06448194716685107,1.458728113410552,0.04825460651329486,0.032513824227820086,0.0011099343689169692,0.6842819295150825,0.02794094501283872
Local Model,207,"(1729, 18)",,Chemical + Physical,Random Forest,Time Series Split,"{""N_Splits"": 5, ""Repeats"": 1, ""Gap"": 0}",1.7113319841305032,0.20747768417855642,1.3450947642661368,0.14865310854829933,0.02954825684409903,0.0031420120530046246,0.5198265724460188,0.0725134605647935,2.361529638705577,0.5533149924703584,1.8107124084673987,0.35106147280050043,0.04133404557749017,0.009510775613661652,0.23352343636443368,0.3342472528815065
