Category,Company,Data Shape,Timesteps,Features,Model,Cross Validation,Cross Validation Params,RMSE Train,RMSE Train,MAE Train,MAE Train,MAPE Train,MAPE Train,R2 Train,R2 Train,RMSE Test,RMSE Test,MAE Test,MAE Test,MAPE Test,MAPE Test,R2 Test,R2 Test
,,,,,,,,mean,std,mean,std,mean,std,mean,std,mean,std,mean,std,mean,std,mean,std
Local Model,207,"(1729, 13)",,Chemical + CS3 + CS7,Random Forest,Blocking Time Series Split,"{""N_Splits"": 5, ""Repeats"": 1, ""train_size"": 0.8}",1.4289671290865509,0.1863408982049487,1.1403537719756887,0.15516238545083902,0.025399350306372203,0.0031070897797905316,0.6590203603580186,0.1710666076491083,1.8171783542699618,0.4329672239575874,1.489664360879401,0.37021875585620095,0.033138952307866135,0.006933035360677055,0.41284911822782133,0.410858891793951
Local Model,207,"(1729, 13)",,Chemical + CS3 + CS7,Random Forest,Out of time Split,"{""Test Size"": 0.2}",1.9167041047265814,0.0,1.490169461062825,0.0,0.0327906913529863,0.0,0.5174438696932175,0.0,1.6667445831565266,0.0,1.2618338480684133,0.0,0.03005850312427855,0.0,0.8736239093928004,0.0
Local Model,207,"(1729, 13)",,Chemical + CS3 + CS7,Random Forest,Repeated KFold,"{""N_Splits"": 5, ""Repeats"": 3}",1.8355725739633573,0.02112211398615301,1.4116354141586622,0.016436301178683704,0.031400718886752575,0.00039240869554369774,0.7062422340273135,0.006636901749398999,1.9001312748759627,0.06772846284981637,1.4630063723874402,0.05291498103399689,0.03260292440717404,0.0012247928815930342,0.6832916999025237,0.026765081604245136
Local Model,207,"(1729, 13)",,Chemical + CS3 + CS7,Random Forest,Time Series Split,"{""N_Splits"": 5, ""Repeats"": 1, ""Gap"": 0}",1.7252028204103222,0.20227192472959238,1.3564922519711444,0.14241072157915569,0.029806643037746737,0.0029821740372011083,0.511684407297105,0.07227873637878719,2.4687718953567783,0.6800365524685961,1.857810342304679,0.4025426293705952,0.04253217154728074,0.011398680107017448,0.1450512004997859,0.4054021247591549
