Category,Company,Data Shape,Timesteps,Features,Model,Cross Validation,Cross Validation Params,RMSE Train,RMSE Train,MAE Train,MAE Train,MAPE Train,MAPE Train,R2 Train,R2 Train,RMSE Test,RMSE Test,MAE Test,MAE Test,MAPE Test,MAPE Test,R2 Test,R2 Test
,,,,,,,,mean,std,mean,std,mean,std,mean,std,mean,std,mean,std,mean,std,mean,std
Local Model,207,"(1729, 16)",,Chemical + Properties CS Less,XGBoost,Blocking Time Series Split,"{""N_Splits"": 5, ""Repeats"": 1, ""train_size"": 0.8}",1.4872157309675604,0.13445963986707052,1.1865908277207526,0.11927520558311686,0.026765290384404443,0.002688612337311474,0.6497859846947622,0.15543394136675068,2.217009289331163,0.31934852383621404,1.7572935795438465,0.273553889588875,0.04012014976460827,0.007416688884696823,0.33770764895825944,0.3328429270726899
Local Model,207,"(1729, 16)",,Chemical + Properties CS Less,XGBoost,Out of time Split,"{""Test Size"": 0.2}",1.970505229607174,0.0,1.549545627354024,0.0,0.03431174720855673,0.0,0.4899733436272308,0.0,2.6034814281375334,0.0,1.9883856911190672,0.0,0.04930877993262801,0.0,0.6916558027815778,0.0
Local Model,207,"(1729, 16)",,Chemical + Properties CS Less,XGBoost,Repeated KFold,"{""N_Splits"": 5, ""Repeats"": 3}",1.955106493916459,0.012510728647957735,1.5453094732214694,0.01522951053435738,0.03479015320260194,0.00035538206994050554,0.6667446651461214,0.00559378816194107,2.0284526640478076,0.05506922482939411,1.5955309801873176,0.049055254614289376,0.03594950233260483,0.0011366392400519471,0.6388785570849705,0.030626657838773726
Local Model,207,"(1729, 16)",,Chemical + Properties CS Less,XGBoost,Time Series Split,"{""N_Splits"": 5, ""Repeats"": 1, ""Gap"": 0}",1.7521213201895514,0.2211363594694078,1.36521864401228,0.17897136928798585,0.03003575179045343,0.0038487637646329076,0.49720022732227714,0.07705936272795434,2.7558880839199036,0.5292922343587712,2.139671566751268,0.34892552770162194,0.04912473105132773,0.009151831908219934,0.03489998970778476,0.39782069263960423
