Category,Company,Data Shape,Timesteps,Features,Model,Cross Validation,Cross Validation Params,RMSE Train,RMSE Train,MAE Train,MAE Train,MAPE Train,MAPE Train,R2 Train,R2 Train,RMSE Test,RMSE Test,MAE Test,MAE Test,MAPE Test,MAPE Test,R2 Test,R2 Test
,,,,,,,,mean,std,mean,std,mean,std,mean,std,mean,std,mean,std,mean,std,mean,std
Local Model,207,"(1729, 13)",,Chemical + CS3 + CS7,XGBoost,Blocking Time Series Split,"{""N_Splits"": 5, ""Repeats"": 1, ""train_size"": 0.8}",1.4130265046597656,0.1461381055437113,1.1308440388112828,0.1151161811165535,0.025473638291729807,0.002370101175307796,0.6780292236962112,0.15008657421458282,2.1797947282397123,0.3694640914292087,1.7478203372678898,0.29635491380509515,0.039963110806284494,0.007345576349370318,0.36183277426924976,0.3149150587177913
Local Model,207,"(1729, 13)",,Chemical + CS3 + CS7,XGBoost,Out of time Split,"{""Test Size"": 0.2}",1.8942682791190282,0.0,1.4814197625789793,0.0,0.032823381881151026,0.0,0.5286747952516269,0.0,2.7433321260305306,0.0,1.938919750941282,0.0,0.049506982762474915,0.0,0.6576395484428039,0.0
Local Model,207,"(1729, 13)",,Chemical + CS3 + CS7,XGBoost,Repeated KFold,"{""N_Splits"": 5, ""Repeats"": 3}",1.860784950684046,0.016494461067853763,1.4597031009924555,0.01472425507744554,0.03284700578545344,0.0003447056166136557,0.698114779771238,0.006182230135253137,1.9417475460835112,0.06339820639265387,1.5188923135349304,0.05324132585384682,0.03420443008037315,0.0012560471170825157,0.6693049895260121,0.026290512336187476
Local Model,207,"(1729, 13)",,Chemical + CS3 + CS7,XGBoost,Time Series Split,"{""N_Splits"": 5, ""Repeats"": 1, ""Gap"": 0}",1.6834884853203533,0.20918160356612034,1.3125575065091089,0.1671856142408712,0.028906790145876972,0.0035896977297860434,0.5363901771603212,0.06416871017320899,2.488816665075656,0.5363588801052611,1.8967640585369534,0.2951571094707159,0.0439707217294905,0.00908328773127997,0.2139215150993449,0.2918582481383534
