Category,Company,Data Shape,Timesteps,Features,Model,Cross Validation,Cross Validation Params,RMSE Train,RMSE Train,MAE Train,MAE Train,MAPE Train,MAPE Train,R2 Train,R2 Train,RMSE Test,RMSE Test,MAE Test,MAE Test,MAPE Test,MAPE Test,R2 Test,R2 Test
,,,,,,,,mean,std,mean,std,mean,std,mean,std,mean,std,mean,std,mean,std,mean,std
Local Model,207,"(1729, 14)",,Chemical + Feature Engineering,XGBoost,Blocking Time Series Split,"{""N_Splits"": 5, ""Repeats"": 1, ""train_size"": 0.8}",1.509326608576307,0.12942496561510158,1.2018265406290687,0.1147970226913154,0.02709787286366493,0.0025326910920586577,0.6370276224360276,0.160296843584199,2.1996381913722405,0.3315271010893751,1.7450613712918934,0.3064976912875035,0.03981622995363916,0.007611258075437581,0.34514088384134733,0.33085401117098195
Local Model,207,"(1729, 14)",,Chemical + Feature Engineering,XGBoost,Out of time Split,"{""Test Size"": 0.2}",2.0058263385361967,0.0,1.5779636683708846,0.0,0.034931812303508024,0.0,0.47152511753406323,0.0,2.6583130909835426,0.0,2.008431517319872,0.0,0.05023663879840652,0.0,0.6785310203556016,0.0
Local Model,207,"(1729, 14)",,Chemical + Feature Engineering,XGBoost,Repeated KFold,"{""N_Splits"": 5, ""Repeats"": 3}",1.9727646840455189,0.015761799482760158,1.5560844190225558,0.016713796725908156,0.0350018080914891,0.00039656381701819166,0.6606762677164935,0.007224077658289895,2.058547420084879,0.05967371687940693,1.6197720589842413,0.05183527226063925,0.03646483572658557,0.001184571457582607,0.6281447008517017,0.03129837836243194
Local Model,207,"(1729, 14)",,Chemical + Feature Engineering,XGBoost,Time Series Split,"{""N_Splits"": 5, ""Repeats"": 1, ""Gap"": 0}",1.7890532413866402,0.21710331605271196,1.3926890127049458,0.17690131309935156,0.030646875736435104,0.003781532504770552,0.4754883707968659,0.07693166820407293,2.7601883027983183,0.5391223445244325,2.139595720503065,0.3297611497360386,0.04909882842256012,0.00906129164287234,0.015920836947328244,0.4007966028989398
